CSD_ID,YearMsr,LatDD,LongDD,Surf_Elev,TIFF_Value,Annual_Temperature_Mean,Annual_Precipitation_Total,Annual_Humidity_Mean,Annual_WindSpeed_Mean,Annual_SolarRadiation_Mean,DEM_Elevation,WatLevel
402107099262000,2000,40.35080555555556,-99.43768055555556,2363.91,203.5397798541416,11.749371584699455,552.94,58.68125683060109,3.488169398907104,16.321967213114753,,201.14
402110099140001,2000,40.351999,-99.2329232,2283.76,150.43030783331156,11.749371584699455,552.94,58.68125683060109,3.488169398907104,16.321967213114753,,166.84
402115099213100,2000,40.35468888888889,-99.35943333333331,2345.58,205.53660728347623,11.749371584699455,552.94,58.68125683060109,3.488169398907104,16.321967213114753,,206.1
402124099201601,2000,40.3563466,-99.3403749,2318.47,188.9575573917892,11.749371584699455,552.94,58.68125683060109,3.488169398907104,16.321967213114753,,184.79
402159099301600,2000,40.3649,-99.50220555555556,2377.49,182.3591820223973,11.749371584699455,552.94,58.68125683060109,3.488169398907104,16.321967213114753,,182.52
402200099160700,2000,40.3669,-99.267175,2280.22,145.84917565167316,11.749371584699455,552.94,58.68125683060109,3.488169398907104,16.321967213114753,,146.9
402233099341700,2000,40.376269444444446,-99.57279166666666,2335.32,112.05432388606168,11.749371584699455,552.94,58.68125683060109,3.488169398907104,16.321967213114753,,112.63
402320099231001,2000,40.38914722222222,-99.38615277777778,2384.17,208.71656776405223,11.749371584699455,552.94,58.68125683060109,3.488169398907104,16.321967213114753,,216.95
402326099185300,2000,40.390366666666665,-99.31649722222222,2306.56,148.1332119289163,11.749371584699455,552.94,58.68125683060109,3.488169398907104,16.321967213114753,,146.72
402340099353701,2000,40.39445302,-99.59399869,2264.29,74.08616379460078,11.749371584699455,552.94,58.68125683060109,3.488169398907104,16.321967213114753,,25.44
402342099143300,2000,40.39436388888889,-99.24273333333332,2261.52,107.11752879570462,11.749371584699455,552.94,58.68125683060109,3.488169398907104,16.321967213114753,,109.06
402406099311800,2000,40.40154444444444,-99.52104166666666,2406.07,180.68468790862,11.749371584699455,552.94,58.68125683060109,3.488169398907104,16.321967213114753,,182.5
402421099112000,2000,40.40549166666666,-99.18921666666668,2216.62,55.1862883213576,11.749371584699455,552.94,58.68125683060109,3.488169398907104,16.321967213114753,,50.0
402435099262900,2000,40.40768055555555,-99.44083333333332,2405.19,200.2063398277857,11.749371584699455,552.94,58.68125683060109,3.488169398907104,16.321967213114753,,208.46
402513099164801,2000,40.42006111111111,-99.27985277777778,2278.97,73.52797451890939,11.749371584699455,552.94,58.68125683060109,3.488169398907104,16.321967213114753,,66.07
402524099201601,2000,40.42334431,-99.33815365,2312.07,116.58677946599632,11.749371584699455,552.94,58.68125683060109,3.488169398907104,16.321967213114753,,120.28
402532099235801,2000,40.42582814,-99.40068743,2321.09,131.53286007247928,11.749371584699455,552.94,58.68125683060109,3.488169398907104,16.321967213114753,,115.9
402609099350800,2000,40.43199166666666,-99.58200277777776,2443.0,168.02096210425208,11.749371584699455,552.94,58.68125683060109,3.488169398907104,16.321967213114753,,175.89
402630099305500,2000,40.44133611111111,-99.51204166666666,2426.38,173.6080857076451,11.749371584699455,552.94,58.68125683060109,3.488169398907104,16.321967213114753,,176.14
402703099150901,2000,40.44969595,-99.25284899,2253.96,38.67110276066199,11.749371584699455,552.94,58.68125683060109,3.488169398907104,16.321967213114753,,36.83
402716099212401,2000,40.4529071,-99.3592878,2307.74,72.98895936933731,11.749371584699455,552.94,58.68125683060109,3.488169398907104,16.321967213114753,,65.19
402756099320601,2000,40.46654722222223,-99.53547222222224,2446.36,159.39779610177044,11.749371584699455,552.94,58.68125683060109,3.488169398907104,16.321967213114753,,162.99
402802099285801,2000,40.46775,-99.48183333,2376.84,105.29440813206928,11.749371584699455,552.94,58.68125683060109,3.488169398907104,16.321967213114753,,98.47
402813099382100,2000,40.46941944444445,-99.63914166666667,2473.68,155.69517398544008,11.749371584699455,552.94,58.68125683060109,3.488169398907104,16.321967213114753,,157.0
402821099282901,2000,40.47215973,-99.47068872,2363.91,91.63739823213952,11.749371584699455,552.94,58.68125683060109,3.488169398907104,16.321967213114753,,90.1
402843099192001,2000,40.47788889,-99.31941672,2311.88,39.64195709853404,11.749371584699455,552.94,58.68125683060109,3.488169398907104,16.321967213114753,,40.0
402851099130101,2000,40.4809986,-99.2168379,2244.15,23.242622521324552,11.749371584699455,552.94,58.68125683060109,3.488169398907104,16.321967213114753,,23.5
402853099104601,2000,40.4815796,-99.179559,2221.31,19.265143503238573,11.749371584699455,552.94,58.68125683060109,3.488169398907104,16.321967213114753,,11.1
402853099152001,2000,40.4816481,-99.2557469,2251.06,21.40109965800771,11.749371584699455,552.94,58.68125683060109,3.488169398907104,16.321967213114753,,20.0
402905099115301,2000,40.4848551,-99.1983097,2241.11,22.93625023311096,11.749371584699455,552.94,58.68125683060109,3.488169398907104,16.321967213114753,,25.73
402906099342201,2000,40.485083333333336,-99.57288888888888,2458.82,146.8781438855271,11.749371584699455,552.94,58.68125683060109,3.488169398907104,16.321967213114753,,148.14
402924099235501,2000,40.4901949,-99.398706,2336.37,47.98439209274369,11.749371584699455,552.94,58.68125683060109,3.488169398907104,16.321967213114753,,47.25
402945099151900,2000,40.49312395,-99.25285328,2243.78,19.360537051064306,11.749371584699455,552.94,58.68125683060109,3.488169398907104,16.321967213114753,,15.18
402952099161701,2000,40.49624602,-99.2746825,2255.28,18.71014883229975,11.749371584699455,552.94,58.68125683060109,3.488169398907104,16.321967213114753,,13.7
403014099213701,2000,40.50113773,-99.35723759,2325.73,29.11529252387668,11.749371584699455,552.94,58.68125683060109,3.488169398907104,16.321967213114753,,27.65
403037099313401,2000,40.5104684,-99.5262137,2408.97,82.9369538192453,11.749371584699455,552.94,58.68125683060109,3.488169398907104,16.321967213114753,,71.86
403123099261501,2000,40.52446389,-99.436875,2361.96,32.997341423654895,11.749371584699455,552.94,58.68125683060109,3.488169398907104,16.321967213114753,,36.62
403124099152601,2000,40.52215595,-99.25856338,2258.2,29.02579828378173,11.749371584699455,552.94,58.68125683060109,3.488169398907104,16.321967213114753,,40.52
403125099295701,2000,40.5247252,-99.4992246,2402.13,61.57894204709303,11.749371584699455,552.94,58.68125683060109,3.488169398907104,16.321967213114753,,60.54
403132099381001,2000,40.52556319,-99.63650076,2517.21,136.34367200114028,11.749371584699455,552.94,58.68125683060109,3.488169398907104,16.321967213114753,,152.4
403137099330201,2000,40.5263766547222,-99.5496279,2405.25,74.88735969318611,11.749371584699455,552.94,58.68125683060109,3.488169398907104,16.321967213114753,,51.82
403138099190801,2000,40.5255972,-99.3224515,2277.27,16.909693959706768,11.749371584699455,552.94,58.68125683060109,3.488169398907104,16.321967213114753,,14.36
403138099235801,2000,40.5255500233333,-99.399115,2328.14,21.23749468331999,11.749371584699455,552.94,58.68125683060109,3.488169398907104,16.321967213114753,,18.67
403210099194201,2000,40.53813889,-99.32944444,2277.13,14.799202785732458,11.749371584699455,552.94,58.68125683060109,3.488169398907104,16.321967213114753,,19.49
403217099235801,2000,40.53806574,-99.39982287,2321.45,16.87025622012283,11.749371584699455,552.94,58.68125683060109,3.488169398907104,16.321967213114753,,16.15
403217099312001,2000,40.5392815,-99.5207383,2451.89,75.78829628077067,11.749371584699455,552.94,58.68125683060109,3.488169398907104,16.321967213114753,,96.74
403224099261801,2000,40.54167314,-99.43849253,2347.7,18.863016057087695,11.749371584699455,552.94,58.68125683060109,3.488169398907104,16.321967213114753,,16.07
403230099195901,2000,40.54167314,-99.3339024,2269.36,12.253480518396868,11.749371584699455,552.94,58.68125683060109,3.488169398907104,16.321967213114753,,6.72
403309099250701,2000,40.5543784,-99.4199673,2322.67,12.562834639529996,11.749371584699455,552.94,58.68125683060109,3.488169398907104,16.321967213114753,,9.0
403309099270601,2000,40.55026689,-99.45178833,2342.87,16.495177180214487,11.749371584699455,552.94,58.68125683060109,3.488169398907104,16.321967213114753,,13.17
403309099281401,2000,40.5521635,-99.4737128,2354.64,25.416247600602023,11.749371584699455,552.94,58.68125683060109,3.488169398907104,16.321967213114753,,19.52
403322099201601,2000,40.5547811,-99.3416484,2267.67,10.1815137214447,11.749371584699455,552.94,58.68125683060109,3.488169398907104,16.321967213114753,,3.62
403322099210701,2000,40.55622914,-99.3528114,2284.27,11.664313261445068,11.749371584699455,552.94,58.68125683060109,3.488169398907104,16.321967213114753,,12.64
403322099254101,2000,40.5542755,-99.4303042,2335.12,14.351030795499277,11.749371584699455,552.94,58.68125683060109,3.488169398907104,16.321967213114753,,15.17
403322099264901,2000,40.5543545569444,-99.4489925,2342.74,14.666723051962428,11.749371584699455,552.94,58.68125683060109,3.488169398907104,16.321967213114753,,13.41
403322099272302,2000,40.5545803,-99.4609332,2349.56,18.27339238664139,11.749371584699455,552.94,58.68125683060109,3.488169398907104,16.321967213114753,,15.25
403322099304801,2000,40.5542755075,-99.5122815,2411.43,55.197232102292936,11.749371584699455,552.94,58.68125683060109,3.488169398907104,16.321967213114753,,53.15
403322099371801,2000,40.5557047,-99.6247601,2465.78,90.91071447073205,11.749371584699455,552.94,58.68125683060109,3.488169398907104,16.321967213114753,,72.0
403328099181202,2000,40.5577906,-99.3033482,2272.01,20.95708297053332,11.749371584699455,552.94,58.68125683060109,3.488169398907104,16.321967213114753,,24.79
403335099150901,2000,40.55977478,-99.25286046,2241.29,26.728107477883057,11.749371584699455,552.94,58.68125683060109,3.488169398907104,16.321967213114753,,24.16
403336099225701,2000,40.55616214,-99.37615377,2296.91,14.73424354827526,11.749371584699455,552.94,58.68125683060109,3.488169398907104,16.321967213114753,,19.51
403431099362101,2000,40.5754557,-99.6058865,2477.16,85.04636897009411,11.749371584699455,552.94,58.68125683060109,3.488169398907104,16.321967213114753,,80.75
403433099250001,2000,40.576331,-99.4179046,2315.55,12.481875827522533,11.749371584699455,552.94,58.68125683060109,3.488169398907104,16.321967213114753,,13.11
403453099141801,2000,40.58307501,-99.2365144,2255.34,36.87727854120397,11.749371584699455,552.94,58.68125683060109,3.488169398907104,16.321967213114753,,47.0
403453099190801,2000,40.5807096794444,-99.3229107,2282.14,21.0513237517504,11.749371584699455,552.94,58.68125683060109,3.488169398907104,16.321967213114753,,33.72
403454099304801,2000,40.57931189,-99.51412709,2390.5,37.48119165558378,11.749371584699455,552.94,58.68125683060109,3.488169398907104,16.321967213114753,,31.0
403506099350101,2000,40.5833317,-99.5866221,2484.33,85.16319121432703,11.749371584699455,552.94,58.68125683060109,3.488169398907104,16.321967213114753,,97.17
403507099234101,2000,40.5836771413889,-99.3985091,2295.65,9.34437206775571,11.749371584699455,552.94,58.68125683060109,3.488169398907104,16.321967213114753,,8.6
403507099254101,2000,40.58520714,-99.42844836,2318.5,14.604075783204806,11.749371584699455,552.94,58.68125683060109,3.488169398907104,16.321967213114753,,17.5
403520099201601,2000,40.5886101475,-99.3416473,2265.95,10.948967212955836,11.749371584699455,552.94,58.68125683060109,3.488169398907104,16.321967213114753,,9.26
403540099260001,2000,40.5946306,-99.4353739,2323.77,15.479073963841406,11.749371584699455,552.94,58.68125683060109,3.488169398907104,16.321967213114753,,17.39
403625099315401,2000,40.60535831,-99.53303177,2384.53,35.97041439713489,11.749371584699455,552.94,58.68125683060109,3.488169398907104,16.321967213114753,,30.0
403625099361001,2000,40.60535831,-99.60306609,2454.12,78.60884699396719,11.749371584699455,552.94,58.68125683060109,3.488169398907104,16.321967213114753,,80.09
403638099154301,2000,40.60901195,-99.26298962,2222.0,20.0516041260984,11.749371584699455,552.94,58.68125683060109,3.488169398907104,16.321967213114753,,11.9
403644099350001,2000,40.61418514,-99.57972132,2418.26,62.60935491077085,11.749371584699455,552.94,58.68125683060109,3.488169398907104,16.321967213114753,,62.95
403646099293301,2000,40.6127772,-99.4935704,2354.25,19.28681410976948,11.749371584699455,552.94,58.68125683060109,3.488169398907104,16.321967213114753,,14.31
403651099281401,2000,40.613021,-99.4747929,2345.39,23.53071841941312,11.749371584699455,552.94,58.68125683060109,3.488169398907104,16.321967213114753,,35.0
403730099373501,2000,40.6268217,-99.6246292,2471.08,79.37247428289585,11.749371584699455,552.94,58.68125683060109,3.488169398907104,16.321967213114753,,85.56
403739099281601,2000,40.627653,-99.4742905,2324.54,17.114556598560252,11.749371584699455,552.94,58.68125683060109,3.488169398907104,16.321967213114753,,18.23
403822099324501,2000,40.6415361,-99.5482644,2377.53,31.009444488212168,11.749371584699455,552.94,58.68125683060109,3.488169398907104,16.321967213114753,,35.81
403858099305101,2000,40.64309614,-99.50852542,2333.89,11.668271689385422,11.749371584699455,552.94,58.68125683060109,3.488169398907104,16.321967213114753,,2.29
403902099313701,2000,40.6483999,-99.5291531,2345.9,22.92242177067961,11.749371584699455,552.94,58.68125683060109,3.488169398907104,16.321967213114753,,31.4
403915099190801,2000,40.6573434,-99.3214291,2234.03,13.896231893192445,11.749371584699455,552.94,58.68125683060109,3.488169398907104,16.321967213114753,,7.28
403922099223301,2000,40.65834351,-99.38037703,2253.27,6.959252175381117,11.749371584699455,552.94,58.68125683060109,3.488169398907104,16.321967213114753,,6.68
403928099333601,2000,40.6571948,-99.5612991,2355.41,21.54603145030089,11.749371584699455,552.94,58.68125683060109,3.488169398907104,16.321967213114753,,36.1
403928099371801,2000,40.655954,-99.6202609,2432.98,57.68574012331986,11.749371584699455,552.94,58.68125683060109,3.488169398907104,16.321967213114753,,80.32
403941099331901,2000,40.66044972,-99.55637462,2347.21,16.57824685408721,11.749371584699455,552.94,58.68125683060109,3.488169398907104,16.321967213114753,,5.05
403941099342701,2000,40.6636923,-99.5766538,2326.71,13.788560209565162,11.749371584699455,552.94,58.68125683060109,3.488169398907104,16.321967213114753,,7.0
403954099255801,2000,40.667854,-99.4364595,2268.93,4.753980589778962,11.749371584699455,552.94,58.68125683060109,3.488169398907104,16.321967213114753,,2.55
404007099294001,2000,40.6709022,-99.4936146,2290.54,7.328950547087147,11.749371584699455,552.94,58.68125683060109,3.488169398907104,16.321967213114753,,7.35
404007099351901,2000,40.6709256,-99.5865622,2322.26,11.201664141288116,11.749371584699455,552.94,58.68125683060109,3.488169398907104,16.321967213114753,,7.92
404016099370201,2000,40.6711189,-99.61760995,2335.44,26.214454807221564,11.749371584699455,552.94,58.68125683060109,3.488169398907104,16.321967213114753,,6.08
404020099355301,2000,40.6710839,-99.5961084,2326.91,14.932784589948312,11.749371584699455,552.94,58.68125683060109,3.488169398907104,16.321967213114753,,4.82
402107099262000,2001,40.35080555555556,-99.43768055555556,2363.91,203.1698635541386,11.778054794520548,626.51,63.07638356164384,3.403150684931507,16.479589041095892,,201.58
402110099140001,2001,40.351999,-99.2329232,2283.76,150.37640020427676,11.778054794520548,626.51,63.07638356164384,3.403150684931507,16.479589041095892,,168.1
402115099213100,2001,40.35468888888889,-99.35943333333331,2345.58,204.5788763378557,11.778054794520548,626.51,63.07638356164384,3.403150684931507,16.479589041095892,,205.78
402124099201601,2001,40.3563466,-99.3403749,2318.47,188.7103192839353,11.778054794520548,626.51,63.07638356164384,3.403150684931507,16.479589041095892,,185.0
402159099301600,2001,40.3649,-99.50220555555556,2377.49,182.12971161212369,11.778054794520548,626.51,63.07638356164384,3.403150684931507,16.479589041095892,,182.73
402200099160700,2001,40.3669,-99.267175,2280.22,145.1665965337112,11.778054794520548,626.51,63.07638356164384,3.403150684931507,16.479589041095892,,147.12
402233099341700,2001,40.376269444444446,-99.57279166666666,2335.32,111.38836694697564,11.778054794520548,626.51,63.07638356164384,3.403150684931507,16.479589041095892,,112.14
402320099231001,2001,40.38914722222222,-99.38615277777778,2384.17,208.12326737613125,11.778054794520548,626.51,63.07638356164384,3.403150684931507,16.479589041095892,,217.26
402326099185300,2001,40.390366666666665,-99.31649722222222,2306.56,145.9980136232724,11.778054794520548,626.51,63.07638356164384,3.403150684931507,16.479589041095892,,145.79
402340099353701,2001,40.39445302,-99.59399869,2264.29,75.44629859068112,11.778054794520548,626.51,63.07638356164384,3.403150684931507,16.479589041095892,,25.07
402342099143300,2001,40.39436388888889,-99.24273333333332,2261.52,106.95225157874474,11.778054794520548,626.51,63.07638356164384,3.403150684931507,16.479589041095892,,109.16
402406099311800,2001,40.40154444444444,-99.52104166666666,2406.07,180.63364957882837,11.778054794520548,626.51,63.07638356164384,3.403150684931507,16.479589041095892,,183.03
402421099112000,2001,40.40549166666666,-99.18921666666668,2216.62,56.93429185119252,11.778054794520548,626.51,63.07638356164384,3.403150684931507,16.479589041095892,,51.46
402435099262900,2001,40.40768055555555,-99.44083333333332,2405.19,200.7995640128205,11.778054794520548,626.51,63.07638356164384,3.403150684931507,16.479589041095892,,209.17
402513099164801,2001,40.42006111111111,-99.27985277777778,2278.97,74.16706978909014,11.778054794520548,626.51,63.07638356164384,3.403150684931507,16.479589041095892,,68.0
402524099201601,2001,40.42334431,-99.33815365,2312.07,110.04742336109328,11.778054794520548,626.51,63.07638356164384,3.403150684931507,16.479589041095892,,109.06
402532099235801,2001,40.42582814,-99.40068743,2321.09,134.39309119253903,11.778054794520548,626.51,63.07638356164384,3.403150684931507,16.479589041095892,,116.18
402609099350800,2001,40.43199166666666,-99.58200277777776,2443.0,165.1714785399282,11.778054794520548,626.51,63.07638356164384,3.403150684931507,16.479589041095892,,176.12
402630099305500,2001,40.44133611111111,-99.51204166666666,2426.38,174.13571848101748,11.778054794520548,626.51,63.07638356164384,3.403150684931507,16.479589041095892,,177.18
402703099150901,2001,40.44969595,-99.25284899,2253.96,40.91711321038047,11.778054794520548,626.51,63.07638356164384,3.403150684931507,16.479589041095892,,37.0
402716099212401,2001,40.4529071,-99.3592878,2307.74,75.85072721502802,11.778054794520548,626.51,63.07638356164384,3.403150684931507,16.479589041095892,,67.85
402756099320601,2001,40.46654722222223,-99.53547222222224,2446.36,159.92356707801875,11.778054794520548,626.51,63.07638356164384,3.403150684931507,16.479589041095892,,163.39
402802099285801,2001,40.46775,-99.48183333,2376.84,114.10330284815808,11.778054794520548,626.51,63.07638356164384,3.403150684931507,16.479589041095892,,99.58
402813099382100,2001,40.46941944444445,-99.63914166666667,2473.68,154.28423557571472,11.778054794520548,626.51,63.07638356164384,3.403150684931507,16.479589041095892,,157.01
402906099342201,2001,40.485083333333336,-99.57288888888888,2458.82,147.20797960198496,11.778054794520548,626.51,63.07638356164384,3.403150684931507,16.479589041095892,,149.07
402952099161701,2001,40.49624602,-99.2746825,2255.28,18.23233787776033,11.778054794520548,626.51,63.07638356164384,3.403150684931507,16.479589041095892,,14.11
403123099261501,2001,40.52446389,-99.436875,2361.96,33.84318181395157,11.778054794520548,626.51,63.07638356164384,3.403150684931507,16.479589041095892,,35.48
403125099295701,2001,40.5247252,-99.4992246,2402.13,66.98017314976352,11.778054794520548,626.51,63.07638356164384,3.403150684931507,16.479589041095892,,61.0
403132099381001,2001,40.52556319,-99.63650076,2517.21,136.096647776742,11.778054794520548,626.51,63.07638356164384,3.403150684931507,16.479589041095892,,152.92
403137099330201,2001,40.5263766547222,-99.5496279,2405.25,79.64525731704306,11.778054794520548,626.51,63.07638356164384,3.403150684931507,16.479589041095892,,52.54
403138099190801,2001,40.5255972,-99.3224515,2277.27,16.658524679408,11.778054794520548,626.51,63.07638356164384,3.403150684931507,16.479589041095892,,15.1
403210099194201,2001,40.53813889,-99.32944444,2277.13,14.557180333569224,11.778054794520548,626.51,63.07638356164384,3.403150684931507,16.479589041095892,,19.38
403217099235801,2001,40.53806574,-99.39982287,2321.45,15.71668707261231,11.778054794520548,626.51,63.07638356164384,3.403150684931507,16.479589041095892,,14.46
403217099312001,2001,40.5392815,-99.5207383,2451.89,78.4050065587368,11.778054794520548,626.51,63.07638356164384,3.403150684931507,16.479589041095892,,98.0
403224099261801,2001,40.54167314,-99.43849253,2347.7,17.759913048347293,11.778054794520548,626.51,63.07638356164384,3.403150684931507,16.479589041095892,,14.6
403230099195901,2001,40.54167314,-99.3339024,2269.36,12.469403664002112,11.778054794520548,626.51,63.07638356164384,3.403150684931507,16.479589041095892,,7.81
403309099250701,2001,40.5543784,-99.4199673,2322.67,10.11017975783122,11.778054794520548,626.51,63.07638356164384,3.403150684931507,16.479589041095892,,7.58
403309099270601,2001,40.55026689,-99.45178833,2342.87,15.336858579418475,11.778054794520548,626.51,63.07638356164384,3.403150684931507,16.479589041095892,,9.2
403309099281401,2001,40.5521635,-99.4737128,2354.64,25.834158580555737,11.778054794520548,626.51,63.07638356164384,3.403150684931507,16.479589041095892,,19.38
403322099201601,2001,40.5547811,-99.3416484,2267.67,10.219233721277268,11.778054794520548,626.51,63.07638356164384,3.403150684931507,16.479589041095892,,4.12
403322099210701,2001,40.55622914,-99.3528114,2284.27,11.029474834508584,11.778054794520548,626.51,63.07638356164384,3.403150684931507,16.479589041095892,,13.09
403322099304801,2001,40.5542755075,-99.5122815,2411.43,55.95180730652072,11.778054794520548,626.51,63.07638356164384,3.403150684931507,16.479589041095892,,54.32
403322099371801,2001,40.5557047,-99.6247601,2465.78,92.4532610122722,11.778054794520548,626.51,63.07638356164384,3.403150684931507,16.479589041095892,,71.66
403335099150901,2001,40.55977478,-99.25286046,2241.29,25.11207424608598,11.778054794520548,626.51,63.07638356164384,3.403150684931507,16.479589041095892,,24.16
403453099141801,2001,40.58307501,-99.2365144,2255.34,39.28305629661254,11.778054794520548,626.51,63.07638356164384,3.403150684931507,16.479589041095892,,49.45
403453099190801,2001,40.5807096794444,-99.3229107,2282.14,21.5623136719948,11.778054794520548,626.51,63.07638356164384,3.403150684931507,16.479589041095892,,36.05
403454099304801,2001,40.57931189,-99.51412709,2390.5,36.6323630913802,11.778054794520548,626.51,63.07638356164384,3.403150684931507,16.479589041095892,,31.0
403506099350101,2001,40.5833317,-99.5866221,2484.33,83.707410242494,11.778054794520548,626.51,63.07638356164384,3.403150684931507,16.479589041095892,,92.35
403507099234101,2001,40.5836771413889,-99.3985091,2295.65,6.46839581053674,11.778054794520548,626.51,63.07638356164384,3.403150684931507,16.479589041095892,,7.25
403507099254101,2001,40.58520714,-99.42844836,2318.5,10.24847781785762,11.778054794520548,626.51,63.07638356164384,3.403150684931507,16.479589041095892,,16.61
403520099201601,2001,40.5886101475,-99.3416473,2265.95,11.336095989814156,11.778054794520548,626.51,63.07638356164384,3.403150684931507,16.479589041095892,,11.0
403625099315401,2001,40.60535831,-99.53303177,2384.53,36.6536451483444,11.778054794520548,626.51,63.07638356164384,3.403150684931507,16.479589041095892,,30.11
403625099361001,2001,40.60535831,-99.60306609,2454.12,78.3361327442148,11.778054794520548,626.51,63.07638356164384,3.403150684931507,16.479589041095892,,79.9
403638099154301,2001,40.60901195,-99.26298962,2222.0,22.249808733721743,11.778054794520548,626.51,63.07638356164384,3.403150684931507,16.479589041095892,,14.39
403646099293301,2001,40.6127772,-99.4935704,2354.25,14.277447551202505,11.778054794520548,626.51,63.07638356164384,3.403150684931507,16.479589041095892,,10.52
403730099373501,2001,40.6268217,-99.6246292,2471.08,78.64815008758791,11.778054794520548,626.51,63.07638356164384,3.403150684931507,16.479589041095892,,85.0
403822099324501,2001,40.6415361,-99.5482644,2377.53,30.786256064080224,11.778054794520548,626.51,63.07638356164384,3.403150684931507,16.479589041095892,,35.0
403902099313701,2001,40.6483999,-99.5291531,2345.9,24.391792043213897,11.778054794520548,626.51,63.07638356164384,3.403150684931507,16.479589041095892,,32.0
403915099190801,2001,40.6573434,-99.3214291,2234.03,15.712506190269252,11.778054794520548,626.51,63.07638356164384,3.403150684931507,16.479589041095892,,8.61
403922099223301,2001,40.65834351,-99.38037703,2253.27,6.288932570731311,11.778054794520548,626.51,63.07638356164384,3.403150684931507,16.479589041095892,,5.93
403928099333601,2001,40.6571948,-99.5612991,2355.41,20.767000513732384,11.778054794520548,626.51,63.07638356164384,3.403150684931507,16.479589041095892,,35.18
403928099371801,2001,40.655954,-99.6202609,2432.98,56.90075084405809,11.778054794520548,626.51,63.07638356164384,3.403150684931507,16.479589041095892,,80.21
403941099331901,2001,40.66044972,-99.55637462,2347.21,15.861412050877467,11.778054794520548,626.51,63.07638356164384,3.403150684931507,16.479589041095892,,4.0
403941099342701,2001,40.6636923,-99.5766538,2326.71,13.486445304294872,11.778054794520548,626.51,63.07638356164384,3.403150684931507,16.479589041095892,,7.11
404007099294001,2001,40.6709022,-99.4936146,2290.54,7.741945365497345,11.778054794520548,626.51,63.07638356164384,3.403150684931507,16.479589041095892,,6.0
404007099351901,2001,40.6709256,-99.5865622,2322.26,11.278941817444668,11.778054794520548,626.51,63.07638356164384,3.403150684931507,16.479589041095892,,7.18
404016099370201,2001,40.6711189,-99.61760995,2335.44,27.32544111441388,11.778054794520548,626.51,63.07638356164384,3.403150684931507,16.479589041095892,,5.94
404020099355301,2001,40.6710839,-99.5961084,2326.91,14.254974872934111,11.778054794520548,626.51,63.07638356164384,3.403150684931507,16.479589041095892,,4.0
402107099262000,2002,40.35080555555556,-99.43768055555556,2363.91,202.1096852300178,11.747835616438357,380.73,56.3613698630137,3.648383561643836,16.674520547945203,,200.35
402110099140001,2002,40.351999,-99.2329232,2283.76,150.51078603276858,11.747835616438357,380.73,56.3613698630137,3.648383561643836,16.674520547945203,,166.83
402115099213100,2002,40.35468888888889,-99.35943333333331,2345.58,202.57746080302147,11.747835616438357,380.73,56.3613698630137,3.648383561643836,16.674520547945203,,204.64
402124099201601,2002,40.3563466,-99.3403749,2318.47,186.1839016539799,11.747835616438357,380.73,56.3613698630137,3.648383561643836,16.674520547945203,,182.41
402159099301600,2002,40.3649,-99.50220555555556,2377.49,180.2321292207864,11.747835616438357,380.73,56.3613698630137,3.648383561643836,16.674520547945203,,181.61
402200099160700,2002,40.3669,-99.267175,2280.22,144.65409773954588,11.747835616438357,380.73,56.3613698630137,3.648383561643836,16.674520547945203,,146.67
402233099341700,2002,40.376269444444446,-99.57279166666666,2335.32,109.56958459276134,11.747835616438357,380.73,56.3613698630137,3.648383561643836,16.674520547945203,,111.82
402320099231001,2002,40.38914722222222,-99.38615277777778,2384.17,204.23137262484408,11.747835616438357,380.73,56.3613698630137,3.648383561643836,16.674520547945203,,216.37
402326099185300,2002,40.390366666666665,-99.31649722222222,2306.56,145.1054173820758,11.747835616438357,380.73,56.3613698630137,3.648383561643836,16.674520547945203,,145.22
402340099353701,2002,40.39445302,-99.59399869,2264.29,71.30944987435194,11.747835616438357,380.73,56.3613698630137,3.648383561643836,16.674520547945203,,25.21
402342099143300,2002,40.39436388888889,-99.24273333333332,2261.52,105.61686320373003,11.747835616438357,380.73,56.3613698630137,3.648383561643836,16.674520547945203,,108.37
402406099311800,2002,40.40154444444444,-99.52104166666666,2406.07,177.57697275871942,11.747835616438357,380.73,56.3613698630137,3.648383561643836,16.674520547945203,,180.95
402421099112000,2002,40.40549166666666,-99.18921666666668,2216.62,57.224722127046526,11.747835616438357,380.73,56.3613698630137,3.648383561643836,16.674520547945203,,52.18
402435099262900,2002,40.40768055555555,-99.44083333333332,2405.19,197.0962447385378,11.747835616438357,380.73,56.3613698630137,3.648383561643836,16.674520547945203,,208.39
402513099164801,2002,40.42006111111111,-99.27985277777778,2278.97,74.52259380169241,11.747835616438357,380.73,56.3613698630137,3.648383561643836,16.674520547945203,,67.98
402524099201601,2002,40.42334431,-99.33815365,2312.07,110.41418239765112,11.747835616438357,380.73,56.3613698630137,3.648383561643836,16.674520547945203,,109.8
402532099235801,2002,40.42582814,-99.40068743,2321.09,130.53780636458828,11.747835616438357,380.73,56.3613698630137,3.648383561643836,16.674520547945203,,115.52
402609099350800,2002,40.43199166666666,-99.58200277777776,2443.0,162.43392724373692,11.747835616438357,380.73,56.3613698630137,3.648383561643836,16.674520547945203,,174.62
402630099305500,2002,40.44133611111111,-99.51204166666666,2426.38,171.24040948725263,11.747835616438357,380.73,56.3613698630137,3.648383561643836,16.674520547945203,,178.77
402703099150901,2002,40.44969595,-99.25284899,2253.96,40.505829013924966,11.747835616438357,380.73,56.3613698630137,3.648383561643836,16.674520547945203,,39.36
402716099212401,2002,40.4529071,-99.3592878,2307.74,73.18777240574445,11.747835616438357,380.73,56.3613698630137,3.648383561643836,16.674520547945203,,67.46
402756099320601,2002,40.46654722222223,-99.53547222222224,2446.36,155.30714228136245,11.747835616438357,380.73,56.3613698630137,3.648383561643836,16.674520547945203,,161.88
402802099285801,2002,40.46775,-99.48183333,2376.84,107.54186967764495,11.747835616438357,380.73,56.3613698630137,3.648383561643836,16.674520547945203,,99.6
402813099382100,2002,40.46941944444445,-99.63914166666667,2473.68,151.9024962772167,11.747835616438357,380.73,56.3613698630137,3.648383561643836,16.674520547945203,,155.39
402821099282901,2002,40.47215973,-99.47068872,2363.91,95.98504159080954,11.747835616438357,380.73,56.3613698630137,3.648383561643836,16.674520547945203,,90.09
402843099192001,2002,40.47788889,-99.31941672,2311.88,40.35850153118792,11.747835616438357,380.73,56.3613698630137,3.648383561643836,16.674520547945203,,40.76
402851099130101,2002,40.4809986,-99.2168379,2244.15,25.16238611634745,11.747835616438357,380.73,56.3613698630137,3.648383561643836,16.674520547945203,,25.35
402853099104601,2002,40.4815796,-99.179559,2221.31,21.37670076536076,11.747835616438357,380.73,56.3613698630137,3.648383561643836,16.674520547945203,,13.08
402853099152001,2002,40.4816481,-99.2557469,2251.06,23.109962203341794,11.747835616438357,380.73,56.3613698630137,3.648383561643836,16.674520547945203,,21.81
402905099115301,2002,40.4848551,-99.1983097,2241.11,25.090665429629947,11.747835616438357,380.73,56.3613698630137,3.648383561643836,16.674520547945203,,27.76
402906099342201,2002,40.485083333333336,-99.57288888888888,2458.82,145.20687472367268,11.747835616438357,380.73,56.3613698630137,3.648383561643836,16.674520547945203,,148.66
402924099235501,2002,40.4901949,-99.398706,2336.37,50.973576663096814,11.747835616438357,380.73,56.3613698630137,3.648383561643836,16.674520547945203,,50.56
402945099151900,2002,40.49312395,-99.25285328,2243.78,21.112924771949064,11.747835616438357,380.73,56.3613698630137,3.648383561643836,16.674520547945203,,16.87
402952099161701,2002,40.49624602,-99.2746825,2255.28,20.30437821882325,11.747835616438357,380.73,56.3613698630137,3.648383561643836,16.674520547945203,,15.03
403014099213701,2002,40.50113773,-99.35723759,2325.73,30.03222358164321,11.747835616438357,380.73,56.3613698630137,3.648383561643836,16.674520547945203,,27.84
403037099313401,2002,40.5104684,-99.5262137,2408.97,82.32723794429684,11.747835616438357,380.73,56.3613698630137,3.648383561643836,16.674520547945203,,72.08
403123099261501,2002,40.52446389,-99.436875,2361.96,33.7133072842162,11.747835616438357,380.73,56.3613698630137,3.648383561643836,16.674520547945203,,37.78
403124099152601,2002,40.52215595,-99.25856338,2258.2,31.34188175763269,11.747835616438357,380.73,56.3613698630137,3.648383561643836,16.674520547945203,,41.84
403125099295701,2002,40.5247252,-99.4992246,2402.13,59.89021665044168,11.747835616438357,380.73,56.3613698630137,3.648383561643836,16.674520547945203,,56.06
403132099381001,2002,40.52556319,-99.63650076,2517.21,142.65842845096822,11.747835616438357,380.73,56.3613698630137,3.648383561643836,16.674520547945203,,152.11
403137099330201,2002,40.5263766547222,-99.5496279,2405.25,74.55902975237525,11.747835616438357,380.73,56.3613698630137,3.648383561643836,16.674520547945203,,53.2
403138099190801,2002,40.5255972,-99.3224515,2277.27,20.071280892120797,11.747835616438357,380.73,56.3613698630137,3.648383561643836,16.674520547945203,,18.59
403138099235801,2002,40.5255500233333,-99.399115,2328.14,22.918757261569016,11.747835616438357,380.73,56.3613698630137,3.648383561643836,16.674520547945203,,20.89
403163099379201,2002,40.52718414,-99.63201494,2519.15,141.4017756623087,11.747835616438357,380.73,56.3613698630137,3.648383561643836,16.674520547945203,,154.43
403210099194201,2002,40.53813889,-99.32944444,2277.13,17.71799249272113,11.747835616438357,380.73,56.3613698630137,3.648383561643836,16.674520547945203,,23.54
403217099235801,2002,40.53806574,-99.39982287,2321.45,18.19916358361331,11.747835616438357,380.73,56.3613698630137,3.648383561643836,16.674520547945203,,18.09
403217099312001,2002,40.5392815,-99.5207383,2451.89,76.32378999483353,11.747835616438357,380.73,56.3613698630137,3.648383561643836,16.674520547945203,,98.69
403224099261801,2002,40.54167314,-99.43849253,2347.7,19.73610638487264,11.747835616438357,380.73,56.3613698630137,3.648383561643836,16.674520547945203,,17.1
403230099195901,2002,40.54167314,-99.3339024,2269.36,14.710229262112072,11.747835616438357,380.73,56.3613698630137,3.648383561643836,16.674520547945203,,7.97
403309099250701,2002,40.5543784,-99.4199673,2322.67,13.917475820909264,11.747835616438357,380.73,56.3613698630137,3.648383561643836,16.674520547945203,,10.42
403309099270601,2002,40.55026689,-99.45178833,2342.87,17.635798801768537,11.747835616438357,380.73,56.3613698630137,3.648383561643836,16.674520547945203,,14.45
403309099281401,2002,40.5521635,-99.4737128,2354.64,25.67890050540707,11.747835616438357,380.73,56.3613698630137,3.648383561643836,16.674520547945203,,19.15
403322099201601,2002,40.5547811,-99.3416484,2267.67,12.933738038825478,11.747835616438357,380.73,56.3613698630137,3.648383561643836,16.674520547945203,,6.35
403322099210701,2002,40.55622914,-99.3528114,2284.27,14.4558988637106,11.747835616438357,380.73,56.3613698630137,3.648383561643836,16.674520547945203,,17.88
403322099254101,2002,40.5542755,-99.4303042,2335.12,15.460261626156704,11.747835616438357,380.73,56.3613698630137,3.648383561643836,16.674520547945203,,16.27
403322099264901,2002,40.5543545569444,-99.4489925,2342.74,16.020084396596104,11.747835616438357,380.73,56.3613698630137,3.648383561643836,16.674520547945203,,13.78
403322099272302,2002,40.5545803,-99.4609332,2349.56,19.38092489920803,11.747835616438357,380.73,56.3613698630137,3.648383561643836,16.674520547945203,,17.0
403322099304801,2002,40.5542755075,-99.5122815,2411.43,55.42908329101032,11.747835616438357,380.73,56.3613698630137,3.648383561643836,16.674520547945203,,54.81
403322099371801,2002,40.5557047,-99.6247601,2465.78,92.0052690014176,11.747835616438357,380.73,56.3613698630137,3.648383561643836,16.674520547945203,,71.24
403328099181202,2002,40.5577906,-99.3033482,2272.01,24.05757088496576,11.747835616438357,380.73,56.3613698630137,3.648383561643836,16.674520547945203,,27.39
403335099150901,2002,40.55977478,-99.25286046,2241.29,30.768413998150564,11.747835616438357,380.73,56.3613698630137,3.648383561643836,16.674520547945203,,28.96
403431099362101,2002,40.5754557,-99.6058865,2477.16,84.01172211522632,11.747835616438357,380.73,56.3613698630137,3.648383561643836,16.674520547945203,,79.96
403433099250001,2002,40.576331,-99.4179046,2315.55,15.45234952224356,11.747835616438357,380.73,56.3613698630137,3.648383561643836,16.674520547945203,,15.56
403453099141801,2002,40.58307501,-99.2365144,2255.34,40.463883638783976,11.747835616438357,380.73,56.3613698630137,3.648383561643836,16.674520547945203,,50.03
403453099190801,2002,40.5807096794444,-99.3229107,2282.14,24.074691570791128,11.747835616438357,380.73,56.3613698630137,3.648383561643836,16.674520547945203,,36.35
403454099304801,2002,40.57931189,-99.51412709,2390.5,36.84224271431294,11.747835616438357,380.73,56.3613698630137,3.648383561643836,16.674520547945203,,32.31
403506099350101,2002,40.5833317,-99.5866221,2484.33,81.65855898180168,11.747835616438357,380.73,56.3613698630137,3.648383561643836,16.674520547945203,,91.69
403507099234101,2002,40.5836771413889,-99.3985091,2295.65,13.59642519218128,11.747835616438357,380.73,56.3613698630137,3.648383561643836,16.674520547945203,,11.55
403507099254101,2002,40.58520714,-99.42844836,2318.5,18.218415865814155,11.747835616438357,380.73,56.3613698630137,3.648383561643836,16.674520547945203,,21.14
403520099201601,2002,40.5886101475,-99.3416473,2265.95,13.969810097826729,11.747835616438357,380.73,56.3613698630137,3.648383561643836,16.674520547945203,,12.48
403540099260001,2002,40.5946306,-99.4353739,2323.77,19.460870357490464,11.747835616438357,380.73,56.3613698630137,3.648383561643836,16.674520547945203,,22.03
403625099315401,2002,40.60535831,-99.53303177,2384.53,35.02849034951838,11.747835616438357,380.73,56.3613698630137,3.648383561643836,16.674520547945203,,31.47
403625099361001,2002,40.60535831,-99.60306609,2454.12,77.93034992964787,11.747835616438357,380.73,56.3613698630137,3.648383561643836,16.674520547945203,,80.02
403638099154301,2002,40.60901195,-99.26298962,2222.0,22.540640011265182,11.747835616438357,380.73,56.3613698630137,3.648383561643836,16.674520547945203,,14.28
403644099350001,2002,40.61418514,-99.57972132,2418.26,61.66688061539609,11.747835616438357,380.73,56.3613698630137,3.648383561643836,16.674520547945203,,62.83
403646099293301,2002,40.6127772,-99.4935704,2354.25,20.74794607451369,11.747835616438357,380.73,56.3613698630137,3.648383561643836,16.674520547945203,,15.07
403651099281401,2002,40.613021,-99.4747929,2345.39,26.325145362447163,11.747835616438357,380.73,56.3613698630137,3.648383561643836,16.674520547945203,,38.14
403730099373501,2002,40.6268217,-99.6246292,2471.08,79.4785267462818,11.747835616438357,380.73,56.3613698630137,3.648383561643836,16.674520547945203,,85.08
403739099281601,2002,40.627653,-99.4742905,2324.54,19.97364877113045,11.747835616438357,380.73,56.3613698630137,3.648383561643836,16.674520547945203,,21.31
403822099324501,2002,40.6415361,-99.5482644,2377.53,32.09031688936808,11.747835616438357,380.73,56.3613698630137,3.648383561643836,16.674520547945203,,37.0
403858099305101,2002,40.64309614,-99.50852542,2333.89,14.686055847066,11.747835616438357,380.73,56.3613698630137,3.648383561643836,16.674520547945203,,7.07
403902099313701,2002,40.6483999,-99.5291531,2345.9,24.83211445329967,11.747835616438357,380.73,56.3613698630137,3.648383561643836,16.674520547945203,,32.83
403915099190801,2002,40.6573434,-99.3214291,2234.03,15.3908352054291,11.747835616438357,380.73,56.3613698630137,3.648383561643836,16.674520547945203,,8.94
403922099223301,2002,40.65834351,-99.38037703,2253.27,8.197892501353394,11.747835616438357,380.73,56.3613698630137,3.648383561643836,16.674520547945203,,7.81
403928099333601,2002,40.6571948,-99.5612991,2355.41,23.022221038982664,11.747835616438357,380.73,56.3613698630137,3.648383561643836,16.674520547945203,,36.36
403928099371801,2002,40.655954,-99.6202609,2432.98,58.36107556616723,11.747835616438357,380.73,56.3613698630137,3.648383561643836,16.674520547945203,,81.04
403941099331901,2002,40.66044972,-99.55637462,2347.21,17.963159011165125,11.747835616438357,380.73,56.3613698630137,3.648383561643836,16.674520547945203,,5.45
403941099342701,2002,40.6636923,-99.5766538,2326.71,15.200946038729825,11.747835616438357,380.73,56.3613698630137,3.648383561643836,16.674520547945203,,8.17
403954099255801,2002,40.667854,-99.4364595,2268.93,5.232872768417499,11.747835616438357,380.73,56.3613698630137,3.648383561643836,16.674520547945203,,2.22
404007099294001,2002,40.6709022,-99.4936146,2290.54,9.328107068061598,11.747835616438357,380.73,56.3613698630137,3.648383561643836,16.674520547945203,,9.11
404007099351901,2002,40.6709256,-99.5865622,2322.26,12.210273108316718,11.747835616438357,380.73,56.3613698630137,3.648383561643836,16.674520547945203,,8.95
404016099370201,2002,40.6711189,-99.61760995,2335.44,26.154004349682936,11.747835616438357,380.73,56.3613698630137,3.648383561643836,16.674520547945203,,5.72
404020099355301,2002,40.6710839,-99.5961084,2326.91,15.531612714527116,11.747835616438357,380.73,56.3613698630137,3.648383561643836,16.674520547945203,,5.66
402107099262000,2003,40.35080555555556,-99.43768055555556,2363.91,204.40430160101053,11.669397260273973,498.43,59.134328767123286,3.4380273972602744,16.324191780821916,,201.89
402110099140001,2003,40.351999,-99.2329232,2283.76,153.45627626938702,11.669397260273973,498.43,59.134328767123286,3.4380273972602744,16.324191780821916,,167.8
402115099213100,2003,40.35468888888889,-99.35943333333331,2345.58,206.01289369327168,11.669397260273973,498.43,59.134328767123286,3.4380273972602744,16.324191780821916,,206.16
402124099201601,2003,40.3563466,-99.3403749,2318.47,188.51221410958655,11.669397260273973,498.43,59.134328767123286,3.4380273972602744,16.324191780821916,,184.17
402159099301600,2003,40.3649,-99.50220555555556,2377.49,182.9449969774331,11.669397260273973,498.43,59.134328767123286,3.4380273972602744,16.324191780821916,,182.99
402200099160700,2003,40.3669,-99.267175,2280.22,147.30961468513027,11.669397260273973,498.43,59.134328767123286,3.4380273972602744,16.324191780821916,,148.14
402233099341700,2003,40.376269444444446,-99.57279166666666,2335.32,111.0296739319301,11.669397260273973,498.43,59.134328767123286,3.4380273972602744,16.324191780821916,,112.28
402320099231001,2003,40.38914722222222,-99.38615277777778,2384.17,210.4483472927485,11.669397260273973,498.43,59.134328767123286,3.4380273972602744,16.324191780821916,,217.76
402326099185300,2003,40.390366666666665,-99.31649722222222,2306.56,148.44344590722963,11.669397260273973,498.43,59.134328767123286,3.4380273972602744,16.324191780821916,,147.2
402340099353701,2003,40.39445302,-99.59399869,2264.29,69.27733582647623,11.669397260273973,498.43,59.134328767123286,3.4380273972602744,16.324191780821916,,25.25
402342099143300,2003,40.39436388888889,-99.24273333333332,2261.52,109.77123049805137,11.669397260273973,498.43,59.134328767123286,3.4380273972602744,16.324191780821916,,110.62
402406099311800,2003,40.40154444444444,-99.52104166666666,2406.07,181.31899730269456,11.669397260273973,498.43,59.134328767123286,3.4380273972602744,16.324191780821916,,182.53
402421099112000,2003,40.40549166666666,-99.18921666666668,2216.62,59.91391246058729,11.669397260273973,498.43,59.134328767123286,3.4380273972602744,16.324191780821916,,55.45
402435099262900,2003,40.40768055555555,-99.44083333333332,2405.19,203.0418410390579,11.669397260273973,498.43,59.134328767123286,3.4380273972602744,16.324191780821916,,209.66
402513099164801,2003,40.42006111111111,-99.27985277777778,2278.97,78.38396588328759,11.669397260273973,498.43,59.134328767123286,3.4380273972602744,16.324191780821916,,72.16
402524099201601,2003,40.42334431,-99.33815365,2312.07,112.56728139176712,11.669397260273973,498.43,59.134328767123286,3.4380273972602744,16.324191780821916,,111.68
402532099235801,2003,40.42582814,-99.40068743,2321.09,132.32857821526548,11.669397260273973,498.43,59.134328767123286,3.4380273972602744,16.324191780821916,,117.29
402609099350800,2003,40.43199166666666,-99.58200277777776,2443.0,169.1686493083978,11.669397260273973,498.43,59.134328767123286,3.4380273972602744,16.324191780821916,,176.25
402630099305500,2003,40.44133611111111,-99.51204166666666,2426.38,176.30899168704323,11.669397260273973,498.43,59.134328767123286,3.4380273972602744,16.324191780821916,,177.87
402703099150901,2003,40.44969595,-99.25284899,2253.96,43.20931058448963,11.669397260273973,498.43,59.134328767123286,3.4380273972602744,16.324191780821916,,42.44
402716099212401,2003,40.4529071,-99.3592878,2307.74,74.36250844153426,11.669397260273973,498.43,59.134328767123286,3.4380273972602744,16.324191780821916,,68.61
402756099320601,2003,40.46654722222223,-99.53547222222224,2446.36,161.24413438579936,11.669397260273973,498.43,59.134328767123286,3.4380273972602744,16.324191780821916,,164.55
402813099382100,2003,40.46941944444445,-99.63914166666667,2473.68,156.8471702936979,11.669397260273973,498.43,59.134328767123286,3.4380273972602744,16.324191780821916,,157.24
402821099282901,2003,40.47215973,-99.47068872,2363.91,102.31008722068712,11.669397260273973,498.43,59.134328767123286,3.4380273972602744,16.324191780821916,,92.28
402843099192001,2003,40.47788889,-99.31941672,2311.88,42.30832977926027,11.669397260273973,498.43,59.134328767123286,3.4380273972602744,16.324191780821916,,44.13
402851099130101,2003,40.4809986,-99.2168379,2244.15,27.668212678076003,11.669397260273973,498.43,59.134328767123286,3.4380273972602744,16.324191780821916,,28.94
402853099104601,2003,40.4815796,-99.179559,2221.31,19.95072169416643,11.669397260273973,498.43,59.134328767123286,3.4380273972602744,16.324191780821916,,16.16
402853099152001,2003,40.4816481,-99.2557469,2251.06,24.37001179783022,11.669397260273973,498.43,59.134328767123286,3.4380273972602744,16.324191780821916,,25.3
402905099115301,2003,40.4848551,-99.1983097,2241.11,27.132961598701957,11.669397260273973,498.43,59.134328767123286,3.4380273972602744,16.324191780821916,,31.26
402906099342201,2003,40.485083333333336,-99.57288888888888,2458.82,148.48631150523428,11.669397260273973,498.43,59.134328767123286,3.4380273972602744,16.324191780821916,,149.9
402924099235501,2003,40.4901949,-99.398706,2336.37,53.65387833168106,11.669397260273973,498.43,59.134328767123286,3.4380273972602744,16.324191780821916,,55.35
402945099151900,2003,40.49312395,-99.25285328,2243.78,22.914135744167407,11.669397260273973,498.43,59.134328767123286,3.4380273972602744,16.324191780821916,,20.05
402952099161701,2003,40.49624602,-99.2746825,2255.28,20.59132013154897,11.669397260273973,498.43,59.134328767123286,3.4380273972602744,16.324191780821916,,18.7
403014099213701,2003,40.50113773,-99.35723759,2325.73,32.67167112296328,11.669397260273973,498.43,59.134328767123286,3.4380273972602744,16.324191780821916,,33.75
403037099313401,2003,40.5104684,-99.5262137,2408.97,80.86842574445049,11.669397260273973,498.43,59.134328767123286,3.4380273972602744,16.324191780821916,,74.66
403123099261501,2003,40.52446389,-99.436875,2361.96,37.195086454252255,11.669397260273973,498.43,59.134328767123286,3.4380273972602744,16.324191780821916,,40.88
403124099152601,2003,40.52215595,-99.25856338,2258.2,34.53602525774887,11.669397260273973,498.43,59.134328767123286,3.4380273972602744,16.324191780821916,,44.94
403125099295701,2003,40.5247252,-99.4992246,2402.13,65.84449808843917,11.669397260273973,498.43,59.134328767123286,3.4380273972602744,16.324191780821916,,65.07
403132099381001,2003,40.52556319,-99.63650076,2517.21,147.4967183366747,11.669397260273973,498.43,59.134328767123286,3.4380273972602744,16.324191780821916,,154.59
403137099330201,2003,40.5263766547222,-99.5496279,2405.25,67.83173591576974,11.669397260273973,498.43,59.134328767123286,3.4380273972602744,16.324191780821916,,55.96
403138099190801,2003,40.5255972,-99.3224515,2277.27,22.412084561060876,11.669397260273973,498.43,59.134328767123286,3.4380273972602744,16.324191780821916,,21.78
403138099235801,2003,40.5255500233333,-99.399115,2328.14,24.78812111627868,11.669397260273973,498.43,59.134328767123286,3.4380273972602744,16.324191780821916,,25.16
403163099379201,2003,40.52718414,-99.63201494,2519.15,145.40495730507172,11.669397260273973,498.43,59.134328767123286,3.4380273972602744,16.324191780821916,,155.55
403210099194201,2003,40.53813889,-99.32944444,2277.13,19.00385217142738,11.669397260273973,498.43,59.134328767123286,3.4380273972602744,16.324191780821916,,27.02
403217099235801,2003,40.53806574,-99.39982287,2321.45,20.247629987508944,11.669397260273973,498.43,59.134328767123286,3.4380273972602744,16.324191780821916,,21.32
403217099312001,2003,40.5392815,-99.5207383,2451.89,84.81677994756826,11.669397260273973,498.43,59.134328767123286,3.4380273972602744,16.324191780821916,,101.7
403224099261801,2003,40.54167314,-99.43849253,2347.7,21.190137612806488,11.669397260273973,498.43,59.134328767123286,3.4380273972602744,16.324191780821916,,20.82
403230099195901,2003,40.54167314,-99.3339024,2269.36,14.506444464617424,11.669397260273973,498.43,59.134328767123286,3.4380273972602744,16.324191780821916,,11.47
403309099250701,2003,40.5543784,-99.4199673,2322.67,14.136670809483794,11.669397260273973,498.43,59.134328767123286,3.4380273972602744,16.324191780821916,,12.43
403309099270601,2003,40.55026689,-99.45178833,2342.87,18.263509609902005,11.669397260273973,498.43,59.134328767123286,3.4380273972602744,16.324191780821916,,17.22
403309099281401,2003,40.5521635,-99.4737128,2354.64,23.66220837134109,11.669397260273973,498.43,59.134328767123286,3.4380273972602744,16.324191780821916,,19.06
403322099201601,2003,40.5547811,-99.3416484,2267.67,13.463915420146172,11.669397260273973,498.43,59.134328767123286,3.4380273972602744,16.324191780821916,,9.29
403322099210701,2003,40.55622914,-99.3528114,2284.27,17.365516592239157,11.669397260273973,498.43,59.134328767123286,3.4380273972602744,16.324191780821916,,21.27
403322099254101,2003,40.5542755,-99.4303042,2335.12,16.78321868813137,11.669397260273973,498.43,59.134328767123286,3.4380273972602744,16.324191780821916,,18.66
403322099264901,2003,40.5543545569444,-99.4489925,2342.74,17.029806245881012,11.669397260273973,498.43,59.134328767123286,3.4380273972602744,16.324191780821916,,16.09
403322099272302,2003,40.5545803,-99.4609332,2349.56,19.57500257131421,11.669397260273973,498.43,59.134328767123286,3.4380273972602744,16.324191780821916,,19.67
403322099304801,2003,40.5542755075,-99.5122815,2411.43,58.00419419377114,11.669397260273973,498.43,59.134328767123286,3.4380273972602744,16.324191780821916,,57.5
403322099371801,2003,40.5557047,-99.6247601,2465.78,92.44880793532292,11.669397260273973,498.43,59.134328767123286,3.4380273972602744,16.324191780821916,,73.48
403328099181202,2003,40.5577906,-99.3033482,2272.01,28.0339356625157,11.669397260273973,498.43,59.134328767123286,3.4380273972602744,16.324191780821916,,30.64
403335099150901,2003,40.55977478,-99.25286046,2241.29,35.70427684171422,11.669397260273973,498.43,59.134328767123286,3.4380273972602744,16.324191780821916,,31.39
403431099362101,2003,40.5754557,-99.6058865,2477.16,83.04678710361085,11.669397260273973,498.43,59.134328767123286,3.4380273972602744,16.324191780821916,,82.16
403433099250001,2003,40.576331,-99.4179046,2315.55,17.02913719457908,11.669397260273973,498.43,59.134328767123286,3.4380273972602744,16.324191780821916,,18.21
403453099141801,2003,40.58307501,-99.2365144,2255.34,52.90695488156636,11.669397260273973,498.43,59.134328767123286,3.4380273972602744,16.324191780821916,,62.24
403453099190801,2003,40.5807096794444,-99.3229107,2282.14,30.34971371626714,11.669397260273973,498.43,59.134328767123286,3.4380273972602744,16.324191780821916,,39.92
403454099304801,2003,40.57931189,-99.51412709,2390.5,36.60410462107433,11.669397260273973,498.43,59.134328767123286,3.4380273972602744,16.324191780821916,,35.25
403506099350101,2003,40.5833317,-99.5866221,2484.33,83.34853700437354,11.669397260273973,498.43,59.134328767123286,3.4380273972602744,16.324191780821916,,94.02
403507099234101,2003,40.5836771413889,-99.3985091,2295.65,13.375539327428818,11.669397260273973,498.43,59.134328767123286,3.4380273972602744,16.324191780821916,,14.35
403507099254101,2003,40.58520714,-99.42844836,2318.5,20.257481885899782,11.669397260273973,498.43,59.134328767123286,3.4380273972602744,16.324191780821916,,24.25
403520099201601,2003,40.5886101475,-99.3416473,2265.95,15.902139571177724,11.669397260273973,498.43,59.134328767123286,3.4380273972602744,16.324191780821916,,15.93
403540099260001,2003,40.5946306,-99.4353739,2323.77,20.99779652139428,11.669397260273973,498.43,59.134328767123286,3.4380273972602744,16.324191780821916,,21.98
403625099315401,2003,40.60535831,-99.53303177,2384.53,36.57784231205554,11.669397260273973,498.43,59.134328767123286,3.4380273972602744,16.324191780821916,,34.11
403625099361001,2003,40.60535831,-99.60306609,2454.12,80.01961422972293,11.669397260273973,498.43,59.134328767123286,3.4380273972602744,16.324191780821916,,81.52
403638099154301,2003,40.60901195,-99.26298962,2222.0,26.83243152772224,11.669397260273973,498.43,59.134328767123286,3.4380273972602744,16.324191780821916,,17.51
403644099350001,2003,40.61418514,-99.57972132,2418.26,63.894914578874975,11.669397260273973,498.43,59.134328767123286,3.4380273972602744,16.324191780821916,,64.73
403646099293301,2003,40.6127772,-99.4935704,2354.25,21.51264833576961,11.669397260273973,498.43,59.134328767123286,3.4380273972602744,16.324191780821916,,17.49
403651099281401,2003,40.613021,-99.4747929,2345.39,31.85642087430115,11.669397260273973,498.43,59.134328767123286,3.4380273972602744,16.324191780821916,,41.97
403730099373501,2003,40.6268217,-99.6246292,2471.08,84.00200809872211,11.669397260273973,498.43,59.134328767123286,3.4380273972602744,16.324191780821916,,87.02
403739099281601,2003,40.627653,-99.4742905,2324.54,22.80756112988728,11.669397260273973,498.43,59.134328767123286,3.4380273972602744,16.324191780821916,,23.45
403822099324501,2003,40.6415361,-99.5482644,2377.53,33.455560094961726,11.669397260273973,498.43,59.134328767123286,3.4380273972602744,16.324191780821916,,38.61
403858099305101,2003,40.64309614,-99.50852542,2333.89,14.564817038331023,11.669397260273973,498.43,59.134328767123286,3.4380273972602744,16.324191780821916,,7.19
403902099313701,2003,40.6483999,-99.5291531,2345.9,25.31512956256868,11.669397260273973,498.43,59.134328767123286,3.4380273972602744,16.324191780821916,,33.9
403915099190801,2003,40.6573434,-99.3214291,2234.03,13.551712507537044,11.669397260273973,498.43,59.134328767123286,3.4380273972602744,16.324191780821916,,9.99
403922099223301,2003,40.65834351,-99.38037703,2253.27,8.310626771007469,11.669397260273973,498.43,59.134328767123286,3.4380273972602744,16.324191780821916,,8.69
403928099333601,2003,40.6571948,-99.5612991,2355.41,20.03798139330732,11.669397260273973,498.43,59.134328767123286,3.4380273972602744,16.324191780821916,,35.59
403928099371801,2003,40.655954,-99.6202609,2432.98,66.89543588900395,11.669397260273973,498.43,59.134328767123286,3.4380273972602744,16.324191780821916,,82.22
403941099331901,2003,40.66044972,-99.55637462,2347.21,13.211404250564826,11.669397260273973,498.43,59.134328767123286,3.4380273972602744,16.324191780821916,,5.42
403941099342701,2003,40.6636923,-99.5766538,2326.71,11.120001845809565,11.669397260273973,498.43,59.134328767123286,3.4380273972602744,16.324191780821916,,8.76
403954099255801,2003,40.667854,-99.4364595,2268.93,4.838212723814935,11.669397260273973,498.43,59.134328767123286,3.4380273972602744,16.324191780821916,,2.31
404007099294001,2003,40.6709022,-99.4936146,2290.54,7.463821320500927,11.669397260273973,498.43,59.134328767123286,3.4380273972602744,16.324191780821916,,8.41
404007099351901,2003,40.6709256,-99.5865622,2322.26,8.304515316900035,11.669397260273973,498.43,59.134328767123286,3.4380273972602744,16.324191780821916,,8.78
404016099370201,2003,40.6711189,-99.61760995,2335.44,26.83768531299139,11.669397260273973,498.43,59.134328767123286,3.4380273972602744,16.324191780821916,,5.65
404020099355301,2003,40.6710839,-99.5961084,2326.91,12.050111011340096,11.669397260273973,498.43,59.134328767123286,3.4380273972602744,16.324191780821916,,5.59
402107099262000,2004,40.35080555555556,-99.43768055555556,2363.91,203.5756859853627,11.452868852459016,645.8100000000001,63.159699453551916,3.455382513661202,16.150901639344262,,201.37
402110099140001,2004,40.351999,-99.2329232,2283.76,153.96152004076257,11.452868852459016,645.8100000000001,63.159699453551916,3.455382513661202,16.150901639344262,,168.48
402115099213100,2004,40.35468888888889,-99.35943333333331,2345.58,206.534966819905,11.452868852459016,645.8100000000001,63.159699453551916,3.455382513661202,16.150901639344262,,208.36
402124099201601,2004,40.3563466,-99.3403749,2318.47,188.7934157844697,11.452868852459016,645.8100000000001,63.159699453551916,3.455382513661202,16.150901639344262,,184.7
402159099301600,2004,40.3649,-99.50220555555556,2377.49,181.59195058682192,11.452868852459016,645.8100000000001,63.159699453551916,3.455382513661202,16.150901639344262,,182.45
402200099160700,2004,40.3669,-99.267175,2280.22,147.13843806134776,11.452868852459016,645.8100000000001,63.159699453551916,3.455382513661202,16.150901639344262,,148.81
402233099341700,2004,40.376269444444446,-99.57279166666666,2335.32,109.42421551784189,11.452868852459016,645.8100000000001,63.159699453551916,3.455382513661202,16.150901639344262,,111.28
402320099231001,2004,40.38914722222222,-99.38615277777778,2384.17,207.49074956408276,11.452868852459016,645.8100000000001,63.159699453551916,3.455382513661202,16.150901639344262,,218.31
402326099185300,2004,40.390366666666665,-99.31649722222222,2306.56,147.20207127603356,11.452868852459016,645.8100000000001,63.159699453551916,3.455382513661202,16.150901639344262,,145.26
402340099353701,2004,40.39445302,-99.59399869,2264.29,68.1482104539007,11.452868852459016,645.8100000000001,63.159699453551916,3.455382513661202,16.150901639344262,,25.37
402342099143300,2004,40.39436388888889,-99.24273333333332,2261.52,109.3506212344426,11.452868852459016,645.8100000000001,63.159699453551916,3.455382513661202,16.150901639344262,,111.44
402406099311800,2004,40.40154444444444,-99.52104166666666,2406.07,179.18599742551382,11.452868852459016,645.8100000000001,63.159699453551916,3.455382513661202,16.150901639344262,,181.34
402421099112000,2004,40.40549166666666,-99.18921666666668,2216.62,61.919924398080745,11.452868852459016,645.8100000000001,63.159699453551916,3.455382513661202,16.150901639344262,,57.55
402435099262900,2004,40.40768055555555,-99.44083333333332,2405.19,200.30497800975763,11.452868852459016,645.8100000000001,63.159699453551916,3.455382513661202,16.150901639344262,,210.19
402513099164801,2004,40.42006111111111,-99.27985277777778,2278.97,79.05363742732295,11.452868852459016,645.8100000000001,63.159699453551916,3.455382513661202,16.150901639344262,,73.77
402524099201601,2004,40.42334431,-99.33815365,2312.07,113.88196197593662,11.452868852459016,645.8100000000001,63.159699453551916,3.455382513661202,16.150901639344262,,113.94
402532099235801,2004,40.42582814,-99.40068743,2321.09,132.474533897323,11.452868852459016,645.8100000000001,63.159699453551916,3.455382513661202,16.150901639344262,,118.12
402609099350800,2004,40.43199166666666,-99.58200277777776,2443.0,164.9231691268024,11.452868852459016,645.8100000000001,63.159699453551916,3.455382513661202,16.150901639344262,,176.01
402630099305500,2004,40.44133611111111,-99.51204166666666,2426.38,174.31696059072652,11.452868852459016,645.8100000000001,63.159699453551916,3.455382513661202,16.150901639344262,,178.37
402703099150901,2004,40.44969595,-99.25284899,2253.96,44.76583700741673,11.452868852459016,645.8100000000001,63.159699453551916,3.455382513661202,16.150901639344262,,43.62
402716099212401,2004,40.4529071,-99.3592878,2307.74,76.19324245754538,11.452868852459016,645.8100000000001,63.159699453551916,3.455382513661202,16.150901639344262,,70.4
402756099320601,2004,40.46654722222223,-99.53547222222224,2446.36,159.03886607645362,11.452868852459016,645.8100000000001,63.159699453551916,3.455382513661202,16.150901639344262,,164.28
402813099382100,2004,40.46941944444445,-99.63914166666667,2473.68,154.19989693763796,11.452868852459016,645.8100000000001,63.159699453551916,3.455382513661202,16.150901639344262,,156.39
402821099282901,2004,40.47215973,-99.47068872,2363.91,103.9724974228413,11.452868852459016,645.8100000000001,63.159699453551916,3.455382513661202,16.150901639344262,,94.41
402843099192001,2004,40.47788889,-99.31941672,2311.88,43.9498358956501,11.452868852459016,645.8100000000001,63.159699453551916,3.455382513661202,16.150901639344262,,44.0
402851099130101,2004,40.4809986,-99.2168379,2244.15,30.24440397380002,11.452868852459016,645.8100000000001,63.159699453551916,3.455382513661202,16.150901639344262,,30.62
402853099104601,2004,40.4815796,-99.179559,2221.31,26.05718584489752,11.452868852459016,645.8100000000001,63.159699453551916,3.455382513661202,16.150901639344262,,18.21
402853099152001,2004,40.4816481,-99.2557469,2251.06,27.720420947653324,11.452868852459016,645.8100000000001,63.159699453551916,3.455382513661202,16.150901639344262,,27.42
402905099115301,2004,40.4848551,-99.1983097,2241.11,30.329825531718072,11.452868852459016,645.8100000000001,63.159699453551916,3.455382513661202,16.150901639344262,,33.0
402906099342201,2004,40.485083333333336,-99.57288888888888,2458.82,147.03840342018324,11.452868852459016,645.8100000000001,63.159699453551916,3.455382513661202,16.150901639344262,,150.45
402924099235501,2004,40.4901949,-99.398706,2336.37,56.63936957392991,11.452868852459016,645.8100000000001,63.159699453551916,3.455382513661202,16.150901639344262,,57.0
402945099151900,2004,40.49312395,-99.25285328,2243.78,25.68134236170101,11.452868852459016,645.8100000000001,63.159699453551916,3.455382513661202,16.150901639344262,,22.0
402952099161701,2004,40.49624602,-99.2746825,2255.28,23.041507157027837,11.452868852459016,645.8100000000001,63.159699453551916,3.455382513661202,16.150901639344262,,21.05
403014099213701,2004,40.50113773,-99.35723759,2325.73,35.94106847837503,11.452868852459016,645.8100000000001,63.159699453551916,3.455382513661202,16.150901639344262,,35.71
403037099313401,2004,40.5104684,-99.5262137,2408.97,86.62288097134694,11.452868852459016,645.8100000000001,63.159699453551916,3.455382513661202,16.150901639344262,,77.0
403123099261501,2004,40.52446389,-99.436875,2361.96,39.07489488991151,11.452868852459016,645.8100000000001,63.159699453551916,3.455382513661202,16.150901639344262,,41.87
403124099152601,2004,40.52215595,-99.25856338,2258.2,36.84619161907426,11.452868852459016,645.8100000000001,63.159699453551916,3.455382513661202,16.150901639344262,,46.72
403125099295701,2004,40.5247252,-99.4992246,2402.13,69.11670131051218,11.452868852459016,645.8100000000001,63.159699453551916,3.455382513661202,16.150901639344262,,68.31
403132099381001,2004,40.52556319,-99.63650076,2517.21,149.08543053429509,11.452868852459016,645.8100000000001,63.159699453551916,3.455382513661202,16.150901639344262,,154.4
403137099330201,2004,40.5263766547222,-99.5496279,2405.25,70.1331270240826,11.452868852459016,645.8100000000001,63.159699453551916,3.455382513661202,16.150901639344262,,57.93
403138099190801,2004,40.5255972,-99.3224515,2277.27,24.41980267018756,11.452868852459016,645.8100000000001,63.159699453551916,3.455382513661202,16.150901639344262,,24.03
403138099235801,2004,40.5255500233333,-99.399115,2328.14,26.691940466488443,11.452868852459016,645.8100000000001,63.159699453551916,3.455382513661202,16.150901639344262,,27.0
403163099379201,2004,40.52718414,-99.63201494,2519.15,146.94773261300935,11.452868852459016,645.8100000000001,63.159699453551916,3.455382513661202,16.150901639344262,,156.8
403210099194201,2004,40.53813889,-99.32944444,2277.13,20.5646670195916,11.452868852459016,645.8100000000001,63.159699453551916,3.455382513661202,16.150901639344262,,29.04
403217099235801,2004,40.53806574,-99.39982287,2321.45,21.840834236083097,11.452868852459016,645.8100000000001,63.159699453551916,3.455382513661202,16.150901639344262,,22.81
403217099312001,2004,40.5392815,-99.5207383,2451.89,87.94145360242938,11.452868852459016,645.8100000000001,63.159699453551916,3.455382513661202,16.150901639344262,,104.61
403224099261801,2004,40.54167314,-99.43849253,2347.7,21.984886107271656,11.452868852459016,645.8100000000001,63.159699453551916,3.455382513661202,16.150901639344262,,21.75
403230099195901,2004,40.54167314,-99.3339024,2269.36,15.7800902431691,11.452868852459016,645.8100000000001,63.159699453551916,3.455382513661202,16.150901639344262,,10.76
403309099250701,2004,40.5543784,-99.4199673,2322.67,14.984159587261551,11.452868852459016,645.8100000000001,63.159699453551916,3.455382513661202,16.150901639344262,,13.21
403309099270601,2004,40.55026689,-99.45178833,2342.87,18.609727745879173,11.452868852459016,645.8100000000001,63.159699453551916,3.455382513661202,16.150901639344262,,18.81
403309099281401,2004,40.5521635,-99.4737128,2354.64,24.022693176175657,11.452868852459016,645.8100000000001,63.159699453551916,3.455382513661202,16.150901639344262,,18.72
403322099201601,2004,40.5547811,-99.3416484,2267.67,15.54468194164378,11.452868852459016,645.8100000000001,63.159699453551916,3.455382513661202,16.150901639344262,,11.61
403322099210701,2004,40.55622914,-99.3528114,2284.27,19.45733384070794,11.452868852459016,645.8100000000001,63.159699453551916,3.455382513661202,16.150901639344262,,23.38
403322099254101,2004,40.5542755,-99.4303042,2335.12,17.25416172115918,11.452868852459016,645.8100000000001,63.159699453551916,3.455382513661202,16.150901639344262,,19.63
403322099264901,2004,40.5543545569444,-99.4489925,2342.74,16.41286153487651,11.452868852459016,645.8100000000001,63.159699453551916,3.455382513661202,16.150901639344262,,15.0
403322099272302,2004,40.5545803,-99.4609332,2349.56,20.083706689535337,11.452868852459016,645.8100000000001,63.159699453551916,3.455382513661202,16.150901639344262,,21.38
403322099304801,2004,40.5542755075,-99.5122815,2411.43,60.3872529579585,11.452868852459016,645.8100000000001,63.159699453551916,3.455382513661202,16.150901639344262,,60.02
403322099371801,2004,40.5557047,-99.6247601,2465.78,94.83076629046631,11.452868852459016,645.8100000000001,63.159699453551916,3.455382513661202,16.150901639344262,,75.0
403328099181202,2004,40.5577906,-99.3033482,2272.01,29.98621061154354,11.452868852459016,645.8100000000001,63.159699453551916,3.455382513661202,16.150901639344262,,32.64
403335099150901,2004,40.55977478,-99.25286046,2241.29,36.9227189461811,11.452868852459016,645.8100000000001,63.159699453551916,3.455382513661202,16.150901639344262,,34.81
403431099362101,2004,40.5754557,-99.6058865,2477.16,87.65451498975047,11.452868852459016,645.8100000000001,63.159699453551916,3.455382513661202,16.150901639344262,,83.95
403433099250001,2004,40.576331,-99.4179046,2315.55,18.437781960011,11.452868852459016,645.8100000000001,63.159699453551916,3.455382513661202,16.150901639344262,,19.61
403453099141801,2004,40.58307501,-99.2365144,2255.34,47.462584800851005,11.452868852459016,645.8100000000001,63.159699453551916,3.455382513661202,16.150901639344262,,54.0
403453099190801,2004,40.5807096794444,-99.3229107,2282.14,32.85285359660336,11.452868852459016,645.8100000000001,63.159699453551916,3.455382513661202,16.150901639344262,,42.4
403454099304801,2004,40.57931189,-99.51412709,2390.5,38.39759295048645,11.452868852459016,645.8100000000001,63.159699453551916,3.455382513661202,16.150901639344262,,37.03
403506099350101,2004,40.5833317,-99.5866221,2484.33,86.20011212847197,11.452868852459016,645.8100000000001,63.159699453551916,3.455382513661202,16.150901639344262,,96.64
403507099234101,2004,40.5836771413889,-99.3985091,2295.65,14.986046221849334,11.452868852459016,645.8100000000001,63.159699453551916,3.455382513661202,16.150901639344262,,15.82
403507099254101,2004,40.58520714,-99.42844836,2318.5,22.055198216564115,11.452868852459016,645.8100000000001,63.159699453551916,3.455382513661202,16.150901639344262,,25.82
403520099201601,2004,40.5886101475,-99.3416473,2265.95,18.358756577210816,11.452868852459016,645.8100000000001,63.159699453551916,3.455382513661202,16.150901639344262,,18.58
403540099260001,2004,40.5946306,-99.4353739,2323.77,23.53626628687625,11.452868852459016,645.8100000000001,63.159699453551916,3.455382513661202,16.150901639344262,,26.91
403625099315401,2004,40.60535831,-99.53303177,2384.53,38.13372632350487,11.452868852459016,645.8100000000001,63.159699453551916,3.455382513661202,16.150901639344262,,35.65
403625099361001,2004,40.60535831,-99.60306609,2454.12,82.47767559439596,11.452868852459016,645.8100000000001,63.159699453551916,3.455382513661202,16.150901639344262,,83.9
403638099154301,2004,40.60901195,-99.26298962,2222.0,27.332484072170622,11.452868852459016,645.8100000000001,63.159699453551916,3.455382513661202,16.150901639344262,,19.19
403644099350001,2004,40.61418514,-99.57972132,2418.26,64.91853658793396,11.452868852459016,645.8100000000001,63.159699453551916,3.455382513661202,16.150901639344262,,65.05
403646099293301,2004,40.6127772,-99.4935704,2354.25,22.33166007013286,11.452868852459016,645.8100000000001,63.159699453551916,3.455382513661202,16.150901639344262,,18.73
403651099281401,2004,40.613021,-99.4747929,2345.39,30.279653994137924,11.452868852459016,645.8100000000001,63.159699453551916,3.455382513661202,16.150901639344262,,43.0
403730099373501,2004,40.6268217,-99.6246292,2471.08,86.0260573661183,11.452868852459016,645.8100000000001,63.159699453551916,3.455382513661202,16.150901639344262,,89.0
403739099281601,2004,40.627653,-99.4742905,2324.54,23.28099316158961,11.452868852459016,645.8100000000001,63.159699453551916,3.455382513661202,16.150901639344262,,25.09
403822099324501,2004,40.6415361,-99.5482644,2377.53,34.49206106179744,11.452868852459016,645.8100000000001,63.159699453551916,3.455382513661202,16.150901639344262,,39.45
403858099305101,2004,40.64309614,-99.50852542,2333.89,16.50913560577841,11.452868852459016,645.8100000000001,63.159699453551916,3.455382513661202,16.150901639344262,,10.27
403902099313701,2004,40.6483999,-99.5291531,2345.9,26.51849060506671,11.452868852459016,645.8100000000001,63.159699453551916,3.455382513661202,16.150901639344262,,34.66
403915099190801,2004,40.6573434,-99.3214291,2234.03,16.990792675529175,11.452868852459016,645.8100000000001,63.159699453551916,3.455382513661202,16.150901639344262,,10.43
403922099223301,2004,40.65834351,-99.38037703,2253.27,9.23362672526747,11.452868852459016,645.8100000000001,63.159699453551916,3.455382513661202,16.150901639344262,,8.95
403928099333601,2004,40.6571948,-99.5612991,2355.41,21.83700073045058,11.452868852459016,645.8100000000001,63.159699453551916,3.455382513661202,16.150901639344262,,39.09
403928099371801,2004,40.655954,-99.6202609,2432.98,68.48630470018198,11.452868852459016,645.8100000000001,63.159699453551916,3.455382513661202,16.150901639344262,,83.73
403941099331901,2004,40.66044972,-99.55637462,2347.21,14.649868485496482,11.452868852459016,645.8100000000001,63.159699453551916,3.455382513661202,16.150901639344262,,6.41
403941099342701,2004,40.6636923,-99.5766538,2326.71,12.495237600522293,11.452868852459016,645.8100000000001,63.159699453551916,3.455382513661202,16.150901639344262,,9.86
403954099255801,2004,40.667854,-99.4364595,2268.93,5.383117222230225,11.452868852459016,645.8100000000001,63.159699453551916,3.455382513661202,16.150901639344262,,2.65
404007099294001,2004,40.6709022,-99.4936146,2290.54,8.311657624497771,11.452868852459016,645.8100000000001,63.159699453551916,3.455382513661202,16.150901639344262,,9.05
404007099351901,2004,40.6709256,-99.5865622,2322.26,9.91673043057129,11.452868852459016,645.8100000000001,63.159699453551916,3.455382513661202,16.150901639344262,,10.64
404016099370201,2004,40.6711189,-99.61760995,2335.44,28.508930417735968,11.452868852459016,645.8100000000001,63.159699453551916,3.455382513661202,16.150901639344262,,7.45
404020099355301,2004,40.6710839,-99.5961084,2326.91,13.579564462826584,11.452868852459016,645.8100000000001,63.159699453551916,3.455382513661202,16.150901639344262,,7.06
402107099262000,2005,40.35080555555556,-99.43768055555556,2363.91,202.73529705582004,11.73095890410959,631.46,64.1328493150685,3.4875890410958905,16.385753424657533,,201.54
402110099140001,2005,40.351999,-99.2329232,2283.76,154.6471062114588,11.73095890410959,631.46,64.1328493150685,3.4875890410958905,16.385753424657533,,169.7
402115099213100,2005,40.35468888888889,-99.35943333333331,2345.58,204.84661268997027,11.73095890410959,631.46,64.1328493150685,3.4875890410958905,16.385753424657533,,205.59
402124099201601,2005,40.3563466,-99.3403749,2318.47,190.43521838694025,11.73095890410959,631.46,64.1328493150685,3.4875890410958905,16.385753424657533,,188.09
402159099301600,2005,40.3649,-99.50220555555556,2377.49,181.13267373695408,11.73095890410959,631.46,64.1328493150685,3.4875890410958905,16.385753424657533,,182.23
402200099160700,2005,40.3669,-99.267175,2280.22,148.51799627379043,11.73095890410959,631.46,64.1328493150685,3.4875890410958905,16.385753424657533,,149.46
402233099341700,2005,40.376269444444446,-99.57279166666666,2335.32,109.90711024074884,11.73095890410959,631.46,64.1328493150685,3.4875890410958905,16.385753424657533,,111.45
402301099272901,2005,40.38362106,-99.45843659,2378.45,198.44320817560035,11.73095890410959,631.46,64.1328493150685,3.4875890410958905,16.385753424657533,,194.75
402320099231001,2005,40.38914722222222,-99.38615277777778,2384.17,206.91116492291656,11.73095890410959,631.46,64.1328493150685,3.4875890410958905,16.385753424657533,,218.42
402326099185300,2005,40.390366666666665,-99.31649722222222,2306.56,147.97001710246326,11.73095890410959,631.46,64.1328493150685,3.4875890410958905,16.385753424657533,,145.96
402340099353701,2005,40.39445302,-99.59399869,2264.29,70.45813222558014,11.73095890410959,631.46,64.1328493150685,3.4875890410958905,16.385753424657533,,25.42
402342099143300,2005,40.39436388888889,-99.24273333333332,2261.52,109.84501599404018,11.73095890410959,631.46,64.1328493150685,3.4875890410958905,16.385753424657533,,113.22
402406099311800,2005,40.40154444444444,-99.52104166666666,2406.07,179.71521135479978,11.73095890410959,631.46,64.1328493150685,3.4875890410958905,16.385753424657533,,181.29
402421099112000,2005,40.40549166666666,-99.18921666666668,2216.62,63.16436931819582,11.73095890410959,631.46,64.1328493150685,3.4875890410958905,16.385753424657533,,58.66
402435099262900,2005,40.40768055555555,-99.44083333333332,2405.19,200.4216699076902,11.73095890410959,631.46,64.1328493150685,3.4875890410958905,16.385753424657533,,212.21
402513099164801,2005,40.42006111111111,-99.27985277777778,2278.97,80.46598233660664,11.73095890410959,631.46,64.1328493150685,3.4875890410958905,16.385753424657533,,75.45
402524099201601,2005,40.42334431,-99.33815365,2312.07,114.4221247288304,11.73095890410959,631.46,64.1328493150685,3.4875890410958905,16.385753424657533,,115.43
402532099235801,2005,40.42582814,-99.40068743,2321.09,134.62507311562953,11.73095890410959,631.46,64.1328493150685,3.4875890410958905,16.385753424657533,,120.1
402609099350800,2005,40.43199166666666,-99.58200277777776,2443.0,165.2052648968773,11.73095890410959,631.46,64.1328493150685,3.4875890410958905,16.385753424657533,,176.15
402630099305500,2005,40.44133611111111,-99.51204166666666,2426.38,176.92482333391504,11.73095890410959,631.46,64.1328493150685,3.4875890410958905,16.385753424657533,,182.94
402703099150901,2005,40.44969595,-99.25284899,2253.96,47.68201489613456,11.73095890410959,631.46,64.1328493150685,3.4875890410958905,16.385753424657533,,46.63
402716099212401,2005,40.4529071,-99.3592878,2307.74,78.75907630565703,11.73095890410959,631.46,64.1328493150685,3.4875890410958905,16.385753424657533,,72.89
402756099320601,2005,40.46654722222223,-99.53547222222224,2446.36,161.08512018276272,11.73095890410959,631.46,64.1328493150685,3.4875890410958905,16.385753424657533,,164.92
402813099382100,2005,40.46941944444445,-99.63914166666667,2473.68,154.38037513143516,11.73095890410959,631.46,64.1328493150685,3.4875890410958905,16.385753424657533,,156.64
402821099282901,2005,40.47215973,-99.47068872,2363.91,101.87008862239637,11.73095890410959,631.46,64.1328493150685,3.4875890410958905,16.385753424657533,,96.0
402843099192001,2005,40.47788889,-99.31941672,2311.88,45.265703849573775,11.73095890410959,631.46,64.1328493150685,3.4875890410958905,16.385753424657533,,44.88
402851099130101,2005,40.4809986,-99.2168379,2244.15,31.39089411571443,11.73095890410959,631.46,64.1328493150685,3.4875890410958905,16.385753424657533,,31.93
402853099104601,2005,40.4815796,-99.179559,2221.31,25.853374385610664,11.73095890410959,631.46,64.1328493150685,3.4875890410958905,16.385753424657533,,18.71
402853099152001,2005,40.4816481,-99.2557469,2251.06,28.94593328509611,11.73095890410959,631.46,64.1328493150685,3.4875890410958905,16.385753424657533,,28.43
402905099115301,2005,40.4848551,-99.1983097,2241.11,30.592143491247874,11.73095890410959,631.46,64.1328493150685,3.4875890410958905,16.385753424657533,,34.0
402906099342201,2005,40.485083333333336,-99.57288888888888,2458.82,147.7924969731357,11.73095890410959,631.46,64.1328493150685,3.4875890410958905,16.385753424657533,,150.85
402924099235501,2005,40.4901949,-99.398706,2336.37,57.50837986562095,11.73095890410959,631.46,64.1328493150685,3.4875890410958905,16.385753424657533,,57.63
402945099151900,2005,40.49312395,-99.25285328,2243.78,26.409831243987565,11.73095890410959,631.46,64.1328493150685,3.4875890410958905,16.385753424657533,,22.42
402952099161701,2005,40.49624602,-99.2746825,2255.28,24.13289953476825,11.73095890410959,631.46,64.1328493150685,3.4875890410958905,16.385753424657533,,22.0
403014099213701,2005,40.50113773,-99.35723759,2325.73,37.706046858518725,11.73095890410959,631.46,64.1328493150685,3.4875890410958905,16.385753424657533,,37.3
403037099313401,2005,40.5104684,-99.5262137,2408.97,87.71528549800445,11.73095890410959,631.46,64.1328493150685,3.4875890410958905,16.385753424657533,,78.54
403123099261501,2005,40.52446389,-99.436875,2361.96,39.79185488848918,11.73095890410959,631.46,64.1328493150685,3.4875890410958905,16.385753424657533,,43.7
403124099152601,2005,40.52215595,-99.25856338,2258.2,37.21575001782749,11.73095890410959,631.46,64.1328493150685,3.4875890410958905,16.385753424657533,,47.33
403125099295701,2005,40.5247252,-99.4992246,2402.13,69.00279717211151,11.73095890410959,631.46,64.1328493150685,3.4875890410958905,16.385753424657533,,69.0
403132099381001,2005,40.52556319,-99.63650076,2517.21,147.71674569274438,11.73095890410959,631.46,64.1328493150685,3.4875890410958905,16.385753424657533,,156.04
403137099330201,2005,40.5263766547222,-99.5496279,2405.25,71.49699585406921,11.73095890410959,631.46,64.1328493150685,3.4875890410958905,16.385753424657533,,59.1
403138099190801,2005,40.5255972,-99.3224515,2277.27,24.636472879428705,11.73095890410959,631.46,64.1328493150685,3.4875890410958905,16.385753424657533,,24.0
403138099235801,2005,40.5255500233333,-99.399115,2328.14,28.308845306384097,11.73095890410959,631.46,64.1328493150685,3.4875890410958905,16.385753424657533,,28.06
403163099379201,2005,40.52718414,-99.63201494,2519.15,145.18052474534127,11.73095890410959,631.46,64.1328493150685,3.4875890410958905,16.385753424657533,,157.82
403210099194201,2005,40.53813889,-99.32944444,2277.13,20.04064083768389,11.73095890410959,631.46,64.1328493150685,3.4875890410958905,16.385753424657533,,28.03
403217099235801,2005,40.53806574,-99.39982287,2321.45,23.075560758312903,11.73095890410959,631.46,64.1328493150685,3.4875890410958905,16.385753424657533,,25.12
403217099312001,2005,40.5392815,-99.5207383,2451.89,86.52487153013963,11.73095890410959,631.46,64.1328493150685,3.4875890410958905,16.385753424657533,,104.82
403224099261801,2005,40.54167314,-99.43849253,2347.7,20.511756282083443,11.73095890410959,631.46,64.1328493150685,3.4875890410958905,16.385753424657533,,19.82
403230099195901,2005,40.54167314,-99.3339024,2269.36,15.947965733932971,11.73095890410959,631.46,64.1328493150685,3.4875890410958905,16.385753424657533,,11.35
403309099250701,2005,40.5543784,-99.4199673,2322.67,13.703194996032328,11.73095890410959,631.46,64.1328493150685,3.4875890410958905,16.385753424657533,,12.08
403309099270601,2005,40.55026689,-99.45178833,2342.87,17.967051272008042,11.73095890410959,631.46,64.1328493150685,3.4875890410958905,16.385753424657533,,17.33
403309099281401,2005,40.5521635,-99.4737128,2354.64,23.53056896790557,11.73095890410959,631.46,64.1328493150685,3.4875890410958905,16.385753424657533,,18.49
403322099201601,2005,40.5547811,-99.3416484,2267.67,15.423165006245853,11.73095890410959,631.46,64.1328493150685,3.4875890410958905,16.385753424657533,,10.27
403322099210701,2005,40.55622914,-99.3528114,2284.27,19.917393038763308,11.73095890410959,631.46,64.1328493150685,3.4875890410958905,16.385753424657533,,23.0
403322099254101,2005,40.5542755,-99.4303042,2335.12,14.721036925724928,11.73095890410959,631.46,64.1328493150685,3.4875890410958905,16.385753424657533,,15.5
403322099264901,2005,40.5543545569444,-99.4489925,2342.74,16.047475360310532,11.73095890410959,631.46,64.1328493150685,3.4875890410958905,16.385753424657533,,16.46
403322099272302,2005,40.5545803,-99.4609332,2349.56,18.86031646356403,11.73095890410959,631.46,64.1328493150685,3.4875890410958905,16.385753424657533,,19.71
403322099304801,2005,40.5542755075,-99.5122815,2411.43,60.42835866184364,11.73095890410959,631.46,64.1328493150685,3.4875890410958905,16.385753424657533,,60.61
403322099371801,2005,40.5557047,-99.6247601,2465.78,96.51225405853752,11.73095890410959,631.46,64.1328493150685,3.4875890410958905,16.385753424657533,,77.32
403328099181202,2005,40.5577906,-99.3033482,2272.01,30.994912389781074,11.73095890410959,631.46,64.1328493150685,3.4875890410958905,16.385753424657533,,33.72
403335099150901,2005,40.55977478,-99.25286046,2241.29,36.8654353171459,11.73095890410959,631.46,64.1328493150685,3.4875890410958905,16.385753424657533,,34.36
403336099225701,2005,40.55616214,-99.37615377,2296.91,22.126760286133383,11.73095890410959,631.46,64.1328493150685,3.4875890410958905,16.385753424657533,,26.56
403431099362101,2005,40.5754557,-99.6058865,2477.16,88.98125169815535,11.73095890410959,631.46,64.1328493150685,3.4875890410958905,16.385753424657533,,85.27
403433099250001,2005,40.576331,-99.4179046,2315.55,18.21772358131109,11.73095890410959,631.46,64.1328493150685,3.4875890410958905,16.385753424657533,,18.52
403453099141801,2005,40.58307501,-99.2365144,2255.34,46.4458540042531,11.73095890410959,631.46,64.1328493150685,3.4875890410958905,16.385753424657533,,55.73
403453099190801,2005,40.5807096794444,-99.3229107,2282.14,33.752529479216754,11.73095890410959,631.46,64.1328493150685,3.4875890410958905,16.385753424657533,,43.89
403454099304801,2005,40.57931189,-99.51412709,2390.5,39.53637321959912,11.73095890410959,631.46,64.1328493150685,3.4875890410958905,16.385753424657533,,38.51
403506099350101,2005,40.5833317,-99.5866221,2484.33,87.71086776183978,11.73095890410959,631.46,64.1328493150685,3.4875890410958905,16.385753424657533,,97.9
403507099234101,2005,40.5836771413889,-99.3985091,2295.65,16.376876927629226,11.73095890410959,631.46,64.1328493150685,3.4875890410958905,16.385753424657533,,15.46
403507099254101,2005,40.58520714,-99.42844836,2318.5,22.464165160792376,11.73095890410959,631.46,64.1328493150685,3.4875890410958905,16.385753424657533,,25.3
403520099201601,2005,40.5886101475,-99.3416473,2265.95,19.82106986739574,11.73095890410959,631.46,64.1328493150685,3.4875890410958905,16.385753424657533,,19.61
403540099260001,2005,40.5946306,-99.4353739,2323.77,24.904879903634708,11.73095890410959,631.46,64.1328493150685,3.4875890410958905,16.385753424657533,,26.82
403625099315401,2005,40.60535831,-99.53303177,2384.53,39.46158576755092,11.73095890410959,631.46,64.1328493150685,3.4875890410958905,16.385753424657533,,36.83
403625099361001,2005,40.60535831,-99.60306609,2454.12,82.98301613719794,11.73095890410959,631.46,64.1328493150685,3.4875890410958905,16.385753424657533,,84.8
403638099154301,2005,40.60901195,-99.26298962,2222.0,25.478741640458637,11.73095890410959,631.46,64.1328493150685,3.4875890410958905,16.385753424657533,,20.19
403646099293301,2005,40.6127772,-99.4935704,2354.25,23.546195569096493,11.73095890410959,631.46,64.1328493150685,3.4875890410958905,16.385753424657533,,18.25
403651099281401,2005,40.613021,-99.4747929,2345.39,33.476283186146915,11.73095890410959,631.46,64.1328493150685,3.4875890410958905,16.385753424657533,,43.47
403730099373501,2005,40.6268217,-99.6246292,2471.08,86.03758836504224,11.73095890410959,631.46,64.1328493150685,3.4875890410958905,16.385753424657533,,89.61
403739099281601,2005,40.627653,-99.4742905,2324.54,25.56582740484433,11.73095890410959,631.46,64.1328493150685,3.4875890410958905,16.385753424657533,,25.44
403822099324501,2005,40.6415361,-99.5482644,2377.53,34.66503199155065,11.73095890410959,631.46,64.1328493150685,3.4875890410958905,16.385753424657533,,40.96
403902099313701,2005,40.6483999,-99.5291531,2345.9,26.738093653532072,11.73095890410959,631.46,64.1328493150685,3.4875890410958905,16.385753424657533,,35.0
403915099190801,2005,40.6573434,-99.3214291,2234.03,14.495182720477477,11.73095890410959,631.46,64.1328493150685,3.4875890410958905,16.385753424657533,,10.42
403922099223301,2005,40.65834351,-99.38037703,2253.27,9.357810978595786,11.73095890410959,631.46,64.1328493150685,3.4875890410958905,16.385753424657533,,7.79
403928099371801,2005,40.655954,-99.6202609,2432.98,66.62306691569876,11.73095890410959,631.46,64.1328493150685,3.4875890410958905,16.385753424657533,,84.0
403941099331901,2005,40.66044972,-99.55637462,2347.21,10.133521005606088,11.73095890410959,631.46,64.1328493150685,3.4875890410958905,16.385753424657533,,5.36
403941099342701,2005,40.6636923,-99.5766538,2326.71,11.131895324234474,11.73095890410959,631.46,64.1328493150685,3.4875890410958905,16.385753424657533,,9.45
403954099255801,2005,40.667854,-99.4364595,2268.93,6.470582057904542,11.73095890410959,631.46,64.1328493150685,3.4875890410958905,16.385753424657533,,2.72
404007099294001,2005,40.6709022,-99.4936146,2290.54,8.073327646745545,11.73095890410959,631.46,64.1328493150685,3.4875890410958905,16.385753424657533,,8.32
404007099351901,2005,40.6709256,-99.5865622,2322.26,8.06691036449596,11.73095890410959,631.46,64.1328493150685,3.4875890410958905,16.385753424657533,,10.02
404016099370201,2005,40.6711189,-99.61760995,2335.44,22.723906457520545,11.73095890410959,631.46,64.1328493150685,3.4875890410958905,16.385753424657533,,6.76
404020099355301,2005,40.6710839,-99.5961084,2326.91,11.166399569495445,11.73095890410959,631.46,64.1328493150685,3.4875890410958905,16.385753424657533,,6.22
402107099262000,2006,40.35080555555556,-99.43768055555556,2363.91,203.8823430138813,12.111013698630138,647.73,59.76945205479451,3.5661095890410954,16.53980821917808,,202.83
402110099140001,2006,40.351999,-99.2329232,2283.76,160.24880765828846,12.111013698630138,647.73,59.76945205479451,3.5661095890410954,16.53980821917808,,170.08
402115099213100,2006,40.35468888888889,-99.35943333333331,2345.58,206.52642906323828,12.111013698630138,647.73,59.76945205479451,3.5661095890410954,16.53980821917808,,207.02
402124099201601,2006,40.3563466,-99.3403749,2318.47,188.27847919849415,12.111013698630138,647.73,59.76945205479451,3.5661095890410954,16.53980821917808,,184.13
402159099301600,2006,40.3649,-99.50220555555556,2377.49,185.14170879700123,12.111013698630138,647.73,59.76945205479451,3.5661095890410954,16.53980821917808,,193.48
402200099160700,2006,40.3669,-99.267175,2280.22,150.22341515363684,12.111013698630138,647.73,59.76945205479451,3.5661095890410954,16.53980821917808,,150.3
402233099341700,2006,40.376269444444446,-99.57279166666666,2335.32,111.75480921176022,12.111013698630138,647.73,59.76945205479451,3.5661095890410954,16.53980821917808,,112.86
402301099272901,2006,40.38362106,-99.45843659,2378.45,198.41233904555912,12.111013698630138,647.73,59.76945205479451,3.5661095890410954,16.53980821917808,,192.14
402320099231001,2006,40.38914722222222,-99.38615277777778,2384.17,210.67476957166997,12.111013698630138,647.73,59.76945205479451,3.5661095890410954,16.53980821917808,,219.46
402326099185300,2006,40.390366666666665,-99.31649722222222,2306.56,150.275527585737,12.111013698630138,647.73,59.76945205479451,3.5661095890410954,16.53980821917808,,149.67
402340099353701,2006,40.39445302,-99.59399869,2264.29,74.59927004703704,12.111013698630138,647.73,59.76945205479451,3.5661095890410954,16.53980821917808,,25.43
402342099143300,2006,40.39436388888889,-99.24273333333332,2261.52,112.40790073958075,12.111013698630138,647.73,59.76945205479451,3.5661095890410954,16.53980821917808,,114.38
402406099311800,2006,40.40154444444444,-99.52104166666666,2406.07,181.45984479694687,12.111013698630138,647.73,59.76945205479451,3.5661095890410954,16.53980821917808,,183.53
402421099112000,2006,40.40549166666666,-99.18921666666668,2216.62,64.38619868576987,12.111013698630138,647.73,59.76945205479451,3.5661095890410954,16.53980821917808,,59.78
402435099262900,2006,40.40768055555555,-99.44083333333332,2405.19,202.4896809923479,12.111013698630138,647.73,59.76945205479451,3.5661095890410954,16.53980821917808,,211.18
402513099164801,2006,40.42006111111111,-99.27985277777778,2278.97,82.58376389372543,12.111013698630138,647.73,59.76945205479451,3.5661095890410954,16.53980821917808,,77.08
402524099201601,2006,40.42334431,-99.33815365,2312.07,116.3832199853953,12.111013698630138,647.73,59.76945205479451,3.5661095890410954,16.53980821917808,,117.42
402532099235801,2006,40.42582814,-99.40068743,2321.09,131.4449607754889,12.111013698630138,647.73,59.76945205479451,3.5661095890410954,16.53980821917808,,120.0
402609099350800,2006,40.43199166666666,-99.58200277777776,2443.0,169.06834541521573,12.111013698630138,647.73,59.76945205479451,3.5661095890410954,16.53980821917808,,177.38
402630099305500,2006,40.44133611111111,-99.51204166666666,2426.38,177.06354689927974,12.111013698630138,647.73,59.76945205479451,3.5661095890410954,16.53980821917808,,180.05
402716099212401,2006,40.4529071,-99.3592878,2307.74,77.8273654474152,12.111013698630138,647.73,59.76945205479451,3.5661095890410954,16.53980821917808,,74.18
402756099320601,2006,40.46654722222223,-99.53547222222224,2446.36,163.97869515763136,12.111013698630138,647.73,59.76945205479451,3.5661095890410954,16.53980821917808,,167.87
402802099285801,2006,40.46775,-99.48183333,2376.84,115.7974981388482,12.111013698630138,647.73,59.76945205479451,3.5661095890410954,16.53980821917808,,106.9
402813099382100,2006,40.46941944444445,-99.63914166666667,2473.68,158.24874947810173,12.111013698630138,647.73,59.76945205479451,3.5661095890410954,16.53980821917808,,160.27
402821099282901,2006,40.47215973,-99.47068872,2363.91,104.19220627597925,12.111013698630138,647.73,59.76945205479451,3.5661095890410954,16.53980821917808,,97.56
402843099192001,2006,40.47788889,-99.31941672,2311.88,42.750675223868846,12.111013698630138,647.73,59.76945205479451,3.5661095890410954,16.53980821917808,,44.27
402851099130101,2006,40.4809986,-99.2168379,2244.15,32.63965910438324,12.111013698630138,647.73,59.76945205479451,3.5661095890410954,16.53980821917808,,33.64
402853099104601,2006,40.4815796,-99.179559,2221.31,25.617176107654853,12.111013698630138,647.73,59.76945205479451,3.5661095890410954,16.53980821917808,,20.55
402853099152001,2006,40.4816481,-99.2557469,2251.06,30.084601237853708,12.111013698630138,647.73,59.76945205479451,3.5661095890410954,16.53980821917808,,30.65
402905099115301,2006,40.4848551,-99.1983097,2241.11,32.9261310103449,12.111013698630138,647.73,59.76945205479451,3.5661095890410954,16.53980821917808,,35.91
402906099342201,2006,40.485083333333336,-99.57288888888888,2458.82,150.52584147370922,12.111013698630138,647.73,59.76945205479451,3.5661095890410954,16.53980821917808,,152.46
402924099235501,2006,40.4901949,-99.398706,2336.37,57.73588247080901,12.111013698630138,647.73,59.76945205479451,3.5661095890410954,16.53980821917808,,59.22
402945099151900,2006,40.49312395,-99.25285328,2243.78,27.662703759564188,12.111013698630138,647.73,59.76945205479451,3.5661095890410954,16.53980821917808,,25.0
402952099161701,2006,40.49624602,-99.2746825,2255.28,26.28296662948619,12.111013698630138,647.73,59.76945205479451,3.5661095890410954,16.53980821917808,,24.68
403014099213701,2006,40.50113773,-99.35723759,2325.73,35.680381702922865,12.111013698630138,647.73,59.76945205479451,3.5661095890410954,16.53980821917808,,39.42
403037099313401,2006,40.5104684,-99.5262137,2408.97,88.29065072736296,12.111013698630138,647.73,59.76945205479451,3.5661095890410954,16.53980821917808,,81.0
403123099261501,2006,40.52446389,-99.436875,2361.96,42.11678124456149,12.111013698630138,647.73,59.76945205479451,3.5661095890410954,16.53980821917808,,46.56
403124099152601,2006,40.52215595,-99.25856338,2258.2,37.04414589352128,12.111013698630138,647.73,59.76945205479451,3.5661095890410954,16.53980821917808,,49.16
403125099295701,2006,40.5247252,-99.4992246,2402.13,71.23716060137802,12.111013698630138,647.73,59.76945205479451,3.5661095890410954,16.53980821917808,,71.06
403132099381001,2006,40.52556319,-99.63650076,2517.21,150.52405617040384,12.111013698630138,647.73,59.76945205479451,3.5661095890410954,16.53980821917808,,155.33
403137099330201,2006,40.5263766547222,-99.5496279,2405.25,75.1169455959226,12.111013698630138,647.73,59.76945205479451,3.5661095890410954,16.53980821917808,,61.37
403138099190801,2006,40.5255972,-99.3224515,2277.27,25.770980199892733,12.111013698630138,647.73,59.76945205479451,3.5661095890410954,16.53980821917808,,26.45
403138099235801,2006,40.5255500233333,-99.399115,2328.14,32.48793188871427,12.111013698630138,647.73,59.76945205479451,3.5661095890410954,16.53980821917808,,32.0
403163099379201,2006,40.52718414,-99.63201494,2519.15,147.787186190375,12.111013698630138,647.73,59.76945205479451,3.5661095890410954,16.53980821917808,,157.61
403210099194201,2006,40.53813889,-99.32944444,2277.13,21.42700213066194,12.111013698630138,647.73,59.76945205479451,3.5661095890410954,16.53980821917808,,30.99
403217099235801,2006,40.53806574,-99.39982287,2321.45,26.05595807921259,12.111013698630138,647.73,59.76945205479451,3.5661095890410954,16.53980821917808,,26.41
403217099312001,2006,40.5392815,-99.5207383,2451.89,88.26318006690073,12.111013698630138,647.73,59.76945205479451,3.5661095890410954,16.53980821917808,,107.27
403224099261801,2006,40.54167314,-99.43849253,2347.7,23.8752356360363,12.111013698630138,647.73,59.76945205479451,3.5661095890410954,16.53980821917808,,22.78
403230099195901,2006,40.54167314,-99.3339024,2269.36,17.16062894595894,12.111013698630138,647.73,59.76945205479451,3.5661095890410954,16.53980821917808,,11.56
403309099250701,2006,40.5543784,-99.4199673,2322.67,17.302699641960093,12.111013698630138,647.73,59.76945205479451,3.5661095890410954,16.53980821917808,,15.62
403309099270601,2006,40.55026689,-99.45178833,2342.87,20.26262596817632,12.111013698630138,647.73,59.76945205479451,3.5661095890410954,16.53980821917808,,20.26
403309099281401,2006,40.5521635,-99.4737128,2354.64,24.991502608754494,12.111013698630138,647.73,59.76945205479451,3.5661095890410954,16.53980821917808,,18.38
403322099201601,2006,40.5547811,-99.3416484,2267.67,18.76292817689893,12.111013698630138,647.73,59.76945205479451,3.5661095890410954,16.53980821917808,,10.91
403322099210701,2006,40.55622914,-99.3528114,2284.27,22.04582113381567,12.111013698630138,647.73,59.76945205479451,3.5661095890410954,16.53980821917808,,25.23
403322099254101,2006,40.5542755,-99.4303042,2335.12,18.565845634444457,12.111013698630138,647.73,59.76945205479451,3.5661095890410954,16.53980821917808,,18.86
403322099264901,2006,40.5543545569444,-99.4489925,2342.74,18.829996883157445,12.111013698630138,647.73,59.76945205479451,3.5661095890410954,16.53980821917808,,17.88
403322099272302,2006,40.5545803,-99.4609332,2349.56,21.649029798483443,12.111013698630138,647.73,59.76945205479451,3.5661095890410954,16.53980821917808,,22.91
403322099304801,2006,40.5542755075,-99.5122815,2411.43,61.94934908826882,12.111013698630138,647.73,59.76945205479451,3.5661095890410954,16.53980821917808,,62.54
403322099371801,2006,40.5557047,-99.6247601,2465.78,92.93315321166118,12.111013698630138,647.73,59.76945205479451,3.5661095890410954,16.53980821917808,,79.0
403328099181202,2006,40.5577906,-99.3033482,2272.01,31.35620272438966,12.111013698630138,647.73,59.76945205479451,3.5661095890410954,16.53980821917808,,34.68
403335099150901,2006,40.55977478,-99.25286046,2241.29,36.53339289375391,12.111013698630138,647.73,59.76945205479451,3.5661095890410954,16.53980821917808,,34.5
403336099225701,2006,40.55616214,-99.37615377,2296.91,22.067690614606366,12.111013698630138,647.73,59.76945205479451,3.5661095890410954,16.53980821917808,,24.2
403431099362101,2006,40.5754557,-99.6058865,2477.16,90.31183480988054,12.111013698630138,647.73,59.76945205479451,3.5661095890410954,16.53980821917808,,86.78
403433099250001,2006,40.576331,-99.4179046,2315.55,20.229634456416814,12.111013698630138,647.73,59.76945205479451,3.5661095890410954,16.53980821917808,,21.18
403453099141801,2006,40.58307501,-99.2365144,2255.34,48.3352455499778,12.111013698630138,647.73,59.76945205479451,3.5661095890410954,16.53980821917808,,56.43
403453099190801,2006,40.5807096794444,-99.3229107,2282.14,34.617155969131915,12.111013698630138,647.73,59.76945205479451,3.5661095890410954,16.53980821917808,,44.25
403454099304801,2006,40.57931189,-99.51412709,2390.5,41.564332016345936,12.111013698630138,647.73,59.76945205479451,3.5661095890410954,16.53980821917808,,39.61
403506099350101,2006,40.5833317,-99.5866221,2484.33,93.30698065125996,12.111013698630138,647.73,59.76945205479451,3.5661095890410954,16.53980821917808,,100.45
403507099234101,2006,40.5836771413889,-99.3985091,2295.65,16.876692767235486,12.111013698630138,647.73,59.76945205479451,3.5661095890410954,16.53980821917808,,17.26
403507099254101,2006,40.58520714,-99.42844836,2318.5,24.26566980887584,12.111013698630138,647.73,59.76945205479451,3.5661095890410954,16.53980821917808,,27.0
403520099201601,2006,40.5886101475,-99.3416473,2265.95,20.938675194716375,12.111013698630138,647.73,59.76945205479451,3.5661095890410954,16.53980821917808,,20.52
403540099260001,2006,40.5946306,-99.4353739,2323.77,26.07640618719049,12.111013698630138,647.73,59.76945205479451,3.5661095890410954,16.53980821917808,,27.92
403625099315401,2006,40.60535831,-99.53303177,2384.53,40.04471875117592,12.111013698630138,647.73,59.76945205479451,3.5661095890410954,16.53980821917808,,37.18
403625099361001,2006,40.60535831,-99.60306609,2454.12,86.96829032628649,12.111013698630138,647.73,59.76945205479451,3.5661095890410954,16.53980821917808,,87.2
403638099154301,2006,40.60901195,-99.26298962,2222.0,25.7028995147178,12.111013698630138,647.73,59.76945205479451,3.5661095890410954,16.53980821917808,,19.95
403644099350001,2006,40.61418514,-99.57972132,2418.26,69.74265356857543,12.111013698630138,647.73,59.76945205479451,3.5661095890410954,16.53980821917808,,69.15
403646099293301,2006,40.6127772,-99.4935704,2354.25,23.588409411764,12.111013698630138,647.73,59.76945205479451,3.5661095890410954,16.53980821917808,,18.0
403651099281401,2006,40.613021,-99.4747929,2345.39,33.3806937382823,12.111013698630138,647.73,59.76945205479451,3.5661095890410954,16.53980821917808,,43.0
403730099373501,2006,40.6268217,-99.6246292,2471.08,87.80449856851979,12.111013698630138,647.73,59.76945205479451,3.5661095890410954,16.53980821917808,,91.34
403739099281601,2006,40.627653,-99.4742905,2324.54,25.00725723744162,12.111013698630138,647.73,59.76945205479451,3.5661095890410954,16.53980821917808,,24.86
403822099324501,2006,40.6415361,-99.5482644,2377.53,37.291028606470896,12.111013698630138,647.73,59.76945205479451,3.5661095890410954,16.53980821917808,,40.97
403915099190801,2006,40.6573434,-99.3214291,2234.03,14.893122491149288,12.111013698630138,647.73,59.76945205479451,3.5661095890410954,16.53980821917808,,11.0
403922099223301,2006,40.65834351,-99.38037703,2253.27,9.067971881846663,12.111013698630138,647.73,59.76945205479451,3.5661095890410954,16.53980821917808,,8.84
403928099333601,2006,40.6571948,-99.5612991,2355.41,27.072610098551515,12.111013698630138,647.73,59.76945205479451,3.5661095890410954,16.53980821917808,,40.18
403928099371801,2006,40.655954,-99.6202609,2432.98,63.82687480112983,12.111013698630138,647.73,59.76945205479451,3.5661095890410954,16.53980821917808,,84.27
403941099331901,2006,40.66044972,-99.55637462,2347.21,16.49779021348395,12.111013698630138,647.73,59.76945205479451,3.5661095890410954,16.53980821917808,,6.82
403941099342701,2006,40.6636923,-99.5766538,2326.71,13.998984704130017,12.111013698630138,647.73,59.76945205479451,3.5661095890410954,16.53980821917808,,9.43
403954099255801,2006,40.667854,-99.4364595,2268.93,5.950669962664249,12.111013698630138,647.73,59.76945205479451,3.5661095890410954,16.53980821917808,,2.55
404007099294001,2006,40.6709022,-99.4936146,2290.54,9.370974975030268,12.111013698630138,647.73,59.76945205479451,3.5661095890410954,16.53980821917808,,8.85
404007099351901,2006,40.6709256,-99.5865622,2322.26,9.470746177794684,12.111013698630138,647.73,59.76945205479451,3.5661095890410954,16.53980821917808,,9.41
404016099370201,2006,40.6711189,-99.61760995,2335.44,23.19956485780275,12.111013698630138,647.73,59.76945205479451,3.5661095890410954,16.53980821917808,,5.89
404020099355301,2006,40.6710839,-99.5961084,2326.91,12.394512251273657,12.111013698630138,647.73,59.76945205479451,3.5661095890410954,16.53980821917808,,6.48
08N 20W 06 AAA,2006,40.68138,-99.62646,2336.24,17.31150749985499,12.111013698630138,647.73,59.76945205479451,3.5661095890410954,16.53980821917808,,3.76
402107099262000,2007,40.35080555555556,-99.43768055555556,2363.91,203.51829969622244,11.085424657534245,846.89,69.75419178082191,3.515205479452055,16.23317808219178,,201.98
402110099140001,2007,40.351999,-99.2329232,2283.76,159.71366995793642,11.085424657534245,846.89,69.75419178082191,3.515205479452055,16.23317808219178,,171.12
402115099213100,2007,40.35468888888889,-99.35943333333331,2345.58,204.933224881656,11.085424657534245,846.89,69.75419178082191,3.515205479452055,16.23317808219178,,206.1
402124099201601,2007,40.3563466,-99.3403749,2318.47,188.76540410937216,11.085424657534245,846.89,69.75419178082191,3.515205479452055,16.23317808219178,,184.39
402159099301600,2007,40.3649,-99.50220555555556,2377.49,182.12859906850505,11.085424657534245,846.89,69.75419178082191,3.515205479452055,16.23317808219178,,183.76
402200099160700,2007,40.3669,-99.267175,2280.22,150.20086629667293,11.085424657534245,846.89,69.75419178082191,3.515205479452055,16.23317808219178,,150.72
402233099341700,2007,40.376269444444446,-99.57279166666666,2335.32,110.60355992306395,11.085424657534245,846.89,69.75419178082191,3.515205479452055,16.23317808219178,,112.48
402320099231001,2007,40.38914722222222,-99.38615277777778,2384.17,207.5617939784404,11.085424657534245,846.89,69.75419178082191,3.515205479452055,16.23317808219178,,218.19
402326099185300,2007,40.390366666666665,-99.31649722222222,2306.56,149.2114766698372,11.085424657534245,846.89,69.75419178082191,3.515205479452055,16.23317808219178,,149.65
402340099353701,2007,40.39445302,-99.59399869,2264.29,76.85766862308046,11.085424657534245,846.89,69.75419178082191,3.515205479452055,16.23317808219178,,24.41
402342099143300,2007,40.39436388888889,-99.24273333333332,2261.52,111.43692845628354,11.085424657534245,846.89,69.75419178082191,3.515205479452055,16.23317808219178,,114.54
402404099383400,2007,40.40166972222222,-99.64190722222224,2363.94,92.44595786554932,11.085424657534245,846.89,69.75419178082191,3.515205479452055,16.23317808219178,,90.31
402406099311800,2007,40.40154444444444,-99.52104166666666,2406.07,180.94524649572224,11.085424657534245,846.89,69.75419178082191,3.515205479452055,16.23317808219178,,182.78
402421099112000,2007,40.40549166666666,-99.18921666666668,2216.62,64.00629602252552,11.085424657534245,846.89,69.75419178082191,3.515205479452055,16.23317808219178,,59.94
402435099262900,2007,40.40768055555555,-99.44083333333332,2405.19,201.43517968887065,11.085424657534245,846.89,69.75419178082191,3.515205479452055,16.23317808219178,,210.69
402513099164801,2007,40.42006111111111,-99.27985277777778,2278.97,81.17176701117063,11.085424657534245,846.89,69.75419178082191,3.515205479452055,16.23317808219178,,77.39
402524099201601,2007,40.42334431,-99.33815365,2312.07,114.19745317641944,11.085424657534245,846.89,69.75419178082191,3.515205479452055,16.23317808219178,,117.57
402532099235801,2007,40.42582814,-99.40068743,2321.09,131.07126743110354,11.085424657534245,846.89,69.75419178082191,3.515205479452055,16.23317808219178,,119.41
402609099350800,2007,40.43199166666666,-99.58200277777776,2443.0,166.64015473220655,11.085424657534245,846.89,69.75419178082191,3.515205479452055,16.23317808219178,,176.54
402630099305500,2007,40.44133611111111,-99.51204166666666,2426.38,176.3644557499448,11.085424657534245,846.89,69.75419178082191,3.515205479452055,16.23317808219178,,179.48
402716099212401,2007,40.4529071,-99.3592878,2307.74,75.58972065442842,11.085424657534245,846.89,69.75419178082191,3.515205479452055,16.23317808219178,,74.0
402756099320601,2007,40.46654722222223,-99.53547222222224,2446.36,163.06996766705922,11.085424657534245,846.89,69.75419178082191,3.515205479452055,16.23317808219178,,167.25
402813099382100,2007,40.46941944444445,-99.63914166666667,2473.68,155.58530907588045,11.085424657534245,846.89,69.75419178082191,3.515205479452055,16.23317808219178,,157.51
402821099282901,2007,40.47215973,-99.47068872,2363.91,110.62353788292324,11.085424657534245,846.89,69.75419178082191,3.515205479452055,16.23317808219178,,100.93
402843099192001,2007,40.47788889,-99.31941672,2311.88,35.27025740956695,11.085424657534245,846.89,69.75419178082191,3.515205479452055,16.23317808219178,,44.51
402851099130101,2007,40.4809986,-99.2168379,2244.15,32.55867970484725,11.085424657534245,846.89,69.75419178082191,3.515205479452055,16.23317808219178,,34.39
402853099104601,2007,40.4815796,-99.179559,2221.31,24.53524292885268,11.085424657534245,846.89,69.75419178082191,3.515205479452055,16.23317808219178,,21.54
402853099152001,2007,40.4816481,-99.2557469,2251.06,28.11150802834432,11.085424657534245,846.89,69.75419178082191,3.515205479452055,16.23317808219178,,30.66
402905099115301,2007,40.4848551,-99.1983097,2241.11,32.507199440282264,11.085424657534245,846.89,69.75419178082191,3.515205479452055,16.23317808219178,,36.8
402906099342201,2007,40.485083333333336,-99.57288888888888,2458.82,149.41725159158372,11.085424657534245,846.89,69.75419178082191,3.515205479452055,16.23317808219178,,151.96
402924099235501,2007,40.4901949,-99.398706,2336.37,56.721535074290585,11.085424657534245,846.89,69.75419178082191,3.515205479452055,16.23317808219178,,59.81
402945099151900,2007,40.49312395,-99.25285328,2243.78,25.90713868415801,11.085424657534245,846.89,69.75419178082191,3.515205479452055,16.23317808219178,,24.33
402952099161701,2007,40.49624602,-99.2746825,2255.28,24.08381369788107,11.085424657534245,846.89,69.75419178082191,3.515205479452055,16.23317808219178,,25.0
403014099213701,2007,40.50113773,-99.35723759,2325.73,35.37085378698871,11.085424657534245,846.89,69.75419178082191,3.515205479452055,16.23317808219178,,40.38
403037099313401,2007,40.5104684,-99.5262137,2408.97,87.19219209001774,11.085424657534245,846.89,69.75419178082191,3.515205479452055,16.23317808219178,,80.27
403117099261901,2007,40.52128889,-99.43849541,2375.59,45.10376671032126,11.085424657534245,846.89,69.75419178082191,3.515205479452055,16.23317808219178,,46.81
403123099261501,2007,40.52446389,-99.436875,2361.96,41.28221169528618,11.085424657534245,846.89,69.75419178082191,3.515205479452055,16.23317808219178,,44.67
403124099152601,2007,40.52215595,-99.25856338,2258.2,34.417399354355815,11.085424657534245,846.89,69.75419178082191,3.515205479452055,16.23317808219178,,48.78
403125099295701,2007,40.5247252,-99.4992246,2402.13,71.1150860548612,11.085424657534245,846.89,69.75419178082191,3.515205479452055,16.23317808219178,,70.05
403132099381001,2007,40.52556319,-99.63650076,2517.21,154.25060384374817,11.085424657534245,846.89,69.75419178082191,3.515205479452055,16.23317808219178,,155.0
403137099330201,2007,40.5263766547222,-99.5496279,2405.25,70.17018958620729,11.085424657534245,846.89,69.75419178082191,3.515205479452055,16.23317808219178,,58.58
403138099190801,2007,40.5255972,-99.3224515,2277.27,21.432642617947824,11.085424657534245,846.89,69.75419178082191,3.515205479452055,16.23317808219178,,24.31
403138099235801,2007,40.5255500233333,-99.399115,2328.14,30.537352173597444,11.085424657534245,846.89,69.75419178082191,3.515205479452055,16.23317808219178,,32.0
403163099379201,2007,40.52718414,-99.63201494,2519.15,148.5648706052291,11.085424657534245,846.89,69.75419178082191,3.515205479452055,16.23317808219178,,158.21
403217099235801,2007,40.53806574,-99.39982287,2321.45,23.979792981587824,11.085424657534245,846.89,69.75419178082191,3.515205479452055,16.23317808219178,,24.36
403217099312001,2007,40.5392815,-99.5207383,2451.89,87.68074278746244,11.085424657534245,846.89,69.75419178082191,3.515205479452055,16.23317808219178,,106.52
403224099261801,2007,40.54167314,-99.43849253,2347.7,22.257840882971117,11.085424657534245,846.89,69.75419178082191,3.515205479452055,16.23317808219178,,22.2
403230099195901,2007,40.54167314,-99.3339024,2269.36,12.710023318354027,11.085424657534245,846.89,69.75419178082191,3.515205479452055,16.23317808219178,,10.87
403309099250701,2007,40.5543784,-99.4199673,2322.67,15.498920732392708,11.085424657534245,846.89,69.75419178082191,3.515205479452055,16.23317808219178,,14.52
403309099270601,2007,40.55026689,-99.45178833,2342.87,18.350402472588197,11.085424657534245,846.89,69.75419178082191,3.515205479452055,16.23317808219178,,17.48
403309099281401,2007,40.5521635,-99.4737128,2354.64,22.21487966950348,11.085424657534245,846.89,69.75419178082191,3.515205479452055,16.23317808219178,,18.03
403322099210701,2007,40.55622914,-99.3528114,2284.27,20.240301193950657,11.085424657534245,846.89,69.75419178082191,3.515205479452055,16.23317808219178,,24.0
403322099254101,2007,40.5542755,-99.4303042,2335.12,17.519795079431464,11.085424657534245,846.89,69.75419178082191,3.515205479452055,16.23317808219178,,20.21
403322099264901,2007,40.5543545569444,-99.4489925,2342.74,17.48980612996346,11.085424657534245,846.89,69.75419178082191,3.515205479452055,16.23317808219178,,18.16
403322099272302,2007,40.5545803,-99.4609332,2349.56,19.50884027557637,11.085424657534245,846.89,69.75419178082191,3.515205479452055,16.23317808219178,,20.41
403322099304801,2007,40.5542755075,-99.5122815,2411.43,61.04622216692793,11.085424657534245,846.89,69.75419178082191,3.515205479452055,16.23317808219178,,62.22
403322099371801,2007,40.5557047,-99.6247601,2465.78,94.7527512049384,11.085424657534245,846.89,69.75419178082191,3.515205479452055,16.23317808219178,,78.82
403328099181202,2007,40.5577906,-99.3033482,2272.01,29.483050635231827,11.085424657534245,846.89,69.75419178082191,3.515205479452055,16.23317808219178,,32.95
403335099150901,2007,40.55977478,-99.25286046,2241.29,34.33446605336081,11.085424657534245,846.89,69.75419178082191,3.515205479452055,16.23317808219178,,33.52
403336099225701,2007,40.55616214,-99.37615377,2296.91,22.83040201692513,11.085424657534245,846.89,69.75419178082191,3.515205479452055,16.23317808219178,,29.15
403431099362101,2007,40.5754557,-99.6058865,2477.16,90.1126854299314,11.085424657534245,846.89,69.75419178082191,3.515205479452055,16.23317808219178,,87.75
403433099250001,2007,40.576331,-99.4179046,2315.55,18.307359189127165,11.085424657534245,846.89,69.75419178082191,3.515205479452055,16.23317808219178,,19.18
403453099141801,2007,40.58307501,-99.2365144,2255.34,47.950792869751695,11.085424657534245,846.89,69.75419178082191,3.515205479452055,16.23317808219178,,57.0
403453099190801,2007,40.5807096794444,-99.3229107,2282.14,34.17269135950781,11.085424657534245,846.89,69.75419178082191,3.515205479452055,16.23317808219178,,44.43
403454099304801,2007,40.57931189,-99.51412709,2390.5,38.72982437959944,11.085424657534245,846.89,69.75419178082191,3.515205479452055,16.23317808219178,,38.78
403506099350101,2007,40.5833317,-99.5866221,2484.33,91.6741643905914,11.085424657534245,846.89,69.75419178082191,3.515205479452055,16.23317808219178,,99.69
403507099234101,2007,40.5836771413889,-99.3985091,2295.65,15.53101639113268,11.085424657534245,846.89,69.75419178082191,3.515205479452055,16.23317808219178,,15.88
403507099254101,2007,40.58520714,-99.42844836,2318.5,22.129365031698885,11.085424657534245,846.89,69.75419178082191,3.515205479452055,16.23317808219178,,24.91
403520099201601,2007,40.5886101475,-99.3416473,2265.95,19.74365152760385,11.085424657534245,846.89,69.75419178082191,3.515205479452055,16.23317808219178,,20.0
403540099260001,2007,40.5946306,-99.4353739,2323.77,23.87011963632957,11.085424657534245,846.89,69.75419178082191,3.515205479452055,16.23317808219178,,26.0
403625099315401,2007,40.60535831,-99.53303177,2384.53,39.00096337773792,11.085424657534245,846.89,69.75419178082191,3.515205479452055,16.23317808219178,,36.19
403625099361001,2007,40.60535831,-99.60306609,2454.12,86.83078318653972,11.085424657534245,846.89,69.75419178082191,3.515205479452055,16.23317808219178,,87.55
403638099154301,2007,40.60901195,-99.26298962,2222.0,22.625804891137427,11.085424657534245,846.89,69.75419178082191,3.515205479452055,16.23317808219178,,19.34
403644099350001,2007,40.61418514,-99.57972132,2418.26,69.15500280643802,11.085424657534245,846.89,69.75419178082191,3.515205479452055,16.23317808219178,,69.0
403645099242701,2007,40.61264497222222,-99.40752011111113,2297.96,18.37705436023267,11.085424657534245,846.89,69.75419178082191,3.515205479452055,16.23317808219178,,22.53
403646099293301,2007,40.6127772,-99.4935704,2354.25,23.24385202089945,11.085424657534245,846.89,69.75419178082191,3.515205479452055,16.23317808219178,,17.14
403651099281401,2007,40.613021,-99.4747929,2345.39,33.89595543270217,11.085424657534245,846.89,69.75419178082191,3.515205479452055,16.23317808219178,,43.37
403710099104601,2007,40.6195145,-99.17947241666668,2193.97,27.452095765169148,11.085424657534245,846.89,69.75419178082191,3.515205479452055,16.23317808219178,,16.86
403730099373501,2007,40.6268217,-99.6246292,2471.08,90.13530635567932,11.085424657534245,846.89,69.75419178082191,3.515205479452055,16.23317808219178,,91.63
403738099181101,2007,40.62740444444445,-99.30320513888888,2241.2,17.139517183677896,11.085424657534245,846.89,69.75419178082191,3.515205479452055,16.23317808219178,,19.21
403739099281601,2007,40.627653,-99.4742905,2324.54,24.97094823601766,11.085424657534245,846.89,69.75419178082191,3.515205479452055,16.23317808219178,,23.25
403739099293601,2007,40.62758555555556,-99.49344,2356.31,26.36981605252988,11.085424657534245,846.89,69.75419178082191,3.515205479452055,16.23317808219178,,32.99
403822099324501,2007,40.6415361,-99.5482644,2377.53,36.1043191759398,11.085424657534245,846.89,69.75419178082191,3.515205479452055,16.23317808219178,,40.25
403831099173501,2007,40.642178,-99.29327591666666,2229.47,15.796257990683308,11.085424657534245,846.89,69.75419178082191,3.515205479452055,16.23317808219178,,11.89
403832099293501,2007,40.64230694444444,-99.49321833333332,2322.16,20.26677994752164,11.085424657534245,846.89,69.75419178082191,3.515205479452055,16.23317808219178,,22.2
403915099190801,2007,40.6573434,-99.3214291,2234.03,11.884631688854078,11.085424657534245,846.89,69.75419178082191,3.515205479452055,16.23317808219178,,9.11
403922099223301,2007,40.65834351,-99.38037703,2253.27,5.759345898546334,11.085424657534245,846.89,69.75419178082191,3.515205479452055,16.23317808219178,,4.18
403927099293501,2007,40.65755805555556,-99.49321666666668,2297.65,10.067321302036984,11.085424657534245,846.89,69.75419178082191,3.515205479452055,16.23317808219178,,8.19
403928099333601,2007,40.6571948,-99.5612991,2355.41,24.19617081705555,11.085424657534245,846.89,69.75419178082191,3.515205479452055,16.23317808219178,,38.82
403928099371801,2007,40.655954,-99.6202609,2432.98,70.48205505386849,11.085424657534245,846.89,69.75419178082191,3.515205479452055,16.23317808219178,,84.0
403941099331901,2007,40.66044972,-99.55637462,2347.21,14.860469447134031,11.085424657534245,846.89,69.75419178082191,3.515205479452055,16.23317808219178,,5.45
403941099342701,2007,40.6636923,-99.5766538,2326.71,12.06405631287585,11.085424657534245,846.89,69.75419178082191,3.515205479452055,16.23317808219178,,9.0
403946099383201,2007,40.66301611111111,-99.64228555555556,2446.94,70.71637534401108,11.085424657534245,846.89,69.75419178082191,3.515205479452055,16.23317808219178,,95.34
403949099293501,2007,40.66383277777778,-99.49320805555556,2291.23,7.5581570508456,11.085424657534245,846.89,69.75419178082191,3.515205479452055,16.23317808219178,,4.22
403954099255801,2007,40.667854,-99.4364595,2268.93,4.482041294861937,11.085424657534245,846.89,69.75419178082191,3.515205479452055,16.23317808219178,,2.35
404006099282401,2007,40.66854833333333,-99.4734825,2280.04,3.835349065416407,11.085424657534245,846.89,69.75419178082191,3.515205479452055,16.23317808219178,,1.23
404007099294001,2007,40.6709022,-99.4936146,2290.54,6.190546897971725,11.085424657534245,846.89,69.75419178082191,3.515205479452055,16.23317808219178,,8.42
404007099351901,2007,40.6709256,-99.5865622,2322.26,6.935101848806412,11.085424657534245,846.89,69.75419178082191,3.515205479452055,16.23317808219178,,8.61
404016099370201,2007,40.6711189,-99.61760995,2335.44,22.435256233115844,11.085424657534245,846.89,69.75419178082191,3.515205479452055,16.23317808219178,,6.01
404020099355301,2007,40.6710839,-99.5961084,2326.91,9.0997859135486,11.085424657534245,846.89,69.75419178082191,3.515205479452055,16.23317808219178,,6.0
404033099373001,2007,40.67593911111111,-99.62515633333332,2339.74,19.19937009413863,11.085424657534245,846.89,69.75419178082191,3.515205479452055,16.23317808219178,,8.9
404040099383501,2007,40.67796833333333,-99.64313333333334,2346.64,24.401276319674277,11.085424657534245,846.89,69.75419178082191,3.515205479452055,16.23317808219178,,10.79
404059099383501,2007,40.68328583333333,-99.64316027777778,2343.11,17.878525998953627,11.085424657534245,846.89,69.75419178082191,3.515205479452055,16.23317808219178,,14.85
404102099373001,2007,40.68405933333333,-99.62523716666666,2334.85,8.73414381838394,11.085424657534245,846.89,69.75419178082191,3.515205479452055,16.23317808219178,,9.85
08N 20W 06 AAA,2007,40.68138,-99.62646,2336.24,11.614495792413294,11.085424657534245,846.89,69.75419178082191,3.515205479452055,16.23317808219178,,2.94
402107099262000,2008,40.35080555555556,-99.43768055555556,2363.91,202.03452614247985,9.928142076502732,875.2,67.25486338797813,3.6044262295081966,16.340491803278688,,201.48
402110099140001,2008,40.351999,-99.2329232,2283.76,161.55983470307928,9.928142076502732,875.2,67.25486338797813,3.6044262295081966,16.340491803278688,,170.18
402115099213100,2008,40.35468888888889,-99.35943333333331,2345.58,204.3669747798095,9.928142076502732,875.2,67.25486338797813,3.6044262295081966,16.340491803278688,,205.83
402124099201601,2008,40.3563466,-99.3403749,2318.47,187.43194304945968,9.928142076502732,875.2,67.25486338797813,3.6044262295081966,16.340491803278688,,184.44
402159099301600,2008,40.3649,-99.50220555555556,2377.49,178.6638741524882,9.928142076502732,875.2,67.25486338797813,3.6044262295081966,16.340491803278688,,182.89
402200099160700,2008,40.3669,-99.267175,2280.22,154.68688905651786,9.928142076502732,875.2,67.25486338797813,3.6044262295081966,16.340491803278688,,150.01
402233099341700,2008,40.376269444444446,-99.57279166666666,2335.32,111.1930725933792,9.928142076502732,875.2,67.25486338797813,3.6044262295081966,16.340491803278688,,112.29
402320099231001,2008,40.38914722222222,-99.38615277777778,2384.17,205.26770230497195,9.928142076502732,875.2,67.25486338797813,3.6044262295081966,16.340491803278688,,217.33
402326099185300,2008,40.390366666666665,-99.31649722222222,2306.56,148.36895387434927,9.928142076502732,875.2,67.25486338797813,3.6044262295081966,16.340491803278688,,148.92
402340099353701,2008,40.39445302,-99.59399869,2264.29,75.31863490223746,9.928142076502732,875.2,67.25486338797813,3.6044262295081966,16.340491803278688,,24.96
402342099143300,2008,40.39436388888889,-99.24273333333332,2261.52,109.34004608033987,9.928142076502732,875.2,67.25486338797813,3.6044262295081966,16.340491803278688,,113.77
402404099383400,2008,40.40166972222222,-99.64190722222224,2363.94,90.70911874042145,9.928142076502732,875.2,67.25486338797813,3.6044262295081966,16.340491803278688,,88.91
402406099311800,2008,40.40154444444444,-99.52104166666666,2406.07,178.1387511664852,9.928142076502732,875.2,67.25486338797813,3.6044262295081966,16.340491803278688,,182.43
402421099112000,2008,40.40549166666666,-99.18921666666668,2216.62,61.24824635960881,9.928142076502732,875.2,67.25486338797813,3.6044262295081966,16.340491803278688,,58.14
402423099152001,2008,40.40643361111111,-99.2555336111111,2261.86,92.73054000404122,9.928142076502732,875.2,67.25486338797813,3.6044262295081966,16.340491803278688,,89.61
402435099262900,2008,40.40768055555555,-99.44083333333332,2405.19,196.04678601165904,9.928142076502732,875.2,67.25486338797813,3.6044262295081966,16.340491803278688,,209.66
402458099344401,2008,40.41608027777777,-99.57890388888887,2426.49,162.43384421185243,9.928142076502732,875.2,67.25486338797813,3.6044262295081966,16.340491803278688,,172.36
402513099164801,2008,40.42006111111111,-99.27985277777778,2278.97,79.61536848680488,9.928142076502732,875.2,67.25486338797813,3.6044262295081966,16.340491803278688,,74.24
402524099201601,2008,40.42334431,-99.33815365,2312.07,109.64287022133622,9.928142076502732,875.2,67.25486338797813,3.6044262295081966,16.340491803278688,,115.17
402532099235801,2008,40.42582814,-99.40068743,2321.09,124.82550791850493,9.928142076502732,875.2,67.25486338797813,3.6044262295081966,16.340491803278688,,118.78
402532099222601,2008,40.42564361111111,-99.37401277777776,2312.94,106.25896532536468,9.928142076502732,875.2,67.25486338797813,3.6044262295081966,16.340491803278688,,98.05
402609099350800,2008,40.43199166666666,-99.58200277777776,2443.0,167.61585831312962,9.928142076502732,875.2,67.25486338797813,3.6044262295081966,16.340491803278688,,175.45
402630099305500,2008,40.44133611111111,-99.51204166666666,2426.38,173.39172487569897,9.928142076502732,875.2,67.25486338797813,3.6044262295081966,16.340491803278688,,178.18
402649099350601,2008,40.44692,-99.58488888888888,2428.0,154.52955139481875,9.928142076502732,875.2,67.25486338797813,3.6044262295081966,16.340491803278688,,148.47
402716099212401,2008,40.4529071,-99.3592878,2307.74,73.44317559749223,9.928142076502732,875.2,67.25486338797813,3.6044262295081966,16.340491803278688,,71.85
402756099320601,2008,40.46654722222223,-99.53547222222224,2446.36,161.90682925688546,9.928142076502732,875.2,67.25486338797813,3.6044262295081966,16.340491803278688,,166.45
402813099382100,2008,40.46941944444445,-99.63914166666667,2473.68,154.0872184147013,9.928142076502732,875.2,67.25486338797813,3.6044262295081966,16.340491803278688,,157.31
402821099282901,2008,40.47215973,-99.47068872,2363.91,98.8974813970662,9.928142076502732,875.2,67.25486338797813,3.6044262295081966,16.340491803278688,,95.0
402843099192001,2008,40.47788889,-99.31941672,2311.88,32.91785465443581,9.928142076502732,875.2,67.25486338797813,3.6044262295081966,16.340491803278688,,44.58
402851099130101,2008,40.4809986,-99.2168379,2244.15,30.511579129838942,9.928142076502732,875.2,67.25486338797813,3.6044262295081966,16.340491803278688,,32.43
402853099104601,2008,40.4815796,-99.179559,2221.31,23.992823578367712,9.928142076502732,875.2,67.25486338797813,3.6044262295081966,16.340491803278688,,20.0
402853099152001,2008,40.4816481,-99.2557469,2251.06,25.009229112970964,9.928142076502732,875.2,67.25486338797813,3.6044262295081966,16.340491803278688,,28.76
402853099135101,2008,40.48150472222223,-99.23095833333332,2247.07,27.863416623558788,9.928142076502732,875.2,67.25486338797813,3.6044262295081966,16.340491803278688,,28.81
402905099115301,2008,40.4848551,-99.1983097,2241.11,31.42605119152811,9.928142076502732,875.2,67.25486338797813,3.6044262295081966,16.340491803278688,,34.86
402906099342201,2008,40.485083333333336,-99.57288888888888,2458.82,147.02558830979228,9.928142076502732,875.2,67.25486338797813,3.6044262295081966,16.340491803278688,,150.52
402924099235501,2008,40.4901949,-99.398706,2336.37,55.27702574470059,9.928142076502732,875.2,67.25486338797813,3.6044262295081966,16.340491803278688,,56.48
402854099213801,2008,40.48158305555556,-99.36045888888889,2315.4,54.09204410830812,9.928142076502732,875.2,67.25486338797813,3.6044262295081966,16.340491803278688,,54.05
402945099151900,2008,40.49312395,-99.25285328,2243.78,23.509734789692857,9.928142076502732,875.2,67.25486338797813,3.6044262295081966,16.340491803278688,,23.0
402952099161701,2008,40.49624602,-99.2746825,2255.28,22.903520805524344,9.928142076502732,875.2,67.25486338797813,3.6044262295081966,16.340491803278688,,22.12
403014099213701,2008,40.50113773,-99.35723759,2325.73,37.9508180265267,9.928142076502732,875.2,67.25486338797813,3.6044262295081966,16.340491803278688,,39.81
403037099313401,2008,40.5104684,-99.5262137,2408.97,87.37178350692149,9.928142076502732,875.2,67.25486338797813,3.6044262295081966,16.340491803278688,,78.52
403117099261901,2008,40.52128889,-99.43849541,2375.59,44.166533068943245,9.928142076502732,875.2,67.25486338797813,3.6044262295081966,16.340491803278688,,45.3
403123099261501,2008,40.52446389,-99.436875,2361.96,40.9007670688045,9.928142076502732,875.2,67.25486338797813,3.6044262295081966,16.340491803278688,,44.0
403124099152601,2008,40.52215595,-99.25856338,2258.2,34.39185369116321,9.928142076502732,875.2,67.25486338797813,3.6044262295081966,16.340491803278688,,46.42
403125099295701,2008,40.5247252,-99.4992246,2402.13,69.22979796121943,9.928142076502732,875.2,67.25486338797813,3.6044262295081966,16.340491803278688,,67.05
403132099381001,2008,40.52556319,-99.63650076,2517.21,146.19852022728034,9.928142076502732,875.2,67.25486338797813,3.6044262295081966,16.340491803278688,,153.43
403137099330201,2008,40.5263766547222,-99.5496279,2405.25,69.3438873971471,9.928142076502732,875.2,67.25486338797813,3.6044262295081966,16.340491803278688,,58.22
403138099190801,2008,40.5255972,-99.3224515,2277.27,21.240433148950476,9.928142076502732,875.2,67.25486338797813,3.6044262295081966,16.340491803278688,,23.06
403138099235801,2008,40.5255500233333,-99.399115,2328.14,28.864344790096972,9.928142076502732,875.2,67.25486338797813,3.6044262295081966,16.340491803278688,,29.0
403104099130201,2008,40.5179145,-99.2173248,2242.62,27.397961871614665,9.928142076502732,875.2,67.25486338797813,3.6044262295081966,16.340491803278688,,29.32
403163099379201,2008,40.52718414,-99.63201494,2519.15,142.9816675053951,9.928142076502732,875.2,67.25486338797813,3.6044262295081966,16.340491803278688,,156.56
403217099235801,2008,40.53806574,-99.39982287,2321.45,22.972332374644,9.928142076502732,875.2,67.25486338797813,3.6044262295081966,16.340491803278688,,24.19
403217099312001,2008,40.5392815,-99.5207383,2451.89,85.96022284674885,9.928142076502732,875.2,67.25486338797813,3.6044262295081966,16.340491803278688,,105.0
403224099261801,2008,40.54167314,-99.43849253,2347.7,22.72551766211093,9.928142076502732,875.2,67.25486338797813,3.6044262295081966,16.340491803278688,,22.56
403230099195901,2008,40.54167314,-99.3339024,2269.36,13.084544248103146,9.928142076502732,875.2,67.25486338797813,3.6044262295081966,16.340491803278688,,11.51
403309099250701,2008,40.5543784,-99.4199673,2322.67,15.418017041126394,9.928142076502732,875.2,67.25486338797813,3.6044262295081966,16.340491803278688,,13.66
403309099270601,2008,40.55026689,-99.45178833,2342.87,18.39891835446798,9.928142076502732,875.2,67.25486338797813,3.6044262295081966,16.340491803278688,,18.1
403309099281401,2008,40.5521635,-99.4737128,2354.64,21.551621969246003,9.928142076502732,875.2,67.25486338797813,3.6044262295081966,16.340491803278688,,18.0
403322099201601,2008,40.5547811,-99.3416484,2267.67,13.385045757361414,9.928142076502732,875.2,67.25486338797813,3.6044262295081966,16.340491803278688,,8.76
403322099210701,2008,40.55622914,-99.3528114,2284.27,18.08031099762037,9.928142076502732,875.2,67.25486338797813,3.6044262295081966,16.340491803278688,,21.53
403322099254101,2008,40.5542755,-99.4303042,2335.12,17.00223201540387,9.928142076502732,875.2,67.25486338797813,3.6044262295081966,16.340491803278688,,19.62
403322099264901,2008,40.5543545569444,-99.4489925,2342.74,16.170409453947347,9.928142076502732,875.2,67.25486338797813,3.6044262295081966,16.340491803278688,,17.12
403322099272302,2008,40.5545803,-99.4609332,2349.56,18.683268607246603,9.928142076502732,875.2,67.25486338797813,3.6044262295081966,16.340491803278688,,20.46
403322099304801,2008,40.5542755075,-99.5122815,2411.43,59.83619332233608,9.928142076502732,875.2,67.25486338797813,3.6044262295081966,16.340491803278688,,60.66
403322099371801,2008,40.5557047,-99.6247601,2465.78,96.32641894349172,9.928142076502732,875.2,67.25486338797813,3.6044262295081966,16.340491803278688,,77.72
403328099181202,2008,40.5577906,-99.3033482,2272.01,27.82234804553307,9.928142076502732,875.2,67.25486338797813,3.6044262295081966,16.340491803278688,,30.28
403335099150901,2008,40.55977478,-99.25286046,2241.29,32.491593004630055,9.928142076502732,875.2,67.25486338797813,3.6044262295081966,16.340491803278688,,31.62
403336099225701,2008,40.55616214,-99.37615377,2296.91,18.972041981735607,9.928142076502732,875.2,67.25486338797813,3.6044262295081966,16.340491803278688,,20.78
403431099362101,2008,40.5754557,-99.6058865,2477.16,88.37618142380953,9.928142076502732,875.2,67.25486338797813,3.6044262295081966,16.340491803278688,,87.63
403433099250001,2008,40.576331,-99.4179046,2315.55,17.80013389553529,9.928142076502732,875.2,67.25486338797813,3.6044262295081966,16.340491803278688,,18.6
403453099141801,2008,40.58307501,-99.2365144,2255.34,42.06820261736505,9.928142076502732,875.2,67.25486338797813,3.6044262295081966,16.340491803278688,,53.03
403453099190801,2008,40.5807096794444,-99.3229107,2282.14,31.113667913723926,9.928142076502732,875.2,67.25486338797813,3.6044262295081966,16.340491803278688,,40.88
403454099304801,2008,40.57931189,-99.51412709,2390.5,38.42499771752791,9.928142076502732,875.2,67.25486338797813,3.6044262295081966,16.340491803278688,,37.72
403506099350101,2008,40.5833317,-99.5866221,2484.33,87.16193097939103,9.928142076502732,875.2,67.25486338797813,3.6044262295081966,16.340491803278688,,99.85
403507099234101,2008,40.5836771413889,-99.3985091,2295.65,15.039722901533356,9.928142076502732,875.2,67.25486338797813,3.6044262295081966,16.340491803278688,,14.72
403507099254101,2008,40.58520714,-99.42844836,2318.5,21.21180496670172,9.928142076502732,875.2,67.25486338797813,3.6044262295081966,16.340491803278688,,24.32
403520099201601,2008,40.5886101475,-99.3416473,2265.95,17.67341623580972,9.928142076502732,875.2,67.25486338797813,3.6044262295081966,16.340491803278688,,17.5
403540099260001,2008,40.5946306,-99.4353739,2323.77,22.58274569855935,9.928142076502732,875.2,67.25486338797813,3.6044262295081966,16.340491803278688,,24.85
403625099315401,2008,40.60535831,-99.53303177,2384.53,39.42713478716651,9.928142076502732,875.2,67.25486338797813,3.6044262295081966,16.340491803278688,,35.61
403625099361001,2008,40.60535831,-99.60306609,2454.12,85.77850803327254,9.928142076502732,875.2,67.25486338797813,3.6044262295081966,16.340491803278688,,86.56
403638099154301,2008,40.60901195,-99.26298962,2222.0,21.176877889934676,9.928142076502732,875.2,67.25486338797813,3.6044262295081966,16.340491803278688,,16.0
403644099350001,2008,40.61418514,-99.57972132,2418.26,67.88255991144933,9.928142076502732,875.2,67.25486338797813,3.6044262295081966,16.340491803278688,,68.75
403645099242701,2008,40.61264497222222,-99.40752011111113,2297.96,19.210459569484996,9.928142076502732,875.2,67.25486338797813,3.6044262295081966,16.340491803278688,,19.94
403646099293301,2008,40.6127772,-99.4935704,2354.25,24.616597592354918,9.928142076502732,875.2,67.25486338797813,3.6044262295081966,16.340491803278688,,19.07
403651099281401,2008,40.613021,-99.4747929,2345.39,32.00250623953584,9.928142076502732,875.2,67.25486338797813,3.6044262295081966,16.340491803278688,,41.18
403710099104601,2008,40.6195145,-99.17947241666668,2193.97,15.834174956704906,9.928142076502732,875.2,67.25486338797813,3.6044262295081966,16.340491803278688,,13.78
403730099373501,2008,40.6268217,-99.6246292,2471.08,90.61747789684136,9.928142076502732,875.2,67.25486338797813,3.6044262295081966,16.340491803278688,,91.7
403738099181101,2008,40.62740444444445,-99.30320513888888,2241.2,15.537396341080344,9.928142076502732,875.2,67.25486338797813,3.6044262295081966,16.340491803278688,,16.51
403739099281601,2008,40.627653,-99.4742905,2324.54,23.231877302194945,9.928142076502732,875.2,67.25486338797813,3.6044262295081966,16.340491803278688,,22.87
403739099293601,2008,40.62758555555556,-99.49344,2356.31,27.04061556759606,9.928142076502732,875.2,67.25486338797813,3.6044262295081966,16.340491803278688,,31.7
403822099324501,2008,40.6415361,-99.5482644,2377.53,36.49753887588184,9.928142076502732,875.2,67.25486338797813,3.6044262295081966,16.340491803278688,,41.48
403831099173501,2008,40.642178,-99.29327591666666,2229.47,12.211254122209237,9.928142076502732,875.2,67.25486338797813,3.6044262295081966,16.340491803278688,,10.9
403832099293501,2008,40.64230694444444,-99.49321833333332,2322.16,19.85598564471904,9.928142076502732,875.2,67.25486338797813,3.6044262295081966,16.340491803278688,,21.08
403915099190801,2008,40.6573434,-99.3214291,2234.03,12.121209668515752,9.928142076502732,875.2,67.25486338797813,3.6044262295081966,16.340491803278688,,9.36
403922099223301,2008,40.65834351,-99.38037703,2253.27,6.935288118188246,9.928142076502732,875.2,67.25486338797813,3.6044262295081966,16.340491803278688,,6.77
403927099293501,2008,40.65755805555556,-99.49321666666668,2297.65,9.319712492213275,9.928142076502732,875.2,67.25486338797813,3.6044262295081966,16.340491803278688,,8.09
403928099333601,2008,40.6571948,-99.5612991,2355.41,22.81961731039169,9.928142076502732,875.2,67.25486338797813,3.6044262295081966,16.340491803278688,,38.76
403928099371801,2008,40.655954,-99.6202609,2432.98,69.62094636260488,9.928142076502732,875.2,67.25486338797813,3.6044262295081966,16.340491803278688,,84.24
403941099331901,2008,40.66044972,-99.55637462,2347.21,14.606515261745605,9.928142076502732,875.2,67.25486338797813,3.6044262295081966,16.340491803278688,,5.61
403941099342701,2008,40.6636923,-99.5766538,2326.71,12.635546530087677,9.928142076502732,875.2,67.25486338797813,3.6044262295081966,16.340491803278688,,8.83
403946099383201,2008,40.66301611111111,-99.64228555555556,2446.94,73.08511459373938,9.928142076502732,875.2,67.25486338797813,3.6044262295081966,16.340491803278688,,95.4
403949099293501,2008,40.66383277777778,-99.49320805555556,2291.23,6.998433273149296,9.928142076502732,875.2,67.25486338797813,3.6044262295081966,16.340491803278688,,4.51
403954099255801,2008,40.667854,-99.4364595,2268.93,4.383070201298502,9.928142076502732,875.2,67.25486338797813,3.6044262295081966,16.340491803278688,,4.42
403903099214301,2008,40.650864722222224,-99.3618686111111,2248.47,7.207652682599745,9.928142076502732,875.2,67.25486338797813,3.6044262295081966,16.340491803278688,,7.4
404006099282401,2008,40.66854833333333,-99.4734825,2280.04,3.1034629780412715,9.928142076502732,875.2,67.25486338797813,3.6044262295081966,16.340491803278688,,2.54
404007099294001,2008,40.6709022,-99.4936146,2290.54,6.306364731288869,9.928142076502732,875.2,67.25486338797813,3.6044262295081966,16.340491803278688,,9.61
404007099351901,2008,40.6709256,-99.5865622,2322.26,7.752131360024562,9.928142076502732,875.2,67.25486338797813,3.6044262295081966,16.340491803278688,,9.78
404016099370201,2008,40.6711189,-99.61760995,2335.44,19.81184684001089,9.928142076502732,875.2,67.25486338797813,3.6044262295081966,16.340491803278688,,5.83
404020099355301,2008,40.6710839,-99.5961084,2326.91,9.446399569038626,9.928142076502732,875.2,67.25486338797813,3.6044262295081966,16.340491803278688,,6.52
404033099373001,2008,40.67593911111111,-99.62515633333332,2339.74,16.375669411170648,9.928142076502732,875.2,67.25486338797813,3.6044262295081966,16.340491803278688,,9.75
404040099383501,2008,40.67796833333333,-99.64313333333334,2346.64,22.544351152357574,9.928142076502732,875.2,67.25486338797813,3.6044262295081966,16.340491803278688,,11.48
403959099282801,2008,40.66638638888889,-99.47439194444443,2282.17,3.8553845831971696,9.928142076502732,875.2,67.25486338797813,3.6044262295081966,16.340491803278688,,3.25
404059099383501,2008,40.68328583333333,-99.64316027777778,2343.11,15.834971200672868,9.928142076502732,875.2,67.25486338797813,3.6044262295081966,16.340491803278688,,12.85
404102099373001,2008,40.68405933333333,-99.62523716666666,2334.85,7.879590804445715,9.928142076502732,875.2,67.25486338797813,3.6044262295081966,16.340491803278688,,10.0
402813099382100,2008,40.46941944444445,-99.63914166666667,2473.68,154.0872184147013,9.928142076502732,875.2,67.25486338797813,3.6044262295081966,16.340491803278688,,159.97
402756099320601,2008,40.46654722222223,-99.53547222222224,2446.36,161.90682925688546,9.928142076502732,875.2,67.25486338797813,3.6044262295081966,16.340491803278688,,168.93
402609099350800,2008,40.43199166666666,-99.58200277777776,2443.0,167.61585831312962,9.928142076502732,875.2,67.25486338797813,3.6044262295081966,16.340491803278688,,177.48
402404099383400,2008,40.40166972222222,-99.64190722222224,2363.94,90.70911874042145,9.928142076502732,875.2,67.25486338797813,3.6044262295081966,16.340491803278688,,89.92
402233099341700,2008,40.376269444444446,-99.57279166666666,2335.32,111.1930725933792,9.928142076502732,875.2,67.25486338797813,3.6044262295081966,16.340491803278688,,112.88
402406099311800,2008,40.40154444444444,-99.52104166666666,2406.07,178.1387511664852,9.928142076502732,875.2,67.25486338797813,3.6044262295081966,16.340491803278688,,183.9
402107099262000,2008,40.35080555555556,-99.43768055555556,2363.91,202.03452614247985,9.928142076502732,875.2,67.25486338797813,3.6044262295081966,16.340491803278688,,202.87
402513099164801,2008,40.42006111111111,-99.27985277777778,2278.97,79.61536848680488,9.928142076502732,875.2,67.25486338797813,3.6044262295081966,16.340491803278688,,78.49
402342099143300,2008,40.39436388888889,-99.24273333333332,2261.52,109.34004608033987,9.928142076502732,875.2,67.25486338797813,3.6044262295081966,16.340491803278688,,114.51
402906099342201,2008,40.485083333333336,-99.57288888888888,2458.82,147.02558830979228,9.928142076502732,875.2,67.25486338797813,3.6044262295081966,16.340491803278688,,153.25
404006099282401,2008,40.66854833333333,-99.4734825,2280.04,3.1034629780412715,9.928142076502732,875.2,67.25486338797813,3.6044262295081966,16.340491803278688,,1.24
403927099293501,2008,40.65755805555556,-99.49321666666668,2297.65,9.319712492213275,9.928142076502732,875.2,67.25486338797813,3.6044262295081966,16.340491803278688,,7.71
403949099293501,2008,40.66383277777778,-99.49320805555556,2291.23,6.998433273149296,9.928142076502732,875.2,67.25486338797813,3.6044262295081966,16.340491803278688,,4.0
403832099293501,2008,40.64230694444444,-99.49321833333332,2322.16,19.85598564471904,9.928142076502732,875.2,67.25486338797813,3.6044262295081966,16.340491803278688,,20.57
403739099293601,2008,40.62758555555556,-99.49344,2356.31,27.04061556759606,9.928142076502732,875.2,67.25486338797813,3.6044262295081966,16.340491803278688,,29.31
404059099383501,2008,40.68328583333333,-99.64316027777778,2343.11,15.834971200672868,9.928142076502732,875.2,67.25486338797813,3.6044262295081966,16.340491803278688,,14.5
404040099383501,2008,40.67796833333333,-99.64313333333334,2346.64,22.544351152357574,9.928142076502732,875.2,67.25486338797813,3.6044262295081966,16.340491803278688,,10.56
403946099383201,2008,40.66301611111111,-99.64228555555556,2446.94,73.08511459373938,9.928142076502732,875.2,67.25486338797813,3.6044262295081966,16.340491803278688,,94.98
402630099305500,2008,40.44133611111111,-99.51204166666666,2426.38,173.39172487569897,9.928142076502732,875.2,67.25486338797813,3.6044262295081966,16.340491803278688,,181.23
404033099373001,2008,40.67593911111111,-99.62515633333332,2339.74,16.375669411170648,9.928142076502732,875.2,67.25486338797813,3.6044262295081966,16.340491803278688,,9.12
404102099373001,2008,40.68405933333333,-99.62523716666666,2334.85,7.879590804445715,9.928142076502732,875.2,67.25486338797813,3.6044262295081966,16.340491803278688,,10.02
403738099181101,2008,40.62740444444445,-99.30320513888888,2241.2,15.537396341080344,9.928142076502732,875.2,67.25486338797813,3.6044262295081966,16.340491803278688,,16.27
403831099173501,2008,40.642178,-99.29327591666666,2229.47,12.211254122209237,9.928142076502732,875.2,67.25486338797813,3.6044262295081966,16.340491803278688,,9.62
403645099242701,2008,40.61264497222222,-99.40752011111113,2297.96,19.210459569484996,9.928142076502732,875.2,67.25486338797813,3.6044262295081966,16.340491803278688,,20.08
403710099104601,2008,40.6195145,-99.17947241666668,2193.97,15.834174956704906,9.928142076502732,875.2,67.25486338797813,3.6044262295081966,16.340491803278688,,12.45
402435099262900,2008,40.40768055555555,-99.44083333333332,2405.19,196.04678601165904,9.928142076502732,875.2,67.25486338797813,3.6044262295081966,16.340491803278688,,212.34
402423099152001,2008,40.40643361111111,-99.2555336111111,2261.86,92.73054000404122,9.928142076502732,875.2,67.25486338797813,3.6044262295081966,16.340491803278688,,90.17
402532099222601,2008,40.42564361111111,-99.37401277777776,2312.94,106.25896532536468,9.928142076502732,875.2,67.25486338797813,3.6044262295081966,16.340491803278688,,99.93
402649099350601,2008,40.44692,-99.58488888888888,2428.0,154.52955139481875,9.928142076502732,875.2,67.25486338797813,3.6044262295081966,16.340491803278688,,150.62
402854099213801,2008,40.48158305555556,-99.36045888888889,2315.4,54.09204410830812,9.928142076502732,875.2,67.25486338797813,3.6044262295081966,16.340491803278688,,57.69
402853099135101,2008,40.48150472222223,-99.23095833333332,2247.07,27.863416623558788,9.928142076502732,875.2,67.25486338797813,3.6044262295081966,16.340491803278688,,28.09
402159099301600,2008,40.3649,-99.50220555555556,2377.49,178.6638741524882,9.928142076502732,875.2,67.25486338797813,3.6044262295081966,16.340491803278688,,185.33
403903099214301,2008,40.650864722222224,-99.3618686111111,2248.47,7.207652682599745,9.928142076502732,875.2,67.25486338797813,3.6044262295081966,16.340491803278688,,6.72
403959099282801,2008,40.66638638888889,-99.47439194444443,2282.17,3.8553845831971696,9.928142076502732,875.2,67.25486338797813,3.6044262295081966,16.340491803278688,,4.15
402458099344401,2008,40.41608027777777,-99.57890388888887,2426.49,162.43384421185243,9.928142076502732,875.2,67.25486338797813,3.6044262295081966,16.340491803278688,,172.8
402320099231001,2008,40.38914722222222,-99.38615277777778,2384.17,205.26770230497195,9.928142076502732,875.2,67.25486338797813,3.6044262295081966,16.340491803278688,,222.03
402326099185300,2008,40.390366666666665,-99.31649722222222,2306.56,148.36895387434927,9.928142076502732,875.2,67.25486338797813,3.6044262295081966,16.340491803278688,,151.59
402115099213100,2008,40.35468888888889,-99.35943333333331,2345.58,204.3669747798095,9.928142076502732,875.2,67.25486338797813,3.6044262295081966,16.340491803278688,,207.4
402421099112000,2008,40.40549166666666,-99.18921666666668,2216.62,61.24824635960881,9.928142076502732,875.2,67.25486338797813,3.6044262295081966,16.340491803278688,,57.85
402200099160700,2008,40.3669,-99.267175,2280.22,154.68688905651786,9.928142076502732,875.2,67.25486338797813,3.6044262295081966,16.340491803278688,,164.57
403123099261501,2008,40.52446389,-99.436875,2361.96,40.9007670688045,9.928142076502732,875.2,67.25486338797813,3.6044262295081966,16.340491803278688,,41.5
08N 20W 06 AAA,2008,40.68138,-99.62646,2336.24,10.149500434312507,9.928142076502732,875.2,67.25486338797813,3.6044262295081966,16.340491803278688,,3.2
404102099373002,2008,40.68405933333333,-99.62523716666666,2334.85,7.879590804445715,9.928142076502732,875.2,67.25486338797813,3.6044262295081966,16.340491803278688,,7.98
403738099181102,2008,40.62740444444445,-99.30320513888888,2241.2,15.537396341080344,9.928142076502732,875.2,67.25486338797813,3.6044262295081966,16.340491803278688,,16.2
403831099173502,2008,40.642178,-99.29327591666666,2229.47,12.211254122209237,9.928142076502732,875.2,67.25486338797813,3.6044262295081966,16.340491803278688,,11.22
403645099242702,2008,40.61264497222222,-99.40752011111113,2297.96,19.210459569484996,9.928142076502732,875.2,67.25486338797813,3.6044262295081966,16.340491803278688,,20.73
403710099104602,2008,40.6195145,-99.17947241666668,2193.97,15.834174956704906,9.928142076502732,875.2,67.25486338797813,3.6044262295081966,16.340491803278688,,12.92
402532099222602,2008,40.42564361111111,-99.37401277777776,2312.94,106.25896532536468,9.928142076502732,875.2,67.25486338797813,3.6044262295081966,16.340491803278688,,105.43
402649099350602,2008,40.44692,-99.58488888888888,2428.0,154.52955139481875,9.928142076502732,875.2,67.25486338797813,3.6044262295081966,16.340491803278688,,151.74
402854099213802,2008,40.48158305555556,-99.36045888888889,2315.4,54.09204410830812,9.928142076502732,875.2,67.25486338797813,3.6044262295081966,16.340491803278688,,57.97
402853099135102,2008,40.48150472222223,-99.23095833333332,2247.07,27.863416623558788,9.928142076502732,875.2,67.25486338797813,3.6044262295081966,16.340491803278688,,27.38
403903099214302,2008,40.650864722222224,-99.3618686111111,2248.47,7.207652682599745,9.928142076502732,875.2,67.25486338797813,3.6044262295081966,16.340491803278688,,6.91
403959099282802,2008,40.66638638888889,-99.47439194444443,2282.17,3.8553845831971696,9.928142076502732,875.2,67.25486338797813,3.6044262295081966,16.340491803278688,,4.11
402458099344402,2008,40.41608027777777,-99.57890388888887,2426.49,162.43384421185243,9.928142076502732,875.2,67.25486338797813,3.6044262295081966,16.340491803278688,,172.89
402334099293301,2008,40.392735555555554,-99.49248916666669,2343.83,148.5637500725701,9.928142076502732,875.2,67.25486338797813,3.6044262295081966,16.340491803278688,,139.58
402334099293302,2008,40.392735555555554,-99.49248916666669,2343.83,148.5637500725701,9.928142076502732,875.2,67.25486338797813,3.6044262295081966,16.340491803278688,,141.12
403408099130501,2008,40.56878722222223,-99.21816944444444,2216.56,22.30197111046393,9.928142076502732,875.2,67.25486338797813,3.6044262295081966,16.340491803278688,,14.48
403408099130502,2008,40.56878722222223,-99.21816944444444,2216.56,22.30197111046393,9.928142076502732,875.2,67.25486338797813,3.6044262295081966,16.340491803278688,,14.77
403350099282701,2008,40.56375277777777,-99.47419805555556,2351.95,19.52614079366669,9.928142076502732,875.2,67.25486338797813,3.6044262295081966,16.340491803278688,,15.36
403350099282702,2008,40.56375277777777,-99.47419805555556,2351.95,19.52614079366669,9.928142076502732,875.2,67.25486338797813,3.6044262295081966,16.340491803278688,,15.62
403315099351501,2008,40.554270555555554,-99.58744083333332,2447.59,77.81368464027942,9.928142076502732,875.2,67.25486338797813,3.6044262295081966,16.340491803278688,,69.0
403315099351502,2008,40.554270555555554,-99.58744083333332,2447.59,77.81368464027942,9.928142076502732,875.2,67.25486338797813,3.6044262295081966,16.340491803278688,,71.85
402636099271801,2008,40.44343083333333,-99.45505,2362.54,135.9477397972337,9.928142076502732,875.2,67.25486338797813,3.6044262295081966,16.340491803278688,,137.44
402636099271802,2008,40.44343083333333,-99.45505,2362.54,135.9477397972337,9.928142076502732,875.2,67.25486338797813,3.6044262295081966,16.340491803278688,,136.42
402513099164801,2009,40.42006111111111,-99.27985277777778,2278.97,79.69692973050634,9.77372602739726,654.45,68.90076712328766,3.458410958904109,15.795123287671233,,73.49
402421099112000,2009,40.40549166666666,-99.18921666666668,2216.62,62.51136034417121,9.77372602739726,654.45,68.90076712328766,3.458410958904109,15.795123287671233,,56.97
402342099143300,2009,40.39436388888889,-99.24273333333332,2261.52,107.09289627590778,9.77372602739726,654.45,68.90076712328766,3.458410958904109,15.795123287671233,,110.52
402423099152001,2009,40.40643361111111,-99.2555336111111,2261.86,92.71893468918056,9.77372602739726,654.45,68.90076712328766,3.458410958904109,15.795123287671233,,90.36
402200099160700,2009,40.3669,-99.267175,2280.22,152.4602365342165,9.77372602739726,654.45,68.90076712328766,3.458410958904109,15.795123287671233,,149.6
402532099222602,2009,40.42564361111111,-99.37401277777776,2312.94,106.00760736881264,9.77372602739726,654.45,68.90076712328766,3.458410958904109,15.795123287671233,,104.26
402532099222601,2009,40.42564361111111,-99.37401277777776,2312.94,106.00760736881264,9.77372602739726,654.45,68.90076712328766,3.458410958904109,15.795123287671233,,99.29
402320099231001,2009,40.38914722222222,-99.38615277777778,2384.17,205.2308888718947,9.77372602739726,654.45,68.90076712328766,3.458410958904109,15.795123287671233,,222.66
402326099185300,2009,40.390366666666665,-99.31649722222222,2306.56,148.28481839390548,9.77372602739726,654.45,68.90076712328766,3.458410958904109,15.795123287671233,,151.0
402115099213100,2009,40.35468888888889,-99.35943333333331,2345.58,204.3824341627744,9.77372602739726,654.45,68.90076712328766,3.458410958904109,15.795123287671233,,205.92
402435099262900,2009,40.40768055555555,-99.44083333333332,2405.19,194.2035192340604,9.77372602739726,654.45,68.90076712328766,3.458410958904109,15.795123287671233,,209.59
402406099311800,2009,40.40154444444444,-99.52104166666666,2406.07,175.95644716154524,9.77372602739726,654.45,68.90076712328766,3.458410958904109,15.795123287671233,,182.98
402334099293301,2009,40.392735555555554,-99.49248916666669,2343.83,148.31529896970105,9.77372602739726,654.45,68.90076712328766,3.458410958904109,15.795123287671233,,138.38
402334099293302,2009,40.392735555555554,-99.49248916666669,2343.83,148.31529896970105,9.77372602739726,654.45,68.90076712328766,3.458410958904109,15.795123287671233,,138.65
402159099301600,2009,40.3649,-99.50220555555556,2377.49,174.72889892215687,9.77372602739726,654.45,68.90076712328766,3.458410958904109,15.795123287671233,,183.76
402107099262000,2009,40.35080555555556,-99.43768055555556,2363.91,201.5680674576608,9.77372602739726,654.45,68.90076712328766,3.458410958904109,15.795123287671233,,201.67
402609099350800,2009,40.43199166666666,-99.58200277777776,2443.0,169.11161958672227,9.77372602739726,654.45,68.90076712328766,3.458410958904109,15.795123287671233,,175.8
402458099344401,2009,40.41608027777777,-99.57890388888887,2426.49,168.73694939129587,9.77372602739726,654.45,68.90076712328766,3.458410958904109,15.795123287671233,,174.61
402458099344402,2009,40.41608027777777,-99.57890388888887,2426.49,168.73694939129587,9.77372602739726,654.45,68.90076712328766,3.458410958904109,15.795123287671233,,174.51
402404099383400,2009,40.40166972222222,-99.64190722222224,2363.94,97.0411763632047,9.77372602739726,654.45,68.90076712328766,3.458410958904109,15.795123287671233,,89.54
402233099341700,2009,40.376269444444446,-99.57279166666666,2335.32,121.9959024864212,9.77372602739726,654.45,68.90076712328766,3.458410958904109,15.795123287671233,,113.0
402853099135101,2009,40.48150472222223,-99.23095833333332,2247.07,28.257743521279355,9.77372602739726,654.45,68.90076712328766,3.458410958904109,15.795123287671233,,29.89
402853099135102,2009,40.48150472222223,-99.23095833333332,2247.07,28.257743521279355,9.77372602739726,654.45,68.90076712328766,3.458410958904109,15.795123287671233,,29.06
402854099213801,2009,40.48158305555556,-99.36045888888889,2315.4,54.10490741098301,9.77372602739726,654.45,68.90076712328766,3.458410958904109,15.795123287671233,,56.06
402854099213802,2009,40.48158305555556,-99.36045888888889,2315.4,54.10490741098301,9.77372602739726,654.45,68.90076712328766,3.458410958904109,15.795123287671233,,56.12
402630099305500,2009,40.44133611111111,-99.51204166666666,2426.38,171.90003433890382,9.77372602739726,654.45,68.90076712328766,3.458410958904109,15.795123287671233,,178.29
402636099271802,2009,40.44343083333333,-99.45505,2362.54,135.98556465646317,9.77372602739726,654.45,68.90076712328766,3.458410958904109,15.795123287671233,,137.58
402636099271801,2009,40.44343083333333,-99.45505,2362.54,135.98556465646317,9.77372602739726,654.45,68.90076712328766,3.458410958904109,15.795123287671233,,138.89
402906099342201,2009,40.485083333333336,-99.57288888888888,2458.82,146.49751919357226,9.77372602739726,654.45,68.90076712328766,3.458410958904109,15.795123287671233,,150.58
402813099382100,2009,40.46941944444445,-99.63914166666667,2473.68,154.06952552730246,9.77372602739726,654.45,68.90076712328766,3.458410958904109,15.795123287671233,,156.59
402756099320601,2009,40.46654722222223,-99.53547222222224,2446.36,160.78720271517852,9.77372602739726,654.45,68.90076712328766,3.458410958904109,15.795123287671233,,167.0
402649099350602,2009,40.44692,-99.58488888888888,2428.0,154.99831981324795,9.77372602739726,654.45,68.90076712328766,3.458410958904109,15.795123287671233,,151.43
402649099350601,2009,40.44692,-99.58488888888888,2428.0,154.99831981324795,9.77372602739726,654.45,68.90076712328766,3.458410958904109,15.795123287671233,,150.4
403408099130502,2009,40.56878722222223,-99.21816944444444,2216.56,20.291516688115696,9.77372602739726,654.45,68.90076712328766,3.458410958904109,15.795123287671233,,17.61
403408099130501,2009,40.56878722222223,-99.21816944444444,2216.56,20.291516688115696,9.77372602739726,654.45,68.90076712328766,3.458410958904109,15.795123287671233,,17.36
403645099242701,2009,40.61264497222222,-99.40752011111113,2297.96,18.8849101322115,9.77372602739726,654.45,68.90076712328766,3.458410958904109,15.795123287671233,,19.92
403645099242702,2009,40.61264497222222,-99.40752011111113,2297.96,18.8849101322115,9.77372602739726,654.45,68.90076712328766,3.458410958904109,15.795123287671233,,20.45
403350099282702,2009,40.56375277777777,-99.47419805555556,2351.95,18.826995371491016,9.77372602739726,654.45,68.90076712328766,3.458410958904109,15.795123287671233,,17.24
403350099282701,2009,40.56375277777777,-99.47419805555556,2351.95,18.826995371491016,9.77372602739726,654.45,68.90076712328766,3.458410958904109,15.795123287671233,,17.09
403315099351502,2009,40.554270555555554,-99.58744083333332,2447.59,76.24208930741234,9.77372602739726,654.45,68.90076712328766,3.458410958904109,15.795123287671233,,74.24
403315099351501,2009,40.554270555555554,-99.58744083333332,2447.59,76.24208930741234,9.77372602739726,654.45,68.90076712328766,3.458410958904109,15.795123287671233,,71.27
403831099173501,2009,40.642178,-99.29327591666666,2229.47,12.261103138410627,9.77372602739726,654.45,68.90076712328766,3.458410958904109,15.795123287671233,,11.94
403738099181102,2009,40.62740444444445,-99.30320513888888,2241.2,15.583718559784028,9.77372602739726,654.45,68.90076712328766,3.458410958904109,15.795123287671233,,17.76
403738099181101,2009,40.62740444444445,-99.30320513888888,2241.2,15.583718559784028,9.77372602739726,654.45,68.90076712328766,3.458410958904109,15.795123287671233,,17.85
403831099173502,2009,40.642178,-99.29327591666666,2229.47,12.261103138410627,9.77372602739726,654.45,68.90076712328766,3.458410958904109,15.795123287671233,,12.33
403710099104602,2009,40.6195145,-99.17947241666668,2193.97,17.115212062874168,9.77372602739726,654.45,68.90076712328766,3.458410958904109,15.795123287671233,,15.04
403710099104601,2009,40.6195145,-99.17947241666668,2193.97,17.115212062874168,9.77372602739726,654.45,68.90076712328766,3.458410958904109,15.795123287671233,,14.65
403903099214301,2009,40.650864722222224,-99.3618686111111,2248.47,8.233064016994572,9.77372602739726,654.45,68.90076712328766,3.458410958904109,15.795123287671233,,8.77
403903099214302,2009,40.650864722222224,-99.3618686111111,2248.47,8.233064016994572,9.77372602739726,654.45,68.90076712328766,3.458410958904109,15.795123287671233,,8.58
404006099282401,2009,40.66854833333333,-99.4734825,2280.04,4.1885386336615,9.77372602739726,654.45,68.90076712328766,3.458410958904109,15.795123287671233,,4.93
403959099282801,2009,40.66638638888889,-99.47439194444443,2282.17,4.941066164936176,9.77372602739726,654.45,68.90076712328766,3.458410958904109,15.795123287671233,,6.05
403927099293501,2009,40.65755805555556,-99.49321666666668,2297.65,10.669604877330984,9.77372602739726,654.45,68.90076712328766,3.458410958904109,15.795123287671233,,10.68
403949099293501,2009,40.66383277777778,-99.49320805555556,2291.23,8.234263184766139,9.77372602739726,654.45,68.90076712328766,3.458410958904109,15.795123287671233,,7.53
403959099282802,2009,40.66638638888889,-99.47439194444443,2282.17,4.941066164936176,9.77372602739726,654.45,68.90076712328766,3.458410958904109,15.795123287671233,,5.99
403832099293501,2009,40.64230694444444,-99.49321833333332,2322.16,20.80224333017101,9.77372602739726,654.45,68.90076712328766,3.458410958904109,15.795123287671233,,23.06
403739099293601,2009,40.62758555555556,-99.49344,2356.31,27.59002434912388,9.77372602739726,654.45,68.90076712328766,3.458410958904109,15.795123287671233,,34.61
404040099383501,2009,40.67796833333333,-99.64313333333334,2346.64,24.09713126530825,9.77372602739726,654.45,68.90076712328766,3.458410958904109,15.795123287671233,,13.9
404059099383501,2009,40.68328583333333,-99.64316027777778,2343.11,17.21774794274136,9.77372602739726,654.45,68.90076712328766,3.458410958904109,15.795123287671233,,16.97
404033099373001,2009,40.67593911111111,-99.62515633333332,2339.74,17.924081739742487,9.77372602739726,654.45,68.90076712328766,3.458410958904109,15.795123287671233,,11.22
404102099373002,2009,40.68405933333333,-99.62523716666666,2334.85,9.111539437743712,9.77372602739726,654.45,68.90076712328766,3.458410958904109,15.795123287671233,,9.6
404102099373001,2009,40.68405933333333,-99.62523716666666,2334.85,9.111539437743712,9.77372602739726,654.45,68.90076712328766,3.458410958904109,15.795123287671233,,11.07
403946099383201,2009,40.66301611111111,-99.64228555555556,2446.94,72.79048877458447,9.77372602739726,654.45,68.90076712328766,3.458410958904109,15.795123287671233,,98.31
402110099140001,2009,40.351999,-99.2329232,2283.76,159.9172077774126,9.77372602739726,654.45,68.90076712328766,3.458410958904109,15.795123287671233,,169.21
402532099235801,2009,40.42582814,-99.40068743,2321.09,125.00527120338796,9.77372602739726,654.45,68.90076712328766,3.458410958904109,15.795123287671233,,117.81
402124099201601,2009,40.3563466,-99.3403749,2318.47,187.12579405073825,9.77372602739726,654.45,68.90076712328766,3.458410958904109,15.795123287671233,,183.68
403104099130201,2009,40.5179145,-99.2173248,2242.62,26.540470460713507,9.77372602739726,654.45,68.90076712328766,3.458410958904109,15.795123287671233,,27.78
403124099152601,2009,40.52215595,-99.25856338,2258.2,35.91873899532586,9.77372602739726,654.45,68.90076712328766,3.458410958904109,15.795123287671233,,45.23
402952099161701,2009,40.49624602,-99.2746825,2255.28,24.08020393385915,9.77372602739726,654.45,68.90076712328766,3.458410958904109,15.795123287671233,,20.93
403037099135301,2009,40.5105526386111,-99.2316379,2239.33,23.262925422936725,9.77372602739726,654.45,68.90076712328766,3.458410958904109,15.795123287671233,,20.0
403037099111401,2009,40.5103457694444,-99.1873426,2237.5,28.329867592234063,9.77372602739726,654.45,68.90076712328766,3.458410958904109,15.795123287671233,,28.47
402952099114401,2009,40.4961238363889,-99.1985012,2246.17,30.703881946144037,9.77372602739726,654.45,68.90076712328766,3.458410958904109,15.795123287671233,,36.35
402905099115301,2009,40.4848551,-99.1983097,2241.11,30.85344511248748,9.77372602739726,654.45,68.90076712328766,3.458410958904109,15.795123287671233,,33.24
402853099104601,2009,40.4815796,-99.179559,2221.31,26.26583877457673,9.77372602739726,654.45,68.90076712328766,3.458410958904109,15.795123287671233,,18.9
402945099151900,2009,40.49312395,-99.25285328,2243.78,22.57984946575759,9.77372602739726,654.45,68.90076712328766,3.458410958904109,15.795123287671233,,21.66
402853099152001,2009,40.4816481,-99.2557469,2251.06,25.15288930691782,9.77372602739726,654.45,68.90076712328766,3.458410958904109,15.795123287671233,,27.52
402851099130101,2009,40.4809986,-99.2168379,2244.15,30.058406066390347,9.77372602739726,654.45,68.90076712328766,3.458410958904109,15.795123287671233,,30.91
403014099213701,2009,40.50113773,-99.35723759,2325.73,35.55742574442244,9.77372602739726,654.45,68.90076712328766,3.458410958904109,15.795123287671233,,41.0
402924099235501,2009,40.4901949,-99.398706,2336.37,54.80687679677879,9.77372602739726,654.45,68.90076712328766,3.458410958904109,15.795123287671233,,56.15
402716099212401,2009,40.4529071,-99.3592878,2307.74,74.14466257986027,9.77372602739726,654.45,68.90076712328766,3.458410958904109,15.795123287671233,,71.65
403123099261501,2009,40.52446389,-99.436875,2361.96,40.45909789643221,9.77372602739726,654.45,68.90076712328766,3.458410958904109,15.795123287671233,,44.35
403125099295701,2009,40.5247252,-99.4992246,2402.13,68.45360633623189,9.77372602739726,654.45,68.90076712328766,3.458410958904109,15.795123287671233,,66.0
403037099313401,2009,40.5104684,-99.5262137,2408.97,85.01419491765068,9.77372602739726,654.45,68.90076712328766,3.458410958904109,15.795123287671233,,77.46
402821099282901,2009,40.47215973,-99.47068872,2363.91,98.32163459978636,9.77372602739726,654.45,68.90076712328766,3.458410958904109,15.795123287671233,,93.84
403638099154301,2009,40.60901195,-99.26298962,2222.0,17.734574494648115,9.77372602739726,654.45,68.90076712328766,3.458410958904109,15.795123287671233,,13.8
403453099141801,2009,40.58307501,-99.2365144,2255.34,39.351706220045685,9.77372602739726,654.45,68.90076712328766,3.458410958904109,15.795123287671233,,51.82
403328099181202,2009,40.5577906,-99.3033482,2272.01,28.767694571589704,9.77372602739726,654.45,68.90076712328766,3.458410958904109,15.795123287671233,,28.95
403335099150901,2009,40.55977478,-99.25286046,2241.29,31.35342702645257,9.77372602739726,654.45,68.90076712328766,3.458410958904109,15.795123287671233,,30.5
403348099114401,2009,40.5613598133333,-99.1983188,2236.17,28.784983164600707,9.77372602739726,654.45,68.90076712328766,3.458410958904109,15.795123287671233,,38.98
403507099234101,2009,40.5836771413889,-99.3985091,2295.65,14.25952754498526,9.77372602739726,654.45,68.90076712328766,3.458410958904109,15.795123287671233,,13.42
403520099201601,2009,40.5886101475,-99.3416473,2265.95,17.294042719512266,9.77372602739726,654.45,68.90076712328766,3.458410958904109,15.795123287671233,,16.06
403453099190801,2009,40.5807096794444,-99.3229107,2282.14,30.481753430333296,9.77372602739726,654.45,68.90076712328766,3.458410958904109,15.795123287671233,,39.41
403322099210701,2009,40.55622914,-99.3528114,2284.27,17.82075177891612,9.77372602739726,654.45,68.90076712328766,3.458410958904109,15.795123287671233,,20.81
403322099201601,2009,40.5547811,-99.3416484,2267.67,13.176075973523371,9.77372602739726,654.45,68.90076712328766,3.458410958904109,15.795123287671233,,7.23
403230099195901,2009,40.54167314,-99.3339024,2269.36,14.973256796874978,9.77372602739726,654.45,68.90076712328766,3.458410958904109,15.795123287671233,,10.06
403138099235801,2009,40.5255500233333,-99.399115,2328.14,29.99390542967035,9.77372602739726,654.45,68.90076712328766,3.458410958904109,15.795123287671233,,29.53
403138099190801,2009,40.5255972,-99.3224515,2277.27,22.414936617924614,9.77372602739726,654.45,68.90076712328766,3.458410958904109,15.795123287671233,,21.45
403540099260001,2009,40.5946306,-99.4353739,2323.77,22.447046823763355,9.77372602739726,654.45,68.90076712328766,3.458410958904109,15.795123287671233,,23.71
403507099254101,2009,40.58520714,-99.42844836,2318.5,21.136065916844984,9.77372602739726,654.45,68.90076712328766,3.458410958904109,15.795123287671233,,23.0
403433099250001,2009,40.576331,-99.4179046,2315.55,17.21914394440987,9.77372602739726,654.45,68.90076712328766,3.458410958904109,15.795123287671233,,17.32
403454099304801,2009,40.57931189,-99.51412709,2390.5,38.48664553824396,9.77372602739726,654.45,68.90076712328766,3.458410958904109,15.795123287671233,,37.25
403322099304801,2009,40.5542755075,-99.5122815,2411.43,59.33198462005295,9.77372602739726,654.45,68.90076712328766,3.458410958904109,15.795123287671233,,60.0
403322099272302,2009,40.5545803,-99.4609332,2349.56,17.36496884301276,9.77372602739726,654.45,68.90076712328766,3.458410958904109,15.795123287671233,,19.25
403322099264901,2009,40.5543545569444,-99.4489925,2342.74,14.952738202468996,9.77372602739726,654.45,68.90076712328766,3.458410958904109,15.795123287671233,,16.22
403322099254101,2009,40.5542755,-99.4303042,2335.12,16.027355578410905,9.77372602739726,654.45,68.90076712328766,3.458410958904109,15.795123287671233,,18.5
403309099250701,2009,40.5543784,-99.4199673,2322.67,14.898949528045916,9.77372602739726,654.45,68.90076712328766,3.458410958904109,15.795123287671233,,12.69
403309099270601,2009,40.55026689,-99.45178833,2342.87,17.18636795662682,9.77372602739726,654.45,68.90076712328766,3.458410958904109,15.795123287671233,,16.82
403224099261801,2009,40.54167314,-99.43849253,2347.7,21.66465854626596,9.77372602739726,654.45,68.90076712328766,3.458410958904109,15.795123287671233,,21.17
403309099281401,2009,40.5521635,-99.4737128,2354.64,21.13229003408103,9.77372602739726,654.45,68.90076712328766,3.458410958904109,15.795123287671233,,17.46
403217099312001,2009,40.5392815,-99.5207383,2451.89,84.1028795959908,9.77372602739726,654.45,68.90076712328766,3.458410958904109,15.795123287671233,,104.24
403625099315401,2009,40.60535831,-99.53303177,2384.53,37.98509248132506,9.77372602739726,654.45,68.90076712328766,3.458410958904109,15.795123287671233,,35.21
403625099361001,2009,40.60535831,-99.60306609,2454.12,85.88609924597856,9.77372602739726,654.45,68.90076712328766,3.458410958904109,15.795123287671233,,86.78
403431099362101,2009,40.5754557,-99.6058865,2477.16,86.17328053242647,9.77372602739726,654.45,68.90076712328766,3.458410958904109,15.795123287671233,,89.0
403322099371801,2009,40.5557047,-99.6247601,2465.78,92.92482257446883,9.77372602739726,654.45,68.90076712328766,3.458410958904109,15.795123287671233,,77.48
403163099379201,2009,40.52718414,-99.63201494,2519.15,148.9515773572043,9.77372602739726,654.45,68.90076712328766,3.458410958904109,15.795123287671233,,156.32
403137099330201,2009,40.5263766547222,-99.5496279,2405.25,71.04560591746394,9.77372602739726,654.45,68.90076712328766,3.458410958904109,15.795123287671233,,57.67
403915099190801,2009,40.6573434,-99.3214291,2234.03,11.020757927367947,9.77372602739726,654.45,68.90076712328766,3.458410958904109,15.795123287671233,,8.32
403954099255801,2009,40.667854,-99.4364595,2268.93,3.275410509113017,9.77372602739726,654.45,68.90076712328766,3.458410958904109,15.795123287671233,,2.32
404007099294001,2009,40.6709022,-99.4936146,2290.54,7.002461701137279,9.77372602739726,654.45,68.90076712328766,3.458410958904109,15.795123287671233,,9.53
403902099313701,2009,40.6483999,-99.5291531,2345.9,28.997071891398367,9.77372602739726,654.45,68.90076712328766,3.458410958904109,15.795123287671233,,33.85
403739099281601,2009,40.627653,-99.4742905,2324.54,22.89911577778434,9.77372602739726,654.45,68.90076712328766,3.458410958904109,15.795123287671233,,21.57
403646099293301,2009,40.6127772,-99.4935704,2354.25,24.37416914302432,9.77372602739726,654.45,68.90076712328766,3.458410958904109,15.795123287671233,,17.68
403651099281401,2009,40.613021,-99.4747929,2345.39,31.508449269570544,9.77372602739726,654.45,68.90076712328766,3.458410958904109,15.795123287671233,,40.48
404020099355301,2009,40.6710839,-99.5961084,2326.91,10.163138103536992,9.77372602739726,654.45,68.90076712328766,3.458410958904109,15.795123287671233,,6.66
403928099333601,2009,40.6571948,-99.5612991,2355.41,26.18854600152668,9.77372602739726,654.45,68.90076712328766,3.458410958904109,15.795123287671233,,38.7
403941099331901,2009,40.66044972,-99.55637462,2347.21,17.222793966313176,9.77372602739726,654.45,68.90076712328766,3.458410958904109,15.795123287671233,,5.67
403941099342701,2009,40.6636923,-99.5766538,2326.71,14.004502910882236,9.77372602739726,654.45,68.90076712328766,3.458410958904109,15.795123287671233,,9.52
404007099351901,2009,40.6709256,-99.5865622,2322.26,8.43415649673697,9.77372602739726,654.45,68.90076712328766,3.458410958904109,15.795123287671233,,9.75
403928099371801,2009,40.655954,-99.6202609,2432.98,68.98490157199424,9.77372602739726,654.45,68.90076712328766,3.458410958904109,15.795123287671233,,84.12
403822099324501,2009,40.6415361,-99.5482644,2377.53,37.142734594100446,9.77372602739726,654.45,68.90076712328766,3.458410958904109,15.795123287671233,,41.4
403730099373501,2009,40.6268217,-99.6246292,2471.08,91.04641493919176,9.77372602739726,654.45,68.90076712328766,3.458410958904109,15.795123287671233,,92.0
403644099350001,2009,40.61418514,-99.57972132,2418.26,67.95390319213621,9.77372602739726,654.45,68.90076712328766,3.458410958904109,15.795123287671233,,69.0
403922099223301,2009,40.65834351,-99.38037703,2253.27,7.60001688944851,9.77372602739726,654.45,68.90076712328766,3.458410958904109,15.795123287671233,,6.93
404016099370201,2009,40.6711189,-99.61760995,2335.44,20.999174375157377,9.77372602739726,654.45,68.90076712328766,3.458410958904109,15.795123287671233,,5.92
402524099201601,2009,40.42334431,-99.33815365,2312.07,109.94260442540296,9.77372602739726,654.45,68.90076712328766,3.458410958904109,15.795123287671233,,114.53
403123099261501,2009,40.52446389,-99.436875,2361.96,40.45909789643221,9.77372602739726,654.45,68.90076712328766,3.458410958904109,15.795123287671233,,43.21
403123099261501,2009,40.52446389,-99.436875,2361.96,40.45909789643221,9.77372602739726,654.45,68.90076712328766,3.458410958904109,15.795123287671233,,41.75
403132099381001,2009,40.52556319,-99.63650076,2517.21,154.98312088226842,9.77372602739726,654.45,68.90076712328766,3.458410958904109,15.795123287671233,,153.56
403217099235801,2009,40.53806574,-99.39982287,2321.45,22.92245759552912,9.77372602739726,654.45,68.90076712328766,3.458410958904109,15.795123287671233,,23.88
403014099213701,2003,40.50113773,-99.35723759,2325.73,32.67167112296328,11.669397260273973,498.43,59.134328767123286,3.4380273972602744,16.324191780821916,,30.8
403014099213701,2006,40.50113773,-99.35723759,2325.73,35.680381702922865,12.111013698630138,647.73,59.76945205479451,3.5661095890410954,16.53980821917808,,29.26
403014099213701,2007,40.50113773,-99.35723759,2325.73,35.37085378698871,11.085424657534245,846.89,69.75419178082191,3.515205479452055,16.23317808219178,,37.43
403014099213701,2007,40.50113773,-99.35723759,2325.73,35.37085378698871,11.085424657534245,846.89,69.75419178082191,3.515205479452055,16.23317808219178,,29.42
403014099213701,2008,40.50113773,-99.35723759,2325.73,37.9508180265267,9.928142076502732,875.2,67.25486338797813,3.6044262295081966,16.340491803278688,,36.86
403037099111401,2006,40.5103457694444,-99.1873426,2237.5,33.00213991772236,12.111013698630138,647.73,59.76945205479451,3.5661095890410954,16.53980821917808,,33.09
403037099111401,2007,40.5103457694444,-99.1873426,2237.5,30.924321309014044,11.085424657534245,846.89,69.75419178082191,3.515205479452055,16.23317808219178,,32.24
403037099111401,2007,40.5103457694444,-99.1873426,2237.5,30.924321309014044,11.085424657534245,846.89,69.75419178082191,3.515205479452055,16.23317808219178,,30.16
403037099111401,2008,40.5103457694444,-99.1873426,2237.5,29.20227190383404,9.928142076502732,875.2,67.25486338797813,3.6044262295081966,16.340491803278688,,30.17
403037099135301,2006,40.5105526386111,-99.2316379,2239.33,27.60850042168517,12.111013698630138,647.73,59.76945205479451,3.5661095890410954,16.53980821917808,,21.36
403037099135301,2007,40.5105526386111,-99.2316379,2239.33,24.246224171183364,11.085424657534245,846.89,69.75419178082191,3.515205479452055,16.23317808219178,,20.2
403037099135301,2007,40.5105526386111,-99.2316379,2239.33,24.246224171183364,11.085424657534245,846.89,69.75419178082191,3.515205479452055,16.23317808219178,,17.28
403037099135301,2008,40.5105526386111,-99.2316379,2239.33,24.26162968941078,9.928142076502732,875.2,67.25486338797813,3.6044262295081966,16.340491803278688,,18.3
403037099313401,2003,40.5104684,-99.5262137,2408.97,80.86842574445049,11.669397260273973,498.43,59.134328767123286,3.4380273972602744,16.324191780821916,,73.71
403037099313401,2006,40.5104684,-99.5262137,2408.97,88.29065072736296,12.111013698630138,647.73,59.76945205479451,3.5661095890410954,16.53980821917808,,82.22
403037099313401,2007,40.5104684,-99.5262137,2408.97,87.19219209001774,11.085424657534245,846.89,69.75419178082191,3.515205479452055,16.23317808219178,,80.45
402107099262000,2000,40.35080555555556,-99.43768055555556,2363.91,203.5397798541416,11.749371584699455,552.94,58.68125683060109,3.488169398907104,16.321967213114753,,201.54
402107099262000,2000,40.35080555555556,-99.43768055555556,2363.91,203.5397798541416,11.749371584699455,552.94,58.68125683060109,3.488169398907104,16.321967213114753,,203.23
402107099262000,2001,40.35080555555556,-99.43768055555556,2363.91,203.1698635541386,11.778054794520548,626.51,63.07638356164384,3.403150684931507,16.479589041095892,,201.98
402107099262000,2001,40.35080555555556,-99.43768055555556,2363.91,203.1698635541386,11.778054794520548,626.51,63.07638356164384,3.403150684931507,16.479589041095892,,202.07
402107099262000,2002,40.35080555555556,-99.43768055555556,2363.91,202.1096852300178,11.747835616438357,380.73,56.3613698630137,3.648383561643836,16.674520547945203,,200.75
402107099262000,2003,40.35080555555556,-99.43768055555556,2363.91,204.40430160101053,11.669397260273973,498.43,59.134328767123286,3.4380273972602744,16.324191780821916,,202.29
402107099262000,2003,40.35080555555556,-99.43768055555556,2363.91,204.40430160101053,11.669397260273973,498.43,59.134328767123286,3.4380273972602744,16.324191780821916,,204.79
402107099262000,2004,40.35080555555556,-99.43768055555556,2363.91,203.5756859853627,11.452868852459016,645.8100000000001,63.159699453551916,3.455382513661202,16.150901639344262,,202.57
402107099262000,2005,40.35080555555556,-99.43768055555556,2363.91,202.73529705582004,11.73095890410959,631.46,64.1328493150685,3.4875890410958905,16.385753424657533,,203.14
402107099262000,2006,40.35080555555556,-99.43768055555556,2363.91,203.8823430138813,12.111013698630138,647.73,59.76945205479451,3.5661095890410954,16.53980821917808,,203.23
402107099262000,2006,40.35080555555556,-99.43768055555556,2363.91,203.8823430138813,12.111013698630138,647.73,59.76945205479451,3.5661095890410954,16.53980821917808,,203.66
402107099262000,2007,40.35080555555556,-99.43768055555556,2363.91,203.51829969622244,11.085424657534245,846.89,69.75419178082191,3.515205479452055,16.23317808219178,,202.38
402107099262000,2007,40.35080555555556,-99.43768055555556,2363.91,203.51829969622244,11.085424657534245,846.89,69.75419178082191,3.515205479452055,16.23317808219178,,203.48
402110099140001,2006,40.351999,-99.2329232,2283.76,160.24880765828846,12.111013698630138,647.73,59.76945205479451,3.5661095890410954,16.53980821917808,,171.17
402110099140001,2007,40.351999,-99.2329232,2283.76,159.71366995793642,11.085424657534245,846.89,69.75419178082191,3.515205479452055,16.23317808219178,,171.24
402110099140001,2008,40.351999,-99.2329232,2283.76,161.55983470307928,9.928142076502732,875.2,67.25486338797813,3.6044262295081966,16.340491803278688,,170.1
402115099213100,2000,40.35468888888889,-99.35943333333331,2345.58,205.53660728347623,11.749371584699455,552.94,58.68125683060109,3.488169398907104,16.321967213114753,,206.6
402115099213100,2000,40.35468888888889,-99.35943333333331,2345.58,205.53660728347623,11.749371584699455,552.94,58.68125683060109,3.488169398907104,16.321967213114753,,207.9
402115099213100,2001,40.35468888888889,-99.35943333333331,2345.58,204.5788763378557,11.778054794520548,626.51,63.07638356164384,3.403150684931507,16.479589041095892,,206.28
402115099213100,2001,40.35468888888889,-99.35943333333331,2345.58,204.5788763378557,11.778054794520548,626.51,63.07638356164384,3.403150684931507,16.479589041095892,,206.05
402115099213100,2002,40.35468888888889,-99.35943333333331,2345.58,202.57746080302147,11.747835616438357,380.73,56.3613698630137,3.648383561643836,16.674520547945203,,205.14
402115099213100,2003,40.35468888888889,-99.35943333333331,2345.58,206.01289369327168,11.669397260273973,498.43,59.134328767123286,3.4380273972602744,16.324191780821916,,206.66
402115099213100,2003,40.35468888888889,-99.35943333333331,2345.58,206.01289369327168,11.669397260273973,498.43,59.134328767123286,3.4380273972602744,16.324191780821916,,208.54
402115099213100,2004,40.35468888888889,-99.35943333333331,2345.58,206.534966819905,11.452868852459016,645.8100000000001,63.159699453551916,3.455382513661202,16.150901639344262,,209.86
402115099213100,2005,40.35468888888889,-99.35943333333331,2345.58,204.84661268997027,11.73095890410959,631.46,64.1328493150685,3.4875890410958905,16.385753424657533,,207.9
402115099213100,2006,40.35468888888889,-99.35943333333331,2345.58,206.52642906323828,12.111013698630138,647.73,59.76945205479451,3.5661095890410954,16.53980821917808,,207.52
402115099213100,2006,40.35468888888889,-99.35943333333331,2345.58,206.52642906323828,12.111013698630138,647.73,59.76945205479451,3.5661095890410954,16.53980821917808,,210.13
402115099213100,2007,40.35468888888889,-99.35943333333331,2345.58,204.933224881656,11.085424657534245,846.89,69.75419178082191,3.515205479452055,16.23317808219178,,206.6
402115099213100,2007,40.35468888888889,-99.35943333333331,2345.58,204.933224881656,11.085424657534245,846.89,69.75419178082191,3.515205479452055,16.23317808219178,,207.52
402124099201601,2006,40.3563466,-99.3403749,2318.47,188.27847919849415,12.111013698630138,647.73,59.76945205479451,3.5661095890410954,16.53980821917808,,185.49
402124099201601,2007,40.3563466,-99.3403749,2318.47,188.76540410937216,11.085424657534245,846.89,69.75419178082191,3.515205479452055,16.23317808219178,,187.14
402124099201601,2008,40.3563466,-99.3403749,2318.47,187.43194304945968,9.928142076502732,875.2,67.25486338797813,3.6044262295081966,16.340491803278688,,184.4
402159099301600,2000,40.3649,-99.50220555555556,2377.49,182.3591820223973,11.749371584699455,552.94,58.68125683060109,3.488169398907104,16.321967213114753,,183.02
402159099301600,2000,40.3649,-99.50220555555556,2377.49,182.3591820223973,11.749371584699455,552.94,58.68125683060109,3.488169398907104,16.321967213114753,,184.83
402159099301600,2001,40.3649,-99.50220555555556,2377.49,182.12971161212369,11.778054794520548,626.51,63.07638356164384,3.403150684931507,16.479589041095892,,183.23
402159099301600,2001,40.3649,-99.50220555555556,2377.49,182.12971161212369,11.778054794520548,626.51,63.07638356164384,3.403150684931507,16.479589041095892,,183.39
402159099301600,2002,40.3649,-99.50220555555556,2377.49,180.2321292207864,11.747835616438357,380.73,56.3613698630137,3.648383561643836,16.674520547945203,,182.21
402159099301600,2003,40.3649,-99.50220555555556,2377.49,182.9449969774331,11.669397260273973,498.43,59.134328767123286,3.4380273972602744,16.324191780821916,,183.59
402159099301600,2003,40.3649,-99.50220555555556,2377.49,182.9449969774331,11.669397260273973,498.43,59.134328767123286,3.4380273972602744,16.324191780821916,,185.05
402159099301600,2004,40.3649,-99.50220555555556,2377.49,181.59195058682192,11.452868852459016,645.8100000000001,63.159699453551916,3.455382513661202,16.150901639344262,,183.85
402159099301600,2005,40.3649,-99.50220555555556,2377.49,181.13267373695408,11.73095890410959,631.46,64.1328493150685,3.4875890410958905,16.385753424657533,,184.03
402159099301600,2006,40.3649,-99.50220555555556,2377.49,185.14170879700123,12.111013698630138,647.73,59.76945205479451,3.5661095890410954,16.53980821917808,,183.98
402159099301600,2006,40.3649,-99.50220555555556,2377.49,185.14170879700123,12.111013698630138,647.73,59.76945205479451,3.5661095890410954,16.53980821917808,,185.12
402159099301600,2007,40.3649,-99.50220555555556,2377.49,182.12859906850505,11.085424657534245,846.89,69.75419178082191,3.515205479452055,16.23317808219178,,184.36
402159099301600,2007,40.3649,-99.50220555555556,2377.49,182.12859906850505,11.085424657534245,846.89,69.75419178082191,3.515205479452055,16.23317808219178,,186.18
402159099301600,2008,40.3649,-99.50220555555556,2377.49,178.6638741524882,9.928142076502732,875.2,67.25486338797813,3.6044262295081966,16.340491803278688,,182.99
402159099301600,2008,40.3649,-99.50220555555556,2377.49,178.6638741524882,9.928142076502732,875.2,67.25486338797813,3.6044262295081966,16.340491803278688,,185.43
402200099160700,2000,40.3669,-99.267175,2280.22,145.84917565167316,11.749371584699455,552.94,58.68125683060109,3.488169398907104,16.321967213114753,,147.0
402200099160700,2000,40.3669,-99.267175,2280.22,145.84917565167316,11.749371584699455,552.94,58.68125683060109,3.488169398907104,16.321967213114753,,148.44
402200099160700,2001,40.3669,-99.267175,2280.22,145.1665965337112,11.778054794520548,626.51,63.07638356164384,3.403150684931507,16.479589041095892,,147.22
402200099160700,2001,40.3669,-99.267175,2280.22,145.1665965337112,11.778054794520548,626.51,63.07638356164384,3.403150684931507,16.479589041095892,,147.4
402200099160700,2002,40.3669,-99.267175,2280.22,144.65409773954588,11.747835616438357,380.73,56.3613698630137,3.648383561643836,16.674520547945203,,146.77
402200099160700,2003,40.3669,-99.267175,2280.22,147.30961468513027,11.669397260273973,498.43,59.134328767123286,3.4380273972602744,16.324191780821916,,148.24
402200099160700,2003,40.3669,-99.267175,2280.22,147.30961468513027,11.669397260273973,498.43,59.134328767123286,3.4380273972602744,16.324191780821916,,149.66
402200099160700,2004,40.3669,-99.267175,2280.22,147.13843806134776,11.452868852459016,645.8100000000001,63.159699453551916,3.455382513661202,16.150901639344262,,149.11
402200099160700,2005,40.3669,-99.267175,2280.22,148.51799627379043,11.73095890410959,631.46,64.1328493150685,3.4875890410958905,16.385753424657533,,149.86
402200099160700,2006,40.3669,-99.267175,2280.22,150.22341515363684,12.111013698630138,647.73,59.76945205479451,3.5661095890410954,16.53980821917808,,150.4
402200099160700,2006,40.3669,-99.267175,2280.22,150.22341515363684,12.111013698630138,647.73,59.76945205479451,3.5661095890410954,16.53980821917808,,151.19
402200099160700,2007,40.3669,-99.267175,2280.22,150.20086629667293,11.085424657534245,846.89,69.75419178082191,3.515205479452055,16.23317808219178,,150.82
402200099160700,2007,40.3669,-99.267175,2280.22,150.20086629667293,11.085424657534245,846.89,69.75419178082191,3.515205479452055,16.23317808219178,,150.32
402233099341700,2000,40.376269444444446,-99.57279166666666,2335.32,112.05432388606168,11.749371584699455,552.94,58.68125683060109,3.488169398907104,16.321967213114753,,113.33
402233099341700,2000,40.376269444444446,-99.57279166666666,2335.32,112.05432388606168,11.749371584699455,552.94,58.68125683060109,3.488169398907104,16.321967213114753,,115.67
402233099341700,2001,40.376269444444446,-99.57279166666666,2335.32,111.38836694697564,11.778054794520548,626.51,63.07638356164384,3.403150684931507,16.479589041095892,,112.84
402233099341700,2001,40.376269444444446,-99.57279166666666,2335.32,111.38836694697564,11.778054794520548,626.51,63.07638356164384,3.403150684931507,16.479589041095892,,113.38
402233099341700,2002,40.376269444444446,-99.57279166666666,2335.32,109.56958459276134,11.747835616438357,380.73,56.3613698630137,3.648383561643836,16.674520547945203,,112.52
402233099341700,2003,40.376269444444446,-99.57279166666666,2335.32,111.0296739319301,11.669397260273973,498.43,59.134328767123286,3.4380273972602744,16.324191780821916,,112.98
402233099341700,2003,40.376269444444446,-99.57279166666666,2335.32,111.0296739319301,11.669397260273973,498.43,59.134328767123286,3.4380273972602744,16.324191780821916,,114.26
402233099341700,2004,40.376269444444446,-99.57279166666666,2335.32,109.42421551784189,11.452868852459016,645.8100000000001,63.159699453551916,3.455382513661202,16.150901639344262,,113.38
402233099341700,2005,40.376269444444446,-99.57279166666666,2335.32,109.90711024074884,11.73095890410959,631.46,64.1328493150685,3.4875890410958905,16.385753424657533,,114.25
402233099341700,2006,40.376269444444446,-99.57279166666666,2335.32,111.75480921176022,12.111013698630138,647.73,59.76945205479451,3.5661095890410954,16.53980821917808,,113.56
402233099341700,2006,40.376269444444446,-99.57279166666666,2335.32,111.75480921176022,12.111013698630138,647.73,59.76945205479451,3.5661095890410954,16.53980821917808,,113.89
402233099341700,2007,40.376269444444446,-99.57279166666666,2335.32,110.60355992306395,11.085424657534245,846.89,69.75419178082191,3.515205479452055,16.23317808219178,,113.18
402233099341700,2007,40.376269444444446,-99.57279166666666,2335.32,110.60355992306395,11.085424657534245,846.89,69.75419178082191,3.515205479452055,16.23317808219178,,113.19
402320099231001,2000,40.38914722222222,-99.38615277777778,2384.17,208.71656776405223,11.749371584699455,552.94,58.68125683060109,3.488169398907104,16.321967213114753,,217.05
402320099231001,2000,40.38914722222222,-99.38615277777778,2384.17,208.71656776405223,11.749371584699455,552.94,58.68125683060109,3.488169398907104,16.321967213114753,,219.14
402320099231001,2001,40.38914722222222,-99.38615277777778,2384.17,208.12326737613125,11.778054794520548,626.51,63.07638356164384,3.403150684931507,16.479589041095892,,217.36
402320099231001,2001,40.38914722222222,-99.38615277777778,2384.17,208.12326737613125,11.778054794520548,626.51,63.07638356164384,3.403150684931507,16.479589041095892,,218.46
402320099231001,2002,40.38914722222222,-99.38615277777778,2384.17,204.23137262484408,11.747835616438357,380.73,56.3613698630137,3.648383561643836,16.674520547945203,,216.47
402320099231001,2003,40.38914722222222,-99.38615277777778,2384.17,210.4483472927485,11.669397260273973,498.43,59.134328767123286,3.4380273972602744,16.324191780821916,,217.86
402320099231001,2003,40.38914722222222,-99.38615277777778,2384.17,210.4483472927485,11.669397260273973,498.43,59.134328767123286,3.4380273972602744,16.324191780821916,,220.37
402320099231001,2004,40.38914722222222,-99.38615277777778,2384.17,207.49074956408276,11.452868852459016,645.8100000000001,63.159699453551916,3.455382513661202,16.150901639344262,,218.61
402320099231001,2005,40.38914722222222,-99.38615277777778,2384.17,206.91116492291656,11.73095890410959,631.46,64.1328493150685,3.4875890410958905,16.385753424657533,,218.82
402320099231001,2006,40.38914722222222,-99.38615277777778,2384.17,210.67476957166997,12.111013698630138,647.73,59.76945205479451,3.5661095890410954,16.53980821917808,,219.56
402320099231001,2006,40.38914722222222,-99.38615277777778,2384.17,210.67476957166997,12.111013698630138,647.73,59.76945205479451,3.5661095890410954,16.53980821917808,,223.29
402320099231001,2007,40.38914722222222,-99.38615277777778,2384.17,207.5617939784404,11.085424657534245,846.89,69.75419178082191,3.515205479452055,16.23317808219178,,218.29
402320099231001,2007,40.38914722222222,-99.38615277777778,2384.17,207.5617939784404,11.085424657534245,846.89,69.75419178082191,3.515205479452055,16.23317808219178,,219.26
402326099185300,2000,40.390366666666665,-99.31649722222222,2306.56,148.1332119289163,11.749371584699455,552.94,58.68125683060109,3.488169398907104,16.321967213114753,,148.02
402326099185300,2000,40.390366666666665,-99.31649722222222,2306.56,148.1332119289163,11.749371584699455,552.94,58.68125683060109,3.488169398907104,16.321967213114753,,150.0
402326099185300,2001,40.390366666666665,-99.31649722222222,2306.56,145.9980136232724,11.778054794520548,626.51,63.07638356164384,3.403150684931507,16.479589041095892,,147.09
402326099185300,2001,40.390366666666665,-99.31649722222222,2306.56,145.9980136232724,11.778054794520548,626.51,63.07638356164384,3.403150684931507,16.479589041095892,,148.06
402326099185300,2002,40.390366666666665,-99.31649722222222,2306.56,145.1054173820758,11.747835616438357,380.73,56.3613698630137,3.648383561643836,16.674520547945203,,146.52
402326099185300,2003,40.390366666666665,-99.31649722222222,2306.56,148.44344590722963,11.669397260273973,498.43,59.134328767123286,3.4380273972602744,16.324191780821916,,148.5
402326099185300,2003,40.390366666666665,-99.31649722222222,2306.56,148.44344590722963,11.669397260273973,498.43,59.134328767123286,3.4380273972602744,16.324191780821916,,150.35
402326099185300,2004,40.390366666666665,-99.31649722222222,2306.56,147.20207127603356,11.452868852459016,645.8100000000001,63.159699453551916,3.455382513661202,16.150901639344262,,149.16
402326099185300,2005,40.390366666666665,-99.31649722222222,2306.56,147.97001710246326,11.73095890410959,631.46,64.1328493150685,3.4875890410958905,16.385753424657533,,151.16
402326099185300,2006,40.390366666666665,-99.31649722222222,2306.56,150.275527585737,12.111013698630138,647.73,59.76945205479451,3.5661095890410954,16.53980821917808,,150.97
402326099185300,2006,40.390366666666665,-99.31649722222222,2306.56,150.275527585737,12.111013698630138,647.73,59.76945205479451,3.5661095890410954,16.53980821917808,,152.03
402326099185300,2007,40.390366666666665,-99.31649722222222,2306.56,149.2114766698372,11.085424657534245,846.89,69.75419178082191,3.515205479452055,16.23317808219178,,150.95
402326099185300,2007,40.390366666666665,-99.31649722222222,2306.56,149.2114766698372,11.085424657534245,846.89,69.75419178082191,3.515205479452055,16.23317808219178,,151.61
402342099143300,2000,40.39436388888889,-99.24273333333332,2261.52,107.11752879570462,11.749371584699455,552.94,58.68125683060109,3.488169398907104,16.321967213114753,,109.56
402342099143300,2000,40.39436388888889,-99.24273333333332,2261.52,107.11752879570462,11.749371584699455,552.94,58.68125683060109,3.488169398907104,16.321967213114753,,111.76
402342099143300,2001,40.39436388888889,-99.24273333333332,2261.52,106.95225157874474,11.778054794520548,626.51,63.07638356164384,3.403150684931507,16.479589041095892,,109.66
402342099143300,2001,40.39436388888889,-99.24273333333332,2261.52,106.95225157874474,11.778054794520548,626.51,63.07638356164384,3.403150684931507,16.479589041095892,,110.89
402342099143300,2002,40.39436388888889,-99.24273333333332,2261.52,105.61686320373003,11.747835616438357,380.73,56.3613698630137,3.648383561643836,16.674520547945203,,109.37
402342099143300,2003,40.39436388888889,-99.24273333333332,2261.52,109.77123049805137,11.669397260273973,498.43,59.134328767123286,3.4380273972602744,16.324191780821916,,111.62
402342099143300,2003,40.39436388888889,-99.24273333333332,2261.52,109.77123049805137,11.669397260273973,498.43,59.134328767123286,3.4380273972602744,16.324191780821916,,113.99
402342099143300,2004,40.39436388888889,-99.24273333333332,2261.52,109.3506212344426,11.452868852459016,645.8100000000001,63.159699453551916,3.455382513661202,16.150901639344262,,112.94
402342099143300,2005,40.39436388888889,-99.24273333333332,2261.52,109.84501599404018,11.73095890410959,631.46,64.1328493150685,3.4875890410958905,16.385753424657533,,114.22
402342099143300,2006,40.39436388888889,-99.24273333333332,2261.52,112.40790073958075,12.111013698630138,647.73,59.76945205479451,3.5661095890410954,16.53980821917808,,114.88
402342099143300,2006,40.39436388888889,-99.24273333333332,2261.52,112.40790073958075,12.111013698630138,647.73,59.76945205479451,3.5661095890410954,16.53980821917808,,115.99
402342099143300,2007,40.39436388888889,-99.24273333333332,2261.52,111.43692845628354,11.085424657534245,846.89,69.75419178082191,3.515205479452055,16.23317808219178,,115.04
402342099143300,2007,40.39436388888889,-99.24273333333332,2261.52,111.43692845628354,11.085424657534245,846.89,69.75419178082191,3.515205479452055,16.23317808219178,,115.36
402404099383400,2007,40.40166972222222,-99.64190722222224,2363.94,92.44595786554932,11.085424657534245,846.89,69.75419178082191,3.515205479452055,16.23317808219178,,91.11
402406099311800,2000,40.40154444444444,-99.52104166666666,2406.07,180.68468790862,11.749371584699455,552.94,58.68125683060109,3.488169398907104,16.321967213114753,,183.3
402406099311800,2000,40.40154444444444,-99.52104166666666,2406.07,180.68468790862,11.749371584699455,552.94,58.68125683060109,3.488169398907104,16.321967213114753,,185.07
402406099311800,2001,40.40154444444444,-99.52104166666666,2406.07,180.63364957882837,11.778054794520548,626.51,63.07638356164384,3.403150684931507,16.479589041095892,,182.98
402406099311800,2001,40.40154444444444,-99.52104166666666,2406.07,180.63364957882837,11.778054794520548,626.51,63.07638356164384,3.403150684931507,16.479589041095892,,183.83
402406099311800,2002,40.40154444444444,-99.52104166666666,2406.07,177.57697275871942,11.747835616438357,380.73,56.3613698630137,3.648383561643836,16.674520547945203,,181.75
402406099311800,2003,40.40154444444444,-99.52104166666666,2406.07,181.31899730269456,11.669397260273973,498.43,59.134328767123286,3.4380273972602744,16.324191780821916,,183.33
402406099311800,2003,40.40154444444444,-99.52104166666666,2406.07,181.31899730269456,11.669397260273973,498.43,59.134328767123286,3.4380273972602744,16.324191780821916,,185.52
402406099311800,2004,40.40154444444444,-99.52104166666666,2406.07,179.18599742551382,11.452868852459016,645.8100000000001,63.159699453551916,3.455382513661202,16.150901639344262,,183.74
402406099311800,2005,40.40154444444444,-99.52104166666666,2406.07,179.71521135479978,11.73095890410959,631.46,64.1328493150685,3.4875890410958905,16.385753424657533,,184.49
402406099311800,2006,40.40154444444444,-99.52104166666666,2406.07,181.45984479694687,12.111013698630138,647.73,59.76945205479451,3.5661095890410954,16.53980821917808,,184.33
402406099311800,2006,40.40154444444444,-99.52104166666666,2406.07,181.45984479694687,12.111013698630138,647.73,59.76945205479451,3.5661095890410954,16.53980821917808,,184.91
402406099311800,2007,40.40154444444444,-99.52104166666666,2406.07,180.94524649572224,11.085424657534245,846.89,69.75419178082191,3.515205479452055,16.23317808219178,,183.58
402406099311800,2007,40.40154444444444,-99.52104166666666,2406.07,180.94524649572224,11.085424657534245,846.89,69.75419178082191,3.515205479452055,16.23317808219178,,184.5
402406099311800,2008,40.40154444444444,-99.52104166666666,2406.07,178.1387511664852,9.928142076502732,875.2,67.25486338797813,3.6044262295081966,16.340491803278688,,182.53
402421099112000,2000,40.40549166666666,-99.18921666666668,2216.62,55.1862883213576,11.749371584699455,552.94,58.68125683060109,3.488169398907104,16.321967213114753,,50.1
402421099112000,2000,40.40549166666666,-99.18921666666668,2216.62,55.1862883213576,11.749371584699455,552.94,58.68125683060109,3.488169398907104,16.321967213114753,,53.99
402421099112000,2001,40.40549166666666,-99.18921666666668,2216.62,56.93429185119252,11.778054794520548,626.51,63.07638356164384,3.403150684931507,16.479589041095892,,51.56
402421099112000,2001,40.40549166666666,-99.18921666666668,2216.62,56.93429185119252,11.778054794520548,626.51,63.07638356164384,3.403150684931507,16.479589041095892,,54.35
402421099112000,2002,40.40549166666666,-99.18921666666668,2216.62,57.224722127046526,11.747835616438357,380.73,56.3613698630137,3.648383561643836,16.674520547945203,,52.28
402421099112000,2003,40.40549166666666,-99.18921666666668,2216.62,59.91391246058729,11.669397260273973,498.43,59.134328767123286,3.4380273972602744,16.324191780821916,,55.55
402421099112000,2003,40.40549166666666,-99.18921666666668,2216.62,59.91391246058729,11.669397260273973,498.43,59.134328767123286,3.4380273972602744,16.324191780821916,,60.17
402421099112000,2004,40.40549166666666,-99.18921666666668,2216.62,61.919924398080745,11.452868852459016,645.8100000000001,63.159699453551916,3.455382513661202,16.150901639344262,,57.85
402421099112000,2005,40.40549166666666,-99.18921666666668,2216.62,63.16436931819582,11.73095890410959,631.46,64.1328493150685,3.4875890410958905,16.385753424657533,,59.06
402421099112000,2006,40.40549166666666,-99.18921666666668,2216.62,64.38619868576987,12.111013698630138,647.73,59.76945205479451,3.5661095890410954,16.53980821917808,,59.88
402421099112000,2006,40.40549166666666,-99.18921666666668,2216.62,64.38619868576987,12.111013698630138,647.73,59.76945205479451,3.5661095890410954,16.53980821917808,,61.82
402421099112000,2007,40.40549166666666,-99.18921666666668,2216.62,64.00629602252552,11.085424657534245,846.89,69.75419178082191,3.515205479452055,16.23317808219178,,60.04
402421099112000,2007,40.40549166666666,-99.18921666666668,2216.62,64.00629602252552,11.085424657534245,846.89,69.75419178082191,3.515205479452055,16.23317808219178,,60.49
402421099112000,2008,40.40549166666666,-99.18921666666668,2216.62,61.24824635960881,9.928142076502732,875.2,67.25486338797813,3.6044262295081966,16.340491803278688,,57.89
402435099262900,2000,40.40768055555555,-99.44083333333332,2405.19,200.2063398277857,11.749371584699455,552.94,58.68125683060109,3.488169398907104,16.321967213114753,,208.56
402435099262900,2000,40.40768055555555,-99.44083333333332,2405.19,200.2063398277857,11.749371584699455,552.94,58.68125683060109,3.488169398907104,16.321967213114753,,211.94
402435099262900,2001,40.40768055555555,-99.44083333333332,2405.19,200.7995640128205,11.778054794520548,626.51,63.07638356164384,3.403150684931507,16.479589041095892,,209.27
402435099262900,2001,40.40768055555555,-99.44083333333332,2405.19,200.7995640128205,11.778054794520548,626.51,63.07638356164384,3.403150684931507,16.479589041095892,,211.14
402435099262900,2002,40.40768055555555,-99.44083333333332,2405.19,197.0962447385378,11.747835616438357,380.73,56.3613698630137,3.648383561643836,16.674520547945203,,208.49
402435099262900,2003,40.40768055555555,-99.44083333333332,2405.19,203.0418410390579,11.669397260273973,498.43,59.134328767123286,3.4380273972602744,16.324191780821916,,209.76
402435099262900,2003,40.40768055555555,-99.44083333333332,2405.19,203.0418410390579,11.669397260273973,498.43,59.134328767123286,3.4380273972602744,16.324191780821916,,212.75
402435099262900,2004,40.40768055555555,-99.44083333333332,2405.19,200.30497800975763,11.452868852459016,645.8100000000001,63.159699453551916,3.455382513661202,16.150901639344262,,210.49
402435099262900,2005,40.40768055555555,-99.44083333333332,2405.19,200.4216699076902,11.73095890410959,631.46,64.1328493150685,3.4875890410958905,16.385753424657533,,212.61
402435099262900,2006,40.40768055555555,-99.44083333333332,2405.19,202.4896809923479,12.111013698630138,647.73,59.76945205479451,3.5661095890410954,16.53980821917808,,211.28
402435099262900,2006,40.40768055555555,-99.44083333333332,2405.19,202.4896809923479,12.111013698630138,647.73,59.76945205479451,3.5661095890410954,16.53980821917808,,212.47
402435099262900,2007,40.40768055555555,-99.44083333333332,2405.19,201.43517968887065,11.085424657534245,846.89,69.75419178082191,3.515205479452055,16.23317808219178,,210.79
402435099262900,2007,40.40768055555555,-99.44083333333332,2405.19,201.43517968887065,11.085424657534245,846.89,69.75419178082191,3.515205479452055,16.23317808219178,,212.0
402513099164801,2000,40.42006111111111,-99.27985277777778,2278.97,73.52797451890939,11.749371584699455,552.94,58.68125683060109,3.488169398907104,16.321967213114753,,66.17
402513099164801,2000,40.42006111111111,-99.27985277777778,2278.97,73.52797451890939,11.749371584699455,552.94,58.68125683060109,3.488169398907104,16.321967213114753,,72.26
402513099164801,2001,40.42006111111111,-99.27985277777778,2278.97,74.16706978909014,11.778054794520548,626.51,63.07638356164384,3.403150684931507,16.479589041095892,,68.1
402513099164801,2001,40.42006111111111,-99.27985277777778,2278.97,74.16706978909014,11.778054794520548,626.51,63.07638356164384,3.403150684931507,16.479589041095892,,70.99
402513099164801,2002,40.42006111111111,-99.27985277777778,2278.97,74.52259380169241,11.747835616438357,380.73,56.3613698630137,3.648383561643836,16.674520547945203,,68.08
402513099164801,2003,40.42006111111111,-99.27985277777778,2278.97,78.38396588328759,11.669397260273973,498.43,59.134328767123286,3.4380273972602744,16.324191780821916,,72.26
402513099164801,2003,40.42006111111111,-99.27985277777778,2278.97,78.38396588328759,11.669397260273973,498.43,59.134328767123286,3.4380273972602744,16.324191780821916,,79.57
402513099164801,2004,40.42006111111111,-99.27985277777778,2278.97,79.05363742732295,11.452868852459016,645.8100000000001,63.159699453551916,3.455382513661202,16.150901639344262,,74.07
402513099164801,2005,40.42006111111111,-99.27985277777778,2278.97,80.46598233660664,11.73095890410959,631.46,64.1328493150685,3.4875890410958905,16.385753424657533,,75.85
402513099164801,2006,40.42006111111111,-99.27985277777778,2278.97,82.58376389372543,12.111013698630138,647.73,59.76945205479451,3.5661095890410954,16.53980821917808,,77.18
402513099164801,2006,40.42006111111111,-99.27985277777778,2278.97,82.58376389372543,12.111013698630138,647.73,59.76945205479451,3.5661095890410954,16.53980821917808,,80.43
402513099164801,2007,40.42006111111111,-99.27985277777778,2278.97,81.17176701117063,11.085424657534245,846.89,69.75419178082191,3.515205479452055,16.23317808219178,,77.49
402513099164801,2007,40.42006111111111,-99.27985277777778,2278.97,81.17176701117063,11.085424657534245,846.89,69.75419178082191,3.515205479452055,16.23317808219178,,77.85
402532099235801,2006,40.42582814,-99.40068743,2321.09,131.4449607754889,12.111013698630138,647.73,59.76945205479451,3.5661095890410954,16.53980821917808,,121.35
402532099235801,2007,40.42582814,-99.40068743,2321.09,131.07126743110354,11.085424657534245,846.89,69.75419178082191,3.515205479452055,16.23317808219178,,120.1
402532099235801,2008,40.42582814,-99.40068743,2321.09,124.82550791850493,9.928142076502732,875.2,67.25486338797813,3.6044262295081966,16.340491803278688,,118.7
402609099350800,2000,40.43199166666666,-99.58200277777776,2443.0,168.02096210425208,11.749371584699455,552.94,58.68125683060109,3.488169398907104,16.321967213114753,,176.19
402609099350800,2000,40.43199166666666,-99.58200277777776,2443.0,168.02096210425208,11.749371584699455,552.94,58.68125683060109,3.488169398907104,16.321967213114753,,179.39
402609099350800,2001,40.43199166666666,-99.58200277777776,2443.0,165.1714785399282,11.778054794520548,626.51,63.07638356164384,3.403150684931507,16.479589041095892,,176.42
402609099350800,2001,40.43199166666666,-99.58200277777776,2443.0,165.1714785399282,11.778054794520548,626.51,63.07638356164384,3.403150684931507,16.479589041095892,,177.69
402609099350800,2002,40.43199166666666,-99.58200277777776,2443.0,162.43392724373692,11.747835616438357,380.73,56.3613698630137,3.648383561643836,16.674520547945203,,174.92
402609099350800,2003,40.43199166666666,-99.58200277777776,2443.0,169.1686493083978,11.669397260273973,498.43,59.134328767123286,3.4380273972602744,16.324191780821916,,176.55
402609099350800,2003,40.43199166666666,-99.58200277777776,2443.0,169.1686493083978,11.669397260273973,498.43,59.134328767123286,3.4380273972602744,16.324191780821916,,179.37
402609099350800,2004,40.43199166666666,-99.58200277777776,2443.0,164.9231691268024,11.452868852459016,645.8100000000001,63.159699453551916,3.455382513661202,16.150901639344262,,176.91
402609099350800,2005,40.43199166666666,-99.58200277777776,2443.0,165.2052648968773,11.73095890410959,631.46,64.1328493150685,3.4875890410958905,16.385753424657533,,177.35
402609099350800,2006,40.43199166666666,-99.58200277777776,2443.0,169.06834541521573,12.111013698630138,647.73,59.76945205479451,3.5661095890410954,16.53980821917808,,177.68
402609099350800,2006,40.43199166666666,-99.58200277777776,2443.0,169.06834541521573,12.111013698630138,647.73,59.76945205479451,3.5661095890410954,16.53980821917808,,178.7
402609099350800,2007,40.43199166666666,-99.58200277777776,2443.0,166.64015473220655,11.085424657534245,846.89,69.75419178082191,3.515205479452055,16.23317808219178,,176.84
402609099350800,2007,40.43199166666666,-99.58200277777776,2443.0,166.64015473220655,11.085424657534245,846.89,69.75419178082191,3.515205479452055,16.23317808219178,,177.73
402630099305500,2000,40.44133611111111,-99.51204166666666,2426.38,173.6080857076451,11.749371584699455,552.94,58.68125683060109,3.488169398907104,16.321967213114753,,176.24
402630099305500,2000,40.44133611111111,-99.51204166666666,2426.38,173.6080857076451,11.749371584699455,552.94,58.68125683060109,3.488169398907104,16.321967213114753,,181.49
402630099305500,2001,40.44133611111111,-99.51204166666666,2426.38,174.13571848101748,11.778054794520548,626.51,63.07638356164384,3.403150684931507,16.479589041095892,,177.28
402630099305500,2001,40.44133611111111,-99.51204166666666,2426.38,174.13571848101748,11.778054794520548,626.51,63.07638356164384,3.403150684931507,16.479589041095892,,180.05
402630099305500,2002,40.44133611111111,-99.51204166666666,2426.38,171.24040948725263,11.747835616438357,380.73,56.3613698630137,3.648383561643836,16.674520547945203,,175.87
402630099305500,2003,40.44133611111111,-99.51204166666666,2426.38,176.30899168704323,11.669397260273973,498.43,59.134328767123286,3.4380273972602744,16.324191780821916,,177.97
402630099305500,2003,40.44133611111111,-99.51204166666666,2426.38,176.30899168704323,11.669397260273973,498.43,59.134328767123286,3.4380273972602744,16.324191780821916,,182.14
402630099305500,2004,40.44133611111111,-99.51204166666666,2426.38,174.31696059072652,11.452868852459016,645.8100000000001,63.159699453551916,3.455382513661202,16.150901639344262,,178.67
402630099305500,2005,40.44133611111111,-99.51204166666666,2426.38,176.92482333391504,11.73095890410959,631.46,64.1328493150685,3.4875890410958905,16.385753424657533,,183.34
402630099305500,2006,40.44133611111111,-99.51204166666666,2426.38,177.06354689927974,12.111013698630138,647.73,59.76945205479451,3.5661095890410954,16.53980821917808,,180.15
402630099305500,2006,40.44133611111111,-99.51204166666666,2426.38,177.06354689927974,12.111013698630138,647.73,59.76945205479451,3.5661095890410954,16.53980821917808,,181.82
402630099305500,2007,40.44133611111111,-99.51204166666666,2426.38,176.3644557499448,11.085424657534245,846.89,69.75419178082191,3.515205479452055,16.23317808219178,,179.58
402630099305500,2007,40.44133611111111,-99.51204166666666,2426.38,176.3644557499448,11.085424657534245,846.89,69.75419178082191,3.515205479452055,16.23317808219178,,181.36
402716099212401,2006,40.4529071,-99.3592878,2307.74,77.8273654474152,12.111013698630138,647.73,59.76945205479451,3.5661095890410954,16.53980821917808,,77.0
402716099212401,2007,40.4529071,-99.3592878,2307.74,75.58972065442842,11.085424657534245,846.89,69.75419178082191,3.515205479452055,16.23317808219178,,70.68
402756099320601,2000,40.46654722222223,-99.53547222222224,2446.36,159.39779610177044,11.749371584699455,552.94,58.68125683060109,3.488169398907104,16.321967213114753,,163.59
402756099320601,2000,40.46654722222223,-99.53547222222224,2446.36,159.39779610177044,11.749371584699455,552.94,58.68125683060109,3.488169398907104,16.321967213114753,,169.13
402756099320601,2001,40.46654722222223,-99.53547222222224,2446.36,159.92356707801875,11.778054794520548,626.51,63.07638356164384,3.403150684931507,16.479589041095892,,163.99
402756099320601,2001,40.46654722222223,-99.53547222222224,2446.36,159.92356707801875,11.778054794520548,626.51,63.07638356164384,3.403150684931507,16.479589041095892,,166.03
402756099320601,2002,40.46654722222223,-99.53547222222224,2446.36,155.30714228136245,11.747835616438357,380.73,56.3613698630137,3.648383561643836,16.674520547945203,,162.48
402756099320601,2003,40.46654722222223,-99.53547222222224,2446.36,161.24413438579936,11.669397260273973,498.43,59.134328767123286,3.4380273972602744,16.324191780821916,,165.15
402756099320601,2003,40.46654722222223,-99.53547222222224,2446.36,161.24413438579936,11.669397260273973,498.43,59.134328767123286,3.4380273972602744,16.324191780821916,,169.67
402756099320601,2004,40.46654722222223,-99.53547222222224,2446.36,159.03886607645362,11.452868852459016,645.8100000000001,63.159699453551916,3.455382513661202,16.150901639344262,,166.08
402756099320601,2005,40.46654722222223,-99.53547222222224,2446.36,161.08512018276272,11.73095890410959,631.46,64.1328493150685,3.4875890410958905,16.385753424657533,,167.32
402756099320601,2006,40.46654722222223,-99.53547222222224,2446.36,163.97869515763136,12.111013698630138,647.73,59.76945205479451,3.5661095890410954,16.53980821917808,,168.47
402756099320601,2006,40.46654722222223,-99.53547222222224,2446.36,163.97869515763136,12.111013698630138,647.73,59.76945205479451,3.5661095890410954,16.53980821917808,,170.11
402756099320601,2007,40.46654722222223,-99.53547222222224,2446.36,163.06996766705922,11.085424657534245,846.89,69.75419178082191,3.515205479452055,16.23317808219178,,167.85
402756099320601,2007,40.46654722222223,-99.53547222222224,2446.36,163.06996766705922,11.085424657534245,846.89,69.75419178082191,3.515205479452055,16.23317808219178,,169.27
402813099382100,2000,40.46941944444445,-99.63914166666667,2473.68,155.69517398544008,11.749371584699455,552.94,58.68125683060109,3.488169398907104,16.321967213114753,,157.6
402813099382100,2000,40.46941944444445,-99.63914166666667,2473.68,155.69517398544008,11.749371584699455,552.94,58.68125683060109,3.488169398907104,16.321967213114753,,163.17
402813099382100,2001,40.46941944444445,-99.63914166666667,2473.68,154.28423557571472,11.778054794520548,626.51,63.07638356164384,3.403150684931507,16.479589041095892,,157.61
402813099382100,2001,40.46941944444445,-99.63914166666667,2473.68,154.28423557571472,11.778054794520548,626.51,63.07638356164384,3.403150684931507,16.479589041095892,,159.15
402813099382100,2002,40.46941944444445,-99.63914166666667,2473.68,151.9024962772167,11.747835616438357,380.73,56.3613698630137,3.648383561643836,16.674520547945203,,155.99
402813099382100,2003,40.46941944444445,-99.63914166666667,2473.68,156.8471702936979,11.669397260273973,498.43,59.134328767123286,3.4380273972602744,16.324191780821916,,157.84
402813099382100,2003,40.46941944444445,-99.63914166666667,2473.68,156.8471702936979,11.669397260273973,498.43,59.134328767123286,3.4380273972602744,16.324191780821916,,162.36
402813099382100,2004,40.46941944444445,-99.63914166666667,2473.68,154.19989693763796,11.452868852459016,645.8100000000001,63.159699453551916,3.455382513661202,16.150901639344262,,158.19
402813099382100,2005,40.46941944444445,-99.63914166666667,2473.68,154.38037513143516,11.73095890410959,631.46,64.1328493150685,3.4875890410958905,16.385753424657533,,159.04
402813099382100,2006,40.46941944444445,-99.63914166666667,2473.68,158.24874947810173,12.111013698630138,647.73,59.76945205479451,3.5661095890410954,16.53980821917808,,160.87
402813099382100,2006,40.46941944444445,-99.63914166666667,2473.68,158.24874947810173,12.111013698630138,647.73,59.76945205479451,3.5661095890410954,16.53980821917808,,161.08
402813099382100,2007,40.46941944444445,-99.63914166666667,2473.68,155.58530907588045,11.085424657534245,846.89,69.75419178082191,3.515205479452055,16.23317808219178,,158.11
402813099382100,2007,40.46941944444445,-99.63914166666667,2473.68,155.58530907588045,11.085424657534245,846.89,69.75419178082191,3.515205479452055,16.23317808219178,,159.61
402843099192001,2003,40.47788889,-99.31941672,2311.88,42.30832977926027,11.669397260273973,498.43,59.134328767123286,3.4380273972602744,16.324191780821916,,41.32
402843099192001,2006,40.47788889,-99.31941672,2311.88,42.750675223868846,12.111013698630138,647.73,59.76945205479451,3.5661095890410954,16.53980821917808,,38.19
402843099192001,2007,40.47788889,-99.31941672,2311.88,35.27025740956695,11.085424657534245,846.89,69.75419178082191,3.515205479452055,16.23317808219178,,41.7
402843099192001,2007,40.47788889,-99.31941672,2311.88,35.27025740956695,11.085424657534245,846.89,69.75419178082191,3.515205479452055,16.23317808219178,,11.3
402843099192001,2008,40.47788889,-99.31941672,2311.88,32.91785465443581,9.928142076502732,875.2,67.25486338797813,3.6044262295081966,16.340491803278688,,11.77
402853099104601,2003,40.4815796,-99.179559,2221.31,19.95072169416643,11.669397260273973,498.43,59.134328767123286,3.4380273972602744,16.324191780821916,,13.01
402853099104601,2006,40.4815796,-99.179559,2221.31,25.617176107654853,12.111013698630138,647.73,59.76945205479451,3.5661095890410954,16.53980821917808,,18.85
402853099104601,2007,40.4815796,-99.179559,2221.31,24.53524292885268,11.085424657534245,846.89,69.75419178082191,3.515205479452055,16.23317808219178,,18.39
402853099104601,2007,40.4815796,-99.179559,2221.31,24.53524292885268,11.085424657534245,846.89,69.75419178082191,3.515205479452055,16.23317808219178,,17.1
402853099104601,2008,40.4815796,-99.179559,2221.31,23.992823578367712,9.928142076502732,875.2,67.25486338797813,3.6044262295081966,16.340491803278688,,16.85
402853099152001,2003,40.4816481,-99.2557469,2251.06,24.37001179783022,11.669397260273973,498.43,59.134328767123286,3.4380273972602744,16.324191780821916,,21.77
402853099152001,2006,40.4816481,-99.2557469,2251.06,30.084601237853708,12.111013698630138,647.73,59.76945205479451,3.5661095890410954,16.53980821917808,,28.04
402853099152001,2007,40.4816481,-99.2557469,2251.06,28.11150802834432,11.085424657534245,846.89,69.75419178082191,3.515205479452055,16.23317808219178,,27.13
402853099152001,2007,40.4816481,-99.2557469,2251.06,28.11150802834432,11.085424657534245,846.89,69.75419178082191,3.515205479452055,16.23317808219178,,24.55
402853099152001,2008,40.4816481,-99.2557469,2251.06,25.009229112970964,9.928142076502732,875.2,67.25486338797813,3.6044262295081966,16.340491803278688,,25.23
402905099115301,2003,40.4848551,-99.1983097,2241.11,27.132961598701957,11.669397260273973,498.43,59.134328767123286,3.4380273972602744,16.324191780821916,,27.94
402905099115301,2006,40.4848551,-99.1983097,2241.11,32.9261310103449,12.111013698630138,647.73,59.76945205479451,3.5661095890410954,16.53980821917808,,33.49
402905099115301,2007,40.4848551,-99.1983097,2241.11,32.507199440282264,11.085424657534245,846.89,69.75419178082191,3.515205479452055,16.23317808219178,,33.48
402905099115301,2007,40.4848551,-99.1983097,2241.11,32.507199440282264,11.085424657534245,846.89,69.75419178082191,3.515205479452055,16.23317808219178,,31.45
402905099115301,2008,40.4848551,-99.1983097,2241.11,31.42605119152811,9.928142076502732,875.2,67.25486338797813,3.6044262295081966,16.340491803278688,,31.54
402906099342201,2000,40.485083333333336,-99.57288888888888,2458.82,146.8781438855271,11.749371584699455,552.94,58.68125683060109,3.488169398907104,16.321967213114753,,148.24
402906099342201,2000,40.485083333333336,-99.57288888888888,2458.82,146.8781438855271,11.749371584699455,552.94,58.68125683060109,3.488169398907104,16.321967213114753,,152.14
402906099342201,2001,40.485083333333336,-99.57288888888888,2458.82,147.20797960198496,11.778054794520548,626.51,63.07638356164384,3.403150684931507,16.479589041095892,,149.17
402906099342201,2001,40.485083333333336,-99.57288888888888,2458.82,147.20797960198496,11.778054794520548,626.51,63.07638356164384,3.403150684931507,16.479589041095892,,150.41
402906099342201,2002,40.485083333333336,-99.57288888888888,2458.82,145.20687472367268,11.747835616438357,380.73,56.3613698630137,3.648383561643836,16.674520547945203,,148.76
402906099342201,2003,40.485083333333336,-99.57288888888888,2458.82,148.48631150523428,11.669397260273973,498.43,59.134328767123286,3.4380273972602744,16.324191780821916,,150.0
402906099342201,2003,40.485083333333336,-99.57288888888888,2458.82,148.48631150523428,11.669397260273973,498.43,59.134328767123286,3.4380273972602744,16.324191780821916,,154.11
402906099342201,2004,40.485083333333336,-99.57288888888888,2458.82,147.03840342018324,11.452868852459016,645.8100000000001,63.159699453551916,3.455382513661202,16.150901639344262,,150.75
402906099342201,2005,40.485083333333336,-99.57288888888888,2458.82,147.7924969731357,11.73095890410959,631.46,64.1328493150685,3.4875890410958905,16.385753424657533,,151.25
402906099342201,2006,40.485083333333336,-99.57288888888888,2458.82,150.52584147370922,12.111013698630138,647.73,59.76945205479451,3.5661095890410954,16.53980821917808,,152.56
402906099342201,2006,40.485083333333336,-99.57288888888888,2458.82,150.52584147370922,12.111013698630138,647.73,59.76945205479451,3.5661095890410954,16.53980821917808,,154.32
402906099342201,2007,40.485083333333336,-99.57288888888888,2458.82,149.41725159158372,11.085424657534245,846.89,69.75419178082191,3.515205479452055,16.23317808219178,,152.06
402906099342201,2007,40.485083333333336,-99.57288888888888,2458.82,149.41725159158372,11.085424657534245,846.89,69.75419178082191,3.515205479452055,16.23317808219178,,153.18
402924099235501,2003,40.4901949,-99.398706,2336.37,53.65387833168106,11.669397260273973,498.43,59.134328767123286,3.4380273972602744,16.324191780821916,,52.35
402924099235501,2006,40.4901949,-99.398706,2336.37,57.73588247080901,12.111013698630138,647.73,59.76945205479451,3.5661095890410954,16.53980821917808,,56.0
402924099235501,2007,40.4901949,-99.398706,2336.37,56.721535074290585,11.085424657534245,846.89,69.75419178082191,3.515205479452055,16.23317808219178,,56.81
402924099235501,2007,40.4901949,-99.398706,2336.37,56.721535074290585,11.085424657534245,846.89,69.75419178082191,3.515205479452055,16.23317808219178,,52.62
402924099235501,2008,40.4901949,-99.398706,2336.37,55.27702574470059,9.928142076502732,875.2,67.25486338797813,3.6044262295081966,16.340491803278688,,53.48
402952099114401,2006,40.4961238363889,-99.1985012,2246.17,33.20330236120313,12.111013698630138,647.73,59.76945205479451,3.5661095890410954,16.53980821917808,,38.02
402952099114401,2007,40.4961238363889,-99.1985012,2246.17,32.679226069502015,11.085424657534245,846.89,69.75419178082191,3.515205479452055,16.23317808219178,,37.73
402952099114401,2007,40.4961238363889,-99.1985012,2246.17,32.679226069502015,11.085424657534245,846.89,69.75419178082191,3.515205479452055,16.23317808219178,,35.57
402952099114401,2008,40.4961238363889,-99.1985012,2246.17,31.256031616337385,9.928142076502732,875.2,67.25486338797813,3.6044262295081966,16.340491803278688,,35.57
402952099161701,2003,40.49624602,-99.2746825,2255.28,20.59132013154897,11.669397260273973,498.43,59.134328767123286,3.4380273972602744,16.324191780821916,,16.14
402952099161701,2004,40.49624602,-99.2746825,2255.28,23.041507157027837,11.452868852459016,645.8100000000001,63.159699453551916,3.455382513661202,16.150901639344262,,18.51
402952099161701,2005,40.49624602,-99.2746825,2255.28,24.13289953476825,11.73095890410959,631.46,64.1328493150685,3.4875890410958905,16.385753424657533,,19.46
402952099161701,2006,40.49624602,-99.2746825,2255.28,26.28296662948619,12.111013698630138,647.73,59.76945205479451,3.5661095890410954,16.53980821917808,,22.48
402952099161701,2007,40.49624602,-99.2746825,2255.28,24.08381369788107,11.085424657534245,846.89,69.75419178082191,3.515205479452055,16.23317808219178,,22.44
402952099161701,2007,40.49624602,-99.2746825,2255.28,24.08381369788107,11.085424657534245,846.89,69.75419178082191,3.515205479452055,16.23317808219178,,18.83
402952099161701,2008,40.49624602,-99.2746825,2255.28,22.903520805524344,9.928142076502732,875.2,67.25486338797813,3.6044262295081966,16.340491803278688,,19.56
403104099130201,2003,40.5179145,-99.2173248,2242.62,27.280827887971743,11.669397260273973,498.43,59.134328767123286,3.4380273972602744,16.324191780821916,,24.59
403104099130201,2005,40.5179145,-99.2173248,2242.62,30.36294315573457,11.73095890410959,631.46,64.1328493150685,3.4875890410958905,16.385753424657533,,30.0
403104099130201,2006,40.5179145,-99.2173248,2242.62,31.08352051105213,12.111013698630138,647.73,59.76945205479451,3.5661095890410954,16.53980821917808,,30.47
403104099130201,2007,40.5179145,-99.2173248,2242.62,28.04144395121797,11.085424657534245,846.89,69.75419178082191,3.515205479452055,16.23317808219178,,29.64
403104099130201,2007,40.5179145,-99.2173248,2242.62,28.04144395121797,11.085424657534245,846.89,69.75419178082191,3.515205479452055,16.23317808219178,,25.92
403104099130201,2008,40.5179145,-99.2173248,2242.62,27.397961871614665,9.928142076502732,875.2,67.25486338797813,3.6044262295081966,16.340491803278688,,26.69
403123099261501,2000,40.52446389,-99.436875,2361.96,32.997341423654895,11.749371584699455,552.94,58.68125683060109,3.488169398907104,16.321967213114753,,36.04
403123099261501,2001,40.52446389,-99.436875,2361.96,33.84318181395157,11.778054794520548,626.51,63.07638356164384,3.403150684931507,16.479589041095892,,36.38
403123099261501,2003,40.52446389,-99.436875,2361.96,37.195086454252255,11.669397260273973,498.43,59.134328767123286,3.4380273972602744,16.324191780821916,,39.8
403123099261501,2004,40.52446389,-99.436875,2361.96,39.07489488991151,11.452868852459016,645.8100000000001,63.159699453551916,3.455382513661202,16.150901639344262,,43.13
403123099261501,2005,40.52446389,-99.436875,2361.96,39.79185488848918,11.73095890410959,631.46,64.1328493150685,3.4875890410958905,16.385753424657533,,42.4
403123099261501,2006,40.52446389,-99.436875,2361.96,42.11678124456149,12.111013698630138,647.73,59.76945205479451,3.5661095890410954,16.53980821917808,,47.72
403123099261501,2006,40.52446389,-99.436875,2361.96,42.11678124456149,12.111013698630138,647.73,59.76945205479451,3.5661095890410954,16.53980821917808,,43.04
403123099261501,2007,40.52446389,-99.436875,2361.96,41.28221169528618,11.085424657534245,846.89,69.75419178082191,3.515205479452055,16.23317808219178,,44.21
403123099261501,2007,40.52446389,-99.436875,2361.96,41.28221169528618,11.085424657534245,846.89,69.75419178082191,3.515205479452055,16.23317808219178,,40.92
403123099261501,2008,40.52446389,-99.436875,2361.96,40.9007670688045,9.928142076502732,875.2,67.25486338797813,3.6044262295081966,16.340491803278688,,42.7
403125099295701,2006,40.5247252,-99.4992246,2402.13,71.23716060137802,12.111013698630138,647.73,59.76945205479451,3.5661095890410954,16.53980821917808,,72.76
403125099295701,2007,40.5247252,-99.4992246,2402.13,71.1150860548612,11.085424657534245,846.89,69.75419178082191,3.515205479452055,16.23317808219178,,69.41
403132099381001,2003,40.52556319,-99.63650076,2517.21,147.4967183366747,11.669397260273973,498.43,59.134328767123286,3.4380273972602744,16.324191780821916,,152.9
403132099381001,2004,40.52556319,-99.63650076,2517.21,149.08543053429509,11.452868852459016,645.8100000000001,63.159699453551916,3.455382513661202,16.150901639344262,,157.03
403132099381001,2006,40.52556319,-99.63650076,2517.21,150.52405617040384,12.111013698630138,647.73,59.76945205479451,3.5661095890410954,16.53980821917808,,159.52
403132099381001,2006,40.52556319,-99.63650076,2517.21,150.52405617040384,12.111013698630138,647.73,59.76945205479451,3.5661095890410954,16.53980821917808,,157.24
403132099381001,2007,40.52556319,-99.63650076,2517.21,154.25060384374817,11.085424657534245,846.89,69.75419178082191,3.515205479452055,16.23317808219178,,154.75
403132099381001,2007,40.52556319,-99.63650076,2517.21,154.25060384374817,11.085424657534245,846.89,69.75419178082191,3.515205479452055,16.23317808219178,,162.53
403132099381001,2007,40.52556319,-99.63650076,2517.21,154.25060384374817,11.085424657534245,846.89,69.75419178082191,3.515205479452055,16.23317808219178,,161.24
403132099381001,2007,40.52556319,-99.63650076,2517.21,154.25060384374817,11.085424657534245,846.89,69.75419178082191,3.515205479452055,16.23317808219178,,158.59
403132099381001,2007,40.52556319,-99.63650076,2517.21,154.25060384374817,11.085424657534245,846.89,69.75419178082191,3.515205479452055,16.23317808219178,,156.96
403132099381001,2007,40.52556319,-99.63650076,2517.21,154.25060384374817,11.085424657534245,846.89,69.75419178082191,3.515205479452055,16.23317808219178,,156.09
403137099330201,2003,40.5263766547222,-99.5496279,2405.25,67.83173591576974,11.669397260273973,498.43,59.134328767123286,3.4380273972602744,16.324191780821916,,53.12
403137099330201,2004,40.5263766547222,-99.5496279,2405.25,70.1331270240826,11.452868852459016,645.8100000000001,63.159699453551916,3.455382513661202,16.150901639344262,,55.06
403137099330201,2005,40.5263766547222,-99.5496279,2405.25,71.49699585406921,11.73095890410959,631.46,64.1328493150685,3.4875890410958905,16.385753424657533,,56.23
403137099330201,2006,40.5263766547222,-99.5496279,2405.25,75.1169455959226,12.111013698630138,647.73,59.76945205479451,3.5661095890410954,16.53980821917808,,59.29
403137099330201,2007,40.5263766547222,-99.5496279,2405.25,70.17018958620729,11.085424657534245,846.89,69.75419178082191,3.515205479452055,16.23317808219178,,55.74
403137099330201,2007,40.5263766547222,-99.5496279,2405.25,70.17018958620729,11.085424657534245,846.89,69.75419178082191,3.515205479452055,16.23317808219178,,57.1
403137099330201,2008,40.5263766547222,-99.5496279,2405.25,69.3438873971471,9.928142076502732,875.2,67.25486338797813,3.6044262295081966,16.340491803278688,,55.38
403138099190801,2006,40.5255972,-99.3224515,2277.27,25.770980199892733,12.111013698630138,647.73,59.76945205479451,3.5661095890410954,16.53980821917808,,25.82
403138099190801,2007,40.5255972,-99.3224515,2277.27,21.432642617947824,11.085424657534245,846.89,69.75419178082191,3.515205479452055,16.23317808219178,,22.42
403138099235801,2001,40.5255500233333,-99.399115,2328.14,22.58766855168946,11.778054794520548,626.51,63.07638356164384,3.403150684931507,16.479589041095892,,20.37
403138099235801,2003,40.5255500233333,-99.399115,2328.14,24.78812111627868,11.669397260273973,498.43,59.134328767123286,3.4380273972602744,16.324191780821916,,22.21
403138099235801,2004,40.5255500233333,-99.399115,2328.14,26.691940466488443,11.452868852459016,645.8100000000001,63.159699453551916,3.455382513661202,16.150901639344262,,24.0
403138099235801,2005,40.5255500233333,-99.399115,2328.14,28.308845306384097,11.73095890410959,631.46,64.1328493150685,3.4875890410958905,16.385753424657533,,25.06
403138099235801,2006,40.5255500233333,-99.399115,2328.14,32.48793188871427,12.111013698630138,647.73,59.76945205479451,3.5661095890410954,16.53980821917808,,34.37
403138099235801,2007,40.5255500233333,-99.399115,2328.14,30.537352173597444,11.085424657534245,846.89,69.75419178082191,3.515205479452055,16.23317808219178,,29.05
403138099235801,2007,40.5255500233333,-99.399115,2328.14,30.537352173597444,11.085424657534245,846.89,69.75419178082191,3.515205479452055,16.23317808219178,,29.05
403138099235801,2008,40.5255500233333,-99.399115,2328.14,28.864344790096972,9.928142076502732,875.2,67.25486338797813,3.6044262295081966,16.340491803278688,,26.05
403217099312001,2003,40.5392815,-99.5207383,2451.89,84.81677994756826,11.669397260273973,498.43,59.134328767123286,3.4380273972602744,16.324191780821916,,97.9
403217099312001,2004,40.5392815,-99.5207383,2451.89,87.94145360242938,11.452868852459016,645.8100000000001,63.159699453551916,3.455382513661202,16.150901639344262,,100.81
403217099312001,2005,40.5392815,-99.5207383,2451.89,86.52487153013963,11.73095890410959,631.46,64.1328493150685,3.4875890410958905,16.385753424657533,,101.02
403217099312001,2006,40.5392815,-99.5207383,2451.89,88.26318006690073,12.111013698630138,647.73,59.76945205479451,3.5661095890410954,16.53980821917808,,102.88
403217099312001,2007,40.5392815,-99.5207383,2451.89,87.68074278746244,11.085424657534245,846.89,69.75419178082191,3.515205479452055,16.23317808219178,,102.72
403217099312001,2007,40.5392815,-99.5207383,2451.89,87.68074278746244,11.085424657534245,846.89,69.75419178082191,3.515205479452055,16.23317808219178,,101.82
403217099312001,2008,40.5392815,-99.5207383,2451.89,85.96022284674885,9.928142076502732,875.2,67.25486338797813,3.6044262295081966,16.340491803278688,,101.2
403224099261801,2003,40.54167314,-99.43849253,2347.7,21.190137612806488,11.669397260273973,498.43,59.134328767123286,3.4380273972602744,16.324191780821916,,19.14
403224099261801,2004,40.54167314,-99.43849253,2347.7,21.984886107271656,11.452868852459016,645.8100000000001,63.159699453551916,3.455382513661202,16.150901639344262,,20.07
403224099261801,2005,40.54167314,-99.43849253,2347.7,20.511756282083443,11.73095890410959,631.46,64.1328493150685,3.4875890410958905,16.385753424657533,,18.14
403224099261801,2006,40.54167314,-99.43849253,2347.7,23.8752356360363,12.111013698630138,647.73,59.76945205479451,3.5661095890410954,16.53980821917808,,19.98
403224099261801,2007,40.54167314,-99.43849253,2347.7,22.257840882971117,11.085424657534245,846.89,69.75419178082191,3.515205479452055,16.23317808219178,,20.52
403224099261801,2007,40.54167314,-99.43849253,2347.7,22.257840882971117,11.085424657534245,846.89,69.75419178082191,3.515205479452055,16.23317808219178,,19.25
403224099261801,2008,40.54167314,-99.43849253,2347.7,22.72551766211093,9.928142076502732,875.2,67.25486338797813,3.6044262295081966,16.340491803278688,,20.88
403230099195901,2003,40.54167314,-99.3339024,2269.36,14.506444464617424,11.669397260273973,498.43,59.134328767123286,3.4380273972602744,16.324191780821916,,6.94
403230099195901,2004,40.54167314,-99.3339024,2269.36,15.7800902431691,11.452868852459016,645.8100000000001,63.159699453551916,3.455382513661202,16.150901639344262,,8.36
403230099195901,2005,40.54167314,-99.3339024,2269.36,15.947965733932971,11.73095890410959,631.46,64.1328493150685,3.4875890410958905,16.385753424657533,,8.95
403230099195901,2006,40.54167314,-99.3339024,2269.36,17.16062894595894,12.111013698630138,647.73,59.76945205479451,3.5661095890410954,16.53980821917808,,6.62
403230099195901,2007,40.54167314,-99.3339024,2269.36,12.710023318354027,11.085424657534245,846.89,69.75419178082191,3.515205479452055,16.23317808219178,,6.34
403230099195901,2007,40.54167314,-99.3339024,2269.36,12.710023318354027,11.085424657534245,846.89,69.75419178082191,3.515205479452055,16.23317808219178,,6.49
403230099195901,2008,40.54167314,-99.3339024,2269.36,13.084544248103146,9.928142076502732,875.2,67.25486338797813,3.6044262295081966,16.340491803278688,,6.98
403309099250701,2003,40.5543784,-99.4199673,2322.67,14.136670809483794,11.669397260273973,498.43,59.134328767123286,3.4380273972602744,16.324191780821916,,9.69
403309099250701,2004,40.5543784,-99.4199673,2322.67,14.984159587261551,11.452868852459016,645.8100000000001,63.159699453551916,3.455382513661202,16.150901639344262,,10.47
403309099250701,2005,40.5543784,-99.4199673,2322.67,13.703194996032328,11.73095890410959,631.46,64.1328493150685,3.4875890410958905,16.385753424657533,,9.34
403309099250701,2006,40.5543784,-99.4199673,2322.67,17.302699641960093,12.111013698630138,647.73,59.76945205479451,3.5661095890410954,16.53980821917808,,12.29
403309099250701,2007,40.5543784,-99.4199673,2322.67,15.498920732392708,11.085424657534245,846.89,69.75419178082191,3.515205479452055,16.23317808219178,,11.78
403309099250701,2007,40.5543784,-99.4199673,2322.67,15.498920732392708,11.085424657534245,846.89,69.75419178082191,3.515205479452055,16.23317808219178,,10.16
403309099250701,2008,40.5543784,-99.4199673,2322.67,15.418017041126394,9.928142076502732,875.2,67.25486338797813,3.6044262295081966,16.340491803278688,,10.92
403309099270601,2003,40.55026689,-99.45178833,2342.87,18.263509609902005,11.669397260273973,498.43,59.134328767123286,3.4380273972602744,16.324191780821916,,14.86
403309099270601,2004,40.55026689,-99.45178833,2342.87,18.609727745879173,11.452868852459016,645.8100000000001,63.159699453551916,3.455382513661202,16.150901639344262,,16.45
403309099270601,2005,40.55026689,-99.45178833,2342.87,17.967051272008042,11.73095890410959,631.46,64.1328493150685,3.4875890410958905,16.385753424657533,,14.97
403309099270601,2006,40.55026689,-99.45178833,2342.87,20.26262596817632,12.111013698630138,647.73,59.76945205479451,3.5661095890410954,16.53980821917808,,14.67
403309099270601,2007,40.55026689,-99.45178833,2342.87,18.350402472588197,11.085424657534245,846.89,69.75419178082191,3.515205479452055,16.23317808219178,,15.12
403309099270601,2007,40.55026689,-99.45178833,2342.87,18.350402472588197,11.085424657534245,846.89,69.75419178082191,3.515205479452055,16.23317808219178,,13.95
403309099270601,2008,40.55026689,-99.45178833,2342.87,18.39891835446798,9.928142076502732,875.2,67.25486338797813,3.6044262295081966,16.340491803278688,,15.74
403309099281401,2003,40.5521635,-99.4737128,2354.64,23.66220837134109,11.669397260273973,498.43,59.134328767123286,3.4380273972602744,16.324191780821916,,15.84
403309099281401,2004,40.5521635,-99.4737128,2354.64,24.022693176175657,11.452868852459016,645.8100000000001,63.159699453551916,3.455382513661202,16.150901639344262,,15.5
403309099281401,2005,40.5521635,-99.4737128,2354.64,23.53056896790557,11.73095890410959,631.46,64.1328493150685,3.4875890410958905,16.385753424657533,,15.27
403309099281401,2006,40.5521635,-99.4737128,2354.64,24.991502608754494,12.111013698630138,647.73,59.76945205479451,3.5661095890410954,16.53980821917808,,15.03
403309099281401,2007,40.5521635,-99.4737128,2354.64,22.21487966950348,11.085424657534245,846.89,69.75419178082191,3.515205479452055,16.23317808219178,,14.81
403309099281401,2007,40.5521635,-99.4737128,2354.64,22.21487966950348,11.085424657534245,846.89,69.75419178082191,3.515205479452055,16.23317808219178,,14.59
403309099281401,2008,40.5521635,-99.4737128,2354.64,21.551621969246003,9.928142076502732,875.2,67.25486338797813,3.6044262295081966,16.340491803278688,,14.78
403322099201601,2003,40.5547811,-99.3416484,2267.67,13.463915420146172,11.669397260273973,498.43,59.134328767123286,3.4380273972602744,16.324191780821916,,7.57
403322099201601,2004,40.5547811,-99.3416484,2267.67,15.54468194164378,11.452868852459016,645.8100000000001,63.159699453551916,3.455382513661202,16.150901639344262,,9.89
403322099201601,2005,40.5547811,-99.3416484,2267.67,15.423165006245853,11.73095890410959,631.46,64.1328493150685,3.4875890410958905,16.385753424657533,,8.55
403322099201601,2007,40.5547811,-99.3416484,2267.67,15.69549820339501,11.085424657534245,846.89,69.75419178082191,3.515205479452055,16.23317808219178,,4.96
403322099201601,2008,40.5547811,-99.3416484,2267.67,13.385045757361414,9.928142076502732,875.2,67.25486338797813,3.6044262295081966,16.340491803278688,,7.04
403322099210701,2003,40.55622914,-99.3528114,2284.27,17.365516592239157,11.669397260273973,498.43,59.134328767123286,3.4380273972602744,16.324191780821916,,20.27
403322099210701,2004,40.55622914,-99.3528114,2284.27,19.45733384070794,11.452868852459016,645.8100000000001,63.159699453551916,3.455382513661202,16.150901639344262,,22.38
403322099210701,2005,40.55622914,-99.3528114,2284.27,19.917393038763308,11.73095890410959,631.46,64.1328493150685,3.4875890410958905,16.385753424657533,,22.0
403322099210701,2006,40.55622914,-99.3528114,2284.27,22.04582113381567,12.111013698630138,647.73,59.76945205479451,3.5661095890410954,16.53980821917808,,24.55
403322099210701,2007,40.55622914,-99.3528114,2284.27,20.240301193950657,11.085424657534245,846.89,69.75419178082191,3.515205479452055,16.23317808219178,,23.0
403322099210701,2007,40.55622914,-99.3528114,2284.27,20.240301193950657,11.085424657534245,846.89,69.75419178082191,3.515205479452055,16.23317808219178,,20.39
403322099210701,2008,40.55622914,-99.3528114,2284.27,18.08031099762037,9.928142076502732,875.2,67.25486338797813,3.6044262295081966,16.340491803278688,,20.53
403322099254101,2004,40.5542755,-99.4303042,2335.12,17.25416172115918,11.452868852459016,645.8100000000001,63.159699453551916,3.455382513661202,16.150901639344262,,16.85
403322099264901,2004,40.5543545569444,-99.4489925,2342.74,16.41286153487651,11.452868852459016,645.8100000000001,63.159699453551916,3.455382513661202,16.150901639344262,,12.32
403322099272302,2005,40.5545803,-99.4609332,2349.56,18.86031646356403,11.73095890410959,631.46,64.1328493150685,3.4875890410958905,16.385753424657533,,16.15
403322099304801,2003,40.5542755075,-99.5122815,2411.43,58.00419419377114,11.669397260273973,498.43,59.134328767123286,3.4380273972602744,16.324191780821916,,54.79
403322099304801,2004,40.5542755075,-99.5122815,2411.43,60.3872529579585,11.452868852459016,645.8100000000001,63.159699453551916,3.455382513661202,16.150901639344262,,57.05
403322099304801,2005,40.5542755075,-99.5122815,2411.43,60.42835866184364,11.73095890410959,631.46,64.1328493150685,3.4875890410958905,16.385753424657533,,57.64
403322099304801,2006,40.5542755075,-99.5122815,2411.43,61.94934908826882,12.111013698630138,647.73,59.76945205479451,3.5661095890410954,16.53980821917808,,60.39
403322099304801,2007,40.5542755075,-99.5122815,2411.43,61.04622216692793,11.085424657534245,846.89,69.75419178082191,3.515205479452055,16.23317808219178,,59.51
403322099304801,2007,40.5542755075,-99.5122815,2411.43,61.04622216692793,11.085424657534245,846.89,69.75419178082191,3.515205479452055,16.23317808219178,,59.09
403322099304801,2008,40.5542755075,-99.5122815,2411.43,59.83619332233608,9.928142076502732,875.2,67.25486338797813,3.6044262295081966,16.340491803278688,,57.95
403322099371801,2006,40.5557047,-99.6247601,2465.78,92.93315321166118,12.111013698630138,647.73,59.76945205479451,3.5661095890410954,16.53980821917808,,79.22
403322099371801,2007,40.5557047,-99.6247601,2465.78,94.7527512049384,11.085424657534245,846.89,69.75419178082191,3.515205479452055,16.23317808219178,,76.0
403335099150901,2006,40.55977478,-99.25286046,2241.29,36.53339289375391,12.111013698630138,647.73,59.76945205479451,3.5661095890410954,16.53980821917808,,35.39
403335099150901,2007,40.55977478,-99.25286046,2241.29,34.33446605336081,11.085424657534245,846.89,69.75419178082191,3.515205479452055,16.23317808219178,,30.86
403348099114401,2000,40.5613598133333,-99.1983188,2236.17,33.53555496270718,11.749371584699455,552.94,58.68125683060109,3.488169398907104,16.321967213114753,,32.17
403348099114401,2007,40.5613598133333,-99.1983188,2236.17,38.53386922759445,11.085424657534245,846.89,69.75419178082191,3.515205479452055,16.23317808219178,,40.86
403348099114401,2007,40.5613598133333,-99.1983188,2236.17,38.53386922759445,11.085424657534245,846.89,69.75419178082191,3.515205479452055,16.23317808219178,,39.73
403348099114401,2008,40.5613598133333,-99.1983188,2236.17,29.640205735172128,9.928142076502732,875.2,67.25486338797813,3.6044262295081966,16.340491803278688,,38.12
403431099362101,2003,40.5754557,-99.6058865,2477.16,83.04678710361085,11.669397260273973,498.43,59.134328767123286,3.4380273972602744,16.324191780821916,,77.63
403431099362101,2006,40.5754557,-99.6058865,2477.16,90.31183480988054,12.111013698630138,647.73,59.76945205479451,3.5661095890410954,16.53980821917808,,88.8
403431099362101,2007,40.5754557,-99.6058865,2477.16,90.1126854299314,11.085424657534245,846.89,69.75419178082191,3.515205479452055,16.23317808219178,,87.65
403453099141801,2003,40.58307501,-99.2365144,2255.34,52.90695488156636,11.669397260273973,498.43,59.134328767123286,3.4380273972602744,16.324191780821916,,60.16
403453099141801,2004,40.58307501,-99.2365144,2255.34,47.462584800851005,11.452868852459016,645.8100000000001,63.159699453551916,3.455382513661202,16.150901639344262,,51.79
403453099141801,2005,40.58307501,-99.2365144,2255.34,46.4458540042531,11.73095890410959,631.46,64.1328493150685,3.4875890410958905,16.385753424657533,,53.52
403453099141801,2006,40.58307501,-99.2365144,2255.34,48.3352455499778,12.111013698630138,647.73,59.76945205479451,3.5661095890410954,16.53980821917808,,54.92
403453099141801,2007,40.58307501,-99.2365144,2255.34,47.950792869751695,11.085424657534245,846.89,69.75419178082191,3.515205479452055,16.23317808219178,,54.92
403453099141801,2007,40.58307501,-99.2365144,2255.34,47.950792869751695,11.085424657534245,846.89,69.75419178082191,3.515205479452055,16.23317808219178,,53.23
403453099141801,2008,40.58307501,-99.2365144,2255.34,42.06820261736505,9.928142076502732,875.2,67.25486338797813,3.6044262295081966,16.340491803278688,,50.95
403453099190801,2003,40.5807096794444,-99.3229107,2282.14,30.34971371626714,11.669397260273973,498.43,59.134328767123286,3.4380273972602744,16.324191780821916,,37.39
403453099190801,2004,40.5807096794444,-99.3229107,2282.14,32.85285359660336,11.452868852459016,645.8100000000001,63.159699453551916,3.455382513661202,16.150901639344262,,40.15
403453099190801,2005,40.5807096794444,-99.3229107,2282.14,33.752529479216754,11.73095890410959,631.46,64.1328493150685,3.4875890410958905,16.385753424657533,,41.64
403453099190801,2006,40.5807096794444,-99.3229107,2282.14,34.617155969131915,12.111013698630138,647.73,59.76945205479451,3.5661095890410954,16.53980821917808,,44.38
403453099190801,2007,40.5807096794444,-99.3229107,2282.14,34.17269135950781,11.085424657534245,846.89,69.75419178082191,3.515205479452055,16.23317808219178,,41.9
403453099190801,2007,40.5807096794444,-99.3229107,2282.14,34.17269135950781,11.085424657534245,846.89,69.75419178082191,3.515205479452055,16.23317808219178,,40.87
403453099190801,2008,40.5807096794444,-99.3229107,2282.14,31.113667913723926,9.928142076502732,875.2,67.25486338797813,3.6044262295081966,16.340491803278688,,38.35
403454099304801,2003,40.57931189,-99.51412709,2390.5,36.60410462107433,11.669397260273973,498.43,59.134328767123286,3.4380273972602744,16.324191780821916,,32.31
403454099304801,2004,40.57931189,-99.51412709,2390.5,38.39759295048645,11.452868852459016,645.8100000000001,63.159699453551916,3.455382513661202,16.150901639344262,,34.41
403454099304801,2005,40.57931189,-99.51412709,2390.5,39.53637321959912,11.73095890410959,631.46,64.1328493150685,3.4875890410958905,16.385753424657533,,35.89
403454099304801,2006,40.57931189,-99.51412709,2390.5,41.564332016345936,12.111013698630138,647.73,59.76945205479451,3.5661095890410954,16.53980821917808,,37.57
403454099304801,2007,40.57931189,-99.51412709,2390.5,38.72982437959944,11.085424657534245,846.89,69.75419178082191,3.515205479452055,16.23317808219178,,35.84
403454099304801,2007,40.57931189,-99.51412709,2390.5,38.72982437959944,11.085424657534245,846.89,69.75419178082191,3.515205479452055,16.23317808219178,,35.06
403454099304801,2008,40.57931189,-99.51412709,2390.5,38.42499771752791,9.928142076502732,875.2,67.25486338797813,3.6044262295081966,16.340491803278688,,34.78
403506099350101,2006,40.5833317,-99.5866221,2484.33,93.30698065125996,12.111013698630138,647.73,59.76945205479451,3.5661095890410954,16.53980821917808,,102.25
403506099350101,2007,40.5833317,-99.5866221,2484.33,91.6741643905914,11.085424657534245,846.89,69.75419178082191,3.515205479452055,16.23317808219178,,99.68
403507099234101,2003,40.5836771413889,-99.3985091,2295.65,13.375539327428818,11.669397260273973,498.43,59.134328767123286,3.4380273972602744,16.324191780821916,,12.08
403507099234101,2004,40.5836771413889,-99.3985091,2295.65,14.986046221849334,11.452868852459016,645.8100000000001,63.159699453551916,3.455382513661202,16.150901639344262,,13.62
403507099234101,2005,40.5836771413889,-99.3985091,2295.65,16.376876927629226,11.73095890410959,631.46,64.1328493150685,3.4875890410958905,16.385753424657533,,13.26
403507099234101,2006,40.5836771413889,-99.3985091,2295.65,16.876692767235486,12.111013698630138,647.73,59.76945205479451,3.5661095890410954,16.53980821917808,,14.76
403507099234101,2007,40.5836771413889,-99.3985091,2295.65,15.53101639113268,11.085424657534245,846.89,69.75419178082191,3.515205479452055,16.23317808219178,,13.61
403507099234101,2007,40.5836771413889,-99.3985091,2295.65,15.53101639113268,11.085424657534245,846.89,69.75419178082191,3.515205479452055,16.23317808219178,,12.7
403507099234101,2008,40.5836771413889,-99.3985091,2295.65,15.039722901533356,9.928142076502732,875.2,67.25486338797813,3.6044262295081966,16.340491803278688,,12.45
403507099254101,2006,40.58520714,-99.42844836,2318.5,24.26566980887584,12.111013698630138,647.73,59.76945205479451,3.5661095890410954,16.53980821917808,,25.69
403507099254101,2007,40.58520714,-99.42844836,2318.5,22.129365031698885,11.085424657534245,846.89,69.75419178082191,3.515205479452055,16.23317808219178,,23.43
403520099201601,2003,40.5886101475,-99.3416473,2265.95,15.902139571177724,11.669397260273973,498.43,59.134328767123286,3.4380273972602744,16.324191780821916,,13.4
403520099201601,2004,40.5886101475,-99.3416473,2265.95,18.358756577210816,11.452868852459016,645.8100000000001,63.159699453551916,3.455382513661202,16.150901639344262,,15.78
403520099201601,2005,40.5886101475,-99.3416473,2265.95,19.82106986739574,11.73095890410959,631.46,64.1328493150685,3.4875890410958905,16.385753424657533,,16.81
403520099201601,2006,40.5886101475,-99.3416473,2265.95,20.938675194716375,12.111013698630138,647.73,59.76945205479451,3.5661095890410954,16.53980821917808,,19.23
403520099201601,2007,40.5886101475,-99.3416473,2265.95,19.74365152760385,11.085424657534245,846.89,69.75419178082191,3.515205479452055,16.23317808219178,,17.47
403520099201601,2007,40.5886101475,-99.3416473,2265.95,19.74365152760385,11.085424657534245,846.89,69.75419178082191,3.515205479452055,16.23317808219178,,17.34
403520099201601,2008,40.5886101475,-99.3416473,2265.95,17.67341623580972,9.928142076502732,875.2,67.25486338797813,3.6044262295081966,16.340491803278688,,14.97
403540099260001,2006,40.5946306,-99.4353739,2323.77,26.07640618719049,12.111013698630138,647.73,59.76945205479451,3.5661095890410954,16.53980821917808,,26.9
403540099260001,2007,40.5946306,-99.4353739,2323.77,23.87011963632957,11.085424657534245,846.89,69.75419178082191,3.515205479452055,16.23317808219178,,24.82
403625099315401,2006,40.60535831,-99.53303177,2384.53,40.04471875117592,12.111013698630138,647.73,59.76945205479451,3.5661095890410954,16.53980821917808,,38.02
403625099315401,2007,40.60535831,-99.53303177,2384.53,39.00096337773792,11.085424657534245,846.89,69.75419178082191,3.515205479452055,16.23317808219178,,35.7
403625099361001,2006,40.60535831,-99.60306609,2454.12,86.96829032628649,12.111013698630138,647.73,59.76945205479451,3.5661095890410954,16.53980821917808,,89.57
403625099361001,2007,40.60535831,-99.60306609,2454.12,86.83078318653972,11.085424657534245,846.89,69.75419178082191,3.515205479452055,16.23317808219178,,88.14
403638099154301,2006,40.60901195,-99.26298962,2222.0,25.7028995147178,12.111013698630138,647.73,59.76945205479451,3.5661095890410954,16.53980821917808,,21.0
403638099154301,2007,40.60901195,-99.26298962,2222.0,22.625804891137427,11.085424657534245,846.89,69.75419178082191,3.515205479452055,16.23317808219178,,16.73
403644099350001,2003,40.61418514,-99.57972132,2418.26,63.894914578874975,11.669397260273973,498.43,59.134328767123286,3.4380273972602744,16.324191780821916,,63.78
403644099350001,2006,40.61418514,-99.57972132,2418.26,69.74265356857543,12.111013698630138,647.73,59.76945205479451,3.5661095890410954,16.53980821917808,,71.0
403644099350001,2007,40.61418514,-99.57972132,2418.26,69.15500280643802,11.085424657534245,846.89,69.75419178082191,3.515205479452055,16.23317808219178,,69.92
403645099242701,2005,40.61264497222222,-99.40752011111113,2297.96,25.00660475926272,11.73095890410959,631.46,64.1328493150685,3.4875890410958905,16.385753424657533,,27.3
403645099242702,2005,40.61264497222222,-99.40752011111113,2297.96,25.00660475926272,11.73095890410959,631.46,64.1328493150685,3.4875890410958905,16.385753424657533,,30.54
403645099242702,2008,40.61264497222222,-99.40752011111113,2297.96,19.210459569484996,9.928142076502732,875.2,67.25486338797813,3.6044262295081966,16.340491803278688,,20.6
403646099293301,2003,40.6127772,-99.4935704,2354.25,21.51264833576961,11.669397260273973,498.43,59.134328767123286,3.4380273972602744,16.324191780821916,,17.89
403646099293301,2004,40.6127772,-99.4935704,2354.25,22.33166007013286,11.452868852459016,645.8100000000001,63.159699453551916,3.455382513661202,16.150901639344262,,19.13
403646099293301,2005,40.6127772,-99.4935704,2354.25,23.546195569096493,11.73095890410959,631.46,64.1328493150685,3.4875890410958905,16.385753424657533,,18.65
403646099293301,2006,40.6127772,-99.4935704,2354.25,23.588409411764,12.111013698630138,647.73,59.76945205479451,3.5661095890410954,16.53980821917808,,17.28
403646099293301,2007,40.6127772,-99.4935704,2354.25,23.24385202089945,11.085424657534245,846.89,69.75419178082191,3.515205479452055,16.23317808219178,,17.54
403646099293301,2007,40.6127772,-99.4935704,2354.25,23.24385202089945,11.085424657534245,846.89,69.75419178082191,3.515205479452055,16.23317808219178,,17.18
403646099293301,2008,40.6127772,-99.4935704,2354.25,24.616597592354918,9.928142076502732,875.2,67.25486338797813,3.6044262295081966,16.340491803278688,,19.47
403651099281401,2003,40.613021,-99.4747929,2345.39,31.85642087430115,11.669397260273973,498.43,59.134328767123286,3.4380273972602744,16.324191780821916,,39.4
403651099281401,2005,40.613021,-99.4747929,2345.39,33.476283186146915,11.73095890410959,631.46,64.1328493150685,3.4875890410958905,16.385753424657533,,40.9
403651099281401,2006,40.613021,-99.4747929,2345.39,33.3806937382823,12.111013698630138,647.73,59.76945205479451,3.5661095890410954,16.53980821917808,,43.93
403651099281401,2007,40.613021,-99.4747929,2345.39,33.89595543270217,11.085424657534245,846.89,69.75419178082191,3.515205479452055,16.23317808219178,,40.8
403651099281401,2007,40.613021,-99.4747929,2345.39,33.89595543270217,11.085424657534245,846.89,69.75419178082191,3.515205479452055,16.23317808219178,,41.11
403651099281401,2008,40.613021,-99.4747929,2345.39,32.00250623953584,9.928142076502732,875.2,67.25486338797813,3.6044262295081966,16.340491803278688,,38.61
403710099104601,2005,40.6195145,-99.17947241666668,2193.97,22.95641680463878,11.73095890410959,631.46,64.1328493150685,3.4875890410958905,16.385753424657533,,18.14
403710099104602,2005,40.6195145,-99.17947241666668,2193.97,22.95641680463878,11.73095890410959,631.46,64.1328493150685,3.4875890410958905,16.385753424657533,,17.98
403710099104602,2008,40.6195145,-99.17947241666668,2193.97,15.834174956704906,9.928142076502732,875.2,67.25486338797813,3.6044262295081966,16.340491803278688,,14.15
403730099373501,2003,40.6268217,-99.6246292,2471.08,84.00200809872211,11.669397260273973,498.43,59.134328767123286,3.4380273972602744,16.324191780821916,,84.85
403730099373501,2004,40.6268217,-99.6246292,2471.08,86.0260573661183,11.452868852459016,645.8100000000001,63.159699453551916,3.455382513661202,16.150901639344262,,86.83
403730099373501,2005,40.6268217,-99.6246292,2471.08,86.03758836504224,11.73095890410959,631.46,64.1328493150685,3.4875890410958905,16.385753424657533,,87.44
403730099373501,2006,40.6268217,-99.6246292,2471.08,87.80449856851979,12.111013698630138,647.73,59.76945205479451,3.5661095890410954,16.53980821917808,,90.65
403730099373501,2007,40.6268217,-99.6246292,2471.08,90.13530635567932,11.085424657534245,846.89,69.75419178082191,3.515205479452055,16.23317808219178,,89.46
403730099373501,2007,40.6268217,-99.6246292,2471.08,90.13530635567932,11.085424657534245,846.89,69.75419178082191,3.515205479452055,16.23317808219178,,89.65
403730099373501,2008,40.6268217,-99.6246292,2471.08,90.61747789684136,9.928142076502732,875.2,67.25486338797813,3.6044262295081966,16.340491803278688,,89.53
403738099181101,2005,40.62740444444445,-99.30320513888888,2241.2,18.963471687083445,11.73095890410959,631.46,64.1328493150685,3.4875890410958905,16.385753424657533,,20.6
403738099181102,2005,40.62740444444445,-99.30320513888888,2241.2,18.963471687083445,11.73095890410959,631.46,64.1328493150685,3.4875890410958905,16.385753424657533,,20.5
403738099181102,2008,40.62740444444445,-99.30320513888888,2241.2,15.537396341080344,9.928142076502732,875.2,67.25486338797813,3.6044262295081966,16.340491803278688,,16.46
403739099293601,2007,40.62758555555556,-99.49344,2356.31,26.36981605252988,11.085424657534245,846.89,69.75419178082191,3.515205479452055,16.23317808219178,,27.37
403822099324501,2003,40.6415361,-99.5482644,2377.53,33.455560094961726,11.669397260273973,498.43,59.134328767123286,3.4380273972602744,16.324191780821916,,35.88
403822099324501,2004,40.6415361,-99.5482644,2377.53,34.49206106179744,11.452868852459016,645.8100000000001,63.159699453551916,3.455382513661202,16.150901639344262,,36.58
403822099324501,2005,40.6415361,-99.5482644,2377.53,34.66503199155065,11.73095890410959,631.46,64.1328493150685,3.4875890410958905,16.385753424657533,,38.09
403822099324501,2006,40.6415361,-99.5482644,2377.53,37.291028606470896,12.111013698630138,647.73,59.76945205479451,3.5661095890410954,16.53980821917808,,39.05
403822099324501,2007,40.6415361,-99.5482644,2377.53,36.1043191759398,11.085424657534245,846.89,69.75419178082191,3.515205479452055,16.23317808219178,,37.38
403822099324501,2007,40.6415361,-99.5482644,2377.53,36.1043191759398,11.085424657534245,846.89,69.75419178082191,3.515205479452055,16.23317808219178,,37.63
403822099324501,2008,40.6415361,-99.5482644,2377.53,36.49753887588184,9.928142076502732,875.2,67.25486338797813,3.6044262295081966,16.340491803278688,,38.61
403831099173501,2005,40.642178,-99.29327591666666,2229.47,16.38601243087635,11.73095890410959,631.46,64.1328493150685,3.4875890410958905,16.385753424657533,,13.59
403831099173502,2005,40.642178,-99.29327591666666,2229.47,16.38601243087635,11.73095890410959,631.46,64.1328493150685,3.4875890410958905,16.385753424657533,,13.92
403831099173502,2008,40.642178,-99.29327591666666,2229.47,12.211254122209237,9.928142076502732,875.2,67.25486338797813,3.6044262295081966,16.340491803278688,,11.25
403832099293501,2007,40.64230694444444,-99.49321833333332,2322.16,20.26677994752164,11.085424657534245,846.89,69.75419178082191,3.515205479452055,16.23317808219178,,21.04
403902099313701,2006,40.6483999,-99.5291531,2345.9,27.74015773862375,12.111013698630138,647.73,59.76945205479451,3.5661095890410954,16.53980821917808,,35.62
403902099313701,2007,40.6483999,-99.5291531,2345.9,28.004423891130912,11.085424657534245,846.89,69.75419178082191,3.515205479452055,16.23317808219178,,34.88
403902099313701,2007,40.6483999,-99.5291531,2345.9,28.004423891130912,11.085424657534245,846.89,69.75419178082191,3.515205479452055,16.23317808219178,,33.42
403902099313701,2008,40.6483999,-99.5291531,2345.9,27.227513572807727,9.928142076502732,875.2,67.25486338797813,3.6044262295081966,16.340491803278688,,34.19
403915099190801,2003,40.6573434,-99.3214291,2234.03,13.551712507537044,11.669397260273973,498.43,59.134328767123286,3.4380273972602744,16.324191780821916,,9.12
403915099190801,2006,40.6573434,-99.3214291,2234.03,14.893122491149288,12.111013698630138,647.73,59.76945205479451,3.5661095890410954,16.53980821917808,,10.78
403915099190801,2007,40.6573434,-99.3214291,2234.03,11.884631688854078,11.085424657534245,846.89,69.75419178082191,3.515205479452055,16.23317808219178,,9.5
403927099293501,2007,40.65755805555556,-99.49321666666668,2297.65,10.067321302036984,11.085424657534245,846.89,69.75419178082191,3.515205479452055,16.23317808219178,,8.67
403928099333601,2006,40.6571948,-99.5612991,2355.41,27.072610098551515,12.111013698630138,647.73,59.76945205479451,3.5661095890410954,16.53980821917808,,39.0
403928099333601,2006,40.6571948,-99.5612991,2355.41,27.072610098551515,12.111013698630138,647.73,59.76945205479451,3.5661095890410954,16.53980821917808,,39.71
403928099333601,2007,40.6571948,-99.5612991,2355.41,24.19617081705555,11.085424657534245,846.89,69.75419178082191,3.515205479452055,16.23317808219178,,38.0
403928099371801,2003,40.655954,-99.6202609,2432.98,66.89543588900395,11.669397260273973,498.43,59.134328767123286,3.4380273972602744,16.324191780821916,,80.55
403928099371801,2004,40.655954,-99.6202609,2432.98,68.48630470018198,11.452868852459016,645.8100000000001,63.159699453551916,3.455382513661202,16.150901639344262,,81.97
403928099371801,2005,40.655954,-99.6202609,2432.98,66.62306691569876,11.73095890410959,631.46,64.1328493150685,3.4875890410958905,16.385753424657533,,82.24
403928099371801,2006,40.655954,-99.6202609,2432.98,63.82687480112983,12.111013698630138,647.73,59.76945205479451,3.5661095890410954,16.53980821917808,,83.33
403928099371801,2007,40.655954,-99.6202609,2432.98,70.48205505386849,11.085424657534245,846.89,69.75419178082191,3.515205479452055,16.23317808219178,,82.33
403928099371801,2007,40.655954,-99.6202609,2432.98,70.48205505386849,11.085424657534245,846.89,69.75419178082191,3.515205479452055,16.23317808219178,,82.65
403928099371801,2008,40.655954,-99.6202609,2432.98,69.62094636260488,9.928142076502732,875.2,67.25486338797813,3.6044262295081966,16.340491803278688,,82.57
403941099331901,2003,40.66044972,-99.55637462,2347.21,13.211404250564826,11.669397260273973,498.43,59.134328767123286,3.4380273972602744,16.324191780821916,,3.41
403941099331901,2004,40.66044972,-99.55637462,2347.21,14.649868485496482,11.452868852459016,645.8100000000001,63.159699453551916,3.455382513661202,16.150901639344262,,4.4
403941099331901,2005,40.66044972,-99.55637462,2347.21,10.133521005606088,11.73095890410959,631.46,64.1328493150685,3.4875890410958905,16.385753424657533,,3.35
403941099331901,2006,40.66044972,-99.55637462,2347.21,16.49779021348395,12.111013698630138,647.73,59.76945205479451,3.5661095890410954,16.53980821917808,,5.62
403941099331901,2006,40.66044972,-99.55637462,2347.21,16.49779021348395,12.111013698630138,647.73,59.76945205479451,3.5661095890410954,16.53980821917808,,4.32
403941099331901,2007,40.66044972,-99.55637462,2347.21,14.860469447134031,11.085424657534245,846.89,69.75419178082191,3.515205479452055,16.23317808219178,,3.44
403941099331901,2007,40.66044972,-99.55637462,2347.21,14.860469447134031,11.085424657534245,846.89,69.75419178082191,3.515205479452055,16.23317808219178,,3.61
403941099331901,2008,40.66044972,-99.55637462,2347.21,14.606515261745605,9.928142076502732,875.2,67.25486338797813,3.6044262295081966,16.340491803278688,,3.6
403941099342701,2003,40.6636923,-99.5766538,2326.71,11.120001845809565,11.669397260273973,498.43,59.134328767123286,3.4380273972602744,16.324191780821916,,6.24
403941099342701,2004,40.6636923,-99.5766538,2326.71,12.495237600522293,11.452868852459016,645.8100000000001,63.159699453551916,3.455382513661202,16.150901639344262,,7.34
403941099342701,2005,40.6636923,-99.5766538,2326.71,11.131895324234474,11.73095890410959,631.46,64.1328493150685,3.4875890410958905,16.385753424657533,,6.93
403941099342701,2006,40.6636923,-99.5766538,2326.71,13.998984704130017,12.111013698630138,647.73,59.76945205479451,3.5661095890410954,16.53980821917808,,8.29
403941099342701,2007,40.6636923,-99.5766538,2326.71,12.06405631287585,11.085424657534245,846.89,69.75419178082191,3.515205479452055,16.23317808219178,,6.48
403941099342701,2007,40.6636923,-99.5766538,2326.71,12.06405631287585,11.085424657534245,846.89,69.75419178082191,3.515205479452055,16.23317808219178,,6.21
403941099342701,2008,40.6636923,-99.5766538,2326.71,12.635546530087677,9.928142076502732,875.2,67.25486338797813,3.6044262295081966,16.340491803278688,,6.31
403946099383201,2007,40.66301611111111,-99.64228555555556,2446.94,70.71637534401108,11.085424657534245,846.89,69.75419178082191,3.515205479452055,16.23317808219178,,95.15
403949099293501,2007,40.66383277777778,-99.49320805555556,2291.23,7.5581570508456,11.085424657534245,846.89,69.75419178082191,3.515205479452055,16.23317808219178,,4.96
404006099282401,2007,40.66854833333333,-99.4734825,2280.04,3.835349065416407,11.085424657534245,846.89,69.75419178082191,3.515205479452055,16.23317808219178,,3.19
404007099294001,2003,40.6709022,-99.4936146,2290.54,7.463821320500927,11.669397260273973,498.43,59.134328767123286,3.4380273972602744,16.324191780821916,,5.99
404007099294001,2004,40.6709022,-99.4936146,2290.54,8.311657624497771,11.452868852459016,645.8100000000001,63.159699453551916,3.455382513661202,16.150901639344262,,6.63
404007099294001,2005,40.6709022,-99.4936146,2290.54,8.073327646745545,11.73095890410959,631.46,64.1328493150685,3.4875890410958905,16.385753424657533,,5.9
404007099294001,2006,40.6709022,-99.4936146,2290.54,9.370974975030268,12.111013698630138,647.73,59.76945205479451,3.5661095890410954,16.53980821917808,,7.85
404007099294001,2007,40.6709022,-99.4936146,2290.54,6.190546897971725,11.085424657534245,846.89,69.75419178082191,3.515205479452055,16.23317808219178,,6.0
404007099294001,2007,40.6709022,-99.4936146,2290.54,6.190546897971725,11.085424657534245,846.89,69.75419178082191,3.515205479452055,16.23317808219178,,8.19
404007099294001,2008,40.6709022,-99.4936146,2290.54,6.306364731288869,9.928142076502732,875.2,67.25486338797813,3.6044262295081966,16.340491803278688,,7.19
404007099351901,2003,40.6709256,-99.5865622,2322.26,8.304515316900035,11.669397260273973,498.43,59.134328767123286,3.4380273972602744,16.324191780821916,,6.07
404007099351901,2004,40.6709256,-99.5865622,2322.26,9.91673043057129,11.452868852459016,645.8100000000001,63.159699453551916,3.455382513661202,16.150901639344262,,7.93
404007099351901,2005,40.6709256,-99.5865622,2322.26,8.06691036449596,11.73095890410959,631.46,64.1328493150685,3.4875890410958905,16.385753424657533,,7.31
404007099351901,2006,40.6709256,-99.5865622,2322.26,9.470746177794684,12.111013698630138,647.73,59.76945205479451,3.5661095890410954,16.53980821917808,,7.91
404007099351901,2007,40.6709256,-99.5865622,2322.26,6.935101848806412,11.085424657534245,846.89,69.75419178082191,3.515205479452055,16.23317808219178,,5.9
404007099351901,2007,40.6709256,-99.5865622,2322.26,6.935101848806412,11.085424657534245,846.89,69.75419178082191,3.515205479452055,16.23317808219178,,7.2
404007099351901,2008,40.6709256,-99.5865622,2322.26,7.752131360024562,9.928142076502732,875.2,67.25486338797813,3.6044262295081966,16.340491803278688,,7.07
404020099355301,2003,40.6710839,-99.5961084,2326.91,12.050111011340096,11.669397260273973,498.43,59.134328767123286,3.4380273972602744,16.324191780821916,,4.11
404020099355301,2004,40.6710839,-99.5961084,2326.91,13.579564462826584,11.452868852459016,645.8100000000001,63.159699453551916,3.455382513661202,16.150901639344262,,5.58
404020099355301,2005,40.6710839,-99.5961084,2326.91,11.166399569495445,11.73095890410959,631.46,64.1328493150685,3.4875890410958905,16.385753424657533,,4.74
404020099355301,2006,40.6710839,-99.5961084,2326.91,12.394512251273657,12.111013698630138,647.73,59.76945205479451,3.5661095890410954,16.53980821917808,,5.63
404020099355301,2007,40.6710839,-99.5961084,2326.91,9.0997859135486,11.085424657534245,846.89,69.75419178082191,3.515205479452055,16.23317808219178,,4.52
404020099355301,2007,40.6710839,-99.5961084,2326.91,9.0997859135486,11.085424657534245,846.89,69.75419178082191,3.515205479452055,16.23317808219178,,5.22
404020099355301,2008,40.6710839,-99.5961084,2326.91,9.446399569038626,9.928142076502732,875.2,67.25486338797813,3.6044262295081966,16.340491803278688,,5.04
404033099373001,2005,40.67593911111111,-99.62515633333332,2339.74,24.09304562410189,11.73095890410959,631.46,64.1328493150685,3.4875890410958905,16.385753424657533,,17.74
404040099383501,2007,40.67796833333333,-99.64313333333334,2346.64,24.401276319674277,11.085424657534245,846.89,69.75419178082191,3.515205479452055,16.23317808219178,,10.97
404059099383501,2007,40.68328583333333,-99.64316027777778,2343.11,17.878525998953627,11.085424657534245,846.89,69.75419178082191,3.515205479452055,16.23317808219178,,14.93
404102099373001,2005,40.68405933333333,-99.62523716666666,2334.85,17.976581519450615,11.73095890410959,631.46,64.1328493150685,3.4875890410958905,16.385753424657533,,11.76
404102099373002,2005,40.68405933333333,-99.62523716666666,2334.85,17.976581519450615,11.73095890410959,631.46,64.1328493150685,3.4875890410958905,16.385753424657533,,20.49
404102099373002,2008,40.68405933333333,-99.62523716666666,2334.85,7.879590804445715,9.928142076502732,875.2,67.25486338797813,3.6044262295081966,16.340491803278688,,8.31
402513099164801,2011,40.42006111111111,-99.27985277777778,2278.97,76.51430952461592,10.774520547945205,719.81,64.5308493150685,3.4391506849315068,15.93164383561644,,71.47
402421099112000,2011,40.40549166666666,-99.18921666666668,2216.62,58.86751140361064,10.774520547945205,719.81,64.5308493150685,3.4391506849315068,15.93164383561644,,53.37
402342099143300,2011,40.39436388888889,-99.24273333333332,2261.52,105.11564177383276,10.774520547945205,719.81,64.5308493150685,3.4391506849315068,15.93164383561644,,110.23
402423099152001,2011,40.40643361111111,-99.2555336111111,2261.86,88.71151781086893,10.774520547945205,719.81,64.5308493150685,3.4391506849315068,15.93164383561644,,85.6
402200099160700,2011,40.3669,-99.267175,2280.22,146.6861231257413,10.774520547945205,719.81,64.5308493150685,3.4391506849315068,15.93164383561644,,148.88
402532099222601,2011,40.42564361111111,-99.37401277777776,2312.94,101.50383731084666,10.774520547945205,719.81,64.5308493150685,3.4391506849315068,15.93164383561644,,93.77
402532099222602,2011,40.42564361111111,-99.37401277777776,2312.94,101.50383731084666,10.774520547945205,719.81,64.5308493150685,3.4391506849315068,15.93164383561644,,98.83
402320099231001,2011,40.38914722222222,-99.38615277777778,2384.17,202.1525247653381,10.774520547945205,719.81,64.5308493150685,3.4391506849315068,15.93164383561644,,216.31
402326099185300,2011,40.390366666666665,-99.31649722222222,2306.56,145.62162281464072,10.774520547945205,719.81,64.5308493150685,3.4391506849315068,15.93164383561644,,147.76
402115099213100,2011,40.35468888888889,-99.35943333333331,2345.58,202.37290148070176,10.774520547945205,719.81,64.5308493150685,3.4391506849315068,15.93164383561644,,204.54
402435099262900,2011,40.40768055555555,-99.44083333333332,2405.19,193.06423964921103,10.774520547945205,719.81,64.5308493150685,3.4391506849315068,15.93164383561644,,208.12
402406099311800,2011,40.40154444444444,-99.52104166666666,2406.07,174.61194002004663,10.774520547945205,719.81,64.5308493150685,3.4391506849315068,15.93164383561644,,181.13
402334099293301,2011,40.392735555555554,-99.49248916666669,2343.83,146.16094759203384,10.774520547945205,719.81,64.5308493150685,3.4391506849315068,15.93164383561644,,137.0
402334099293302,2011,40.392735555555554,-99.49248916666669,2343.83,146.16094759203384,10.774520547945205,719.81,64.5308493150685,3.4391506849315068,15.93164383561644,,137.19
402159099301600,2011,40.3649,-99.50220555555556,2377.49,172.71349004475044,10.774520547945205,719.81,64.5308493150685,3.4391506849315068,15.93164383561644,,179.26
402107099262000,2011,40.35080555555556,-99.43768055555556,2363.91,200.1749510639241,10.774520547945205,719.81,64.5308493150685,3.4391506849315068,15.93164383561644,,200.34
402609099350800,2011,40.43199166666666,-99.58200277777776,2443.0,166.02572514426862,10.774520547945205,719.81,64.5308493150685,3.4391506849315068,15.93164383561644,,174.7
402756099270601,2000,40.46631944,-99.4548306,2351.9,92.98523201012516,11.749371584699455,552.94,58.68125683060109,3.488169398907104,16.321967213114753,,83.78
402835099281401,2000,40.47235556,-99.4740667,2369.23,93.4954125438739,11.749371584699455,552.94,58.68125683060109,3.488169398907104,16.321967213114753,,90.1
402835099281401,2005,40.47235556,-99.4740667,2369.23,102.30910770171818,11.73095890410959,631.46,64.1328493150685,3.4875890410958905,16.385753424657533,,96.0
402919099104601,2006,40.4886216022222,-99.1795852,2229.35,27.710568986215375,12.111013698630138,647.73,59.76945205479451,3.5661095890410954,16.53980821917808,,26.59
402919099104601,2007,40.4886216022222,-99.1795852,2229.35,26.401714525936494,11.085424657534245,846.89,69.75419178082191,3.515205479452055,16.23317808219178,,26.17
403322099254102,2000,40.554275,-99.4303056,2335.12,14.351030795499277,11.749371584699455,552.94,58.68125683060109,3.488169398907104,16.321967213114753,,15.17
403322099254102,2005,40.554275,-99.4303056,2335.12,14.721036925724928,11.73095890410959,631.46,64.1328493150685,3.4875890410958905,16.385753424657533,,12.72
403322099254102,2006,40.554275,-99.4303056,2335.12,18.565845634444457,12.111013698630138,647.73,59.76945205479451,3.5661095890410954,16.53980821917808,,18.86
403322099264902,2000,40.55435556,-99.4489917,2343.0,14.666723051962428,11.749371584699455,552.94,58.68125683060109,3.488169398907104,16.321967213114753,,13.41
403322099264902,2005,40.55435556,-99.4489917,2343.0,16.047475360310532,11.73095890410959,631.46,64.1328493150685,3.4875890410958905,16.385753424657533,,13.78
403322099264902,2006,40.55435556,-99.4489917,2343.0,18.829996883157445,12.111013698630138,647.73,59.76945205479451,3.5661095890410954,16.53980821917808,,17.88
403453099322801,2000,40.58267778,-99.5435778,2442.77,61.62971892360575,11.749371584699455,552.94,58.68125683060109,3.488169398907104,16.321967213114753,,70.36
403453099322801,2001,40.58267778,-99.5435778,2442.77,61.85479096747542,11.778054794520548,626.51,63.07638356164384,3.403150684931507,16.479589041095892,,71.0
403518099235901,2002,40.58844167,-99.3996972,2299.02,14.271245056767846,11.747835616438357,380.73,56.3613698630137,3.648383561643836,16.674520547945203,,18.1
403540099260002,2006,40.5944542,-99.4337128,2322.58,25.968613232657617,12.111013698630138,647.73,59.76945205479451,3.5661095890410954,16.53980821917808,,27.92
403954099335301,2000,40.6640455,-99.5668126,2327.34,14.487982455428996,11.749371584699455,552.94,58.68125683060109,3.488169398907104,16.321967213114753,,11.75
403954099335301,2001,40.6640455,-99.5668126,2327.34,14.01915094030129,11.778054794520548,626.51,63.07638356164384,3.403150684931507,16.479589041095892,,10.86
404007099250701,2000,40.67069444,-99.4177056,2261.69,6.067651208024095,11.749371584699455,552.94,58.68125683060109,3.488169398907104,16.321967213114753,,5.83
404007099250701,2001,40.67069444,-99.4177056,2261.69,5.831101657466732,11.778054794520548,626.51,63.07638356164384,3.403150684931507,16.479589041095892,,5.38
404007099252401,2000,40.6706222,-99.4270139,2267.06,5.491436619922697,11.749371584699455,552.94,58.68125683060109,3.488169398907104,16.321967213114753,,6.0
404007099252401,2001,40.6706222,-99.4270139,2267.06,5.468670062375179,11.778054794520548,626.51,63.07638356164384,3.403150684931507,16.479589041095892,,6.11
404007099252401,2008,40.6706222,-99.4270139,2267.06,3.617378318489739,9.928142076502732,875.2,67.25486338797813,3.6044262295081966,16.340491803278688,,1.54
402458099344401,2011,40.41608027777777,-99.57890388888887,2426.49,162.43773740411103,10.774520547945205,719.81,64.5308493150685,3.4391506849315068,15.93164383561644,,170.63
402458099344402,2011,40.41608027777777,-99.57890388888887,2426.49,162.43773740411103,10.774520547945205,719.81,64.5308493150685,3.4391506849315068,15.93164383561644,,170.7
402404099383400,2011,40.40166972222222,-99.64190722222224,2363.94,88.93646460705548,10.774520547945205,719.81,64.5308493150685,3.4391506849315068,15.93164383561644,,86.94
402233099341700,2011,40.376269444444446,-99.57279166666666,2335.32,110.1507693119135,10.774520547945205,719.81,64.5308493150685,3.4391506849315068,15.93164383561644,,111.49
402110099140001,2011,40.351999,-99.2329232,2283.76,152.65434179489793,10.774520547945205,719.81,64.5308493150685,3.4391506849315068,15.93164383561644,,167.67
402532099235801,2011,40.42582814,-99.40068743,2321.09,123.94568493417988,10.774520547945205,719.81,64.5308493150685,3.4391506849315068,15.93164383561644,,114.09
402124099201601,2011,40.3563466,-99.3403749,2318.47,185.9691974720536,10.774520547945205,719.81,64.5308493150685,3.4391506849315068,15.93164383561644,,181.84
403104099130201,2011,40.5179145,-99.2173248,2242.62,24.57776385019736,10.774520547945205,719.81,64.5308493150685,3.4391506849315068,15.93164383561644,,25.39
403124099152601,2011,40.52215595,-99.25856338,2258.2,31.313162139724277,10.774520547945205,719.81,64.5308493150685,3.4391506849315068,15.93164383561644,,42.52
402952099161701,2011,40.49624602,-99.2746825,2255.28,22.83372360371754,10.774520547945205,719.81,64.5308493150685,3.4391506849315068,15.93164383561644,,18.32
403037099135301,2011,40.5105526386111,-99.2316379,2239.33,21.88130256086894,10.774520547945205,719.81,64.5308493150685,3.4391506849315068,15.93164383561644,,17.29
403037099111401,2011,40.5103457694444,-99.1873426,2237.5,27.213032690461134,10.774520547945205,719.81,64.5308493150685,3.4391506849315068,15.93164383561644,,28.58
402952099114401,2011,40.4961238363889,-99.1985012,2246.17,28.93660631680058,10.774520547945205,719.81,64.5308493150685,3.4391506849315068,15.93164383561644,,34.2
402905099115301,2011,40.4848551,-99.1983097,2241.11,28.39129972441223,10.774520547945205,719.81,64.5308493150685,3.4391506849315068,15.93164383561644,,30.15
402919099104601,2011,40.4886216022222,-99.1795852,2229.35,23.79056262131724,10.774520547945205,719.81,64.5308493150685,3.4391506849315068,15.93164383561644,,22.12
402853099104601,2011,40.4815796,-99.179559,2221.31,23.018746262163766,10.774520547945205,719.81,64.5308493150685,3.4391506849315068,15.93164383561644,,15.16
402945099151900,2011,40.49312395,-99.25285328,2243.78,19.91878822717086,10.774520547945205,719.81,64.5308493150685,3.4391506849315068,15.93164383561644,,17.25
402853099152001,2011,40.4816481,-99.2557469,2251.06,22.04499447388383,10.774520547945205,719.81,64.5308493150685,3.4391506849315068,15.93164383561644,,23.82
402851099130101,2011,40.4809986,-99.2168379,2244.15,27.3680489076558,10.774520547945205,719.81,64.5308493150685,3.4391506849315068,15.93164383561644,,27.81
403014099213701,2011,40.50113773,-99.35723759,2325.73,34.994186476407386,10.774520547945205,719.81,64.5308493150685,3.4391506849315068,15.93164383561644,,33.76
402924099235501,2011,40.4901949,-99.398706,2336.37,51.372007410359465,10.774520547945205,719.81,64.5308493150685,3.4391506849315068,15.93164383561644,,50.42
402716099212401,2011,40.4529071,-99.3592878,2307.74,70.3769343282842,10.774520547945205,719.81,64.5308493150685,3.4391506849315068,15.93164383561644,,68.05
403123099261501,2011,40.52446389,-99.436875,2361.96,37.98021078484539,10.774520547945205,719.81,64.5308493150685,3.4391506849315068,15.93164383561644,,39.89
403125099295701,2011,40.5247252,-99.4992246,2402.13,64.07270245086073,10.774520547945205,719.81,64.5308493150685,3.4391506849315068,15.93164383561644,,63.35
403037099313401,2011,40.5104684,-99.5262137,2408.97,84.03559951044535,10.774520547945205,719.81,64.5308493150685,3.4391506849315068,15.93164383561644,,75.09
402821099282901,2011,40.47215973,-99.47068872,2363.91,95.16058949637284,10.774520547945205,719.81,64.5308493150685,3.4391506849315068,15.93164383561644,,91.88
403638099154301,2011,40.60901195,-99.26298962,2222.0,17.508113181185767,10.774520547945205,719.81,64.5308493150685,3.4391506849315068,15.93164383561644,,13.43
403453099141801,2011,40.58307501,-99.2365144,2255.34,32.937556728791904,10.774520547945205,719.81,64.5308493150685,3.4391506849315068,15.93164383561644,,48.19
403328099181202,2011,40.5577906,-99.3033482,2272.01,25.76589989415105,10.774520547945205,719.81,64.5308493150685,3.4391506849315068,15.93164383561644,,28.44
403335099150901,2011,40.55977478,-99.25286046,2241.29,28.48467990276499,10.774520547945205,719.81,64.5308493150685,3.4391506849315068,15.93164383561644,,29.44
403348099114401,2011,40.5613598133333,-99.1983188,2236.17,26.005019203950507,10.774520547945205,719.81,64.5308493150685,3.4391506849315068,15.93164383561644,,35.23
403507099234101,2011,40.5836771413889,-99.3985091,2295.65,11.87508068514916,10.774520547945205,719.81,64.5308493150685,3.4391506849315068,15.93164383561644,,9.34
403520099201601,2011,40.5886101475,-99.3416473,2265.95,13.542967644016166,10.774520547945205,719.81,64.5308493150685,3.4391506849315068,15.93164383561644,,11.45
403453099190801,2011,40.5807096794444,-99.3229107,2282.14,23.917537197212784,10.774520547945205,719.81,64.5308493150685,3.4391506849315068,15.93164383561644,,34.8
403322099210701,2011,40.55622914,-99.3528114,2284.27,15.763381016030593,10.774520547945205,719.81,64.5308493150685,3.4391506849315068,15.93164383561644,,19.14
403322099201601,2011,40.5547811,-99.3416484,2267.67,13.984481523085702,10.774520547945205,719.81,64.5308493150685,3.4391506849315068,15.93164383561644,,5.74
403138099235801,2011,40.5255500233333,-99.399115,2328.14,26.01115063671055,10.774520547945205,719.81,64.5308493150685,3.4391506849315068,15.93164383561644,,23.25
403138099190801,2011,40.5255972,-99.3224515,2277.27,23.627368605561017,10.774520547945205,719.81,64.5308493150685,3.4391506849315068,15.93164383561644,,22.59
403540099260001,2011,40.5946306,-99.4353739,2323.77,18.919741126523483,10.774520547945205,719.81,64.5308493150685,3.4391506849315068,15.93164383561644,,22.03
403507099254101,2011,40.58520714,-99.42844836,2318.5,17.886259270226073,10.774520547945205,719.81,64.5308493150685,3.4391506849315068,15.93164383561644,,21.3
403433099250001,2011,40.576331,-99.4179046,2315.55,14.7953516694444,10.774520547945205,719.81,64.5308493150685,3.4391506849315068,15.93164383561644,,15.72
403454099304801,2011,40.57931189,-99.51412709,2390.5,35.1222384715623,10.774520547945205,719.81,64.5308493150685,3.4391506849315068,15.93164383561644,,32.44
403322099304801,2011,40.5542755075,-99.5122815,2411.43,53.409233419478326,10.774520547945205,719.81,64.5308493150685,3.4391506849315068,15.93164383561644,,54.37
403322099272302,2011,40.5545803,-99.4609332,2349.56,14.969176224618415,10.774520547945205,719.81,64.5308493150685,3.4391506849315068,15.93164383561644,,14.67
403322099264901,2011,40.5543545569444,-99.4489925,2342.74,13.160301318206937,10.774520547945205,719.81,64.5308493150685,3.4391506849315068,15.93164383561644,,12.25
403322099254101,2011,40.5542755,-99.4303042,2335.12,13.674159290966754,10.774520547945205,719.81,64.5308493150685,3.4391506849315068,15.93164383561644,,15.02
403309099250701,2011,40.5543784,-99.4199673,2322.67,13.219898766127889,10.774520547945205,719.81,64.5308493150685,3.4391506849315068,15.93164383561644,,9.27
403224099261801,2011,40.54167314,-99.43849253,2347.7,20.59126876655567,10.774520547945205,719.81,64.5308493150685,3.4391506849315068,15.93164383561644,,19.3
403309099281401,2011,40.5521635,-99.4737128,2354.64,19.197325801148004,10.774520547945205,719.81,64.5308493150685,3.4391506849315068,15.93164383561644,,13.52
403217099312001,2011,40.5392815,-99.5207383,2451.89,74.73376488780143,10.774520547945205,719.81,64.5308493150685,3.4391506849315068,15.93164383561644,,96.9
403625099315401,2011,40.60535831,-99.53303177,2384.53,35.15193430498933,10.774520547945205,719.81,64.5308493150685,3.4391506849315068,15.93164383561644,,32.11
403625099361001,2011,40.60535831,-99.60306609,2454.12,77.35989120180527,10.774520547945205,719.81,64.5308493150685,3.4391506849315068,15.93164383561644,,85.32
403558099371801,2011,40.5994522,-99.622055,2483.53,79.97078111557735,10.774520547945205,719.81,64.5308493150685,3.4391506849315068,15.93164383561644,,70.66
403431099362101,2011,40.5754557,-99.6058865,2477.16,81.00197174737201,10.774520547945205,719.81,64.5308493150685,3.4391506849315068,15.93164383561644,,87.1
403322099371801,2011,40.5557047,-99.6247601,2465.78,90.50407532596998,10.774520547945205,719.81,64.5308493150685,3.4391506849315068,15.93164383561644,,75.65
403137099330201,2011,40.5263766547222,-99.5496279,2405.25,70.83382809813426,10.774520547945205,719.81,64.5308493150685,3.4391506849315068,15.93164383561644,,52.92
403915099190801,2011,40.6573434,-99.3214291,2234.03,10.851243803674937,10.774520547945205,719.81,64.5308493150685,3.4391506849315068,15.93164383561644,,8.07
403954099255801,2011,40.667854,-99.4364595,2268.93,3.0694488264301905,10.774520547945205,719.81,64.5308493150685,3.4391506849315068,15.93164383561644,,1.05
404007099294001,2011,40.6709022,-99.4936146,2290.54,4.847760174758626,10.774520547945205,719.81,64.5308493150685,3.4391506849315068,15.93164383561644,,6.05
403902099313701,2011,40.6483999,-99.5291531,2345.9,25.928394660030445,10.774520547945205,719.81,64.5308493150685,3.4391506849315068,15.93164383561644,,32.73
403739099281601,2011,40.627653,-99.4742905,2324.54,20.09926136067842,10.774520547945205,719.81,64.5308493150685,3.4391506849315068,15.93164383561644,,19.42
403646099293301,2011,40.6127772,-99.4935704,2354.25,23.778949738271123,10.774520547945205,719.81,64.5308493150685,3.4391506849315068,15.93164383561644,,17.59
403651099281401,2011,40.613021,-99.4747929,2345.39,25.669136942198808,10.774520547945205,719.81,64.5308493150685,3.4391506849315068,15.93164383561644,,34.86
404020099355301,2011,40.6710839,-99.5961084,2326.91,9.23993094482519,10.774520547945205,719.81,64.5308493150685,3.4391506849315068,15.93164383561644,,3.84
403928099333601,2011,40.6571948,-99.5612991,2355.41,22.94136771251671,10.774520547945205,719.81,64.5308493150685,3.4391506849315068,15.93164383561644,,37.53
403941099331901,2011,40.66044972,-99.55637462,2347.21,16.4829302744796,10.774520547945205,719.81,64.5308493150685,3.4391506849315068,15.93164383561644,,2.75
403941099342701,2011,40.6636923,-99.5766538,2326.71,13.04102633861966,10.774520547945205,719.81,64.5308493150685,3.4391506849315068,15.93164383561644,,5.48
404007099351901,2011,40.6709256,-99.5865622,2322.26,7.454075619563302,10.774520547945205,719.81,64.5308493150685,3.4391506849315068,15.93164383561644,,5.71
403928099371801,2011,40.655954,-99.6202609,2432.98,61.14728423794236,10.774520547945205,719.81,64.5308493150685,3.4391506849315068,15.93164383561644,,81.33
403822099324501,2011,40.6415361,-99.5482644,2377.53,32.62118181029785,10.774520547945205,719.81,64.5308493150685,3.4391506849315068,15.93164383561644,,37.2
403730099373501,2011,40.6268217,-99.6246292,2471.08,83.82499582458529,10.774520547945205,719.81,64.5308493150685,3.4391506849315068,15.93164383561644,,88.03
402853099135101,2011,40.48150472222223,-99.23095833333332,2247.07,25.552869208114963,10.774520547945205,719.81,64.5308493150685,3.4391506849315068,15.93164383561644,,27.26
402853099135102,2011,40.48150472222223,-99.23095833333332,2247.07,25.552869208114963,10.774520547945205,719.81,64.5308493150685,3.4391506849315068,15.93164383561644,,27.32
402854099213801,2011,40.48158305555556,-99.36045888888889,2315.4,49.51496191204306,10.774520547945205,719.81,64.5308493150685,3.4391506849315068,15.93164383561644,,50.4
402854099213802,2011,40.48158305555556,-99.36045888888889,2315.4,49.51496191204306,10.774520547945205,719.81,64.5308493150685,3.4391506849315068,15.93164383561644,,50.55
402630099305500,2011,40.44133611111111,-99.51204166666666,2426.38,170.45407900412246,10.774520547945205,719.81,64.5308493150685,3.4391506849315068,15.93164383561644,,176.35
402636099271801,2011,40.44343083333333,-99.45505,2362.54,132.22510798644507,10.774520547945205,719.81,64.5308493150685,3.4391506849315068,15.93164383561644,,133.33
402636099271802,2011,40.44343083333333,-99.45505,2362.54,132.22510798644507,10.774520547945205,719.81,64.5308493150685,3.4391506849315068,15.93164383561644,,132.21
402906099342201,2011,40.485083333333336,-99.57288888888888,2458.82,144.62814441512663,10.774520547945205,719.81,64.5308493150685,3.4391506849315068,15.93164383561644,,149.48
402813099382100,2011,40.46941944444445,-99.63914166666667,2473.68,150.28082825241984,10.774520547945205,719.81,64.5308493150685,3.4391506849315068,15.93164383561644,,154.83
402756099320601,2011,40.46654722222223,-99.53547222222224,2446.36,159.30298336499098,10.774520547945205,719.81,64.5308493150685,3.4391506849315068,15.93164383561644,,165.04
402649099350601,2011,40.44692,-99.58488888888888,2428.0,151.76020248835167,10.774520547945205,719.81,64.5308493150685,3.4391506849315068,15.93164383561644,,147.23
402649099350602,2011,40.44692,-99.58488888888888,2428.0,151.76020248835167,10.774520547945205,719.81,64.5308493150685,3.4391506849315068,15.93164383561644,,148.11
403408099130501,2011,40.56878722222223,-99.21816944444444,2216.56,16.367547530503504,10.774520547945205,719.81,64.5308493150685,3.4391506849315068,15.93164383561644,,12.27
403408099130502,2011,40.56878722222223,-99.21816944444444,2216.56,16.367547530503504,10.774520547945205,719.81,64.5308493150685,3.4391506849315068,15.93164383561644,,12.11
403645099242701,2011,40.61264497222222,-99.40752011111113,2297.96,15.840347214733626,10.774520547945205,719.81,64.5308493150685,3.4391506849315068,15.93164383561644,,16.42
403645099242702,2011,40.61264497222222,-99.40752011111113,2297.96,15.840347214733626,10.774520547945205,719.81,64.5308493150685,3.4391506849315068,15.93164383561644,,17.16
403350099282701,2011,40.56375277777777,-99.47419805555556,2351.95,14.267863005157302,10.774520547945205,719.81,64.5308493150685,3.4391506849315068,15.93164383561644,,12.22
403350099282702,2011,40.56375277777777,-99.47419805555556,2351.95,14.267863005157302,10.774520547945205,719.81,64.5308493150685,3.4391506849315068,15.93164383561644,,12.48
403315099351501,2011,40.554270555555554,-99.58744083333332,2447.59,71.92545092324762,10.774520547945205,719.81,64.5308493150685,3.4391506849315068,15.93164383561644,,67.99
403315099351502,2011,40.554270555555554,-99.58744083333332,2447.59,71.92545092324762,10.774520547945205,719.81,64.5308493150685,3.4391506849315068,15.93164383561644,,69.99
403738099181101,2011,40.62740444444445,-99.30320513888888,2241.2,12.760383534196722,10.774520547945205,719.81,64.5308493150685,3.4391506849315068,15.93164383561644,,14.52
403738099181102,2011,40.62740444444445,-99.30320513888888,2241.2,12.760383534196722,10.774520547945205,719.81,64.5308493150685,3.4391506849315068,15.93164383561644,,14.44
403831099173501,2011,40.642178,-99.29327591666666,2229.47,10.475454554903786,10.774520547945205,719.81,64.5308493150685,3.4391506849315068,15.93164383561644,,9.58
403831099173502,2011,40.642178,-99.29327591666666,2229.47,10.475454554903786,10.774520547945205,719.81,64.5308493150685,3.4391506849315068,15.93164383561644,,9.92
403710099104601,2011,40.6195145,-99.17947241666668,2193.97,15.761478519283784,10.774520547945205,719.81,64.5308493150685,3.4391506849315068,15.93164383561644,,13.68
403710099104602,2011,40.6195145,-99.17947241666668,2193.97,15.761478519283784,10.774520547945205,719.81,64.5308493150685,3.4391506849315068,15.93164383561644,,13.92
403903099214301,2011,40.650864722222224,-99.3618686111111,2248.47,6.320177671112576,10.774520547945205,719.81,64.5308493150685,3.4391506849315068,15.93164383561644,,6.29
403903099214302,2011,40.650864722222224,-99.3618686111111,2248.47,6.320177671112576,10.774520547945205,719.81,64.5308493150685,3.4391506849315068,15.93164383561644,,6.37
404006099282401,2011,40.66854833333333,-99.4734825,2280.04,2.5696987007612373,10.774520547945205,719.81,64.5308493150685,3.4391506849315068,15.93164383561644,,1.94
403927099293501,2011,40.65755805555556,-99.49321666666668,2297.65,8.66932937972717,10.774520547945205,719.81,64.5308493150685,3.4391506849315068,15.93164383561644,,7.37
403949099293501,2011,40.66383277777778,-99.49320805555556,2291.23,6.220746467409712,10.774520547945205,719.81,64.5308493150685,3.4391506849315068,15.93164383561644,,3.97
403959099282801,2011,40.66638638888889,-99.47439194444443,2282.17,3.1766697847332703,10.774520547945205,719.81,64.5308493150685,3.4391506849315068,15.93164383561644,,2.85
403959099282802,2011,40.66638638888889,-99.47439194444443,2282.17,3.1766697847332703,10.774520547945205,719.81,64.5308493150685,3.4391506849315068,15.93164383561644,,2.95
403832099293501,2011,40.64230694444444,-99.49321833333332,2322.16,18.532178883394,10.774520547945205,719.81,64.5308493150685,3.4391506849315068,15.93164383561644,,19.44
403739099293601,2011,40.62758555555556,-99.49344,2356.31,25.646278838225637,10.774520547945205,719.81,64.5308493150685,3.4391506849315068,15.93164383561644,,30.63
404033099373001,2011,40.67593911111111,-99.62515633333332,2339.74,14.288021407716723,10.774520547945205,719.81,64.5308493150685,3.4391506849315068,15.93164383561644,,8.25
404040099383501,2011,40.67796833333333,-99.64313333333334,2346.64,20.637761665250093,10.774520547945205,719.81,64.5308493150685,3.4391506849315068,15.93164383561644,,10.21
404059099383501,2011,40.68328583333333,-99.64316027777778,2343.11,14.340218419380744,10.774520547945205,719.81,64.5308493150685,3.4391506849315068,15.93164383561644,,12.44
404102099373001,2011,40.68405933333333,-99.62523716666666,2334.85,6.435864279949673,10.774520547945205,719.81,64.5308493150685,3.4391506849315068,15.93164383561644,,8.07
404102099373002,2011,40.68405933333333,-99.62523716666666,2334.85,6.435864279949673,10.774520547945205,719.81,64.5308493150685,3.4391506849315068,15.93164383561644,,6.49
403946099383201,2011,40.66301611111111,-99.64228555555556,2446.94,69.53573691132009,10.774520547945205,719.81,64.5308493150685,3.4391506849315068,15.93164383561644,,93.79
402334099293302,2008,40.392735555555554,-99.49248916666669,2343.83,148.5637500725701,9.928142076502732,875.2,67.25486338797813,3.6044262295081966,16.340491803278688,,138.78
402334099293302,2010,40.392735555555554,-99.49248916666669,2343.83,147.4542630831203,10.826602739726027,732.57,68.62682191780821,3.4420821917808215,16.382575342465753,,139.03
402334099293301,2008,40.392735555555554,-99.49248916666669,2343.83,148.5637500725701,9.928142076502732,875.2,67.25486338797813,3.6044262295081966,16.340491803278688,,138.98
402334099293301,2010,40.392735555555554,-99.49248916666669,2343.83,147.4542630831203,10.826602739726027,732.57,68.62682191780821,3.4420821917808215,16.382575342465753,,138.76
08N 20W 06 AAA,2011,40.68138,-99.62646,2336.24,8.698561170344652,10.774520547945205,719.81,64.5308493150685,3.4391506849315068,15.93164383561644,,3.44
402340099353701,2011,40.39445302,-99.59399869,2264.29,75.42283225182292,10.774520547945205,719.81,64.5308493150685,3.4391506849315068,15.93164383561644,,24.62
402524099201601,2011,40.42334431,-99.33815365,2312.07,107.17284714520387,10.774520547945205,719.81,64.5308493150685,3.4391506849315068,15.93164383561644,,112.01
403123099261501,2011,40.52446389,-99.436875,2361.96,37.98021078484539,10.774520547945205,719.81,64.5308493150685,3.4391506849315068,15.93164383561644,,42.04
403132099381001,2011,40.52556319,-99.63650076,2517.21,136.15490726311216,10.774520547945205,719.81,64.5308493150685,3.4391506849315068,15.93164383561644,,150.99
403217099235801,2011,40.53806574,-99.39982287,2321.45,20.519077154611587,10.774520547945205,719.81,64.5308493150685,3.4391506849315068,15.93164383561644,,22.35
403922099223301,2011,40.65834351,-99.38037703,2253.27,6.759815303461955,10.774520547945205,719.81,64.5308493150685,3.4391506849315068,15.93164383561644,,7.2
404016099370201,2011,40.6711189,-99.61760995,2335.44,17.345751871234917,10.774520547945205,719.81,64.5308493150685,3.4391506849315068,15.93164383561644,,4.89
402513099164801,2011,40.42006111111111,-99.27985277777778,2278.97,76.51430952461592,10.774520547945205,719.81,64.5308493150685,3.4391506849315068,15.93164383561644,,73.62
402421099112000,2011,40.40549166666666,-99.18921666666668,2216.62,58.86751140361064,10.774520547945205,719.81,64.5308493150685,3.4391506849315068,15.93164383561644,,55.09
402342099143300,2011,40.39436388888889,-99.24273333333332,2261.52,105.11564177383276,10.774520547945205,719.81,64.5308493150685,3.4391506849315068,15.93164383561644,,110.42
402423099152001,2011,40.40643361111111,-99.2555336111111,2261.86,88.71151781086893,10.774520547945205,719.81,64.5308493150685,3.4391506849315068,15.93164383561644,,86.38
402200099160700,2011,40.3669,-99.267175,2280.22,146.6861231257413,10.774520547945205,719.81,64.5308493150685,3.4391506849315068,15.93164383561644,,147.98
402532099222601,2011,40.42564361111111,-99.37401277777776,2312.94,101.50383731084666,10.774520547945205,719.81,64.5308493150685,3.4391506849315068,15.93164383561644,,94.93
402532099222602,2011,40.42564361111111,-99.37401277777776,2312.94,101.50383731084666,10.774520547945205,719.81,64.5308493150685,3.4391506849315068,15.93164383561644,,100.05
402320099231001,2011,40.38914722222222,-99.38615277777778,2384.17,202.1525247653381,10.774520547945205,719.81,64.5308493150685,3.4391506849315068,15.93164383561644,,216.92
402326099185300,2011,40.390366666666665,-99.31649722222222,2306.56,145.62162281464072,10.774520547945205,719.81,64.5308493150685,3.4391506849315068,15.93164383561644,,147.78
402115099213100,2011,40.35468888888889,-99.35943333333331,2345.58,202.37290148070176,10.774520547945205,719.81,64.5308493150685,3.4391506849315068,15.93164383561644,,204.68
402435099262900,2011,40.40768055555555,-99.44083333333332,2405.19,193.06423964921103,10.774520547945205,719.81,64.5308493150685,3.4391506849315068,15.93164383561644,,208.21
402406099311800,2011,40.40154444444444,-99.52104166666666,2406.07,174.61194002004663,10.774520547945205,719.81,64.5308493150685,3.4391506849315068,15.93164383561644,,181.81
402334099293301,2011,40.392735555555554,-99.49248916666669,2343.83,146.16094759203384,10.774520547945205,719.81,64.5308493150685,3.4391506849315068,15.93164383561644,,137.69
402334099293302,2011,40.392735555555554,-99.49248916666669,2343.83,146.16094759203384,10.774520547945205,719.81,64.5308493150685,3.4391506849315068,15.93164383561644,,137.79
402159099301600,2011,40.3649,-99.50220555555556,2377.49,172.71349004475044,10.774520547945205,719.81,64.5308493150685,3.4391506849315068,15.93164383561644,,182.85
402107099262000,2011,40.35080555555556,-99.43768055555556,2363.91,200.1749510639241,10.774520547945205,719.81,64.5308493150685,3.4391506849315068,15.93164383561644,,200.95
402609099350800,2011,40.43199166666666,-99.58200277777776,2443.0,166.02572514426862,10.774520547945205,719.81,64.5308493150685,3.4391506849315068,15.93164383561644,,175.32
402458099344401,2011,40.41608027777777,-99.57890388888887,2426.49,162.43773740411103,10.774520547945205,719.81,64.5308493150685,3.4391506849315068,15.93164383561644,,171.36
402458099344402,2011,40.41608027777777,-99.57890388888887,2426.49,162.43773740411103,10.774520547945205,719.81,64.5308493150685,3.4391506849315068,15.93164383561644,,171.44
402404099383400,2011,40.40166972222222,-99.64190722222224,2363.94,88.93646460705548,10.774520547945205,719.81,64.5308493150685,3.4391506849315068,15.93164383561644,,87.66
402233099341700,2011,40.376269444444446,-99.57279166666666,2335.32,110.1507693119135,10.774520547945205,719.81,64.5308493150685,3.4391506849315068,15.93164383561644,,111.65
402853099135101,2011,40.48150472222223,-99.23095833333332,2247.07,25.552869208114963,10.774520547945205,719.81,64.5308493150685,3.4391506849315068,15.93164383561644,,25.94
402853099135102,2011,40.48150472222223,-99.23095833333332,2247.07,25.552869208114963,10.774520547945205,719.81,64.5308493150685,3.4391506849315068,15.93164383561644,,24.9
402854099213801,2011,40.48158305555556,-99.36045888888889,2315.4,49.51496191204306,10.774520547945205,719.81,64.5308493150685,3.4391506849315068,15.93164383561644,,50.68
402854099213802,2011,40.48158305555556,-99.36045888888889,2315.4,49.51496191204306,10.774520547945205,719.81,64.5308493150685,3.4391506849315068,15.93164383561644,,50.77
402630099305500,2011,40.44133611111111,-99.51204166666666,2426.38,170.45407900412246,10.774520547945205,719.81,64.5308493150685,3.4391506849315068,15.93164383561644,,177.46
402636099271801,2011,40.44343083333333,-99.45505,2362.54,132.22510798644507,10.774520547945205,719.81,64.5308493150685,3.4391506849315068,15.93164383561644,,134.39
402636099271802,2011,40.44343083333333,-99.45505,2362.54,132.22510798644507,10.774520547945205,719.81,64.5308493150685,3.4391506849315068,15.93164383561644,,133.18
402906099342201,2011,40.485083333333336,-99.57288888888888,2458.82,144.62814441512663,10.774520547945205,719.81,64.5308493150685,3.4391506849315068,15.93164383561644,,149.86
402813099382100,2011,40.46941944444445,-99.63914166666667,2473.68,150.28082825241984,10.774520547945205,719.81,64.5308493150685,3.4391506849315068,15.93164383561644,,156.34
402756099320601,2011,40.46654722222223,-99.53547222222224,2446.36,159.30298336499098,10.774520547945205,719.81,64.5308493150685,3.4391506849315068,15.93164383561644,,165.12
402649099350601,2011,40.44692,-99.58488888888888,2428.0,151.76020248835167,10.774520547945205,719.81,64.5308493150685,3.4391506849315068,15.93164383561644,,148.63
402649099350602,2011,40.44692,-99.58488888888888,2428.0,151.76020248835167,10.774520547945205,719.81,64.5308493150685,3.4391506849315068,15.93164383561644,,149.44
403408099130501,2011,40.56878722222223,-99.21816944444444,2216.56,16.367547530503504,10.774520547945205,719.81,64.5308493150685,3.4391506849315068,15.93164383561644,,12.41
403408099130502,2011,40.56878722222223,-99.21816944444444,2216.56,16.367547530503504,10.774520547945205,719.81,64.5308493150685,3.4391506849315068,15.93164383561644,,12.09
403645099242701,2011,40.61264497222222,-99.40752011111113,2297.96,15.840347214733626,10.774520547945205,719.81,64.5308493150685,3.4391506849315068,15.93164383561644,,16.66
403645099242702,2011,40.61264497222222,-99.40752011111113,2297.96,15.840347214733626,10.774520547945205,719.81,64.5308493150685,3.4391506849315068,15.93164383561644,,17.17
403350099282701,2011,40.56375277777777,-99.47419805555556,2351.95,14.267863005157302,10.774520547945205,719.81,64.5308493150685,3.4391506849315068,15.93164383561644,,8.95
403350099282702,2011,40.56375277777777,-99.47419805555556,2351.95,14.267863005157302,10.774520547945205,719.81,64.5308493150685,3.4391506849315068,15.93164383561644,,9.16
403315099351501,2011,40.554270555555554,-99.58744083333332,2447.59,71.92545092324762,10.774520547945205,719.81,64.5308493150685,3.4391506849315068,15.93164383561644,,67.14
403315099351502,2011,40.554270555555554,-99.58744083333332,2447.59,71.92545092324762,10.774520547945205,719.81,64.5308493150685,3.4391506849315068,15.93164383561644,,68.89
403738099181101,2011,40.62740444444445,-99.30320513888888,2241.2,12.760383534196722,10.774520547945205,719.81,64.5308493150685,3.4391506849315068,15.93164383561644,,12.7
403738099181102,2011,40.62740444444445,-99.30320513888888,2241.2,12.760383534196722,10.774520547945205,719.81,64.5308493150685,3.4391506849315068,15.93164383561644,,12.61
403831099173501,2011,40.642178,-99.29327591666666,2229.47,10.475454554903786,10.774520547945205,719.81,64.5308493150685,3.4391506849315068,15.93164383561644,,8.3
403831099173502,2011,40.642178,-99.29327591666666,2229.47,10.475454554903786,10.774520547945205,719.81,64.5308493150685,3.4391506849315068,15.93164383561644,,8.71
403710099104601,2011,40.6195145,-99.17947241666668,2193.97,15.761478519283784,10.774520547945205,719.81,64.5308493150685,3.4391506849315068,15.93164383561644,,13.1
403710099104602,2011,40.6195145,-99.17947241666668,2193.97,15.761478519283784,10.774520547945205,719.81,64.5308493150685,3.4391506849315068,15.93164383561644,,13.45
403903099214301,2011,40.650864722222224,-99.3618686111111,2248.47,6.320177671112576,10.774520547945205,719.81,64.5308493150685,3.4391506849315068,15.93164383561644,,5.83
403903099214302,2011,40.650864722222224,-99.3618686111111,2248.47,6.320177671112576,10.774520547945205,719.81,64.5308493150685,3.4391506849315068,15.93164383561644,,5.93
404006099282401,2011,40.66854833333333,-99.4734825,2280.04,2.5696987007612373,10.774520547945205,719.81,64.5308493150685,3.4391506849315068,15.93164383561644,,1.92
403927099293501,2011,40.65755805555556,-99.49321666666668,2297.65,8.66932937972717,10.774520547945205,719.81,64.5308493150685,3.4391506849315068,15.93164383561644,,7.79
403949099293501,2011,40.66383277777778,-99.49320805555556,2291.23,6.220746467409712,10.774520547945205,719.81,64.5308493150685,3.4391506849315068,15.93164383561644,,4.13
403959099282801,2011,40.66638638888889,-99.47439194444443,2282.17,3.1766697847332703,10.774520547945205,719.81,64.5308493150685,3.4391506849315068,15.93164383561644,,3.2
403959099282802,2011,40.66638638888889,-99.47439194444443,2282.17,3.1766697847332703,10.774520547945205,719.81,64.5308493150685,3.4391506849315068,15.93164383561644,,3.2
403832099293501,2011,40.64230694444444,-99.49321833333332,2322.16,18.532178883394,10.774520547945205,719.81,64.5308493150685,3.4391506849315068,15.93164383561644,,19.11
403739099293601,2011,40.62758555555556,-99.49344,2356.31,25.646278838225637,10.774520547945205,719.81,64.5308493150685,3.4391506849315068,15.93164383561644,,28.06
404033099373001,2011,40.67593911111111,-99.62515633333332,2339.74,14.288021407716723,10.774520547945205,719.81,64.5308493150685,3.4391506849315068,15.93164383561644,,6.32
404040099383501,2011,40.67796833333333,-99.64313333333334,2346.64,20.637761665250093,10.774520547945205,719.81,64.5308493150685,3.4391506849315068,15.93164383561644,,7.61
404059099383501,2011,40.68328583333333,-99.64316027777778,2343.11,14.340218419380744,10.774520547945205,719.81,64.5308493150685,3.4391506849315068,15.93164383561644,,11.84
404102099373001,2011,40.68405933333333,-99.62523716666666,2334.85,6.435864279949673,10.774520547945205,719.81,64.5308493150685,3.4391506849315068,15.93164383561644,,7.78
404102099373002,2011,40.68405933333333,-99.62523716666666,2334.85,6.435864279949673,10.774520547945205,719.81,64.5308493150685,3.4391506849315068,15.93164383561644,,6.02
403946099383201,2011,40.66301611111111,-99.64228555555556,2446.94,69.53573691132009,10.774520547945205,719.81,64.5308493150685,3.4391506849315068,15.93164383561644,,91.95
402107099262000,2010,40.35080555555556,-99.43768055555556,2363.91,197.80098916292192,10.826602739726027,732.57,68.62682191780821,3.4420821917808215,16.382575342465753,,201.56
402107099262000,2009,40.35080555555556,-99.43768055555556,2363.91,201.5680674576608,9.77372602739726,654.45,68.90076712328766,3.458410958904109,15.795123287671233,,202.43
402110099140001,2009,40.351999,-99.2329232,2283.76,159.9172077774126,9.77372602739726,654.45,68.90076712328766,3.458410958904109,15.795123287671233,,169.88
402110099140001,2010,40.351999,-99.2329232,2283.76,150.7770203738461,10.826602739726027,732.57,68.62682191780821,3.4420821917808215,16.382575342465753,,168.73
402115099213100,2010,40.35468888888889,-99.35943333333331,2345.58,199.24573831192504,10.826602739726027,732.57,68.62682191780821,3.4420821917808215,16.382575342465753,,205.57
402115099213100,2009,40.35468888888889,-99.35943333333331,2345.58,204.3824341627744,9.77372602739726,654.45,68.90076712328766,3.458410958904109,15.795123287671233,,208.09
402124099201601,2009,40.3563466,-99.3403749,2318.47,187.12579405073825,9.77372602739726,654.45,68.90076712328766,3.458410958904109,15.795123287671233,,184.09
402124099201601,2010,40.3563466,-99.3403749,2318.47,185.6010100726827,10.826602739726027,732.57,68.62682191780821,3.4420821917808215,16.382575342465753,,182.8
402159099301600,2010,40.3649,-99.50220555555556,2377.49,167.50165630088517,10.826602739726027,732.57,68.62682191780821,3.4420821917808215,16.382575342465753,,182.93
402159099301600,2009,40.3649,-99.50220555555556,2377.49,174.72889892215687,9.77372602739726,654.45,68.90076712328766,3.458410958904109,15.795123287671233,,183.63
402200099160700,2010,40.3669,-99.267175,2280.22,145.77582314889176,10.826602739726027,732.57,68.62682191780821,3.4420821917808215,16.382575342465753,,149.03
402200099160700,2009,40.3669,-99.267175,2280.22,152.4602365342165,9.77372602739726,654.45,68.90076712328766,3.458410958904109,15.795123287671233,,160.7
402233099341700,2010,40.376269444444446,-99.57279166666666,2335.32,110.07960569246382,10.826602739726027,732.57,68.62682191780821,3.4420821917808215,16.382575342465753,,112.12
402233099341700,2009,40.376269444444446,-99.57279166666666,2335.32,121.9959024864212,9.77372602739726,654.45,68.90076712328766,3.458410958904109,15.795123287671233,,112.82
402320099231001,2010,40.38914722222222,-99.38615277777778,2384.17,194.0362699611099,10.826602739726027,732.57,68.62682191780821,3.4420821917808215,16.382575342465753,,221.11
402320099231001,2009,40.38914722222222,-99.38615277777778,2384.17,205.2308888718947,9.77372602739726,654.45,68.90076712328766,3.458410958904109,15.795123287671233,,220.98
402326099185300,2010,40.390366666666665,-99.31649722222222,2306.56,145.4390663318066,10.826602739726027,732.57,68.62682191780821,3.4420821917808215,16.382575342465753,,149.28
402326099185300,2009,40.390366666666665,-99.31649722222222,2306.56,148.28481839390548,9.77372602739726,654.45,68.90076712328766,3.458410958904109,15.795123287671233,,150.59
402334099293301,2010,40.392735555555554,-99.49248916666669,2343.83,147.4542630831203,10.826602739726027,732.57,68.62682191780821,3.4420821917808215,16.382575342465753,,138.06
402334099293301,2009,40.392735555555554,-99.49248916666669,2343.83,148.31529896970105,9.77372602739726,654.45,68.90076712328766,3.458410958904109,15.795123287671233,,139.2
402334099293302,2010,40.392735555555554,-99.49248916666669,2343.83,147.4542630831203,10.826602739726027,732.57,68.62682191780821,3.4420821917808215,16.382575342465753,,138.37
402334099293302,2009,40.392735555555554,-99.49248916666669,2343.83,148.31529896970105,9.77372602739726,654.45,68.90076712328766,3.458410958904109,15.795123287671233,,139.07
402342099143300,2010,40.39436388888889,-99.24273333333332,2261.52,104.01582760930708,10.826602739726027,732.57,68.62682191780821,3.4420821917808215,16.382575342465753,,109.65
402342099143300,2009,40.39436388888889,-99.24273333333332,2261.52,107.09289627590778,9.77372602739726,654.45,68.90076712328766,3.458410958904109,15.795123287671233,,111.16
402404099383400,2010,40.40166972222222,-99.64190722222224,2363.94,91.4932618019687,10.826602739726027,732.57,68.62682191780821,3.4420821917808215,16.382575342465753,,87.86
402404099383400,2009,40.40166972222222,-99.64190722222224,2363.94,97.0411763632047,9.77372602739726,654.45,68.90076712328766,3.458410958904109,15.795123287671233,,89.39
402406099311800,2010,40.40154444444444,-99.52104166666666,2406.07,168.4139957382016,10.826602739726027,732.57,68.62682191780821,3.4420821917808215,16.382575342465753,,182.24
402406099311800,2009,40.40154444444444,-99.52104166666666,2406.07,175.95644716154524,9.77372602739726,654.45,68.90076712328766,3.458410958904109,15.795123287671233,,183.29
402421099112000,2010,40.40549166666666,-99.18921666666668,2216.62,64.82270517042902,10.826602739726027,732.57,68.62682191780821,3.4420821917808215,16.382575342465753,,56.39
402421099112000,2009,40.40549166666666,-99.18921666666668,2216.62,62.51136034417121,9.77372602739726,654.45,68.90076712328766,3.458410958904109,15.795123287671233,,57.92
402423099152001,2010,40.40643361111111,-99.2555336111111,2261.86,91.7506561241388,10.826602739726027,732.57,68.62682191780821,3.4420821917808215,16.382575342465753,,87.51
402423099152001,2009,40.40643361111111,-99.2555336111111,2261.86,92.71893468918056,9.77372602739726,654.45,68.90076712328766,3.458410958904109,15.795123287671233,,89.58
402435099262900,2010,40.40768055555555,-99.44083333333332,2405.19,183.5693591795194,10.826602739726027,732.57,68.62682191780821,3.4420821917808215,16.382575342465753,,209.63
402435099262900,2009,40.40768055555555,-99.44083333333332,2405.19,194.2035192340604,9.77372602739726,654.45,68.90076712328766,3.458410958904109,15.795123287671233,,210.99
402458099344401,2010,40.41608027777777,-99.57890388888887,2426.49,154.83965832322554,10.826602739726027,732.57,68.62682191780821,3.4420821917808215,16.382575342465753,,171.13
402458099344401,2009,40.41608027777777,-99.57890388888887,2426.49,168.73694939129587,9.77372602739726,654.45,68.90076712328766,3.458410958904109,15.795123287671233,,172.39
402458099344402,2010,40.41608027777777,-99.57890388888887,2426.49,154.83965832322554,10.826602739726027,732.57,68.62682191780821,3.4420821917808215,16.382575342465753,,171.25
402513099164801,2010,40.42006111111111,-99.27985277777778,2278.97,81.86075056465657,10.826602739726027,732.57,68.62682191780821,3.4420821917808215,16.382575342465753,,73.92
402513099164801,2009,40.42006111111111,-99.27985277777778,2278.97,79.69692973050634,9.77372602739726,654.45,68.90076712328766,3.458410958904109,15.795123287671233,,77.57
402532099222601,2010,40.42564361111111,-99.37401277777776,2312.94,107.86996511877832,10.826602739726027,732.57,68.62682191780821,3.4420821917808215,16.382575342465753,,96.28
402532099222601,2009,40.42564361111111,-99.37401277777776,2312.94,106.00760736881264,9.77372602739726,654.45,68.90076712328766,3.458410958904109,15.795123287671233,,98.71
402532099222602,2010,40.42564361111111,-99.37401277777776,2312.94,107.86996511877832,10.826602739726027,732.57,68.62682191780821,3.4420821917808215,16.382575342465753,,101.76
402532099222602,2009,40.42564361111111,-99.37401277777776,2312.94,106.00760736881264,9.77372602739726,654.45,68.90076712328766,3.458410958904109,15.795123287671233,,103.86
402532099235801,2009,40.42582814,-99.40068743,2321.09,125.00527120338796,9.77372602739726,654.45,68.90076712328766,3.458410958904109,15.795123287671233,,118.93
402532099235801,2010,40.42582814,-99.40068743,2321.09,126.52140978977616,10.826602739726027,732.57,68.62682191780821,3.4420821917808215,16.382575342465753,,117.19
402609099350800,2010,40.43199166666666,-99.58200277777776,2443.0,160.26018381546896,10.826602739726027,732.57,68.62682191780821,3.4420821917808215,16.382575342465753,,175.56
402609099350800,2009,40.43199166666666,-99.58200277777776,2443.0,169.11161958672227,9.77372602739726,654.45,68.90076712328766,3.458410958904109,15.795123287671233,,177.13
402630099305500,2010,40.44133611111111,-99.51204166666666,2426.38,165.77799648208017,10.826602739726027,732.57,68.62682191780821,3.4420821917808215,16.382575342465753,,180.23
402630099305500,2009,40.44133611111111,-99.51204166666666,2426.38,171.90003433890382,9.77372602739726,654.45,68.90076712328766,3.458410958904109,15.795123287671233,,179.97
402636099271801,2010,40.44343083333333,-99.45505,2362.54,132.8862447645292,10.826602739726027,732.57,68.62682191780821,3.4420821917808215,16.382575342465753,,135.06
402636099271801,2009,40.44343083333333,-99.45505,2362.54,135.98556465646317,9.77372602739726,654.45,68.90076712328766,3.458410958904109,15.795123287671233,,137.09
402636099271802,2010,40.44343083333333,-99.45505,2362.54,132.8862447645292,10.826602739726027,732.57,68.62682191780821,3.4420821917808215,16.382575342465753,,133.94
402636099271802,2009,40.44343083333333,-99.45505,2362.54,135.98556465646317,9.77372602739726,654.45,68.90076712328766,3.458410958904109,15.795123287671233,,136.01
402649099350601,2010,40.44692,-99.58488888888888,2428.0,152.81878617583115,10.826602739726027,732.57,68.62682191780821,3.4420821917808215,16.382575342465753,,147.99
402649099350601,2009,40.44692,-99.58488888888888,2428.0,154.99831981324795,9.77372602739726,654.45,68.90076712328766,3.458410958904109,15.795123287671233,,151.29
402649099350602,2010,40.44692,-99.58488888888888,2428.0,152.81878617583115,10.826602739726027,732.57,68.62682191780821,3.4420821917808215,16.382575342465753,,149.13
402649099350602,2009,40.44692,-99.58488888888888,2428.0,154.99831981324795,9.77372602739726,654.45,68.90076712328766,3.458410958904109,15.795123287671233,,151.49
402716099212401,2009,40.4529071,-99.3592878,2307.74,74.14466257986027,9.77372602739726,654.45,68.90076712328766,3.458410958904109,15.795123287671233,,74.07
402716099212401,2010,40.4529071,-99.3592878,2307.74,73.87774192726623,10.826602739726027,732.57,68.62682191780821,3.4420821917808215,16.382575342465753,,69.98
402756099320601,2010,40.46654722222223,-99.53547222222224,2446.36,154.76958487680452,10.826602739726027,732.57,68.62682191780821,3.4420821917808215,16.382575342465753,,166.73
402756099320601,2009,40.46654722222223,-99.53547222222224,2446.36,160.78720271517852,9.77372602739726,654.45,68.90076712328766,3.458410958904109,15.795123287671233,,168.87
402813099382100,2010,40.46941944444445,-99.63914166666667,2473.68,148.00030226232755,10.826602739726027,732.57,68.62682191780821,3.4420821917808215,16.382575342465753,,156.01
402813099382100,2009,40.46941944444445,-99.63914166666667,2473.68,154.06952552730246,9.77372602739726,654.45,68.90076712328766,3.458410958904109,15.795123287671233,,158.35
402853099104601,2010,40.4815796,-99.179559,2221.31,24.89423807972304,10.826602739726027,732.57,68.62682191780821,3.4420821917808215,16.382575342465753,,16.04
402853099135101,2010,40.48150472222223,-99.23095833333332,2247.07,26.908036877858983,10.826602739726027,732.57,68.62682191780821,3.4420821917808215,16.382575342465753,,28.57
402853099135101,2009,40.48150472222223,-99.23095833333332,2247.07,28.257743521279355,9.77372602739726,654.45,68.90076712328766,3.458410958904109,15.795123287671233,,28.83
402853099135102,2010,40.48150472222223,-99.23095833333332,2247.07,26.908036877858983,10.826602739726027,732.57,68.62682191780821,3.4420821917808215,16.382575342465753,,27.78
402853099135102,2009,40.48150472222223,-99.23095833333332,2247.07,28.257743521279355,9.77372602739726,654.45,68.90076712328766,3.458410958904109,15.795123287671233,,28.72
402853099152001,2009,40.4816481,-99.2557469,2251.06,25.15288930691782,9.77372602739726,654.45,68.90076712328766,3.458410958904109,15.795123287671233,,25.38
402853099152001,2010,40.4816481,-99.2557469,2251.06,23.795393501549,10.826602739726027,732.57,68.62682191780821,3.4420821917808215,16.382575342465753,,24.05
402854099213801,2010,40.48158305555556,-99.36045888888889,2315.4,51.54614715566317,10.826602739726027,732.57,68.62682191780821,3.4420821917808215,16.382575342465753,,53.05
402854099213801,2009,40.48158305555556,-99.36045888888889,2315.4,54.10490741098301,9.77372602739726,654.45,68.90076712328766,3.458410958904109,15.795123287671233,,56.49
402854099213802,2010,40.48158305555556,-99.36045888888889,2315.4,51.54614715566317,10.826602739726027,732.57,68.62682191780821,3.4420821917808215,16.382575342465753,,53.24
402854099213802,2009,40.48158305555556,-99.36045888888889,2315.4,54.10490741098301,9.77372602739726,654.45,68.90076712328766,3.458410958904109,15.795123287671233,,56.59
402905099115301,2010,40.4848551,-99.1983097,2241.11,28.828748482164865,10.826602739726027,732.57,68.62682191780821,3.4420821917808215,16.382575342465753,,30.68
402906099342201,2010,40.485083333333336,-99.57288888888888,2458.82,142.814510341871,10.826602739726027,732.57,68.62682191780821,3.4420821917808215,16.382575342465753,,151.09
402906099342201,2009,40.485083333333336,-99.57288888888888,2458.82,146.49751919357226,9.77372602739726,654.45,68.90076712328766,3.458410958904109,15.795123287671233,,153.1
402919099104601,2009,40.4886216022222,-99.1795852,2229.35,26.51694198396918,9.77372602739726,654.45,68.90076712328766,3.458410958904109,15.795123287671233,,24.56
402919099104601,2010,40.4886216022222,-99.1795852,2229.35,25.1042949057552,10.826602739726027,732.57,68.62682191780821,3.4420821917808215,16.382575342465753,,23.7
402924099235501,2009,40.4901949,-99.398706,2336.37,54.80687679677879,9.77372602739726,654.45,68.90076712328766,3.458410958904109,15.795123287671233,,52.47
402924099235501,2010,40.4901949,-99.398706,2336.37,53.75616579911697,10.826602739726027,732.57,68.62682191780821,3.4420821917808215,16.382575342465753,,52.53
402952099114401,2010,40.4961238363889,-99.1985012,2246.17,28.634308197348805,10.826602739726027,732.57,68.62682191780821,3.4420821917808215,16.382575342465753,,34.77
402952099161701,2009,40.49624602,-99.2746825,2255.28,24.08020393385915,9.77372602739726,654.45,68.90076712328766,3.458410958904109,15.795123287671233,,19.29
402952099161701,2010,40.49624602,-99.2746825,2255.28,24.505625239977093,10.826602739726027,732.57,68.62682191780821,3.4420821917808215,16.382575342465753,,19.15
403014099213701,2009,40.50113773,-99.35723759,2325.73,35.55742574442244,9.77372602739726,654.45,68.90076712328766,3.458410958904109,15.795123287671233,,26.05
403014099213701,2010,40.50113773,-99.35723759,2325.73,36.88735289402811,10.826602739726027,732.57,68.62682191780821,3.4420821917808215,16.382575342465753,,34.73
403037099135301,2009,40.5105526386111,-99.2316379,2239.33,23.262925422936725,9.77372602739726,654.45,68.90076712328766,3.458410958904109,15.795123287671233,,18.72
403037099135301,2010,40.5105526386111,-99.2316379,2239.33,22.354334184896103,10.826602739726027,732.57,68.62682191780821,3.4420821917808215,16.382575342465753,,17.0
403037099313401,2009,40.5104684,-99.5262137,2408.97,85.01419491765068,9.77372602739726,654.45,68.90076712328766,3.458410958904109,15.795123287671233,,79.85
403037099313401,2010,40.5104684,-99.5262137,2408.97,87.14220353180953,10.826602739726027,732.57,68.62682191780821,3.4420821917808215,16.382575342465753,,77.64
403104099130201,2009,40.5179145,-99.2173248,2242.62,26.540470460713507,9.77372602739726,654.45,68.90076712328766,3.458410958904109,15.795123287671233,,27.13
403104099130201,2010,40.5179145,-99.2173248,2242.62,24.696211372589094,10.826602739726027,732.57,68.62682191780821,3.4420821917808215,16.382575342465753,,25.86
403123099261501,2009,40.52446389,-99.436875,2361.96,40.45909789643221,9.77372602739726,654.45,68.90076712328766,3.458410958904109,15.795123287671233,,40.48
403123099261501,2010,40.52446389,-99.436875,2361.96,36.99488431931689,10.826602739726027,732.57,68.62682191780821,3.4420821917808215,16.382575342465753,,41.17
403125099295701,2009,40.5247252,-99.4992246,2402.13,68.45360633623189,9.77372602739726,654.45,68.90076712328766,3.458410958904109,15.795123287671233,,69.0
403125099295701,2010,40.5247252,-99.4992246,2402.13,66.4852934461529,10.826602739726027,732.57,68.62682191780821,3.4420821917808215,16.382575342465753,,66.36
403137099330201,2009,40.5263766547222,-99.5496279,2405.25,71.04560591746394,9.77372602739726,654.45,68.90076712328766,3.458410958904109,15.795123287671233,,59.56
403137099330201,2010,40.5263766547222,-99.5496279,2405.25,75.83546530911116,10.826602739726027,732.57,68.62682191780821,3.4420821917808215,16.382575342465753,,55.72
403138099190801,2009,40.5255972,-99.3224515,2277.27,22.414936617924614,9.77372602739726,654.45,68.90076712328766,3.458410958904109,15.795123287671233,,24.0
403138099190801,2010,40.5255972,-99.3224515,2277.27,24.88697665301557,10.826602739726027,732.57,68.62682191780821,3.4420821917808215,16.382575342465753,,21.53
403138099235801,2009,40.5255500233333,-99.399115,2328.14,29.99390542967035,9.77372602739726,654.45,68.90076712328766,3.458410958904109,15.795123287671233,,30.11
403138099235801,2010,40.5255500233333,-99.399115,2328.14,27.67178646692724,10.826602739726027,732.57,68.62682191780821,3.4420821917808215,16.382575342465753,,25.88
403217099312001,2009,40.5392815,-99.5207383,2451.89,84.1028795959908,9.77372602739726,654.45,68.90076712328766,3.458410958904109,15.795123287671233,,100.51
403217099312001,2010,40.5392815,-99.5207383,2451.89,75.81113089528475,10.826602739726027,732.57,68.62682191780821,3.4420821917808215,16.382575342465753,,99.99
403224099261801,2009,40.54167314,-99.43849253,2347.7,21.66465854626596,9.77372602739726,654.45,68.90076712328766,3.458410958904109,15.795123287671233,,19.32
403309099250701,2009,40.5543784,-99.4199673,2322.67,14.898949528045916,9.77372602739726,654.45,68.90076712328766,3.458410958904109,15.795123287671233,,10.73
403309099250701,2010,40.5543784,-99.4199673,2322.67,13.4063926586346,10.826602739726027,732.57,68.62682191780821,3.4420821917808215,16.382575342465753,,8.58
403309099270601,2009,40.55026689,-99.45178833,2342.87,17.18636795662682,9.77372602739726,654.45,68.90076712328766,3.458410958904109,15.795123287671233,,14.35
403309099270601,2010,40.55026689,-99.45178833,2342.87,15.85024770004016,10.826602739726027,732.57,68.62682191780821,3.4420821917808215,16.382575342465753,,12.27
403309099281401,2009,40.5521635,-99.4737128,2354.64,21.13229003408103,9.77372602739726,654.45,68.90076712328766,3.458410958904109,15.795123287671233,,14.14
403309099281401,2010,40.5521635,-99.4737128,2354.64,21.44139165191397,10.826602739726027,732.57,68.62682191780821,3.4420821917808215,16.382575342465753,,13.85
403315099351501,2010,40.554270555555554,-99.58744083333332,2447.59,77.53564529167727,10.826602739726027,732.57,68.62682191780821,3.4420821917808215,16.382575342465753,,70.39
403315099351501,2009,40.554270555555554,-99.58744083333332,2447.59,76.24208930741234,9.77372602739726,654.45,68.90076712328766,3.458410958904109,15.795123287671233,,71.12
403315099351502,2010,40.554270555555554,-99.58744083333332,2447.59,77.53564529167727,10.826602739726027,732.57,68.62682191780821,3.4420821917808215,16.382575342465753,,72.34
403315099351502,2009,40.554270555555554,-99.58744083333332,2447.59,76.24208930741234,9.77372602739726,654.45,68.90076712328766,3.458410958904109,15.795123287671233,,73.19
403322099201601,2009,40.5547811,-99.3416484,2267.67,13.176075973523371,9.77372602739726,654.45,68.90076712328766,3.458410958904109,15.795123287671233,,5.49
403322099210701,2009,40.55622914,-99.3528114,2284.27,17.82075177891612,9.77372602739726,654.45,68.90076712328766,3.458410958904109,15.795123287671233,,22.78
403322099210701,2010,40.55622914,-99.3528114,2284.27,19.15731446906609,10.826602739726027,732.57,68.62682191780821,3.4420821917808215,16.382575342465753,,18.88
403322099304801,2009,40.5542755075,-99.5122815,2411.43,59.33198462005295,9.77372602739726,654.45,68.90076712328766,3.458410958904109,15.795123287671233,,58.26
403322099304801,2010,40.5542755075,-99.5122815,2411.43,55.41974922503108,10.826602739726027,732.57,68.62682191780821,3.4420821917808215,16.382575342465753,,56.82
403322099371801,2009,40.5557047,-99.6247601,2465.78,92.92482257446883,9.77372602739726,654.45,68.90076712328766,3.458410958904109,15.795123287671233,,78.0
403322099371801,2010,40.5557047,-99.6247601,2465.78,96.45629785824536,10.826602739726027,732.57,68.62682191780821,3.4420821917808215,16.382575342465753,,77.56
403335099150901,2009,40.55977478,-99.25286046,2241.29,31.35342702645257,9.77372602739726,654.45,68.90076712328766,3.458410958904109,15.795123287671233,,31.12
403335099150901,2010,40.55977478,-99.25286046,2241.29,28.48757351877354,10.826602739726027,732.57,68.62682191780821,3.4420821917808215,16.382575342465753,,29.8
403348099114401,2010,40.5613598133333,-99.1983188,2236.17,26.96357202194008,10.826602739726027,732.57,68.62682191780821,3.4420821917808215,16.382575342465753,,36.63
403350099282701,2010,40.56375277777777,-99.47419805555556,2351.95,17.796498751200478,10.826602739726027,732.57,68.62682191780821,3.4420821917808215,16.382575342465753,,12.57
403350099282701,2009,40.56375277777777,-99.47419805555556,2351.95,18.826995371491016,9.77372602739726,654.45,68.90076712328766,3.458410958904109,15.795123287671233,,14.41
403350099282702,2010,40.56375277777777,-99.47419805555556,2351.95,17.796498751200478,10.826602739726027,732.57,68.62682191780821,3.4420821917808215,16.382575342465753,,12.79
403350099282702,2009,40.56375277777777,-99.47419805555556,2351.95,18.826995371491016,9.77372602739726,654.45,68.90076712328766,3.458410958904109,15.795123287671233,,14.68
403408099130501,2010,40.56878722222223,-99.21816944444444,2216.56,19.89161339150235,10.826602739726027,732.57,68.62682191780821,3.4420821917808215,16.382575342465753,,12.49
403408099130501,2009,40.56878722222223,-99.21816944444444,2216.56,20.291516688115696,9.77372602739726,654.45,68.90076712328766,3.458410958904109,15.795123287671233,,13.71
403408099130502,2010,40.56878722222223,-99.21816944444444,2216.56,19.89161339150235,10.826602739726027,732.57,68.62682191780821,3.4420821917808215,16.382575342465753,,12.35
403408099130502,2009,40.56878722222223,-99.21816944444444,2216.56,20.291516688115696,9.77372602739726,654.45,68.90076712328766,3.458410958904109,15.795123287671233,,13.55
403431099362101,2009,40.5754557,-99.6058865,2477.16,86.17328053242647,9.77372602739726,654.45,68.90076712328766,3.458410958904109,15.795123287671233,,88.27
403431099362101,2010,40.5754557,-99.6058865,2477.16,82.92947826081372,10.826602739726027,732.57,68.62682191780821,3.4420821917808215,16.382575342465753,,88.03
403453099141801,2009,40.58307501,-99.2365144,2255.34,39.351706220045685,9.77372602739726,654.45,68.90076712328766,3.458410958904109,15.795123287671233,,49.3
403453099141801,2010,40.58307501,-99.2365144,2255.34,32.29492127563946,10.826602739726027,732.57,68.62682191780821,3.4420821917808215,16.382575342465753,,48.85
403453099190801,2009,40.5807096794444,-99.3229107,2282.14,30.481753430333296,9.77372602739726,654.45,68.90076712328766,3.458410958904109,15.795123287671233,,39.47
403453099190801,2010,40.5807096794444,-99.3229107,2282.14,24.88010587011665,10.826602739726027,732.57,68.62682191780821,3.4420821917808215,16.382575342465753,,36.65
403454099304801,2009,40.57931189,-99.51412709,2390.5,38.48664553824396,9.77372602739726,654.45,68.90076712328766,3.458410958904109,15.795123287671233,,36.27
403454099304801,2010,40.57931189,-99.51412709,2390.5,37.214486131991606,10.826602739726027,732.57,68.62682191780821,3.4420821917808215,16.382575342465753,,33.88
403507099234101,2009,40.5836771413889,-99.3985091,2295.65,14.25952754498526,9.77372602739726,654.45,68.90076712328766,3.458410958904109,15.795123287671233,,11.77
403507099234101,2010,40.5836771413889,-99.3985091,2295.65,12.125635775926224,10.826602739726027,732.57,68.62682191780821,3.4420821917808215,16.382575342465753,,9.54
403507099254101,2009,40.58520714,-99.42844836,2318.5,21.136065916844984,9.77372602739726,654.45,68.90076712328766,3.458410958904109,15.795123287671233,,23.56
403507099254101,2010,40.58520714,-99.42844836,2318.5,17.100072592551836,10.826602739726027,732.57,68.62682191780821,3.4420821917808215,16.382575342465753,,20.95
403520099201601,2009,40.5886101475,-99.3416473,2265.95,17.294042719512266,9.77372602739726,654.45,68.90076712328766,3.458410958904109,15.795123287671233,,15.85
403520099201601,2010,40.5886101475,-99.3416473,2265.95,15.390072639573356,10.826602739726027,732.57,68.62682191780821,3.4420821917808215,16.382575342465753,,12.7
403540099260001,2009,40.5946306,-99.4353739,2323.77,22.447046823763355,9.77372602739726,654.45,68.90076712328766,3.458410958904109,15.795123287671233,,24.2
403540099260001,2010,40.5946306,-99.4353739,2323.77,18.436934696372244,10.826602739726027,732.57,68.62682191780821,3.4420821917808215,16.382575342465753,,22.11
403625099315401,2009,40.60535831,-99.53303177,2384.53,37.98509248132506,9.77372602739726,654.45,68.90076712328766,3.458410958904109,15.795123287671233,,35.73
403625099315401,2010,40.60535831,-99.53303177,2384.53,36.75918730343725,10.826602739726027,732.57,68.62682191780821,3.4420821917808215,16.382575342465753,,33.87
403625099361001,2009,40.60535831,-99.60306609,2454.12,85.88609924597856,9.77372602739726,654.45,68.90076712328766,3.458410958904109,15.795123287671233,,89.55
403625099361001,2010,40.60535831,-99.60306609,2454.12,77.67406794164825,10.826602739726027,732.57,68.62682191780821,3.4420821917808215,16.382575342465753,,87.03
403638099154301,2009,40.60901195,-99.26298962,2222.0,17.734574494648115,9.77372602739726,654.45,68.90076712328766,3.458410958904109,15.795123287671233,,13.87
403638099154301,2010,40.60901195,-99.26298962,2222.0,17.552906681660005,10.826602739726027,732.57,68.62682191780821,3.4420821917808215,16.382575342465753,,12.24
403644099350001,2009,40.61418514,-99.57972132,2418.26,67.95390319213621,9.77372602739726,654.45,68.90076712328766,3.458410958904109,15.795123287671233,,71.0
403645099242701,2010,40.61264497222222,-99.40752011111113,2297.96,15.648459348960708,10.826602739726027,732.57,68.62682191780821,3.4420821917808215,16.382575342465753,,17.99
403645099242701,2009,40.61264497222222,-99.40752011111113,2297.96,18.8849101322115,9.77372602739726,654.45,68.90076712328766,3.458410958904109,15.795123287671233,,19.92
403645099242702,2010,40.61264497222222,-99.40752011111113,2297.96,15.648459348960708,10.826602739726027,732.57,68.62682191780821,3.4420821917808215,16.382575342465753,,18.57
403645099242702,2009,40.61264497222222,-99.40752011111113,2297.96,18.8849101322115,9.77372602739726,654.45,68.90076712328766,3.458410958904109,15.795123287671233,,20.64
403646099293301,2009,40.6127772,-99.4935704,2354.25,24.37416914302432,9.77372602739726,654.45,68.90076712328766,3.458410958904109,15.795123287671233,,18.24
403646099293301,2010,40.6127772,-99.4935704,2354.25,23.764351673299235,10.826602739726027,732.57,68.62682191780821,3.4420821917808215,16.382575342465753,,15.9
403651099281401,2009,40.613021,-99.4747929,2345.39,31.508449269570544,9.77372602739726,654.45,68.90076712328766,3.458410958904109,15.795123287671233,,40.3
403651099281401,2010,40.613021,-99.4747929,2345.39,25.8029638154995,10.826602739726027,732.57,68.62682191780821,3.4420821917808215,16.382575342465753,,37.32
403710099104601,2010,40.6195145,-99.17947241666668,2193.97,17.493049557421887,10.826602739726027,732.57,68.62682191780821,3.4420821917808215,16.382575342465753,,12.52
403710099104601,2009,40.6195145,-99.17947241666668,2193.97,17.115212062874168,9.77372602739726,654.45,68.90076712328766,3.458410958904109,15.795123287671233,,14.12
403710099104602,2010,40.6195145,-99.17947241666668,2193.97,17.493049557421887,10.826602739726027,732.57,68.62682191780821,3.4420821917808215,16.382575342465753,,12.82
403710099104602,2009,40.6195145,-99.17947241666668,2193.97,17.115212062874168,9.77372602739726,654.45,68.90076712328766,3.458410958904109,15.795123287671233,,14.49
403730099373501,2009,40.6268217,-99.6246292,2471.08,91.04641493919176,9.77372602739726,654.45,68.90076712328766,3.458410958904109,15.795123287671233,,90.58
403730099373501,2010,40.6268217,-99.6246292,2471.08,82.65345117369405,10.826602739726027,732.57,68.62682191780821,3.4420821917808215,16.382575342465753,,89.89
403738099181101,2010,40.62740444444445,-99.30320513888888,2241.2,12.95153678231681,10.826602739726027,732.57,68.62682191780821,3.4420821917808215,16.382575342465753,,14.25
403738099181101,2009,40.62740444444445,-99.30320513888888,2241.2,15.583718559784028,9.77372602739726,654.45,68.90076712328766,3.458410958904109,15.795123287671233,,15.35
403738099181102,2010,40.62740444444445,-99.30320513888888,2241.2,12.95153678231681,10.826602739726027,732.57,68.62682191780821,3.4420821917808215,16.382575342465753,,14.18
403738099181102,2009,40.62740444444445,-99.30320513888888,2241.2,15.583718559784028,9.77372602739726,654.45,68.90076712328766,3.458410958904109,15.795123287671233,,15.33
403739099293601,2010,40.62758555555556,-99.49344,2356.31,24.75003370832579,10.826602739726027,732.57,68.62682191780821,3.4420821917808215,16.382575342465753,,31.79
403739099293601,2009,40.62758555555556,-99.49344,2356.31,27.59002434912388,9.77372602739726,654.45,68.90076712328766,3.458410958904109,15.795123287671233,,29.21
403822099324501,2009,40.6415361,-99.5482644,2377.53,37.142734594100446,9.77372602739726,654.45,68.90076712328766,3.458410958904109,15.795123287671233,,39.17
403822099324501,2010,40.6415361,-99.5482644,2377.53,32.54469920202909,10.826602739726027,732.57,68.62682191780821,3.4420821917808215,16.382575342465753,,37.84
403831099173501,2010,40.642178,-99.29327591666666,2229.47,11.581484169752846,10.826602739726027,732.57,68.62682191780821,3.4420821917808215,16.382575342465753,,8.8
403831099173501,2009,40.642178,-99.29327591666666,2229.47,12.261103138410627,9.77372602739726,654.45,68.90076712328766,3.458410958904109,15.795123287671233,,9.65
403831099173502,2010,40.642178,-99.29327591666666,2229.47,11.581484169752846,10.826602739726027,732.57,68.62682191780821,3.4420821917808215,16.382575342465753,,9.21
403831099173502,2009,40.642178,-99.29327591666666,2229.47,12.261103138410627,9.77372602739726,654.45,68.90076712328766,3.458410958904109,15.795123287671233,,10.06
403832099293501,2010,40.64230694444444,-99.49321833333332,2322.16,18.474735121004592,10.826602739726027,732.57,68.62682191780821,3.4420821917808215,16.382575342465753,,20.07
403832099293501,2009,40.64230694444444,-99.49321833333332,2322.16,20.80224333017101,9.77372602739726,654.45,68.90076712328766,3.458410958904109,15.795123287671233,,20.68
403902099313701,2009,40.6483999,-99.5291531,2345.9,28.997071891398367,9.77372602739726,654.45,68.90076712328766,3.458410958904109,15.795123287671233,,33.75
403902099313701,2010,40.6483999,-99.5291531,2345.9,25.81019974481874,10.826602739726027,732.57,68.62682191780821,3.4420821917808215,16.382575342465753,,33.5
403903099214301,2010,40.650864722222224,-99.3618686111111,2248.47,6.600619845852102,10.826602739726027,732.57,68.62682191780821,3.4420821917808215,16.382575342465753,,6.39
403903099214301,2009,40.650864722222224,-99.3618686111111,2248.47,8.233064016994572,9.77372602739726,654.45,68.90076712328766,3.458410958904109,15.795123287671233,,7.84
403903099214302,2010,40.650864722222224,-99.3618686111111,2248.47,6.600619845852102,10.826602739726027,732.57,68.62682191780821,3.4420821917808215,16.382575342465753,,6.45
403903099214302,2009,40.650864722222224,-99.3618686111111,2248.47,8.233064016994572,9.77372602739726,654.45,68.90076712328766,3.458410958904109,15.795123287671233,,7.88
403915099190801,2009,40.6573434,-99.3214291,2234.03,11.020757927367947,9.77372602739726,654.45,68.90076712328766,3.458410958904109,15.795123287671233,,9.0
403915099190801,2010,40.6573434,-99.3214291,2234.03,11.217147569936936,10.826602739726027,732.57,68.62682191780821,3.4420821917808215,16.382575342465753,,7.71
403927099293501,2010,40.65755805555556,-99.49321666666668,2297.65,9.771166331062089,10.826602739726027,732.57,68.62682191780821,3.4420821917808215,16.382575342465753,,7.62
403927099293501,2009,40.65755805555556,-99.49321666666668,2297.65,10.669604877330984,9.77372602739726,654.45,68.90076712328766,3.458410958904109,15.795123287671233,,7.87
403928099333601,2009,40.6571948,-99.5612991,2355.41,26.18854600152668,9.77372602739726,654.45,68.90076712328766,3.458410958904109,15.795123287671233,,38.0
403928099333601,2010,40.6571948,-99.5612991,2355.41,22.855976675833656,10.826602739726027,732.57,68.62682191780821,3.4420821917808215,16.382575342465753,,37.59
403928099371801,2009,40.655954,-99.6202609,2432.98,68.98490157199424,9.77372602739726,654.45,68.90076712328766,3.458410958904109,15.795123287671233,,82.97
403928099371801,2010,40.655954,-99.6202609,2432.98,60.40136495310899,10.826602739726027,732.57,68.62682191780821,3.4420821917808215,16.382575342465753,,81.55
403941099331901,2009,40.66044972,-99.55637462,2347.21,17.222793966313176,9.77372602739726,654.45,68.90076712328766,3.458410958904109,15.795123287671233,,3.71
403941099331901,2010,40.66044972,-99.55637462,2347.21,17.212969619686824,10.826602739726027,732.57,68.62682191780821,3.4420821917808215,16.382575342465753,,2.92
403941099342701,2009,40.6636923,-99.5766538,2326.71,14.004502910882236,9.77372602739726,654.45,68.90076712328766,3.458410958904109,15.795123287671233,,6.73
403941099342701,2010,40.6636923,-99.5766538,2326.71,14.487233531861191,10.826602739726027,732.57,68.62682191780821,3.4420821917808215,16.382575342465753,,5.51
403946099383201,2010,40.66301611111111,-99.64228555555556,2446.94,61.97903722644694,10.826602739726027,732.57,68.62682191780821,3.4420821917808215,16.382575342465753,,94.84
403946099383201,2009,40.66301611111111,-99.64228555555556,2446.94,72.79048877458447,9.77372602739726,654.45,68.90076712328766,3.458410958904109,15.795123287671233,,95.06
403949099293501,2010,40.66383277777778,-99.49320805555556,2291.23,7.4854555891397245,10.826602739726027,732.57,68.62682191780821,3.4420821917808215,16.382575342465753,,4.14
403949099293501,2009,40.66383277777778,-99.49320805555556,2291.23,8.234263184766139,9.77372602739726,654.45,68.90076712328766,3.458410958904109,15.795123287671233,,3.68
403959099282801,2010,40.66638638888889,-99.47439194444443,2282.17,3.912267103988396,10.826602739726027,732.57,68.62682191780821,3.4420821917808215,16.382575342465753,,3.02
403959099282801,2009,40.66638638888889,-99.47439194444443,2282.17,4.941066164936176,9.77372602739726,654.45,68.90076712328766,3.458410958904109,15.795123287671233,,3.91
403959099282802,2010,40.66638638888889,-99.47439194444443,2282.17,3.912267103988396,10.826602739726027,732.57,68.62682191780821,3.4420821917808215,16.382575342465753,,3.06
403959099282802,2009,40.66638638888889,-99.47439194444443,2282.17,4.941066164936176,9.77372602739726,654.45,68.90076712328766,3.458410958904109,15.795123287671233,,3.89
404006099282401,2010,40.66854833333333,-99.4734825,2280.04,3.344839177560437,10.826602739726027,732.57,68.62682191780821,3.4420821917808215,16.382575342465753,,1.82
404006099282401,2009,40.66854833333333,-99.4734825,2280.04,4.1885386336615,9.77372602739726,654.45,68.90076712328766,3.458410958904109,15.795123287671233,,1.64
404007099294001,2009,40.6709022,-99.4936146,2290.54,7.002461701137279,9.77372602739726,654.45,68.90076712328766,3.458410958904109,15.795123287671233,,7.33
404007099294001,2010,40.6709022,-99.4936146,2290.54,5.768737587020597,10.826602739726027,732.57,68.62682191780821,3.4420821917808215,16.382575342465753,,6.15
404007099351901,2009,40.6709256,-99.5865622,2322.26,8.43415649673697,9.77372602739726,654.45,68.90076712328766,3.458410958904109,15.795123287671233,,7.1
404007099351901,2010,40.6709256,-99.5865622,2322.26,9.780975411304766,10.826602739726027,732.57,68.62682191780821,3.4420821917808215,16.382575342465753,,5.98
404020099355301,2009,40.6710839,-99.5961084,2326.91,10.163138103536992,9.77372602739726,654.45,68.90076712328766,3.458410958904109,15.795123287671233,,4.84
404020099355301,2010,40.6710839,-99.5961084,2326.91,12.76882407662814,10.826602739726027,732.57,68.62682191780821,3.4420821917808215,16.382575342465753,,4.0
404033099373001,2010,40.67593911111111,-99.62515633333332,2339.74,19.849464845952262,10.826602739726027,732.57,68.62682191780821,3.4420821917808215,16.382575342465753,,8.29
404033099373001,2009,40.67593911111111,-99.62515633333332,2339.74,17.924081739742487,9.77372602739726,654.45,68.90076712328766,3.458410958904109,15.795123287671233,,8.19
404040099383501,2010,40.67796833333333,-99.64313333333334,2346.64,26.17950616587797,10.826602739726027,732.57,68.62682191780821,3.4420821917808215,16.382575342465753,,10.16
404040099383501,2009,40.67796833333333,-99.64313333333334,2346.64,24.09713126530825,9.77372602739726,654.45,68.90076712328766,3.458410958904109,15.795123287671233,,9.68
404059099383501,2010,40.68328583333333,-99.64316027777778,2343.11,19.623568479911334,10.826602739726027,732.57,68.62682191780821,3.4420821917808215,16.382575342465753,,12.72
404059099383501,2009,40.68328583333333,-99.64316027777778,2343.11,17.21774794274136,9.77372602739726,654.45,68.90076712328766,3.458410958904109,15.795123287671233,,11.32
404102099373001,2010,40.68405933333333,-99.62523716666666,2334.85,9.985236424209058,10.826602739726027,732.57,68.62682191780821,3.4420821917808215,16.382575342465753,,8.85
404102099373001,2009,40.68405933333333,-99.62523716666666,2334.85,9.111539437743712,9.77372602739726,654.45,68.90076712328766,3.458410958904109,15.795123287671233,,7.63
404102099373002,2010,40.68405933333333,-99.62523716666666,2334.85,9.985236424209058,10.826602739726027,732.57,68.62682191780821,3.4420821917808215,16.382575342465753,,7.27
404102099373002,2009,40.68405933333333,-99.62523716666666,2334.85,9.111539437743712,9.77372602739726,654.45,68.90076712328766,3.458410958904109,15.795123287671233,,6.64
08N 20W 06 AAA,2010,40.68138,-99.62646,2336.24,12.652097993585665,10.826602739726027,732.57,68.62682191780821,3.4420821917808215,16.382575342465753,,3.28
403124099152601,2009,40.52215595,-99.25856338,2258.2,35.91873899532586,9.77372602739726,654.45,68.90076712328766,3.458410958904109,15.795123287671233,,42.87
402945099151900,2009,40.49312395,-99.25285328,2243.78,22.57984946575759,9.77372602739726,654.45,68.90076712328766,3.458410958904109,15.795123287671233,,20.28
402821099282901,2009,40.47215973,-99.47068872,2363.91,98.32163459978636,9.77372602739726,654.45,68.90076712328766,3.458410958904109,15.795123287671233,,97.79
403328099181202,2009,40.5577906,-99.3033482,2272.01,28.767694571589704,9.77372602739726,654.45,68.90076712328766,3.458410958904109,15.795123287671233,,31.15
403433099250001,2009,40.576331,-99.4179046,2315.55,17.21914394440987,9.77372602739726,654.45,68.90076712328766,3.458410958904109,15.795123287671233,,17.53
403322099272302,2009,40.5545803,-99.4609332,2349.56,17.36496884301276,9.77372602739726,654.45,68.90076712328766,3.458410958904109,15.795123287671233,,16.21
403322099264901,2009,40.5543545569444,-99.4489925,2342.74,14.952738202468996,9.77372602739726,654.45,68.90076712328766,3.458410958904109,15.795123287671233,,13.2
403322099254101,2009,40.5542755,-99.4303042,2335.12,16.027355578410905,9.77372602739726,654.45,68.90076712328766,3.458410958904109,15.795123287671233,,15.54
403163099379201,2009,40.52718414,-99.63201494,2519.15,148.9515773572043,9.77372602739726,654.45,68.90076712328766,3.458410958904109,15.795123287671233,,153.93
403954099255801,2009,40.667854,-99.4364595,2268.93,3.275410509113017,9.77372602739726,654.45,68.90076712328766,3.458410958904109,15.795123287671233,,1.19
403739099281601,2009,40.627653,-99.4742905,2324.54,22.89911577778434,9.77372602739726,654.45,68.90076712328766,3.458410958904109,15.795123287671233,,22.63
403124099152601,2010,40.52215595,-99.25856338,2258.2,30.60232588124021,10.826602739726027,732.57,68.62682191780821,3.4420821917808215,16.382575342465753,,42.74
402945099151900,2010,40.49312395,-99.25285328,2243.78,21.49994078409527,10.826602739726027,732.57,68.62682191780821,3.4420821917808215,16.382575342465753,,19.05
402851099130101,2010,40.4809986,-99.2168379,2244.15,28.320044184780613,10.826602739726027,732.57,68.62682191780821,3.4420821917808215,16.382575342465753,,28.21
402821099282901,2010,40.47215973,-99.47068872,2363.91,97.9503816698262,10.826602739726027,732.57,68.62682191780821,3.4420821917808215,16.382575342465753,,94.24
403328099181202,2010,40.5577906,-99.3033482,2272.01,26.41856178382381,10.826602739726027,732.57,68.62682191780821,3.4420821917808215,16.382575342465753,,28.67
403433099250001,2010,40.576331,-99.4179046,2315.55,13.915384411464972,10.826602739726027,732.57,68.62682191780821,3.4420821917808215,16.382575342465753,,13.8
403322099272302,2010,40.5545803,-99.4609332,2349.56,15.751327761308373,10.826602739726027,732.57,68.62682191780821,3.4420821917808215,16.382575342465753,,13.78
403322099264901,2010,40.5543545569444,-99.4489925,2342.74,13.456500713784742,10.826602739726027,732.57,68.62682191780821,3.4420821917808215,16.382575342465753,,12.78
403322099254101,2010,40.5542755,-99.4303042,2335.12,14.010226439814646,10.826602739726027,732.57,68.62682191780821,3.4420821917808215,16.382575342465753,,14.18
403558099371801,2010,40.5994522,-99.622055,2483.53,81.20404267609376,10.826602739726027,732.57,68.62682191780821,3.4420821917808215,16.382575342465753,,70.77
403954099255801,2010,40.667854,-99.4364595,2268.93,3.597484657678896,10.826602739726027,732.57,68.62682191780821,3.4420821917808215,16.382575342465753,,1.05
403739099281601,2010,40.627653,-99.4742905,2324.54,20.1538865970093,10.826602739726027,732.57,68.62682191780821,3.4420821917808215,16.382575342465753,,19.7
402340099353701,2010,40.39445302,-99.59399869,2264.29,80.12880500776238,10.826602739726027,732.57,68.62682191780821,3.4420821917808215,16.382575342465753,,24.61
402524099201601,2010,40.42334431,-99.33815365,2312.07,109.35618294893496,10.826602739726027,732.57,68.62682191780821,3.4420821917808215,16.382575342465753,,114.02
403132099381001,2009,40.52556319,-99.63650076,2517.21,154.98312088226842,9.77372602739726,654.45,68.90076712328766,3.458410958904109,15.795123287671233,,158.73
403132099381001,2009,40.52556319,-99.63650076,2517.21,154.98312088226842,9.77372602739726,654.45,68.90076712328766,3.458410958904109,15.795123287671233,,163.75
403132099381001,2009,40.52556319,-99.63650076,2517.21,154.98312088226842,9.77372602739726,654.45,68.90076712328766,3.458410958904109,15.795123287671233,,163.62
403132099381001,2009,40.52556319,-99.63650076,2517.21,154.98312088226842,9.77372602739726,654.45,68.90076712328766,3.458410958904109,15.795123287671233,,157.17
403132099381001,2010,40.52556319,-99.63650076,2517.21,146.5501405037891,10.826602739726027,732.57,68.62682191780821,3.4420821917808215,16.382575342465753,,155.4
403132099381001,2010,40.52556319,-99.63650076,2517.21,146.5501405037891,10.826602739726027,732.57,68.62682191780821,3.4420821917808215,16.382575342465753,,155.51
403132099381001,2010,40.52556319,-99.63650076,2517.21,146.5501405037891,10.826602739726027,732.57,68.62682191780821,3.4420821917808215,16.382575342465753,,154.92
403954099255801,2012,40.667854,-99.4364595,2268.93,3.9505049767202554,13.358688524590164,358.44,54.12587431693989,3.549207650273224,17.25153005464481,,1.12
403941099331901,2012,40.66044972,-99.55637462,2347.21,17.657453484900145,13.358688524590164,358.44,54.12587431693989,3.549207650273224,17.25153005464481,,1.61
403322099201601,2012,40.5547811,-99.3416484,2267.67,12.919435115650316,13.358688524590164,358.44,54.12587431693989,3.549207650273224,17.25153005464481,,2.69
404020099355301,2012,40.6710839,-99.5961084,2326.91,11.030363458814472,13.358688524590164,358.44,54.12587431693989,3.549207650273224,17.25153005464481,,3.47
403941099342701,2012,40.6636923,-99.5766538,2326.71,14.209493580770404,13.358688524590164,358.44,54.12587431693989,3.549207650273224,17.25153005464481,,3.69
404007099351901,2012,40.6709256,-99.5865622,2322.26,8.925292068416653,13.358688524590164,358.44,54.12587431693989,3.549207650273224,17.25153005464481,,5.82
404007099294001,2012,40.6709022,-99.4936146,2290.54,7.2295113671212095,13.358688524590164,358.44,54.12587431693989,3.549207650273224,17.25153005464481,,6.3
404006099282401,2012,40.66854833333333,-99.4734825,2280.04,4.104063480653078,13.358688524590164,358.44,54.12587431693989,3.549207650273224,17.25153005464481,,2.41
403959099282802,2012,40.66638638888889,-99.47439194444443,2282.17,4.693671505585983,13.358688524590164,358.44,54.12587431693989,3.549207650273224,17.25153005464481,,3.65
403959099282801,2012,40.66638638888889,-99.47439194444443,2282.17,4.693671505585983,13.358688524590164,358.44,54.12587431693989,3.549207650273224,17.25153005464481,,3.7
403949099293501,2012,40.66383277777778,-99.49320805555556,2291.23,8.453007400873846,13.358688524590164,358.44,54.12587431693989,3.549207650273224,17.25153005464481,,4.41
403903099214301,2012,40.650864722222224,-99.3618686111111,2248.47,6.506979994538436,13.358688524590164,358.44,54.12587431693989,3.549207650273224,17.25153005464481,,5.46
403903099214302,2012,40.650864722222224,-99.3618686111111,2248.47,6.506979994538436,13.358688524590164,358.44,54.12587431693989,3.549207650273224,17.25153005464481,,5.88
404033099373001,2012,40.67593911111111,-99.62515633333332,2339.74,18.2296516456598,13.358688524590164,358.44,54.12587431693989,3.549207650273224,17.25153005464481,,7.2
404102099373002,2012,40.68405933333333,-99.62523716666666,2334.85,9.37835060280261,13.358688524590164,358.44,54.12587431693989,3.549207650273224,17.25153005464481,,7.56
403927099293501,2012,40.65755805555556,-99.49321666666668,2297.65,10.501654397004296,13.358688524590164,358.44,54.12587431693989,3.549207650273224,17.25153005464481,,7.7
403831099173501,2012,40.642178,-99.29327591666666,2229.47,11.2257956981667,13.358688524590164,358.44,54.12587431693989,3.549207650273224,17.25153005464481,,8.36
403831099173502,2012,40.642178,-99.29327591666666,2229.47,11.2257956981667,13.358688524590164,358.44,54.12587431693989,3.549207650273224,17.25153005464481,,8.46
404040099383501,2012,40.67796833333333,-99.64313333333334,2346.64,25.85842408640288,13.358688524590164,358.44,54.12587431693989,3.549207650273224,17.25153005464481,,9.06
404102099373001,2012,40.68405933333333,-99.62523716666666,2334.85,9.37835060280261,13.358688524590164,358.44,54.12587431693989,3.549207650273224,17.25153005464481,,9.73
403350099282701,2012,40.56375277777777,-99.47419805555556,2351.95,16.950787739452196,13.358688524590164,358.44,54.12587431693989,3.549207650273224,17.25153005464481,,10.89
403350099282702,2012,40.56375277777777,-99.47419805555556,2351.95,16.950787739452196,13.358688524590164,358.44,54.12587431693989,3.549207650273224,17.25153005464481,,11.35
403408099130501,2012,40.56878722222223,-99.21816944444444,2216.56,21.460348121696605,13.358688524590164,358.44,54.12587431693989,3.549207650273224,17.25153005464481,,12.03
403408099130502,2012,40.56878722222223,-99.21816944444444,2216.56,21.460348121696605,13.358688524590164,358.44,54.12587431693989,3.549207650273224,17.25153005464481,,12.31
403738099181101,2012,40.62740444444445,-99.30320513888888,2241.2,12.181535670109,13.358688524590164,358.44,54.12587431693989,3.549207650273224,17.25153005464481,,12.47
403738099181102,2012,40.62740444444445,-99.30320513888888,2241.2,12.181535670109,13.358688524590164,358.44,54.12587431693989,3.549207650273224,17.25153005464481,,12.51
403710099104601,2012,40.6195145,-99.17947241666668,2193.97,18.235826659905705,13.358688524590164,358.44,54.12587431693989,3.549207650273224,17.25153005464481,,12.51
403710099104602,2012,40.6195145,-99.17947241666668,2193.97,18.235826659905705,13.358688524590164,358.44,54.12587431693989,3.549207650273224,17.25153005464481,,12.94
404059099383501,2012,40.68328583333333,-99.64316027777778,2343.11,19.60915160925152,13.358688524590164,358.44,54.12587431693989,3.549207650273224,17.25153005464481,,14.45
403645099242702,2012,40.61264497222222,-99.40752011111113,2297.96,15.4805954149619,13.358688524590164,358.44,54.12587431693989,3.549207650273224,17.25153005464481,,16.92
403645099242701,2012,40.61264497222222,-99.40752011111113,2297.96,15.4805954149619,13.358688524590164,358.44,54.12587431693989,3.549207650273224,17.25153005464481,,17.41
403832099293501,2012,40.64230694444444,-99.49321833333332,2322.16,18.908895943592945,13.358688524590164,358.44,54.12587431693989,3.549207650273224,17.25153005464481,,19.17
402853099135102,2012,40.48150472222223,-99.23095833333332,2247.07,27.1680709751212,13.358688524590164,358.44,54.12587431693989,3.549207650273224,17.25153005464481,,26.16
402853099135101,2012,40.48150472222223,-99.23095833333332,2247.07,27.1680709751212,13.358688524590164,358.44,54.12587431693989,3.549207650273224,17.25153005464481,,26.43
403739099293601,2012,40.62758555555556,-99.49344,2356.31,25.383918235233395,13.358688524590164,358.44,54.12587431693989,3.549207650273224,17.25153005464481,,31.66
402854099213801,2012,40.48158305555556,-99.36045888888889,2315.4,48.7076363647256,13.358688524590164,358.44,54.12587431693989,3.549207650273224,17.25153005464481,,50.31
402854099213802,2012,40.48158305555556,-99.36045888888889,2315.4,48.7076363647256,13.358688524590164,358.44,54.12587431693989,3.549207650273224,17.25153005464481,,50.61
402421099112000,2012,40.40549166666666,-99.18921666666668,2216.62,63.459073705906185,13.358688524590164,358.44,54.12587431693989,3.549207650273224,17.25153005464481,,53.4
403315099351501,2012,40.554270555555554,-99.58744083333332,2447.59,73.49985955129814,13.358688524590164,358.44,54.12587431693989,3.549207650273224,17.25153005464481,,66.68
403315099351502,2012,40.554270555555554,-99.58744083333332,2447.59,73.49985955129814,13.358688524590164,358.44,54.12587431693989,3.549207650273224,17.25153005464481,,69.02
402513099164801,2012,40.42006111111111,-99.27985277777778,2278.97,79.24868255448516,13.358688524590164,358.44,54.12587431693989,3.549207650273224,17.25153005464481,,70.93
402423099152001,2012,40.40643361111111,-99.2555336111111,2261.86,89.48918145792291,13.358688524590164,358.44,54.12587431693989,3.549207650273224,17.25153005464481,,84.22
402404099383400,2012,40.40166972222222,-99.64190722222224,2363.94,88.99125810029959,13.358688524590164,358.44,54.12587431693989,3.549207650273224,17.25153005464481,,85.56
403946099383201,2012,40.66301611111111,-99.64228555555556,2446.94,61.73562795842255,13.358688524590164,358.44,54.12587431693989,3.549207650273224,17.25153005464481,,92.27
402532099222601,2012,40.42564361111111,-99.37401277777776,2312.94,106.66994357322808,13.358688524590164,358.44,54.12587431693989,3.549207650273224,17.25153005464481,,93.08
403507099234101,2012,40.5836771413889,-99.3985091,2295.65,12.213258172934374,13.358688524590164,358.44,54.12587431693989,3.549207650273224,17.25153005464481,,7.05
403309099250701,2012,40.5543784,-99.4199673,2322.67,12.610308929078082,13.358688524590164,358.44,54.12587431693989,3.549207650273224,17.25153005464481,,7.26
403322099254101,2012,40.5542755,-99.4303042,2335.12,12.71276363189277,13.358688524590164,358.44,54.12587431693989,3.549207650273224,17.25153005464481,,8.46
403520099201601,2012,40.5886101475,-99.3416473,2265.95,15.293266778159284,13.358688524590164,358.44,54.12587431693989,3.549207650273224,17.25153005464481,,9.91
403322099272302,2012,40.5545803,-99.4609332,2349.56,15.804707343689918,13.358688524590164,358.44,54.12587431693989,3.549207650273224,17.25153005464481,,10.5
403322099264901,2012,40.5543545569444,-99.4489925,2342.74,14.11669311690137,13.358688524590164,358.44,54.12587431693989,3.549207650273224,17.25153005464481,,10.64
403638099154301,2012,40.60901195,-99.26298962,2222.0,17.679876556031108,13.358688524590164,358.44,54.12587431693989,3.549207650273224,17.25153005464481,,11.97
403433099250001,2012,40.576331,-99.4179046,2315.55,15.100597286561896,13.358688524590164,358.44,54.12587431693989,3.549207650273224,17.25153005464481,,12.5
403309099281401,2012,40.5521635,-99.4737128,2354.64,19.72170477561207,13.358688524590164,358.44,54.12587431693989,3.549207650273224,17.25153005464481,,13.24
402532099222602,2012,40.42564361111111,-99.37401277777776,2312.94,106.66994357322808,13.358688524590164,358.44,54.12587431693989,3.549207650273224,17.25153005464481,,98.5
402342099143300,2012,40.39436388888889,-99.24273333333332,2261.52,102.92407500758657,13.358688524590164,358.44,54.12587431693989,3.549207650273224,17.25153005464481,,108.12
402233099341700,2012,40.376269444444446,-99.57279166666666,2335.32,108.78041026203626,13.358688524590164,358.44,54.12587431693989,3.549207650273224,17.25153005464481,,110.39
402636099271802,2012,40.44343083333333,-99.45505,2362.54,130.17844851846633,13.358688524590164,358.44,54.12587431693989,3.549207650273224,17.25153005464481,,130.53
402636099271801,2012,40.44343083333333,-99.45505,2362.54,130.17844851846633,13.358688524590164,358.44,54.12587431693989,3.549207650273224,17.25153005464481,,131.49
402334099293301,2012,40.392735555555554,-99.49248916666669,2343.83,150.6690905845422,13.358688524590164,358.44,54.12587431693989,3.549207650273224,17.25153005464481,,135.86
402334099293302,2012,40.392735555555554,-99.49248916666669,2343.83,150.6690905845422,13.358688524590164,358.44,54.12587431693989,3.549207650273224,17.25153005464481,,136.42
402649099350601,2012,40.44692,-99.58488888888888,2428.0,150.40659200461815,13.358688524590164,358.44,54.12587431693989,3.549207650273224,17.25153005464481,,146.17
402326099185300,2012,40.390366666666665,-99.31649722222222,2306.56,142.85072659189257,13.358688524590164,358.44,54.12587431693989,3.549207650273224,17.25153005464481,,146.54
402200099160700,2012,40.3669,-99.267175,2280.22,144.87025460781112,13.358688524590164,358.44,54.12587431693989,3.549207650273224,17.25153005464481,,146.96
402649099350602,2012,40.44692,-99.58488888888888,2428.0,150.40659200461815,13.358688524590164,358.44,54.12587431693989,3.549207650273224,17.25153005464481,,147.26
402906099342201,2012,40.485083333333336,-99.57288888888888,2458.82,138.03662902872364,13.358688524590164,358.44,54.12587431693989,3.549207650273224,17.25153005464481,,147.63
402813099382100,2012,40.46941944444445,-99.63914166666667,2473.68,143.29405496657665,13.358688524590164,358.44,54.12587431693989,3.549207650273224,17.25153005464481,,153.75
402756099320601,2012,40.46654722222223,-99.53547222222224,2446.36,150.59656488062916,13.358688524590164,358.44,54.12587431693989,3.549207650273224,17.25153005464481,,162.73
402458099344401,2012,40.41608027777777,-99.57890388888887,2426.49,153.34425539072885,13.358688524590164,358.44,54.12587431693989,3.549207650273224,17.25153005464481,,169.67
402458099344402,2012,40.41608027777777,-99.57890388888887,2426.49,153.34425539072885,13.358688524590164,358.44,54.12587431693989,3.549207650273224,17.25153005464481,,169.8
402609099350800,2012,40.43199166666666,-99.58200277777776,2443.0,158.2833349599036,13.358688524590164,358.44,54.12587431693989,3.549207650273224,17.25153005464481,,173.36
402630099305500,2012,40.44133611111111,-99.51204166666666,2426.38,161.32495738180648,13.358688524590164,358.44,54.12587431693989,3.549207650273224,17.25153005464481,,174.62
402406099311800,2012,40.40154444444444,-99.52104166666666,2406.07,167.41594438027778,13.358688524590164,358.44,54.12587431693989,3.549207650273224,17.25153005464481,,180.26
402159099301600,2012,40.3649,-99.50220555555556,2377.49,167.48355095641543,13.358688524590164,358.44,54.12587431693989,3.549207650273224,17.25153005464481,,181.58
402107099262000,2012,40.35080555555556,-99.43768055555556,2363.91,196.3423368227006,13.358688524590164,358.44,54.12587431693989,3.549207650273224,17.25153005464481,,199.47
402115099213100,2012,40.35468888888889,-99.35943333333331,2345.58,197.0089304011965,13.358688524590164,358.44,54.12587431693989,3.549207650273224,17.25153005464481,,203.17
402435099262900,2012,40.40768055555555,-99.44083333333332,2405.19,182.53365767340736,13.358688524590164,358.44,54.12587431693989,3.549207650273224,17.25153005464481,,206.41
402320099231001,2012,40.38914722222222,-99.38615277777778,2384.17,191.06549069551767,13.358688524590164,358.44,54.12587431693989,3.549207650273224,17.25153005464481,,214.62
402340099353701,2012,40.39445302,-99.59399869,2264.29,79.16838733018996,13.358688524590164,358.44,54.12587431693989,3.549207650273224,17.25153005464481,,24.35
402524099201601,2012,40.42334431,-99.33815365,2312.07,106.23558959964944,13.358688524590164,358.44,54.12587431693989,3.549207650273224,17.25153005464481,,110.51
402802099285801,2012,40.46775,-99.48183333,2376.84,106.01090367487278,13.358688524590164,358.44,54.12587431693989,3.549207650273224,17.25153005464481,,99.3
403132099381001,2012,40.52556319,-99.63650076,2517.21,131.02451421148825,13.358688524590164,358.44,54.12587431693989,3.549207650273224,17.25153005464481,,150.55
403217099235801,2012,40.53806574,-99.39982287,2321.45,19.375155167167257,13.358688524590164,358.44,54.12587431693989,3.549207650273224,17.25153005464481,,19.18
403922099223301,2012,40.65834351,-99.38037703,2253.27,6.833127377655032,13.358688524590164,358.44,54.12587431693989,3.549207650273224,17.25153005464481,,6.9
404016099370201,2012,40.6711189,-99.61760995,2335.44,21.049223182451048,13.358688524590164,358.44,54.12587431693989,3.549207650273224,17.25153005464481,,5.02
402853099104601,2012,40.4815796,-99.179559,2221.31,24.96330736170495,13.358688524590164,358.44,54.12587431693989,3.549207650273224,17.25153005464481,,14.88
403037099135301,2012,40.5105526386111,-99.2316379,2239.33,22.127370959470557,13.358688524590164,358.44,54.12587431693989,3.549207650273224,17.25153005464481,,16.39
403322099210701,2012,40.55622914,-99.3528114,2284.27,16.348394257218473,13.358688524590164,358.44,54.12587431693989,3.549207650273224,17.25153005464481,,16.49
403224099261801,2012,40.54167314,-99.43849253,2347.7,20.21927627077426,13.358688524590164,358.44,54.12587431693989,3.549207650273224,17.25153005464481,,16.84
403646099293301,2012,40.6127772,-99.4935704,2354.25,23.947345708019323,13.358688524590164,358.44,54.12587431693989,3.549207650273224,17.25153005464481,,17.01
402952099161701,2012,40.49624602,-99.2746825,2255.28,22.11229645371614,13.358688524590164,358.44,54.12587431693989,3.549207650273224,17.25153005464481,,17.44
402945099151900,2012,40.49312395,-99.25285328,2243.78,22.15522764352314,13.358688524590164,358.44,54.12587431693989,3.549207650273224,17.25153005464481,,18.28
403507099254101,2012,40.58520714,-99.42844836,2318.5,19.109100772963505,13.358688524590164,358.44,54.12587431693989,3.549207650273224,17.25153005464481,,18.81
403739099281601,2012,40.627653,-99.4742905,2324.54,22.650139235079784,13.358688524590164,358.44,54.12587431693989,3.549207650273224,17.25153005464481,,19.18
403138099190801,2012,40.5255972,-99.3224515,2277.27,22.297029184751697,13.358688524590164,358.44,54.12587431693989,3.549207650273224,17.25153005464481,,19.49
403540099260001,2012,40.5946306,-99.4353739,2323.77,20.97001256636158,13.358688524590164,358.44,54.12587431693989,3.549207650273224,17.25153005464481,,20.76
403138099235801,2012,40.5255500233333,-99.399115,2328.14,26.396357349280844,13.358688524590164,358.44,54.12587431693989,3.549207650273224,17.25153005464481,,21.05
402919099104601,2012,40.4886216022222,-99.1795852,2229.35,26.31159632910032,13.358688524590164,358.44,54.12587431693989,3.549207650273224,17.25153005464481,,22.55
402853099152001,2012,40.4816481,-99.2557469,2251.06,26.55358391384695,13.358688524590164,358.44,54.12587431693989,3.549207650273224,17.25153005464481,,22.95
403104099130201,2012,40.5179145,-99.2173248,2242.62,26.71691002819517,13.358688524590164,358.44,54.12587431693989,3.549207650273224,17.25153005464481,,24.93
403328099181202,2012,40.5577906,-99.3033482,2272.01,26.59676710643049,13.358688524590164,358.44,54.12587431693989,3.549207650273224,17.25153005464481,,27.0
402851099130101,2012,40.4809986,-99.2168379,2244.15,29.49821454122863,13.358688524590164,358.44,54.12587431693989,3.549207650273224,17.25153005464481,,27.13
403037099111401,2012,40.5103457694444,-99.1873426,2237.5,29.765178047367197,13.358688524590164,358.44,54.12587431693989,3.549207650273224,17.25153005464481,,27.52
402905099115301,2012,40.4848551,-99.1983097,2241.11,31.382791077435098,13.358688524590164,358.44,54.12587431693989,3.549207650273224,17.25153005464481,,29.54
403454099304801,2012,40.57931189,-99.51412709,2390.5,36.87775264530005,13.358688524590164,358.44,54.12587431693989,3.549207650273224,17.25153005464481,,31.06
403902099313701,2012,40.6483999,-99.5291531,2345.9,28.34042299167805,13.358688524590164,358.44,54.12587431693989,3.549207650273224,17.25153005464481,,31.42
403014099213701,2012,40.50113773,-99.35723759,2325.73,32.45567832721138,13.358688524590164,358.44,54.12587431693989,3.549207650273224,17.25153005464481,,31.6
403625099315401,2012,40.60535831,-99.53303177,2384.53,39.92617096387655,13.358688524590164,358.44,54.12587431693989,3.549207650273224,17.25153005464481,,33.1
402952099114401,2012,40.4961238363889,-99.1985012,2246.17,32.2168649718258,13.358688524590164,358.44,54.12587431693989,3.549207650273224,17.25153005464481,,33.6
403453099190801,2012,40.5807096794444,-99.3229107,2282.14,27.77203314110804,13.358688524590164,358.44,54.12587431693989,3.549207650273224,17.25153005464481,,33.71
403123099261501,2012,40.52446389,-99.436875,2361.96,35.214506156233035,13.358688524590164,358.44,54.12587431693989,3.549207650273224,17.25153005464481,,34.96
403928099333601,2012,40.6571948,-99.5612991,2355.41,25.411682797103783,13.358688524590164,358.44,54.12587431693989,3.549207650273224,17.25153005464481,,35.42
403651099281401,2012,40.613021,-99.4747929,2345.39,30.36711704996073,13.358688524590164,358.44,54.12587431693989,3.549207650273224,17.25153005464481,,35.68
403348099114401,2012,40.5613598133333,-99.1983188,2236.17,31.662399448470342,13.358688524590164,358.44,54.12587431693989,3.549207650273224,17.25153005464481,,35.86
403822099324501,2012,40.6415361,-99.5482644,2377.53,36.662095248107576,13.358688524590164,358.44,54.12587431693989,3.549207650273224,17.25153005464481,,37.18
08N 20W 06 AAA,2012,40.68138,-99.62646,2336.24,12.047359830805789,13.358688524590164,358.44,54.12587431693989,3.549207650273224,17.25153005464481,,4.82
402110099140001,2012,40.351999,-99.2329232,2283.76,156.39987035472896,13.358688524590164,358.44,54.12587431693989,3.549207650273224,17.25153005464481,,169.44
402124099201601,2012,40.3563466,-99.3403749,2318.47,184.11357927186828,13.358688524590164,358.44,54.12587431693989,3.549207650273224,17.25153005464481,,184.59
403104099130201,2012,40.5179145,-99.2173248,2242.62,26.71691002819517,13.358688524590164,358.44,54.12587431693989,3.549207650273224,17.25153005464481,,31.63
402952099161701,2012,40.49624602,-99.2746825,2255.28,22.11229645371614,13.358688524590164,358.44,54.12587431693989,3.549207650273224,17.25153005464481,,22.53
403037099135301,2012,40.5105526386111,-99.2316379,2239.33,22.127370959470557,13.358688524590164,358.44,54.12587431693989,3.549207650273224,17.25153005464481,,24.0
403037099111401,2012,40.5103457694444,-99.1873426,2237.5,29.765178047367197,13.358688524590164,358.44,54.12587431693989,3.549207650273224,17.25153005464481,,32.0
402952099114401,2012,40.4961238363889,-99.1985012,2246.17,32.2168649718258,13.358688524590164,358.44,54.12587431693989,3.549207650273224,17.25153005464481,,39.62
402905099115301,2012,40.4848551,-99.1983097,2241.11,31.382791077435098,13.358688524590164,358.44,54.12587431693989,3.549207650273224,17.25153005464481,,36.0
402919099104601,2012,40.4886216022222,-99.1795852,2229.35,26.31159632910032,13.358688524590164,358.44,54.12587431693989,3.549207650273224,17.25153005464481,,29.0
402853099104601,2012,40.4815796,-99.179559,2221.31,24.96330736170495,13.358688524590164,358.44,54.12587431693989,3.549207650273224,17.25153005464481,,21.67
402945099151900,2012,40.49312395,-99.25285328,2243.78,22.15522764352314,13.358688524590164,358.44,54.12587431693989,3.549207650273224,17.25153005464481,,24.41
402853099152001,2012,40.4816481,-99.2557469,2251.06,26.55358391384695,13.358688524590164,358.44,54.12587431693989,3.549207650273224,17.25153005464481,,30.32
402851099130101,2012,40.4809986,-99.2168379,2244.15,29.49821454122863,13.358688524590164,358.44,54.12587431693989,3.549207650273224,17.25153005464481,,32.63
403014099213701,2012,40.50113773,-99.35723759,2325.73,32.45567832721138,13.358688524590164,358.44,54.12587431693989,3.549207650273224,17.25153005464481,,29.0
402924099235501,2012,40.4901949,-99.398706,2336.37,52.37219571428836,13.358688524590164,358.44,54.12587431693989,3.549207650273224,17.25153005464481,,55.52
402716099212401,2012,40.4529071,-99.3592878,2307.74,72.05533223625801,13.358688524590164,358.44,54.12587431693989,3.549207650273224,17.25153005464481,,73.69
403123099261501,2012,40.52446389,-99.436875,2361.96,35.214506156233035,13.358688524590164,358.44,54.12587431693989,3.549207650273224,17.25153005464481,,39.1
403125099295701,2012,40.5247252,-99.4992246,2402.13,64.31923136306125,13.358688524590164,358.44,54.12587431693989,3.549207650273224,17.25153005464481,,65.24
402821099282901,2012,40.47215973,-99.47068872,2363.91,95.03840596288892,13.358688524590164,358.44,54.12587431693989,3.549207650273224,17.25153005464481,,94.39
403638099154301,2012,40.60901195,-99.26298962,2222.0,17.679876556031108,13.358688524590164,358.44,54.12587431693989,3.549207650273224,17.25153005464481,,16.38
403453099141801,2012,40.58307501,-99.2365144,2255.34,37.25927269190776,13.358688524590164,358.44,54.12587431693989,3.549207650273224,17.25153005464481,,50.14
403328099181202,2012,40.5577906,-99.3033482,2272.01,26.59676710643049,13.358688524590164,358.44,54.12587431693989,3.549207650273224,17.25153005464481,,31.53
403348099114401,2012,40.5613598133333,-99.1983188,2236.17,31.662399448470342,13.358688524590164,358.44,54.12587431693989,3.549207650273224,17.25153005464481,,41.31
403507099234101,2012,40.5836771413889,-99.3985091,2295.65,12.213258172934374,13.358688524590164,358.44,54.12587431693989,3.549207650273224,17.25153005464481,,14.57
403520099201601,2012,40.5886101475,-99.3416473,2265.95,15.293266778159284,13.358688524590164,358.44,54.12587431693989,3.549207650273224,17.25153005464481,,17.8
403453099190801,2012,40.5807096794444,-99.3229107,2282.14,27.77203314110804,13.358688524590164,358.44,54.12587431693989,3.549207650273224,17.25153005464481,,41.21
403322099210701,2012,40.55622914,-99.3528114,2284.27,16.348394257218473,13.358688524590164,358.44,54.12587431693989,3.549207650273224,17.25153005464481,,23.78
403322099201601,2012,40.5547811,-99.3416484,2267.67,12.919435115650316,13.358688524590164,358.44,54.12587431693989,3.549207650273224,17.25153005464481,,7.05
403138099235801,2012,40.5255500233333,-99.399115,2328.14,26.396357349280844,13.358688524590164,358.44,54.12587431693989,3.549207650273224,17.25153005464481,,31.44
403138099190801,2012,40.5255972,-99.3224515,2277.27,22.297029184751697,13.358688524590164,358.44,54.12587431693989,3.549207650273224,17.25153005464481,,25.0
403540099260001,2012,40.5946306,-99.4353739,2323.77,20.97001256636158,13.358688524590164,358.44,54.12587431693989,3.549207650273224,17.25153005464481,,25.44
403507099254101,2012,40.58520714,-99.42844836,2318.5,19.109100772963505,13.358688524590164,358.44,54.12587431693989,3.549207650273224,17.25153005464481,,23.82
403433099250001,2012,40.576331,-99.4179046,2315.55,15.100597286561896,13.358688524590164,358.44,54.12587431693989,3.549207650273224,17.25153005464481,,18.52
403454099304801,2012,40.57931189,-99.51412709,2390.5,36.87775264530005,13.358688524590164,358.44,54.12587431693989,3.549207650273224,17.25153005464481,,37.41
403322099304801,2012,40.5542755075,-99.5122815,2411.43,55.60718047136186,13.358688524590164,358.44,54.12587431693989,3.549207650273224,17.25153005464481,,57.8
403322099272302,2012,40.5545803,-99.4609332,2349.56,15.804707343689918,13.358688524590164,358.44,54.12587431693989,3.549207650273224,17.25153005464481,,20.01
403322099264901,2012,40.5543545569444,-99.4489925,2342.74,14.11669311690137,13.358688524590164,358.44,54.12587431693989,3.549207650273224,17.25153005464481,,13.9
403309099250701,2012,40.5543784,-99.4199673,2322.67,12.610308929078082,13.358688524590164,358.44,54.12587431693989,3.549207650273224,17.25153005464481,,13.92
403224099261801,2012,40.54167314,-99.43849253,2347.7,20.21927627077426,13.358688524590164,358.44,54.12587431693989,3.549207650273224,17.25153005464481,,24.18
403309099281401,2012,40.5521635,-99.4737128,2354.64,19.72170477561207,13.358688524590164,358.44,54.12587431693989,3.549207650273224,17.25153005464481,,16.11
403217099312001,2012,40.5392815,-99.5207383,2451.89,79.27924537289677,13.358688524590164,358.44,54.12587431693989,3.549207650273224,17.25153005464481,,100.76
403625099315401,2012,40.60535831,-99.53303177,2384.53,39.92617096387655,13.358688524590164,358.44,54.12587431693989,3.549207650273224,17.25153005464481,,45.66
403625099361001,2012,40.60535831,-99.60306609,2454.12,80.50072729457835,13.358688524590164,358.44,54.12587431693989,3.549207650273224,17.25153005464481,,85.06
403558099371801,2012,40.5994522,-99.622055,2483.53,79.2175097796473,13.358688524590164,358.44,54.12587431693989,3.549207650273224,17.25153005464481,,72.6
403431099362101,2012,40.5754557,-99.6058865,2477.16,81.56959894306031,13.358688524590164,358.44,54.12587431693989,3.549207650273224,17.25153005464481,,86.58
403322099371801,2012,40.5557047,-99.6247601,2465.78,86.07810465382464,13.358688524590164,358.44,54.12587431693989,3.549207650273224,17.25153005464481,,75.26
403137099330201,2012,40.5263766547222,-99.5496279,2405.25,68.4927993216374,13.358688524590164,358.44,54.12587431693989,3.549207650273224,17.25153005464481,,59.26
403915099190801,2012,40.6573434,-99.3214291,2234.03,12.584059011374258,13.358688524590164,358.44,54.12587431693989,3.549207650273224,17.25153005464481,,10.5
404007099294001,2012,40.6709022,-99.4936146,2290.54,7.2295113671212095,13.358688524590164,358.44,54.12587431693989,3.549207650273224,17.25153005464481,,10.61
403902099313701,2012,40.6483999,-99.5291531,2345.9,28.34042299167805,13.358688524590164,358.44,54.12587431693989,3.549207650273224,17.25153005464481,,34.77
403739099281601,2012,40.627653,-99.4742905,2324.54,22.650139235079784,13.358688524590164,358.44,54.12587431693989,3.549207650273224,17.25153005464481,,24.67
403646099293301,2012,40.6127772,-99.4935704,2354.25,23.947345708019323,13.358688524590164,358.44,54.12587431693989,3.549207650273224,17.25153005464481,,18.67
403651099281401,2012,40.613021,-99.4747929,2345.39,30.36711704996073,13.358688524590164,358.44,54.12587431693989,3.549207650273224,17.25153005464481,,43.65
404020099355301,2012,40.6710839,-99.5961084,2326.91,11.030363458814472,13.358688524590164,358.44,54.12587431693989,3.549207650273224,17.25153005464481,,9.83
403928099333601,2012,40.6571948,-99.5612991,2355.41,25.411682797103783,13.358688524590164,358.44,54.12587431693989,3.549207650273224,17.25153005464481,,38.83
403941099331901,2012,40.66044972,-99.55637462,2347.21,17.657453484900145,13.358688524590164,358.44,54.12587431693989,3.549207650273224,17.25153005464481,,9.1
403941099342701,2012,40.6636923,-99.5766538,2326.71,14.209493580770404,13.358688524590164,358.44,54.12587431693989,3.549207650273224,17.25153005464481,,12.53
404007099351901,2012,40.6709256,-99.5865622,2322.26,8.925292068416653,13.358688524590164,358.44,54.12587431693989,3.549207650273224,17.25153005464481,,10.78
403928099371801,2012,40.655954,-99.6202609,2432.98,64.90416480395821,13.358688524590164,358.44,54.12587431693989,3.549207650273224,17.25153005464481,,84.44
403822099324501,2012,40.6415361,-99.5482644,2377.53,36.662095248107576,13.358688524590164,358.44,54.12587431693989,3.549207650273224,17.25153005464481,,43.58
403730099373501,2012,40.6268217,-99.6246292,2471.08,85.64525357764713,13.358688524590164,358.44,54.12587431693989,3.549207650273224,17.25153005464481,,92.59
403453099141801,2012,40.58307501,-99.2365144,2255.34,37.25927269190776,13.358688524590164,358.44,54.12587431693989,3.549207650273224,17.25153005464481,,47.78
402924099235501,2012,40.4901949,-99.398706,2336.37,52.37219571428836,13.358688524590164,358.44,54.12587431693989,3.549207650273224,17.25153005464481,,48.31
403137099330201,2012,40.5263766547222,-99.5496279,2405.25,68.4927993216374,13.358688524590164,358.44,54.12587431693989,3.549207650273224,17.25153005464481,,50.9
403322099304801,2012,40.5542755075,-99.5122815,2411.43,55.60718047136186,13.358688524590164,358.44,54.12587431693989,3.549207650273224,17.25153005464481,,52.42
403125099295701,2012,40.5247252,-99.4992246,2402.13,64.31923136306125,13.358688524590164,358.44,54.12587431693989,3.549207650273224,17.25153005464481,,60.65
402716099212401,2012,40.4529071,-99.3592878,2307.74,72.05533223625801,13.358688524590164,358.44,54.12587431693989,3.549207650273224,17.25153005464481,,66.89
403558099371801,2012,40.5994522,-99.622055,2483.53,79.2175097796473,13.358688524590164,358.44,54.12587431693989,3.549207650273224,17.25153005464481,,71.13
403037099313401,2012,40.5104684,-99.5262137,2408.97,83.06405152350807,13.358688524590164,358.44,54.12587431693989,3.549207650273224,17.25153005464481,,72.55
403322099371801,2012,40.5557047,-99.6247601,2465.78,86.07810465382464,13.358688524590164,358.44,54.12587431693989,3.549207650273224,17.25153005464481,,74.44
403928099371801,2012,40.655954,-99.6202609,2432.98,64.90416480395821,13.358688524590164,358.44,54.12587431693989,3.549207650273224,17.25153005464481,,80.25
403431099362101,2012,40.5754557,-99.6058865,2477.16,81.56959894306031,13.358688524590164,358.44,54.12587431693989,3.549207650273224,17.25153005464481,,85.0
403730099373501,2012,40.6268217,-99.6246292,2471.08,85.64525357764713,13.358688524590164,358.44,54.12587431693989,3.549207650273224,17.25153005464481,,88.0
403625099361001,2012,40.60535831,-99.60306609,2454.12,80.50072729457835,13.358688524590164,358.44,54.12587431693989,3.549207650273224,17.25153005464481,,88.02
402821099282901,2012,40.47215973,-99.47068872,2363.91,95.03840596288892,13.358688524590164,358.44,54.12587431693989,3.549207650273224,17.25153005464481,,88.91
403217099312001,2012,40.5392815,-99.5207383,2451.89,79.27924537289677,13.358688524590164,358.44,54.12587431693989,3.549207650273224,17.25153005464481,,95.01
402110099140001,2012,40.351999,-99.2329232,2283.76,156.39987035472896,13.358688524590164,358.44,54.12587431693989,3.549207650273224,17.25153005464481,,166.78
402124099201601,2012,40.3563466,-99.3403749,2318.47,184.11357927186828,13.358688524590164,358.44,54.12587431693989,3.549207650273224,17.25153005464481,,181.49
402110099140001,2013,40.351999,-99.2329232,2283.76,152.27014791478865,11.076767123287672,506.1,60.45969863013699,3.705178082191781,16.202739726027396,,167.74
402124099201601,2013,40.3563466,-99.3403749,2318.47,183.1964879531349,11.076767123287672,506.1,60.45969863013699,3.705178082191781,16.202739726027396,,182.54
402716099212401,2013,40.4529071,-99.3592878,2307.74,73.84180259374146,11.076767123287672,506.1,60.45969863013699,3.705178082191781,16.202739726027396,,69.26
402853099104601,2013,40.4815796,-99.179559,2221.31,27.28278741586861,11.076767123287672,506.1,60.45969863013699,3.705178082191781,16.202739726027396,,19.02
402853099152001,2013,40.4816481,-99.2557469,2251.06,28.86202632516776,11.076767123287672,506.1,60.45969863013699,3.705178082191781,16.202739726027396,,28.37
402905099115301,2013,40.4848551,-99.1983097,2241.11,31.95991152300565,11.076767123287672,506.1,60.45969863013699,3.705178082191781,16.202739726027396,,33.67
402919099104601,2013,40.4886216022222,-99.1795852,2229.35,27.96829338418021,11.076767123287672,506.1,60.45969863013699,3.705178082191781,16.202739726027396,,26.7
402924099235501,2013,40.4901949,-99.398706,2336.37,54.55324968421843,11.076767123287672,506.1,60.45969863013699,3.705178082191781,16.202739726027396,,52.61
402952099114401,2013,40.4961238363889,-99.1985012,2246.17,32.25697704428051,11.076767123287672,506.1,60.45969863013699,3.705178082191781,16.202739726027396,,37.84
402952099161701,2013,40.49624602,-99.2746825,2255.28,25.08013327024443,11.076767123287672,506.1,60.45969863013699,3.705178082191781,16.202739726027396,,21.58
403014099213701,2013,40.50113773,-99.35723759,2325.73,37.46893704114064,11.076767123287672,506.1,60.45969863013699,3.705178082191781,16.202739726027396,,34.8
403037099111401,2013,40.5103457694444,-99.1873426,2237.5,30.43121095852347,11.076767123287672,506.1,60.45969863013699,3.705178082191781,16.202739726027396,,31.33
403037099135301,2013,40.5105526386111,-99.2316379,2239.33,23.601612284589944,11.076767123287672,506.1,60.45969863013699,3.705178082191781,16.202739726027396,,21.05
403037099313401,2013,40.5104684,-99.5262137,2408.97,81.60439359506056,11.076767123287672,506.1,60.45969863013699,3.705178082191781,16.202739726027396,,74.24
403104099130201,2013,40.5179145,-99.2173248,2242.62,27.217060975243072,11.076767123287672,506.1,60.45969863013699,3.705178082191781,16.202739726027396,,29.32
403123099261501,2013,40.52446389,-99.436875,2361.96,37.93255568983079,11.076767123287672,506.1,60.45969863013699,3.705178082191781,16.202739726027396,,38.61
403125099295701,2013,40.5247252,-99.4992246,2402.13,63.90792461069049,11.076767123287672,506.1,60.45969863013699,3.705178082191781,16.202739726027396,,63.19
403137099330201,2013,40.5263766547222,-99.5496279,2405.25,71.29558078261444,11.076767123287672,506.1,60.45969863013699,3.705178082191781,16.202739726027396,,53.35
403138099190801,2013,40.5255972,-99.3224515,2277.27,25.38921232921021,11.076767123287672,506.1,60.45969863013699,3.705178082191781,16.202739726027396,,25.3
403138099235801,2013,40.5255500233333,-99.399115,2328.14,27.954722270338863,11.076767123287672,506.1,60.45969863013699,3.705178082191781,16.202739726027396,,25.23
403217099312001,2013,40.5392815,-99.5207383,2451.89,74.51989160365883,11.076767123287672,506.1,60.45969863013699,3.705178082191781,16.202739726027396,,96.78
403224099261801,2013,40.54167314,-99.43849253,2347.7,23.7261721268322,11.076767123287672,506.1,60.45969863013699,3.705178082191781,16.202739726027396,,22.84
403309099250701,2013,40.5543784,-99.4199673,2322.67,16.42675035541501,11.076767123287672,506.1,60.45969863013699,3.705178082191781,16.202739726027396,,11.67
403309099281401,2013,40.5521635,-99.4737128,2354.64,21.518607148263538,11.076767123287672,506.1,60.45969863013699,3.705178082191781,16.202739726027396,,12.91
403322099201601,2013,40.5547811,-99.3416484,2267.67,14.778836584693993,11.076767123287672,506.1,60.45969863013699,3.705178082191781,16.202739726027396,,7.62
403322099304801,2013,40.5542755075,-99.5122815,2411.43,54.40990137663332,11.076767123287672,506.1,60.45969863013699,3.705178082191781,16.202739726027396,,54.61
403322099371801,2013,40.5557047,-99.6247601,2465.78,93.22976192455234,11.076767123287672,506.1,60.45969863013699,3.705178082191781,16.202739726027396,,76.51
403348099114401,2013,40.5613598133333,-99.1983188,2236.17,29.939130011292114,11.076767123287672,506.1,60.45969863013699,3.705178082191781,16.202739726027396,,38.66
403431099362101,2013,40.5754557,-99.6058865,2477.16,83.98658949056215,11.076767123287672,506.1,60.45969863013699,3.705178082191781,16.202739726027396,,86.73
403453099141801,2013,40.58307501,-99.2365144,2255.34,33.95862403680507,11.076767123287672,506.1,60.45969863013699,3.705178082191781,16.202739726027396,,48.41
403453099190801,2013,40.5807096794444,-99.3229107,2282.14,25.59821657275373,11.076767123287672,506.1,60.45969863013699,3.705178082191781,16.202739726027396,,37.04
403454099304801,2013,40.57931189,-99.51412709,2390.5,38.24457980575114,11.076767123287672,506.1,60.45969863013699,3.705178082191781,16.202739726027396,,34.44
403507099234101,2013,40.5836771413889,-99.3985091,2295.65,14.57319837336865,11.076767123287672,506.1,60.45969863013699,3.705178082191781,16.202739726027396,,12.38
403507099254101,2013,40.58520714,-99.42844836,2318.5,20.95898768323825,11.076767123287672,506.1,60.45969863013699,3.705178082191781,16.202739726027396,,24.86
403520099201601,2013,40.5886101475,-99.3416473,2265.95,15.569033253004086,11.076767123287672,506.1,60.45969863013699,3.705178082191781,16.202739726027396,,13.76
403540099260001,2013,40.5946306,-99.4353739,2323.77,21.494413642900437,11.076767123287672,506.1,60.45969863013699,3.705178082191781,16.202739726027396,,23.09
403625099361001,2013,40.60535831,-99.60306609,2454.12,81.2406540354105,11.076767123287672,506.1,60.45969863013699,3.705178082191781,16.202739726027396,,85.9
403638099154301,2013,40.60901195,-99.26298962,2222.0,20.24670566610832,11.076767123287672,506.1,60.45969863013699,3.705178082191781,16.202739726027396,,16.27
403646099293301,2013,40.6127772,-99.4935704,2354.25,26.95943374044378,11.076767123287672,506.1,60.45969863013699,3.705178082191781,16.202739726027396,,21.02
403651099281401,2013,40.613021,-99.4747929,2345.39,29.2214439717406,11.076767123287672,506.1,60.45969863013699,3.705178082191781,16.202739726027396,,38.8
403730099373501,2013,40.6268217,-99.6246292,2471.08,85.36066788259217,11.076767123287672,506.1,60.45969863013699,3.705178082191781,16.202739726027396,,90.03
403822099324501,2013,40.6415361,-99.5482644,2377.53,35.5137054905259,11.076767123287672,506.1,60.45969863013699,3.705178082191781,16.202739726027396,,40.74
403902099313701,2013,40.6483999,-99.5291531,2345.9,27.379056346414885,11.076767123287672,506.1,60.45969863013699,3.705178082191781,16.202739726027396,,33.12
403915099190801,2013,40.6573434,-99.3214291,2234.03,13.137276489324131,11.076767123287672,506.1,60.45969863013699,3.705178082191781,16.202739726027396,,9.73
403928099333601,2013,40.6571948,-99.5612991,2355.41,23.68953278477785,11.076767123287672,506.1,60.45969863013699,3.705178082191781,16.202739726027396,,35.89
403928099371801,2013,40.655954,-99.6202609,2432.98,59.60712614049449,11.076767123287672,506.1,60.45969863013699,3.705178082191781,16.202739726027396,,80.95
403941099331901,2013,40.66044972,-99.55637462,2347.21,17.741751875778697,11.076767123287672,506.1,60.45969863013699,3.705178082191781,16.202739726027396,,4.92
403941099342701,2013,40.6636923,-99.5766538,2326.71,14.348409656562144,11.076767123287672,506.1,60.45969863013699,3.705178082191781,16.202739726027396,,7.38
404007099294001,2013,40.6709022,-99.4936146,2290.54,6.074215232808634,11.076767123287672,506.1,60.45969863013699,3.705178082191781,16.202739726027396,,6.32
404007099351901,2013,40.6709256,-99.5865622,2322.26,8.682470164687372,11.076767123287672,506.1,60.45969863013699,3.705178082191781,16.202739726027396,,5.96
404020099355301,2013,40.6710839,-99.5961084,2326.91,10.988067071019758,11.076767123287672,506.1,60.45969863013699,3.705178082191781,16.202739726027396,,6.55
402945099151900,2013,40.49312395,-99.25285328,2243.78,24.25499888596043,11.076767123287672,506.1,60.45969863013699,3.705178082191781,16.202739726027396,,22.75
402851099130101,2013,40.4809986,-99.2168379,2244.15,31.377158112897582,11.076767123287672,506.1,60.45969863013699,3.705178082191781,16.202739726027396,,31.1
403328099181202,2013,40.5577906,-99.3033482,2272.01,26.745607915707765,11.076767123287672,506.1,60.45969863013699,3.705178082191781,16.202739726027396,,31.06
403433099250001,2013,40.576331,-99.4179046,2315.55,17.998809982361294,11.076767123287672,506.1,60.45969863013699,3.705178082191781,16.202739726027396,,19.16
403322099272302,2013,40.5545803,-99.4609332,2349.56,18.44049681116627,11.076767123287672,506.1,60.45969863013699,3.705178082191781,16.202739726027396,,17.07
403322099264901,2013,40.5543545569444,-99.4489925,2342.74,18.04548466833482,11.076767123287672,506.1,60.45969863013699,3.705178082191781,16.202739726027396,,16.29
403739099281601,2013,40.627653,-99.4742905,2324.54,23.640667183719195,11.076767123287672,506.1,60.45969863013699,3.705178082191781,16.202739726027396,,23.65
404006099282401,2013,40.66854833333333,-99.4734825,2280.04,4.010247570638745,11.076767123287672,506.1,60.45969863013699,3.705178082191781,16.202739726027396,,1.98
403927099293501,2013,40.65755805555556,-99.49321666666668,2297.65,10.479917748620425,11.076767123287672,506.1,60.45969863013699,3.705178082191781,16.202739726027396,,9.0
403949099293501,2013,40.66383277777778,-99.49320805555556,2291.23,7.879795316313927,11.076767123287672,506.1,60.45969863013699,3.705178082191781,16.202739726027396,,4.42
403959099282801,2013,40.66638638888889,-99.47439194444443,2282.17,4.488011508432961,11.076767123287672,506.1,60.45969863013699,3.705178082191781,16.202739726027396,,3.35
403959099282802,2013,40.66638638888889,-99.47439194444443,2282.17,4.488011508432961,11.076767123287672,506.1,60.45969863013699,3.705178082191781,16.202739726027396,,3.35
403832099293501,2013,40.64230694444444,-99.49321833333332,2322.16,19.96693792913165,11.076767123287672,506.1,60.45969863013699,3.705178082191781,16.202739726027396,,20.83
403739099293601,2013,40.62758555555556,-99.49344,2356.31,27.16708312184416,11.076767123287672,506.1,60.45969863013699,3.705178082191781,16.202739726027396,,32.51
404033099373001,2013,40.67593911111111,-99.62515633333332,2339.74,17.069727435959162,11.076767123287672,506.1,60.45969863013699,3.705178082191781,16.202739726027396,,7.96
404040099383501,2013,40.67796833333333,-99.64313333333334,2346.64,25.60309368984603,11.076767123287672,506.1,60.45969863013699,3.705178082191781,16.202739726027396,,9.47
404059099383501,2013,40.68328583333333,-99.64316027777778,2343.11,19.684939422523087,11.076767123287672,506.1,60.45969863013699,3.705178082191781,16.202739726027396,,15.23
404102099373001,2013,40.68405933333333,-99.62523716666666,2334.85,9.08886574251265,11.076767123287672,506.1,60.45969863013699,3.705178082191781,16.202739726027396,,9.55
403946099383201,2013,40.66301611111111,-99.64228555555556,2446.94,63.124229576978166,11.076767123287672,506.1,60.45969863013699,3.705178082191781,16.202739726027396,,93.49
402853099135101,2013,40.48150472222223,-99.23095833333332,2247.07,30.064990815773925,11.076767123287672,506.1,60.45969863013699,3.705178082191781,16.202739726027396,,29.14
402853099135102,2013,40.48150472222223,-99.23095833333332,2247.07,30.064990815773925,11.076767123287672,506.1,60.45969863013699,3.705178082191781,16.202739726027396,,31.29
403408099130501,2013,40.56878722222223,-99.21816944444444,2216.56,21.414993980577847,11.076767123287672,506.1,60.45969863013699,3.705178082191781,16.202739726027396,,15.16
403408099130502,2013,40.56878722222223,-99.21816944444444,2216.56,21.414993980577847,11.076767123287672,506.1,60.45969863013699,3.705178082191781,16.202739726027396,,15.08
403710099104601,2013,40.6195145,-99.17947241666668,2193.97,20.926571032617517,11.076767123287672,506.1,60.45969863013699,3.705178082191781,16.202739726027396,,16.89
403710099104602,2013,40.6195145,-99.17947241666668,2193.97,20.926571032617517,11.076767123287672,506.1,60.45969863013699,3.705178082191781,16.202739726027396,,17.05
403645099242701,2013,40.61264497222222,-99.40752011111113,2297.96,18.50092168123001,11.076767123287672,506.1,60.45969863013699,3.705178082191781,16.202739726027396,,20.13
403645099242702,2013,40.61264497222222,-99.40752011111113,2297.96,18.50092168123001,11.076767123287672,506.1,60.45969863013699,3.705178082191781,16.202739726027396,,20.88
403350099282702,2013,40.56375277777777,-99.47419805555556,2351.95,18.95302943867189,11.076767123287672,506.1,60.45969863013699,3.705178082191781,16.202739726027396,,14.74
403315099351501,2013,40.554270555555554,-99.58744083333332,2447.59,76.91090575599496,11.076767123287672,506.1,60.45969863013699,3.705178082191781,16.202739726027396,,68.8
403738099181101,2013,40.62740444444445,-99.30320513888888,2241.2,15.76869609549759,11.076767123287672,506.1,60.45969863013699,3.705178082191781,16.202739726027396,,17.27
403738099181102,2013,40.62740444444445,-99.30320513888888,2241.2,15.76869609549759,11.076767123287672,506.1,60.45969863013699,3.705178082191781,16.202739726027396,,17.2
403831099173501,2013,40.642178,-99.29327591666666,2229.47,14.444293381943226,11.076767123287672,506.1,60.45969863013699,3.705178082191781,16.202739726027396,,12.08
403831099173502,2013,40.642178,-99.29327591666666,2229.47,14.444293381943226,11.076767123287672,506.1,60.45969863013699,3.705178082191781,16.202739726027396,,12.33
403903099214301,2013,40.650864722222224,-99.3618686111111,2248.47,8.476673686388537,11.076767123287672,506.1,60.45969863013699,3.705178082191781,16.202739726027396,,8.16
403903099214302,2013,40.650864722222224,-99.3618686111111,2248.47,8.476673686388537,11.076767123287672,506.1,60.45969863013699,3.705178082191781,16.202739726027396,,8.23
402513099164801,2013,40.42006111111111,-99.27985277777778,2278.97,81.68862802319315,11.076767123287672,506.1,60.45969863013699,3.705178082191781,16.202739726027396,,74.23
402421099112000,2013,40.40549166666666,-99.18921666666668,2216.62,64.5732428080655,11.076767123287672,506.1,60.45969863013699,3.705178082191781,16.202739726027396,,56.66
402342099143300,2013,40.39436388888889,-99.24273333333332,2261.52,105.1922471501331,11.076767123287672,506.1,60.45969863013699,3.705178082191781,16.202739726027396,,111.05
402423099152001,2013,40.40643361111111,-99.2555336111111,2261.86,91.81453770572412,11.076767123287672,506.1,60.45969863013699,3.705178082191781,16.202739726027396,,87.28
402200099160700,2013,40.3669,-99.267175,2280.22,146.07552427851354,11.076767123287672,506.1,60.45969863013699,3.705178082191781,16.202739726027396,,148.27
402532099222601,2013,40.42564361111111,-99.37401277777776,2312.94,104.72121036575192,11.076767123287672,506.1,60.45969863013699,3.705178082191781,16.202739726027396,,95.65
402532099222602,2013,40.42564361111111,-99.37401277777776,2312.94,104.72121036575192,11.076767123287672,506.1,60.45969863013699,3.705178082191781,16.202739726027396,,101.22
402326099185300,2013,40.390366666666665,-99.31649722222222,2306.56,143.63446609691414,11.076767123287672,506.1,60.45969863013699,3.705178082191781,16.202739726027396,,147.94
402115099213100,2013,40.35468888888889,-99.35943333333331,2345.58,193.7798325291572,11.076767123287672,506.1,60.45969863013699,3.705178082191781,16.202739726027396,,204.26
403350099282701,2013,40.56375277777777,-99.47419805555556,2351.95,18.95302943867189,11.076767123287672,506.1,60.45969863013699,3.705178082191781,16.202739726027396,,14.35
402435099262900,2013,40.40768055555555,-99.44083333333332,2405.19,183.44683522897785,11.076767123287672,506.1,60.45969863013699,3.705178082191781,16.202739726027396,,207.49
402406099311800,2013,40.40154444444444,-99.52104166666666,2406.07,170.01487202960735,11.076767123287672,506.1,60.45969863013699,3.705178082191781,16.202739726027396,,182.51
402159099301600,2013,40.3649,-99.50220555555556,2377.49,169.64896824484907,11.076767123287672,506.1,60.45969863013699,3.705178082191781,16.202739726027396,,182.17
402107099262000,2013,40.35080555555556,-99.43768055555556,2363.91,195.0478168860138,11.076767123287672,506.1,60.45969863013699,3.705178082191781,16.202739726027396,,200.09
402609099350800,2013,40.43199166666666,-99.58200277777776,2443.0,160.42601196427756,11.076767123287672,506.1,60.45969863013699,3.705178082191781,16.202739726027396,,174.62
08N 20W 06 AAA,2013,40.68138,-99.62646,2336.24,11.643866534404047,11.076767123287672,506.1,60.45969863013699,3.705178082191781,16.202739726027396,,6.58
402630099305500,2013,40.44133611111111,-99.51204166666666,2426.38,161.6826465283554,11.076767123287672,506.1,60.45969863013699,3.705178082191781,16.202739726027396,,176.04
402906099342201,2013,40.485083333333336,-99.57288888888888,2458.82,139.28549465158667,11.076767123287672,506.1,60.45969863013699,3.705178082191781,16.202739726027396,,149.36
402813099382100,2013,40.46941944444445,-99.63914166666667,2473.68,147.66222103849734,11.076767123287672,506.1,60.45969863013699,3.705178082191781,16.202739726027396,,155.58
402458099344401,2013,40.41608027777777,-99.57890388888887,2426.49,155.78720068981292,11.076767123287672,506.1,60.45969863013699,3.705178082191781,16.202739726027396,,170.93
402458099344402,2013,40.41608027777777,-99.57890388888887,2426.49,155.78720068981292,11.076767123287672,506.1,60.45969863013699,3.705178082191781,16.202739726027396,,171.13
402233099341700,2013,40.376269444444446,-99.57279166666666,2335.32,110.07462540052528,11.076767123287672,506.1,60.45969863013699,3.705178082191781,16.202739726027396,,112.66
402649099350601,2013,40.44692,-99.58488888888888,2428.0,151.25833442423715,11.076767123287672,506.1,60.45969863013699,3.705178082191781,16.202739726027396,,147.27
402649099350602,2013,40.44692,-99.58488888888888,2428.0,151.25833442423715,11.076767123287672,506.1,60.45969863013699,3.705178082191781,16.202739726027396,,148.36
402334099293301,2013,40.392735555555554,-99.49248916666669,2343.83,150.84996323864945,11.076767123287672,506.1,60.45969863013699,3.705178082191781,16.202739726027396,,137.47
402334099293302,2013,40.392735555555554,-99.49248916666669,2343.83,150.84996323864945,11.076767123287672,506.1,60.45969863013699,3.705178082191781,16.202739726027396,,137.47
402636099271801,2013,40.44343083333333,-99.45505,2362.54,132.84829447151878,11.076767123287672,506.1,60.45969863013699,3.705178082191781,16.202739726027396,,133.37
402636099271802,2013,40.44343083333333,-99.45505,2362.54,132.84829447151878,11.076767123287672,506.1,60.45969863013699,3.705178082191781,16.202739726027396,,133.23
402854099213801,2013,40.48158305555556,-99.36045888888889,2315.4,54.455040061002,11.076767123287672,506.1,60.45969863013699,3.705178082191781,16.202739726027396,,57.21
402854099213802,2013,40.48158305555556,-99.36045888888889,2315.4,54.455040061002,11.076767123287672,506.1,60.45969863013699,3.705178082191781,16.202739726027396,,57.27
404102099373002,2013,40.68405933333333,-99.62523716666666,2334.85,9.08886574251265,11.076767123287672,506.1,60.45969863013699,3.705178082191781,16.202739726027396,,7.45
404016099370201,2013,40.6711189,-99.61760995,2335.44,18.7019737603697,11.076767123287672,506.1,60.45969863013699,3.705178082191781,16.202739726027396,,4.93
403922099223301,2013,40.65834351,-99.38037703,2253.27,9.13417919095407,11.076767123287672,506.1,60.45969863013699,3.705178082191781,16.202739726027396,,8.72
403217099235801,2013,40.53806574,-99.39982287,2321.45,22.41801123982348,11.076767123287672,506.1,60.45969863013699,3.705178082191781,16.202739726027396,,24.36
402340099353701,2013,40.39445302,-99.59399869,2264.29,76.83149948943614,11.076767123287672,506.1,60.45969863013699,3.705178082191781,16.202739726027396,,24.7
403123099261501,2013,40.52446389,-99.436875,2361.96,37.93255568983079,11.076767123287672,506.1,60.45969863013699,3.705178082191781,16.202739726027396,,39.68
402802099285801,2013,40.46775,-99.48183333,2376.84,108.81463211294016,11.076767123287672,506.1,60.45969863013699,3.705178082191781,16.202739726027396,,101.29
402524099201601,2013,40.42334431,-99.33815365,2312.07,107.79677274817249,11.076767123287672,506.1,60.45969863013699,3.705178082191781,16.202739726027396,,113.48
403132099381001,2013,40.52556319,-99.63650076,2517.21,136.94524604775472,11.076767123287672,506.1,60.45969863013699,3.705178082191781,16.202739726027396,,152.66
08N 20W 06 AAA,2014,40.68138,-99.62646,2336.24,11.747417747339163,10.515890410958905,614.52,61.372684931506846,3.6656164383561647,16.403945205479452,,7.0
08N 20W 06 AAA,2015,40.68138,-99.62646,2336.24,9.837949518131202,11.988986301369861,615.12,62.941945205479456,3.5071506849315064,16.03131506849315,,5.68
402110099140001,2015,40.351999,-99.2329232,2283.76,154.2421571527879,11.988986301369861,615.12,62.941945205479456,3.5071506849315064,16.03131506849315,,169.64
402124099201601,2015,40.3563466,-99.3403749,2318.47,185.87157515829523,11.988986301369861,615.12,62.941945205479456,3.5071506849315064,16.03131506849315,,181.92
402716099212401,2015,40.4529071,-99.3592878,2307.74,77.06188374622869,11.988986301369861,615.12,62.941945205479456,3.5071506849315064,16.03131506849315,,73.27
402853099104601,2015,40.4815796,-99.179559,2221.31,30.55128761349037,11.988986301369861,615.12,62.941945205479456,3.5071506849315064,16.03131506849315,,22.5
402853099152001,2015,40.4816481,-99.2557469,2251.06,31.94402692968009,11.988986301369861,615.12,62.941945205479456,3.5071506849315064,16.03131506849315,,30.89
402905099115301,2015,40.4848551,-99.1983097,2241.11,35.39745862375448,11.988986301369861,615.12,62.941945205479456,3.5071506849315064,16.03131506849315,,36.8
402919099104601,2015,40.4886216022222,-99.1795852,2229.35,31.180398795804408,11.988986301369861,615.12,62.941945205479456,3.5071506849315064,16.03131506849315,,29.88
402924099235501,2015,40.4901949,-99.398706,2336.37,56.64175591124802,11.988986301369861,615.12,62.941945205479456,3.5071506849315064,16.03131506849315,,53.7
402952099114401,2015,40.4961238363889,-99.1985012,2246.17,35.61119979538239,11.988986301369861,615.12,62.941945205479456,3.5071506849315064,16.03131506849315,,40.82
402952099161701,2015,40.49624602,-99.2746825,2255.28,28.00079384714,11.988986301369861,615.12,62.941945205479456,3.5071506849315064,16.03131506849315,,24.82
403014099213701,2015,40.50113773,-99.35723759,2325.73,40.09830441125254,11.988986301369861,615.12,62.941945205479456,3.5071506849315064,16.03131506849315,,37.94
403037099111401,2015,40.5103457694444,-99.1873426,2237.5,33.781173596681846,11.988986301369861,615.12,62.941945205479456,3.5071506849315064,16.03131506849315,,35.2
403037099135301,2015,40.5105526386111,-99.2316379,2239.33,25.504520120228403,11.988986301369861,615.12,62.941945205479456,3.5071506849315064,16.03131506849315,,22.72
403037099313401,2015,40.5104684,-99.5262137,2408.97,94.75441301108263,11.988986301369861,615.12,62.941945205479456,3.5071506849315064,16.03131506849315,,80.42
403104099130201,2015,40.5179145,-99.2173248,2242.62,29.439907170557923,11.988986301369861,615.12,62.941945205479456,3.5071506849315064,16.03131506849315,,31.49
403123099261501,2015,40.52446389,-99.436875,2361.96,42.69105652967506,11.988986301369861,615.12,62.941945205479456,3.5071506849315064,16.03131506849315,,44.21
403125099295701,2015,40.5247252,-99.4992246,2402.13,71.03956060942045,11.988986301369861,615.12,62.941945205479456,3.5071506849315064,16.03131506849315,,70.0
403138099190801,2015,40.5255972,-99.3224515,2277.27,27.67238900313001,11.988986301369861,615.12,62.941945205479456,3.5071506849315064,16.03131506849315,,28.47
403138099235801,2015,40.5255500233333,-99.399115,2328.14,31.58794475759957,11.988986301369861,615.12,62.941945205479456,3.5071506849315064,16.03131506849315,,29.38
403217099312001,2015,40.5392815,-99.5207383,2451.89,84.77439065968133,11.988986301369861,615.12,62.941945205479456,3.5071506849315064,16.03131506849315,,103.35
403309099250701,2015,40.5543784,-99.4199673,2322.67,19.234187090620463,11.988986301369861,615.12,62.941945205479456,3.5071506849315064,16.03131506849315,,14.8
403309099270601,2015,40.55026689,-99.45178833,2342.87,21.701335072710425,11.988986301369861,615.12,62.941945205479456,3.5071506849315064,16.03131506849315,,17.08
403309099281401,2015,40.5521635,-99.4737128,2354.64,23.877973237923275,11.988986301369861,615.12,62.941945205479456,3.5071506849315064,16.03131506849315,,12.78
403322099201601,2015,40.5547811,-99.3416484,2267.67,17.022095674662474,11.988986301369861,615.12,62.941945205479456,3.5071506849315064,16.03131506849315,,10.03
403322099304801,2015,40.5542755075,-99.5122815,2411.43,61.193659323696615,11.988986301369861,615.12,62.941945205479456,3.5071506849315064,16.03131506849315,,60.63
403322099371801,2015,40.5557047,-99.6247601,2465.78,96.58967464595436,11.988986301369861,615.12,62.941945205479456,3.5071506849315064,16.03131506849315,,81.0
403348099114401,2015,40.5613598133333,-99.1983188,2236.17,31.87019890369796,11.988986301369861,615.12,62.941945205479456,3.5071506849315064,16.03131506849315,,41.35
403431099362101,2015,40.5754557,-99.6058865,2477.16,85.74570793046996,11.988986301369861,615.12,62.941945205479456,3.5071506849315064,16.03131506849315,,90.65
403453099141801,2015,40.58307501,-99.2365144,2255.34,36.18592342302938,11.988986301369861,615.12,62.941945205479456,3.5071506849315064,16.03131506849315,,50.8
403453099190801,2015,40.5807096794444,-99.3229107,2282.14,28.2336933284016,11.988986301369861,615.12,62.941945205479456,3.5071506849315064,16.03131506849315,,40.7
403454099304801,2015,40.57931189,-99.51412709,2390.5,43.48781087992924,11.988986301369861,615.12,62.941945205479456,3.5071506849315064,16.03131506849315,,40.12
403507099234101,2015,40.5836771413889,-99.3985091,2295.65,17.802320046951206,11.988986301369861,615.12,62.941945205479456,3.5071506849315064,16.03131506849315,,16.07
403520099201601,2015,40.5886101475,-99.3416473,2265.95,18.81157263167741,11.988986301369861,615.12,62.941945205479456,3.5071506849315064,16.03131506849315,,17.29
403540099260001,2015,40.5946306,-99.4353739,2323.77,25.05256036947683,11.988986301369861,615.12,62.941945205479456,3.5071506849315064,16.03131506849315,,29.4
403646099293301,2015,40.6127772,-99.4935704,2354.25,28.816697192729738,11.988986301369861,615.12,62.941945205479456,3.5071506849315064,16.03131506849315,,21.05
403651099281401,2015,40.613021,-99.4747929,2345.39,32.28580780526893,11.988986301369861,615.12,62.941945205479456,3.5071506849315064,16.03131506849315,,42.85
403730099373501,2015,40.6268217,-99.6246292,2471.08,87.83744245657829,11.988986301369861,615.12,62.941945205479456,3.5071506849315064,16.03131506849315,,92.58
403822099324501,2015,40.6415361,-99.5482644,2377.53,36.924285199560565,11.988986301369861,615.12,62.941945205479456,3.5071506849315064,16.03131506849315,,43.44
403902099313701,2015,40.6483999,-99.5291531,2345.9,28.12921564573937,11.988986301369861,615.12,62.941945205479456,3.5071506849315064,16.03131506849315,,34.0
403915099190801,2015,40.6573434,-99.3214291,2234.03,14.121727276352532,11.988986301369861,615.12,62.941945205479456,3.5071506849315064,16.03131506849315,,10.36
403928099333601,2015,40.6571948,-99.5612991,2355.41,24.0919298050811,11.988986301369861,615.12,62.941945205479456,3.5071506849315064,16.03131506849315,,37.15
403928099371801,2015,40.655954,-99.6202609,2432.98,62.13697164892101,11.988986301369861,615.12,62.941945205479456,3.5071506849315064,16.03131506849315,,82.71
403941099331901,2015,40.66044972,-99.55637462,2347.21,17.986702060379876,11.988986301369861,615.12,62.941945205479456,3.5071506849315064,16.03131506849315,,4.79
403941099342701,2015,40.6636923,-99.5766538,2326.71,14.271665812349136,11.988986301369861,615.12,62.941945205479456,3.5071506849315064,16.03131506849315,,7.3
404007099294001,2015,40.6709022,-99.4936146,2290.54,4.979051155796406,11.988986301369861,615.12,62.941945205479456,3.5071506849315064,16.03131506849315,,5.61
404007099351901,2015,40.6709256,-99.5865622,2322.26,8.236347549296818,11.988986301369861,615.12,62.941945205479456,3.5071506849315064,16.03131506849315,,5.25
404020099355301,2015,40.6710839,-99.5961084,2326.91,10.538635723473565,11.988986301369861,615.12,62.941945205479456,3.5071506849315064,16.03131506849315,,6.05
402110099140001,2014,40.351999,-99.2329232,2283.76,152.84236669864978,10.515890410958905,614.52,61.372684931506846,3.6656164383561647,16.403945205479452,,165.78
402124099201601,2014,40.3563466,-99.3403749,2318.47,184.5555900333476,10.515890410958905,614.52,61.372684931506846,3.6656164383561647,16.403945205479452,,183.88
402716099212401,2014,40.4529071,-99.3592878,2307.74,75.88673821911438,10.515890410958905,614.52,61.372684931506846,3.6656164383561647,16.403945205479452,,74.35
402853099104601,2014,40.4815796,-99.179559,2221.31,29.80605944993479,10.515890410958905,614.52,61.372684931506846,3.6656164383561647,16.403945205479452,,21.93
402853099152001,2014,40.4816481,-99.2557469,2251.06,30.67890353263784,10.515890410958905,614.52,61.372684931506846,3.6656164383561647,16.403945205479452,,29.65
402905099115301,2014,40.4848551,-99.1983097,2241.11,34.46445073716759,10.515890410958905,614.52,61.372684931506846,3.6656164383561647,16.403945205479452,,36.25
402919099104601,2014,40.4886216022222,-99.1795852,2229.35,30.62353486968144,10.515890410958905,614.52,61.372684931506846,3.6656164383561647,16.403945205479452,,29.4
402924099235501,2014,40.4901949,-99.398706,2336.37,55.74514447828523,10.515890410958905,614.52,61.372684931506846,3.6656164383561647,16.403945205479452,,53.47
402952099114401,2014,40.4961238363889,-99.1985012,2246.17,34.83654453922399,10.515890410958905,614.52,61.372684931506846,3.6656164383561647,16.403945205479452,,40.18
402952099161701,2014,40.49624602,-99.2746825,2255.28,27.001421529017108,10.515890410958905,614.52,61.372684931506846,3.6656164383561647,16.403945205479452,,23.86
403014099213701,2014,40.50113773,-99.35723759,2325.73,38.357863808439255,10.515890410958905,614.52,61.372684931506846,3.6656164383561647,16.403945205479452,,36.52
403037099111401,2014,40.5103457694444,-99.1873426,2237.5,33.367971335769205,10.515890410958905,614.52,61.372684931506846,3.6656164383561647,16.403945205479452,,34.54
403037099135301,2014,40.5105526386111,-99.2316379,2239.33,24.90494982717702,10.515890410958905,614.52,61.372684931506846,3.6656164383561647,16.403945205479452,,22.2
403037099313401,2014,40.5104684,-99.5262137,2408.97,87.06893380773752,10.515890410958905,614.52,61.372684931506846,3.6656164383561647,16.403945205479452,,79.0
403104099130201,2014,40.5179145,-99.2173248,2242.62,28.96163158742597,10.515890410958905,614.52,61.372684931506846,3.6656164383561647,16.403945205479452,,30.94
403123099261501,2014,40.52446389,-99.436875,2361.96,41.35630013793915,10.515890410958905,614.52,61.372684931506846,3.6656164383561647,16.403945205479452,,42.31
403125099295701,2014,40.5247252,-99.4992246,2402.13,68.61889161512907,10.515890410958905,614.52,61.372684931506846,3.6656164383561647,16.403945205479452,,68.0
403137099330201,2014,40.5263766547222,-99.5496279,2405.25,74.58263692170452,10.515890410958905,614.52,61.372684931506846,3.6656164383561647,16.403945205479452,,57.56
403138099190801,2014,40.5255972,-99.3224515,2277.27,26.27422133294324,10.515890410958905,614.52,61.372684931506846,3.6656164383561647,16.403945205479452,,26.69
403138099235801,2014,40.5255500233333,-99.399115,2328.14,30.14924214199859,10.515890410958905,614.52,61.372684931506846,3.6656164383561647,16.403945205479452,,27.8
403217099312001,2014,40.5392815,-99.5207383,2451.89,79.55271955984772,10.515890410958905,614.52,61.372684931506846,3.6656164383561647,16.403945205479452,,101.62
403309099250701,2014,40.5543784,-99.4199673,2322.67,18.288640862162207,10.515890410958905,614.52,61.372684931506846,3.6656164383561647,16.403945205479452,,13.5
403309099281401,2014,40.5521635,-99.4737128,2354.64,23.12176660926495,10.515890410958905,614.52,61.372684931506846,3.6656164383561647,16.403945205479452,,12.84
403322099201601,2014,40.5547811,-99.3416484,2267.67,15.541055098017484,10.515890410958905,614.52,61.372684931506846,3.6656164383561647,16.403945205479452,,8.4
403322099304801,2014,40.5542755075,-99.5122815,2411.43,58.40687245642926,10.515890410958905,614.52,61.372684931506846,3.6656164383561647,16.403945205479452,,58.73
403322099371801,2014,40.5557047,-99.6247601,2465.78,94.8308188285665,10.515890410958905,614.52,61.372684931506846,3.6656164383561647,16.403945205479452,,79.25
403348099114401,2014,40.5613598133333,-99.1983188,2236.17,32.54374621599767,10.515890410958905,614.52,61.372684931506846,3.6656164383561647,16.403945205479452,,41.09
403431099362101,2014,40.5754557,-99.6058865,2477.16,86.16093736757063,10.515890410958905,614.52,61.372684931506846,3.6656164383561647,16.403945205479452,,89.28
403453099141801,2014,40.58307501,-99.2365144,2255.34,35.879037048422994,10.515890410958905,614.52,61.372684931506846,3.6656164383561647,16.403945205479452,,49.61
403453099190801,2014,40.5807096794444,-99.3229107,2282.14,28.4392401904178,10.515890410958905,614.52,61.372684931506846,3.6656164383561647,16.403945205479452,,39.59
403454099304801,2014,40.57931189,-99.51412709,2390.5,41.14771751723436,10.515890410958905,614.52,61.372684931506846,3.6656164383561647,16.403945205479452,,37.68
403507099234101,2014,40.5836771413889,-99.3985091,2295.65,16.382393018432587,10.515890410958905,614.52,61.372684931506846,3.6656164383561647,16.403945205479452,,14.73
403520099201601,2014,40.5886101475,-99.3416473,2265.95,17.52018635211996,10.515890410958905,614.52,61.372684931506846,3.6656164383561647,16.403945205479452,,16.15
403540099260001,2014,40.5946306,-99.4353739,2323.77,22.443384267007445,10.515890410958905,614.52,61.372684931506846,3.6656164383561647,16.403945205479452,,24.86
403625099361001,2014,40.60535831,-99.60306609,2454.12,83.83689244009608,10.515890410958905,614.52,61.372684931506846,3.6656164383561647,16.403945205479452,,88.2
403638099154301,2014,40.60901195,-99.26298962,2222.0,21.55006577643081,10.515890410958905,614.52,61.372684931506846,3.6656164383561647,16.403945205479452,,17.73
403646099293301,2014,40.6127772,-99.4935704,2354.25,28.814070021134977,10.515890410958905,614.52,61.372684931506846,3.6656164383561647,16.403945205479452,,22.4
403651099281401,2014,40.613021,-99.4747929,2345.39,32.001593108741815,10.515890410958905,614.52,61.372684931506846,3.6656164383561647,16.403945205479452,,42.28
403730099373501,2014,40.6268217,-99.6246292,2471.08,87.82372835703656,10.515890410958905,614.52,61.372684931506846,3.6656164383561647,16.403945205479452,,91.83
403822099324501,2014,40.6415361,-99.5482644,2377.53,37.9422952650452,10.515890410958905,614.52,61.372684931506846,3.6656164383561647,16.403945205479452,,42.75
403902099313701,2014,40.6483999,-99.5291531,2345.9,29.610938321958816,10.515890410958905,614.52,61.372684931506846,3.6656164383561647,16.403945205479452,,35.53
403915099190801,2014,40.6573434,-99.3214291,2234.03,13.25867804253954,10.515890410958905,614.52,61.372684931506846,3.6656164383561647,16.403945205479452,,10.0
403928099333601,2014,40.6571948,-99.5612991,2355.41,25.82913735088485,10.515890410958905,614.52,61.372684931506846,3.6656164383561647,16.403945205479452,,39.0
403928099371801,2014,40.655954,-99.6202609,2432.98,62.27931359318726,10.515890410958905,614.52,61.372684931506846,3.6656164383561647,16.403945205479452,,83.42
403941099331901,2014,40.66044972,-99.55637462,2347.21,19.251225192534697,10.515890410958905,614.52,61.372684931506846,3.6656164383561647,16.403945205479452,,5.81
403941099342701,2014,40.6636923,-99.5766538,2326.71,15.409105839543916,10.515890410958905,614.52,61.372684931506846,3.6656164383561647,16.403945205479452,,8.91
404007099294001,2014,40.6709022,-99.4936146,2290.54,6.230216711260687,10.515890410958905,614.52,61.372684931506846,3.6656164383561647,16.403945205479452,,6.93
404007099351901,2014,40.6709256,-99.5865622,2322.26,9.089443074798172,10.515890410958905,614.52,61.372684931506846,3.6656164383561647,16.403945205479452,,6.49
404020099355301,2014,40.6710839,-99.5961084,2326.91,11.3068246606193,10.515890410958905,614.52,61.372684931506846,3.6656164383561647,16.403945205479452,,6.92
402945099151900,2014,40.49312395,-99.25285328,2243.78,26.040332237623115,10.515890410958905,614.52,61.372684931506846,3.6656164383561647,16.403945205479452,,24.73
402851099130101,2014,40.4809986,-99.2168379,2244.15,33.226294384865966,10.515890410958905,614.52,61.372684931506846,3.6656164383561647,16.403945205479452,,33.22
403328099181202,2014,40.5577906,-99.3033482,2272.01,29.31633684767753,10.515890410958905,614.52,61.372684931506846,3.6656164383561647,16.403945205479452,,33.0
403433099250001,2014,40.576331,-99.4179046,2315.55,19.2229917177331,10.515890410958905,614.52,61.372684931506846,3.6656164383561647,16.403945205479452,,21.42
403322099272302,2014,40.5545803,-99.4609332,2349.56,20.594599656984496,10.515890410958905,614.52,61.372684931506846,3.6656164383561647,16.403945205479452,,19.87
403322099264901,2014,40.5543545569444,-99.4489925,2342.74,20.06075814016214,10.515890410958905,614.52,61.372684931506846,3.6656164383561647,16.403945205479452,,17.99
403954099255801,2014,40.667854,-99.4364595,2268.93,5.662882851003221,10.515890410958905,614.52,61.372684931506846,3.6656164383561647,16.403945205479452,,4.07
403739099281601,2014,40.627653,-99.4742905,2324.54,25.597587544806444,10.515890410958905,614.52,61.372684931506846,3.6656164383561647,16.403945205479452,,26.06
404006099282401,2014,40.66854833333333,-99.4734825,2280.04,3.3958373440425715,10.515890410958905,614.52,61.372684931506846,3.6656164383561647,16.403945205479452,,1.8
403959099282801,2014,40.66638638888889,-99.47439194444443,2282.17,3.997289759479816,10.515890410958905,614.52,61.372684931506846,3.6656164383561647,16.403945205479452,,2.93
403959099282802,2014,40.66638638888889,-99.47439194444443,2282.17,3.997289759479816,10.515890410958905,614.52,61.372684931506846,3.6656164383561647,16.403945205479452,,2.93
403949099293501,2014,40.66383277777778,-99.49320805555556,2291.23,7.981778364198936,10.515890410958905,614.52,61.372684931506846,3.6656164383561647,16.403945205479452,,4.26
404102099373002,2014,40.68405933333333,-99.62523716666666,2334.85,9.102521014694736,10.515890410958905,614.52,61.372684931506846,3.6656164383561647,16.403945205479452,,7.69
402854099213801,2014,40.48158305555556,-99.36045888888889,2315.4,54.31416206789998,10.515890410958905,614.52,61.372684931506846,3.6656164383561647,16.403945205479452,,55.94
402854099213802,2014,40.48158305555556,-99.36045888888889,2315.4,54.31416206789998,10.515890410958905,614.52,61.372684931506846,3.6656164383561647,16.403945205479452,,56.17
402421099112000,2014,40.40549166666666,-99.18921666666668,2216.62,66.81334116012563,10.515890410958905,614.52,61.372684931506846,3.6656164383561647,16.403945205479452,,59.66
403315099351501,2014,40.554270555555554,-99.58744083333332,2447.59,77.37834815266308,10.515890410958905,614.52,61.372684931506846,3.6656164383561647,16.403945205479452,,71.32
403315099351502,2014,40.554270555555554,-99.58744083333332,2447.59,77.37834815266308,10.515890410958905,614.52,61.372684931506846,3.6656164383561647,16.403945205479452,,73.39
402513099164801,2014,40.42006111111111,-99.27985277777778,2278.97,84.07059210710156,10.515890410958905,614.52,61.372684931506846,3.6656164383561647,16.403945205479452,,78.97
402423099152001,2014,40.40643361111111,-99.2555336111111,2261.86,94.76791530979192,10.515890410958905,614.52,61.372684931506846,3.6656164383561647,16.403945205479452,,90.23
402404099383400,2014,40.40166972222222,-99.64190722222224,2363.94,102.2348862596812,10.515890410958905,614.52,61.372684931506846,3.6656164383561647,16.403945205479452,,90.55
403946099383201,2014,40.66301611111111,-99.64228555555556,2446.94,65.57157674284817,10.515890410958905,614.52,61.372684931506846,3.6656164383561647,16.403945205479452,,95.53
402532099222601,2014,40.42564361111111,-99.37401277777776,2312.94,105.9201031271588,10.515890410958905,614.52,61.372684931506846,3.6656164383561647,16.403945205479452,,98.07
402532099222602,2014,40.42564361111111,-99.37401277777776,2312.94,105.9201031271588,10.515890410958905,614.52,61.372684931506846,3.6656164383561647,16.403945205479452,,102.78
402342099143300,2014,40.39436388888889,-99.24273333333332,2261.52,107.7375505105795,10.515890410958905,614.52,61.372684931506846,3.6656164383561647,16.403945205479452,,113.25
402233099341700,2014,40.376269444444446,-99.57279166666666,2335.32,127.73727219175828,10.515890410958905,614.52,61.372684931506846,3.6656164383561647,16.403945205479452,,115.14
402636099271802,2014,40.44343083333333,-99.45505,2362.54,134.10710335194648,10.515890410958905,614.52,61.372684931506846,3.6656164383561647,16.403945205479452,,133.79
402636099271801,2014,40.44343083333333,-99.45505,2362.54,134.10710335194648,10.515890410958905,614.52,61.372684931506846,3.6656164383561647,16.403945205479452,,134.69
402334099293301,2014,40.392735555555554,-99.49248916666669,2343.83,151.3380198534585,10.515890410958905,614.52,61.372684931506846,3.6656164383561647,16.403945205479452,,138.05
402334099293302,2014,40.392735555555554,-99.49248916666669,2343.83,151.3380198534585,10.515890410958905,614.52,61.372684931506846,3.6656164383561647,16.403945205479452,,138.49
402649099350601,2014,40.44692,-99.58488888888888,2428.0,154.30388438823718,10.515890410958905,614.52,61.372684931506846,3.6656164383561647,16.403945205479452,,148.91
402326099185300,2014,40.390366666666665,-99.31649722222222,2306.56,144.65997555685448,10.515890410958905,614.52,61.372684931506846,3.6656164383561647,16.403945205479452,,149.83
402649099350602,2014,40.44692,-99.58488888888888,2428.0,154.30388438823718,10.515890410958905,614.52,61.372684931506846,3.6656164383561647,16.403945205479452,,150.0
402906099342201,2014,40.485083333333336,-99.57288888888888,2458.82,142.95088402541708,10.515890410958905,614.52,61.372684931506846,3.6656164383561647,16.403945205479452,,150.75
402200099160700,2014,40.3669,-99.267175,2280.22,148.06964870929636,10.515890410958905,614.52,61.372684931506846,3.6656164383561647,16.403945205479452,,150.89
402813099382100,2014,40.46941944444445,-99.63914166666667,2473.68,150.38258272861734,10.515890410958905,614.52,61.372684931506846,3.6656164383561647,16.403945205479452,,157.66
402756099320601,2014,40.46654722222223,-99.53547222222224,2446.36,156.19747211429126,10.515890410958905,614.52,61.372684931506846,3.6656164383561647,16.403945205479452,,166.49
402458099344401,2014,40.41608027777777,-99.57890388888887,2426.49,166.30257340188393,10.515890410958905,614.52,61.372684931506846,3.6656164383561647,16.403945205479452,,171.77
402458099344402,2014,40.41608027777777,-99.57890388888887,2426.49,166.30257340188393,10.515890410958905,614.52,61.372684931506846,3.6656164383561647,16.403945205479452,,171.92
402609099350800,2014,40.43199166666666,-99.58200277777776,2443.0,166.260358379346,10.515890410958905,614.52,61.372684931506846,3.6656164383561647,16.403945205479452,,176.19
402630099305500,2014,40.44133611111111,-99.51204166666666,2426.38,167.1358184943486,10.515890410958905,614.52,61.372684931506846,3.6656164383561647,16.403945205479452,,177.92
402159099301600,2014,40.3649,-99.50220555555556,2377.49,172.7795264201055,10.515890410958905,614.52,61.372684931506846,3.6656164383561647,16.403945205479452,,184.08
402406099311800,2014,40.40154444444444,-99.52104166666666,2406.07,173.8093834738003,10.515890410958905,614.52,61.372684931506846,3.6656164383561647,16.403945205479452,,184.21
402107099262000,2014,40.35080555555556,-99.43768055555556,2363.91,197.07031186842457,10.515890410958905,614.52,61.372684931506846,3.6656164383561647,16.403945205479452,,201.56
402115099213100,2014,40.35468888888889,-99.35943333333331,2345.58,195.7587476205262,10.515890410958905,614.52,61.372684931506846,3.6656164383561647,16.403945205479452,,205.91
402435099262900,2014,40.40768055555555,-99.44083333333332,2405.19,185.9113713001477,10.515890410958905,614.52,61.372684931506846,3.6656164383561647,16.403945205479452,,209.17
402802099285801,2014,40.46775,-99.48183333,2376.84,112.07734987157764,10.515890410958905,614.52,61.372684931506846,3.6656164383561647,16.403945205479452,,104.05
403123099261501,2014,40.52446389,-99.436875,2361.96,41.35630013793915,10.515890410958905,614.52,61.372684931506846,3.6656164383561647,16.403945205479452,,43.21
403132099381001,2014,40.52556319,-99.63650076,2517.21,139.18414261167996,10.515890410958905,614.52,61.372684931506846,3.6656164383561647,16.403945205479452,,154.32
403217099235801,2014,40.53806574,-99.39982287,2321.45,24.64852878770928,10.515890410958905,614.52,61.372684931506846,3.6656164383561647,16.403945205479452,,26.6
403927099293501,2014,40.65755805555556,-99.49321666666668,2297.65,10.715648240987216,10.515890410958905,614.52,61.372684931506846,3.6656164383561647,16.403945205479452,,8.58
404033099373001,2014,40.67593911111111,-99.62515633333332,2339.74,17.464219815633886,10.515890410958905,614.52,61.372684931506846,3.6656164383561647,16.403945205479452,,8.8
403903099214301,2014,40.650864722222224,-99.3618686111111,2248.47,9.310841269960472,10.515890410958905,614.52,61.372684931506846,3.6656164383561647,16.403945205479452,,8.94
403903099214302,2014,40.650864722222224,-99.3618686111111,2248.47,9.310841269960472,10.515890410958905,614.52,61.372684931506846,3.6656164383561647,16.403945205479452,,9.01
404102099373001,2014,40.68405933333333,-99.62523716666666,2334.85,9.102521014694736,10.515890410958905,614.52,61.372684931506846,3.6656164383561647,16.403945205479452,,9.52
404040099383501,2014,40.67796833333333,-99.64313333333334,2346.64,25.92009091528497,10.515890410958905,614.52,61.372684931506846,3.6656164383561647,16.403945205479452,,10.47
403831099173501,2014,40.642178,-99.29327591666666,2229.47,15.002267898502112,10.515890410958905,614.52,61.372684931506846,3.6656164383561647,16.403945205479452,,12.76
403831099173502,2014,40.642178,-99.29327591666666,2229.47,15.002267898502112,10.515890410958905,614.52,61.372684931506846,3.6656164383561647,16.403945205479452,,13.1
404059099383501,2014,40.68328583333333,-99.64316027777778,2343.11,19.645572071154465,10.515890410958905,614.52,61.372684931506846,3.6656164383561647,16.403945205479452,,15.0
403408099130502,2014,40.56878722222223,-99.21816944444444,2216.56,22.89517014740334,10.515890410958905,614.52,61.372684931506846,3.6656164383561647,16.403945205479452,,16.6
403408099130501,2014,40.56878722222223,-99.21816944444444,2216.56,22.89517014740334,10.515890410958905,614.52,61.372684931506846,3.6656164383561647,16.403945205479452,,16.69
403710099104602,2014,40.6195145,-99.17947241666668,2193.97,24.040882166322312,10.515890410958905,614.52,61.372684931506846,3.6656164383561647,16.403945205479452,,17.43
403350099282701,2014,40.56375277777777,-99.47419805555556,2351.95,21.470646044459095,10.515890410958905,614.52,61.372684931506846,3.6656164383561647,16.403945205479452,,17.78
403350099282702,2014,40.56375277777777,-99.47419805555556,2351.95,21.470646044459095,10.515890410958905,614.52,61.372684931506846,3.6656164383561647,16.403945205479452,,18.0
403738099181101,2014,40.62740444444445,-99.30320513888888,2241.2,17.153247560224198,10.515890410958905,614.52,61.372684931506846,3.6656164383561647,16.403945205479452,,18.49
403738099181102,2014,40.62740444444445,-99.30320513888888,2241.2,17.153247560224198,10.515890410958905,614.52,61.372684931506846,3.6656164383561647,16.403945205479452,,18.49
403645099242701,2014,40.61264497222222,-99.40752011111113,2297.96,20.354207514721644,10.515890410958905,614.52,61.372684931506846,3.6656164383561647,16.403945205479452,,22.85
403832099293501,2014,40.64230694444444,-99.49321833333332,2322.16,21.483480033837903,10.515890410958905,614.52,61.372684931506846,3.6656164383561647,16.403945205479452,,23.05
403645099242702,2014,40.61264497222222,-99.40752011111113,2297.96,20.354207514721644,10.515890410958905,614.52,61.372684931506846,3.6656164383561647,16.403945205479452,,23.16
402853099135101,2014,40.48150472222223,-99.23095833333332,2247.07,31.472088476191217,10.515890410958905,614.52,61.372684931506846,3.6656164383561647,16.403945205479452,,30.71
402853099135102,2014,40.48150472222223,-99.23095833333332,2247.07,31.472088476191217,10.515890410958905,614.52,61.372684931506846,3.6656164383561647,16.403945205479452,,32.19
403739099293601,2014,40.62758555555556,-99.49344,2356.31,29.000126055711164,10.515890410958905,614.52,61.372684931506846,3.6656164383561647,16.403945205479452,,33.74
403922099223301,2014,40.65834351,-99.38037703,2253.27,9.325392426743376,10.515890410958905,614.52,61.372684931506846,3.6656164383561647,16.403945205479452,,8.92
404016099370201,2014,40.6711189,-99.61760995,2335.44,19.14407315803232,10.515890410958905,614.52,61.372684931506846,3.6656164383561647,16.403945205479452,,5.49
402513099164801,2015,40.42006111111111,-99.27985277777778,2278.97,85.21499560783612,11.988986301369861,615.12,62.941945205479456,3.5071506849315064,16.03131506849315,,79.39
402421099112000,2015,40.40549166666666,-99.18921666666668,2216.62,66.05977695704024,11.988986301369861,615.12,62.941945205479456,3.5071506849315064,16.03131506849315,,59.27
402342099143300,2015,40.39436388888889,-99.24273333333332,2261.52,109.38194290782316,11.988986301369861,615.12,62.941945205479456,3.5071506849315064,16.03131506849315,,113.06
402423099152001,2015,40.40643361111111,-99.2555336111111,2261.86,94.62316618220544,11.988986301369861,615.12,62.941945205479456,3.5071506849315064,16.03131506849315,,90.7
402200099160700,2015,40.3669,-99.267175,2280.22,147.80271868541965,11.988986301369861,615.12,62.941945205479456,3.5071506849315064,16.03131506849315,,148.42
402532099222601,2015,40.42564361111111,-99.37401277777776,2312.94,107.73690396231098,11.988986301369861,615.12,62.941945205479456,3.5071506849315064,16.03131506849315,,98.54
402532099222602,2015,40.42564361111111,-99.37401277777776,2312.94,107.73690396231098,11.988986301369861,615.12,62.941945205479456,3.5071506849315064,16.03131506849315,,102.89
402320099231001,2015,40.38914722222222,-99.38615277777778,2384.17,201.3620704127018,11.988986301369861,615.12,62.941945205479456,3.5071506849315064,16.03131506849315,,211.08
402326099185300,2015,40.390366666666665,-99.31649722222222,2306.56,147.79524031352574,11.988986301369861,615.12,62.941945205479456,3.5071506849315064,16.03131506849315,,148.36
402115099213100,2015,40.35468888888889,-99.35943333333331,2345.58,201.72824416772332,11.988986301369861,615.12,62.941945205479456,3.5071506849315064,16.03131506849315,,203.82
402435099262900,2015,40.40768055555555,-99.44083333333332,2405.19,194.58285313638677,11.988986301369861,615.12,62.941945205479456,3.5071506849315064,16.03131506849315,,209.6
402406099311800,2015,40.40154444444444,-99.52104166666666,2406.07,175.9538746134141,11.988986301369861,615.12,62.941945205479456,3.5071506849315064,16.03131506849315,,182.51
402334099293301,2015,40.392735555555554,-99.49248916666669,2343.83,147.14383313668384,11.988986301369861,615.12,62.941945205479456,3.5071506849315064,16.03131506849315,,137.17
402334099293302,2015,40.392735555555554,-99.49248916666669,2343.83,147.14383313668384,11.988986301369861,615.12,62.941945205479456,3.5071506849315064,16.03131506849315,,137.21
402159099301600,2015,40.3649,-99.50220555555556,2377.49,173.91952434670728,11.988986301369861,615.12,62.941945205479456,3.5071506849315064,16.03131506849315,,182.25
402107099262000,2015,40.35080555555556,-99.43768055555556,2363.91,199.6928608038931,11.988986301369861,615.12,62.941945205479456,3.5071506849315064,16.03131506849315,,199.5
402609099350800,2015,40.43199166666666,-99.58200277777776,2443.0,167.5172889928785,11.988986301369861,615.12,62.941945205479456,3.5071506849315064,16.03131506849315,,175.63
402458099344401,2015,40.41608027777777,-99.57890388888887,2426.49,163.39223184205784,11.988986301369861,615.12,62.941945205479456,3.5071506849315064,16.03131506849315,,171.56
402458099344402,2015,40.41608027777777,-99.57890388888887,2426.49,163.39223184205784,11.988986301369861,615.12,62.941945205479456,3.5071506849315064,16.03131506849315,,171.61
402404099383400,2015,40.40166972222222,-99.64190722222224,2363.94,91.74698218136268,11.988986301369861,615.12,62.941945205479456,3.5071506849315064,16.03131506849315,,88.98
402233099341700,2015,40.376269444444446,-99.57279166666666,2335.32,111.06401597533018,11.988986301369861,615.12,62.941945205479456,3.5071506849315064,16.03131506849315,,111.86
402853099135101,2015,40.48150472222223,-99.23095833333332,2247.07,33.06127107983828,11.988986301369861,615.12,62.941945205479456,3.5071506849315064,16.03131506849315,,31.74
402853099135102,2015,40.48150472222223,-99.23095833333332,2247.07,33.06127107983828,11.988986301369861,615.12,62.941945205479456,3.5071506849315064,16.03131506849315,,34.16
402854099213801,2015,40.48158305555556,-99.36045888888889,2315.4,56.52893594255794,11.988986301369861,615.12,62.941945205479456,3.5071506849315064,16.03131506849315,,57.94
402854099213802,2015,40.48158305555556,-99.36045888888889,2315.4,56.52893594255794,11.988986301369861,615.12,62.941945205479456,3.5071506849315064,16.03131506849315,,58.04
402630099305500,2015,40.44133611111111,-99.51204166666666,2426.38,172.27429746500172,11.988986301369861,615.12,62.941945205479456,3.5071506849315064,16.03131506849315,,177.68
402636099271801,2015,40.44343083333333,-99.45505,2362.54,134.82549352949687,11.988986301369861,615.12,62.941945205479456,3.5071506849315064,16.03131506849315,,135.34
402636099271802,2015,40.44343083333333,-99.45505,2362.54,134.82549352949687,11.988986301369861,615.12,62.941945205479456,3.5071506849315064,16.03131506849315,,133.31
402906099342201,2015,40.485083333333336,-99.57288888888888,2458.82,150.0912166775811,11.988986301369861,615.12,62.941945205479456,3.5071506849315064,16.03131506849315,,151.61
402813099382100,2015,40.46941944444445,-99.63914166666667,2473.68,153.41157659241563,11.988986301369861,615.12,62.941945205479456,3.5071506849315064,16.03131506849315,,157.03
402756099320601,2015,40.46654722222223,-99.53547222222224,2446.36,163.27119453258953,11.988986301369861,615.12,62.941945205479456,3.5071506849315064,16.03131506849315,,168.01
402649099350601,2015,40.44692,-99.58488888888888,2428.0,154.61445031919854,11.988986301369861,615.12,62.941945205479456,3.5071506849315064,16.03131506849315,,149.34
402649099350602,2015,40.44692,-99.58488888888888,2428.0,154.61445031919854,11.988986301369861,615.12,62.941945205479456,3.5071506849315064,16.03131506849315,,151.64
403408099130501,2015,40.56878722222223,-99.21816944444444,2216.56,22.014960598795493,11.988986301369861,615.12,62.941945205479456,3.5071506849315064,16.03131506849315,,17.01
403408099130502,2015,40.56878722222223,-99.21816944444444,2216.56,22.014960598795493,11.988986301369861,615.12,62.941945205479456,3.5071506849315064,16.03131506849315,,17.49
403645099242701,2015,40.61264497222222,-99.40752011111113,2297.96,23.558402068872496,11.988986301369861,615.12,62.941945205479456,3.5071506849315064,16.03131506849315,,23.88
403645099242702,2015,40.61264497222222,-99.40752011111113,2297.96,23.558402068872496,11.988986301369861,615.12,62.941945205479456,3.5071506849315064,16.03131506849315,,24.42
403350099282701,2015,40.56375277777777,-99.47419805555556,2351.95,22.40316905463256,11.988986301369861,615.12,62.941945205479456,3.5071506849315064,16.03131506849315,,20.0
403350099282702,2015,40.56375277777777,-99.47419805555556,2351.95,22.40316905463256,11.988986301369861,615.12,62.941945205479456,3.5071506849315064,16.03131506849315,,20.2
403315099351501,2015,40.554270555555554,-99.58744083333332,2447.59,79.15821511939495,11.988986301369861,615.12,62.941945205479456,3.5071506849315064,16.03131506849315,,72.93
403315099351502,2015,40.554270555555554,-99.58744083333332,2447.59,79.15821511939495,11.988986301369861,615.12,62.941945205479456,3.5071506849315064,16.03131506849315,,75.23
403738099181101,2015,40.62740444444445,-99.30320513888888,2241.2,19.010597624256583,11.988986301369861,615.12,62.941945205479456,3.5071506849315064,16.03131506849315,,19.12
403738099181102,2015,40.62740444444445,-99.30320513888888,2241.2,19.010597624256583,11.988986301369861,615.12,62.941945205479456,3.5071506849315064,16.03131506849315,,19.05
403831099173501,2015,40.642178,-99.29327591666666,2229.47,15.894176385136069,11.988986301369861,615.12,62.941945205479456,3.5071506849315064,16.03131506849315,,13.16
403831099173502,2015,40.642178,-99.29327591666666,2229.47,15.894176385136069,11.988986301369861,615.12,62.941945205479456,3.5071506849315064,16.03131506849315,,13.53
403710099104602,2015,40.6195145,-99.17947241666668,2193.97,21.44564576751884,11.988986301369861,615.12,62.941945205479456,3.5071506849315064,16.03131506849315,,17.78
403903099214301,2015,40.650864722222224,-99.3618686111111,2248.47,10.29397649758906,11.988986301369861,615.12,62.941945205479456,3.5071506849315064,16.03131506849315,,9.48
403903099214302,2015,40.650864722222224,-99.3618686111111,2248.47,10.29397649758906,11.988986301369861,615.12,62.941945205479456,3.5071506849315064,16.03131506849315,,9.52
404006099282401,2015,40.66854833333333,-99.4734825,2280.04,3.2854667404498823,11.988986301369861,615.12,62.941945205479456,3.5071506849315064,16.03131506849315,,1.73
403927099293501,2015,40.65755805555556,-99.49321666666668,2297.65,10.017631252467204,11.988986301369861,615.12,62.941945205479456,3.5071506849315064,16.03131506849315,,8.34
403949099293501,2015,40.66383277777778,-99.49320805555556,2291.23,6.944074634503214,11.988986301369861,615.12,62.941945205479456,3.5071506849315064,16.03131506849315,,4.18
403959099282801,2015,40.66638638888889,-99.47439194444443,2282.17,3.8102957967849607,11.988986301369861,615.12,62.941945205479456,3.5071506849315064,16.03131506849315,,2.75
403959099282802,2015,40.66638638888889,-99.47439194444443,2282.17,3.8102957967849607,11.988986301369861,615.12,62.941945205479456,3.5071506849315064,16.03131506849315,,2.79
403832099293501,2015,40.64230694444444,-99.49321833333332,2322.16,21.580925729269858,11.988986301369861,615.12,62.941945205479456,3.5071506849315064,16.03131506849315,,21.94
403739099293601,2015,40.62758555555556,-99.49344,2356.31,29.22328208285125,11.988986301369861,615.12,62.941945205479456,3.5071506849315064,16.03131506849315,,34.48
404033099373001,2015,40.67593911111111,-99.62515633333332,2339.74,15.494237795514998,11.988986301369861,615.12,62.941945205479456,3.5071506849315064,16.03131506849315,,8.06
404040099383501,2015,40.67796833333333,-99.64313333333334,2346.64,21.935921460210874,11.988986301369861,615.12,62.941945205479456,3.5071506849315064,16.03131506849315,,9.64
404059099383501,2015,40.68328583333333,-99.64316027777778,2343.11,15.412502254032209,11.988986301369861,615.12,62.941945205479456,3.5071506849315064,16.03131506849315,,13.2
404102099373001,2015,40.68405933333333,-99.62523716666666,2334.85,7.374250311951806,11.988986301369861,615.12,62.941945205479456,3.5071506849315064,16.03131506849315,,8.87
404102099373002,2015,40.68405933333333,-99.62523716666666,2334.85,7.374250311951806,11.988986301369861,615.12,62.941945205479456,3.5071506849315064,16.03131506849315,,7.12
403946099383201,2015,40.66301611111111,-99.64228555555556,2446.94,70.97521905386078,11.988986301369861,615.12,62.941945205479456,3.5071506849315064,16.03131506849315,,94.93
402340099353701,2015,40.39445302,-99.59399869,2264.29,77.7534584392809,11.988986301369861,615.12,62.941945205479456,3.5071506849315064,16.03131506849315,,24.81
402524099201601,2015,40.42334431,-99.33815365,2312.07,114.50275220670204,11.988986301369861,615.12,62.941945205479456,3.5071506849315064,16.03131506849315,,121.51
402802099285801,2015,40.46775,-99.48183333,2376.84,114.07922622765253,11.988986301369861,615.12,62.941945205479456,3.5071506849315064,16.03131506849315,,104.96
403123099261501,2015,40.52446389,-99.436875,2361.96,42.69105652967506,11.988986301369861,615.12,62.941945205479456,3.5071506849315064,16.03131506849315,,45.21
403132099381001,2015,40.52556319,-99.63650076,2517.21,140.31992204719663,11.988986301369861,615.12,62.941945205479456,3.5071506849315064,16.03131506849315,,155.03
403217099235801,2015,40.53806574,-99.39982287,2321.45,25.896287502724192,11.988986301369861,615.12,62.941945205479456,3.5071506849315064,16.03131506849315,,27.88
403922099223301,2015,40.65834351,-99.38037703,2253.27,10.18079556006338,11.988986301369861,615.12,62.941945205479456,3.5071506849315064,16.03131506849315,,9.18
404016099370201,2015,40.6711189,-99.61760995,2335.44,18.4285414360978,11.988986301369861,615.12,62.941945205479456,3.5071506849315064,16.03131506849315,,5.19
403710099104602,2016,40.6195145,-99.17947241666668,2193.97,23.37331069317068,12.366885245901639,602.36,63.097759562841524,3.5339344262295085,16.29153005464481,,19.14
403710099104601,2016,40.6195145,-99.17947241666668,2193.97,23.37331069317068,12.366885245901639,602.36,63.097759562841524,3.5339344262295085,16.29153005464481,,19.38
403408099130501,2016,40.56878722222223,-99.21816944444444,2216.56,26.46141574563016,12.366885245901639,602.36,63.097759562841524,3.5339344262295085,16.29153005464481,,19.59
403350099282701,2016,40.56375277777777,-99.47419805555556,2351.95,23.16782449277596,12.366885245901639,602.36,63.097759562841524,3.5339344262295085,16.29153005464481,,19.61
403350099282702,2016,40.56375277777777,-99.47419805555556,2351.95,23.16782449277596,12.366885245901639,602.36,63.097759562841524,3.5339344262295085,16.29153005464481,,19.71
403408099130502,2016,40.56878722222223,-99.21816944444444,2216.56,26.46141574563016,12.366885245901639,602.36,63.097759562841524,3.5339344262295085,16.29153005464481,,20.05
403738099181102,2016,40.62740444444445,-99.30320513888888,2241.2,20.008144699247243,12.366885245901639,602.36,63.097759562841524,3.5339344262295085,16.29153005464481,,21.97
403738099181101,2016,40.62740444444445,-99.30320513888888,2241.2,20.008144699247243,12.366885245901639,602.36,63.097759562841524,3.5339344262295085,16.29153005464481,,22.08
403832099293501,2016,40.64230694444444,-99.49321833333332,2322.16,21.49742488121622,12.366885245901639,602.36,63.097759562841524,3.5339344262295085,16.29153005464481,,23.03
403645099242701,2016,40.61264497222222,-99.40752011111113,2297.96,22.31785448512164,12.366885245901639,602.36,63.097759562841524,3.5339344262295085,16.29153005464481,,25.53
403645099242702,2016,40.61264497222222,-99.40752011111113,2297.96,22.31785448512164,12.366885245901639,602.36,63.097759562841524,3.5339344262295085,16.29153005464481,,25.93
403739099293601,2016,40.62758555555556,-99.49344,2356.31,28.76886380159918,12.366885245901639,602.36,63.097759562841524,3.5339344262295085,16.29153005464481,,34.62
402853099135101,2016,40.48150472222223,-99.23095833333332,2247.07,34.87004886224926,12.366885245901639,602.36,63.097759562841524,3.5339344262295085,16.29153005464481,,35.31
402853099135102,2016,40.48150472222223,-99.23095833333332,2247.07,34.87004886224926,12.366885245901639,602.36,63.097759562841524,3.5339344262295085,16.29153005464481,,35.93
404020099355301,2016,40.6710839,-99.5961084,2326.91,12.732470436075548,12.366885245901639,602.36,63.097759562841524,3.5339344262295085,16.29153005464481,,6.93
403941099342701,2016,40.6636923,-99.5766538,2326.71,15.35814341953363,12.366885245901639,602.36,63.097759562841524,3.5339344262295085,16.29153005464481,,7.13
403915099190801,2016,40.6573434,-99.3214291,2234.03,13.76071314825406,12.366885245901639,602.36,63.097759562841524,3.5339344262295085,16.29153005464481,,9.58
403322099201601,2016,40.5547811,-99.3416484,2267.67,18.218674980399378,12.366885245901639,602.36,63.097759562841524,3.5339344262295085,16.29153005464481,,10.25
403309099281401,2016,40.5521635,-99.4737128,2354.64,23.90363069015037,12.366885245901639,602.36,63.097759562841524,3.5339344262295085,16.29153005464481,,10.89
403309099250701,2016,40.5543784,-99.4199673,2322.67,18.763862916146696,12.366885245901639,602.36,63.097759562841524,3.5339344262295085,16.29153005464481,,13.63
403507099234101,2016,40.5836771413889,-99.3985091,2295.65,17.140699362215237,12.366885245901639,602.36,63.097759562841524,3.5339344262295085,16.29153005464481,,14.85
403520099201601,2016,40.5886101475,-99.3416473,2265.95,19.514420024296733,12.366885245901639,602.36,63.097759562841524,3.5339344262295085,16.29153005464481,,17.96
403646099293301,2016,40.6127772,-99.4935704,2354.25,28.510836408608352,12.366885245901639,602.36,63.097759562841524,3.5339344262295085,16.29153005464481,,20.07
402853099104601,2016,40.4815796,-99.179559,2221.31,31.51071183500198,12.366885245901639,602.36,63.097759562841524,3.5339344262295085,16.29153005464481,,23.06
403037099135301,2016,40.5105526386111,-99.2316379,2239.33,29.04073390906401,12.366885245901639,602.36,63.097759562841524,3.5339344262295085,16.29153005464481,,23.63
402952099161701,2016,40.49624602,-99.2746825,2255.28,31.68445766319502,12.366885245901639,602.36,63.097759562841524,3.5339344262295085,16.29153005464481,,25.95
403540099260001,2016,40.5946306,-99.4353739,2323.77,23.851423911990548,12.366885245901639,602.36,63.097759562841524,3.5339344262295085,16.29153005464481,,27.74
403138099190801,2016,40.5255972,-99.3224515,2277.27,29.634357194570857,12.366885245901639,602.36,63.097759562841524,3.5339344262295085,16.29153005464481,,28.0
403138099235801,2016,40.5255500233333,-99.399115,2328.14,31.34620076529727,12.366885245901639,602.36,63.097759562841524,3.5339344262295085,16.29153005464481,,28.82
402919099104601,2016,40.4886216022222,-99.1795852,2229.35,32.14311791883518,12.366885245901639,602.36,63.097759562841524,3.5339344262295085,16.29153005464481,,30.64
402853099152001,2016,40.4816481,-99.2557469,2251.06,33.321913691373055,12.366885245901639,602.36,63.097759562841524,3.5339344262295085,16.29153005464481,,31.38
403104099130201,2016,40.5179145,-99.2173248,2242.62,31.6334436388829,12.366885245901639,602.36,63.097759562841524,3.5339344262295085,16.29153005464481,,32.63
403902099313701,2016,40.6483999,-99.5291531,2345.9,27.62177598163849,12.366885245901639,602.36,63.097759562841524,3.5339344262295085,16.29153005464481,,32.73
403928099333601,2016,40.6571948,-99.5612991,2355.41,23.38573570714605,12.366885245901639,602.36,63.097759562841524,3.5339344262295085,16.29153005464481,,34.54
403037099111401,2016,40.5103457694444,-99.1873426,2237.5,34.70560447248103,12.366885245901639,602.36,63.097759562841524,3.5339344262295085,16.29153005464481,,35.97
402905099115301,2016,40.4848551,-99.1983097,2241.11,35.999082293020514,12.366885245901639,602.36,63.097759562841524,3.5339344262295085,16.29153005464481,,37.68
403651099281401,2016,40.613021,-99.4747929,2345.39,31.0401248417759,12.366885245901639,602.36,63.097759562841524,3.5339344262295085,16.29153005464481,,41.21
402952099114401,2016,40.4961238363889,-99.1985012,2246.17,36.25174711151608,12.366885245901639,602.36,63.097759562841524,3.5339344262295085,16.29153005464481,,41.95
403453099190801,2016,40.5807096794444,-99.3229107,2282.14,30.150156800870548,12.366885245901639,602.36,63.097759562841524,3.5339344262295085,16.29153005464481,,42.03
403348099114401,2016,40.5613598133333,-99.1983188,2236.17,34.065091933328,12.366885245901639,602.36,63.097759562841524,3.5339344262295085,16.29153005464481,,42.25
403822099324501,2016,40.6415361,-99.5482644,2377.53,36.5327141230274,12.366885245901639,602.36,63.097759562841524,3.5339344262295085,16.29153005464481,,43.19
403123099261501,2016,40.52446389,-99.436875,2361.96,41.6979913750226,12.366885245901639,602.36,63.097759562841524,3.5339344262295085,16.29153005464481,,44.21
403453099141801,2016,40.58307501,-99.2365144,2255.34,39.51402924911032,12.366885245901639,602.36,63.097759562841524,3.5339344262295085,16.29153005464481,,52.2
402924099235501,2016,40.4901949,-99.398706,2336.37,56.42264792582541,12.366885245901639,602.36,63.097759562841524,3.5339344262295085,16.29153005464481,,53.82
403137099330201,2016,40.5263766547222,-99.5496279,2405.25,78.59951150717198,12.366885245901639,602.36,63.097759562841524,3.5339344262295085,16.29153005464481,,60.16
403322099304801,2016,40.5542755075,-99.5122815,2411.43,61.46979522627061,12.366885245901639,602.36,63.097759562841524,3.5339344262295085,16.29153005464481,,61.41
403125099295701,2016,40.5247252,-99.4992246,2402.13,71.00550029434969,12.366885245901639,602.36,63.097759562841524,3.5339344262295085,16.29153005464481,,70.67
402716099212401,2016,40.4529071,-99.3592878,2307.74,78.14873698482378,12.366885245901639,602.36,63.097759562841524,3.5339344262295085,16.29153005464481,,74.14
403037099313401,2016,40.5104684,-99.5262137,2408.97,90.2304556908371,12.366885245901639,602.36,63.097759562841524,3.5339344262295085,16.29153005464481,,81.5
403928099371801,2016,40.655954,-99.6202609,2432.98,61.15463812388544,12.366885245901639,602.36,63.097759562841524,3.5339344262295085,16.29153005464481,,82.33
403322099371801,2016,40.5557047,-99.6247601,2465.78,98.38785067177812,12.366885245901639,602.36,63.097759562841524,3.5339344262295085,16.29153005464481,,82.4
403431099362101,2016,40.5754557,-99.6058865,2477.16,87.81633081971003,12.366885245901639,602.36,63.097759562841524,3.5339344262295085,16.29153005464481,,92.16
403730099373501,2016,40.6268217,-99.6246292,2471.08,87.83825818595159,12.366885245901639,602.36,63.097759562841524,3.5339344262295085,16.29153005464481,,94.44
403959099282802,2015,40.66638638888889,-99.47439194444443,2282.17,3.8102957967849607,11.988986301369861,615.12,62.941945205479456,3.5071506849315064,16.03131506849315,,3.61
403959099282801,2015,40.66638638888889,-99.47439194444443,2282.17,3.8102957967849607,11.988986301369861,615.12,62.941945205479456,3.5071506849315064,16.03131506849315,,3.64
403949099293501,2015,40.66383277777778,-99.49320805555556,2291.23,6.944074634503214,11.988986301369861,615.12,62.941945205479456,3.5071506849315064,16.03131506849315,,4.94
404102099373002,2015,40.68405933333333,-99.62523716666666,2334.85,7.374250311951806,11.988986301369861,615.12,62.941945205479456,3.5071506849315064,16.03131506849315,,6.7
404102099373001,2015,40.68405933333333,-99.62523716666666,2334.85,7.374250311951806,11.988986301369861,615.12,62.941945205479456,3.5071506849315064,16.03131506849315,,8.13
404033099373001,2015,40.67593911111111,-99.62515633333332,2339.74,15.494237795514998,11.988986301369861,615.12,62.941945205479456,3.5071506849315064,16.03131506849315,,8.27
404040099383501,2015,40.67796833333333,-99.64313333333334,2346.64,21.935921460210874,11.988986301369861,615.12,62.941945205479456,3.5071506849315064,16.03131506849315,,9.51
403927099293501,2015,40.65755805555556,-99.49321666666668,2297.65,10.017631252467204,11.988986301369861,615.12,62.941945205479456,3.5071506849315064,16.03131506849315,,9.87
403903099214301,2015,40.650864722222224,-99.3618686111111,2248.47,10.29397649758906,11.988986301369861,615.12,62.941945205479456,3.5071506849315064,16.03131506849315,,10.94
403903099214302,2015,40.650864722222224,-99.3618686111111,2248.47,10.29397649758906,11.988986301369861,615.12,62.941945205479456,3.5071506849315064,16.03131506849315,,10.95
404059099383501,2015,40.68328583333333,-99.64316027777778,2343.11,15.412502254032209,11.988986301369861,615.12,62.941945205479456,3.5071506849315064,16.03131506849315,,12.12
403831099173501,2015,40.642178,-99.29327591666666,2229.47,15.894176385136069,11.988986301369861,615.12,62.941945205479456,3.5071506849315064,16.03131506849315,,15.14
402340099353701,2016,40.39445302,-99.59399869,2264.29,77.32951393213493,12.366885245901639,602.36,63.097759562841524,3.5339344262295085,16.29153005464481,,24.7
402524099201601,2016,40.42334431,-99.33815365,2312.07,112.187992905277,12.366885245901639,602.36,63.097759562841524,3.5339344262295085,16.29153005464481,,117.9
402802099285801,2016,40.46775,-99.48183333,2376.84,114.14163734708376,12.366885245901639,602.36,63.097759562841524,3.5339344262295085,16.29153005464481,,106.07
403132099381001,2016,40.52556319,-99.63650076,2517.21,140.65891352540368,12.366885245901639,602.36,63.097759562841524,3.5339344262295085,16.29153005464481,,156.62
403217099235801,2016,40.53806574,-99.39982287,2321.45,25.45928467121873,12.366885245901639,602.36,63.097759562841524,3.5339344262295085,16.29153005464481,,27.21
403922099223301,2016,40.65834351,-99.38037703,2253.27,9.38482730948516,12.366885245901639,602.36,63.097759562841524,3.5339344262295085,16.29153005464481,,8.95
404016099370201,2016,40.6711189,-99.61760995,2335.44,20.110781750644684,12.366885245901639,602.36,63.097759562841524,3.5339344262295085,16.29153005464481,,5.43
403217099312001,2016,40.5392815,-99.5207383,2451.89,81.672677975657,12.366885245901639,602.36,63.097759562841524,3.5339344262295085,16.29153005464481,,104.2
402110099140001,2016,40.351999,-99.2329232,2283.76,154.0236384669695,12.366885245901639,602.36,63.097759562841524,3.5339344262295085,16.29153005464481,,169.68
402124099201601,2016,40.3563466,-99.3403749,2318.47,183.04079170765212,12.366885245901639,602.36,63.097759562841524,3.5339344262295085,16.29153005464481,,182.28
404006099282401,2016,40.66854833333333,-99.4734825,2280.04,4.558915130896689,12.366885245901639,602.36,63.097759562841524,3.5339344262295085,16.29153005464481,,3.28
403959099282801,2016,40.66638638888889,-99.47439194444443,2282.17,5.226787138298593,12.366885245901639,602.36,63.097759562841524,3.5339344262295085,16.29153005464481,,4.68
403959099282802,2016,40.66638638888889,-99.47439194444443,2282.17,5.226787138298593,12.366885245901639,602.36,63.097759562841524,3.5339344262295085,16.29153005464481,,4.71
403949099293501,2016,40.66383277777778,-99.49320805555556,2291.23,8.484337694660509,12.366885245901639,602.36,63.097759562841524,3.5339344262295085,16.29153005464481,,6.68
404033099373001,2016,40.67593911111111,-99.62515633333332,2339.74,18.508319716095137,12.366885245901639,602.36,63.097759562841524,3.5339344262295085,16.29153005464481,,7.04
404102099373002,2016,40.68405933333333,-99.62523716666666,2334.85,10.551627250192016,12.366885245901639,602.36,63.097759562841524,3.5339344262295085,16.29153005464481,,7.81
403903099214302,2016,40.650864722222224,-99.3618686111111,2248.47,9.449599081842042,12.366885245901639,602.36,63.097759562841524,3.5339344262295085,16.29153005464481,,9.29
403903099214301,2016,40.650864722222224,-99.3618686111111,2248.47,9.449599081842042,12.366885245901639,602.36,63.097759562841524,3.5339344262295085,16.29153005464481,,9.39
404040099383501,2016,40.67796833333333,-99.64313333333334,2346.64,26.54295443965945,12.366885245901639,602.36,63.097759562841524,3.5339344262295085,16.29153005464481,,10.02
404102099373001,2016,40.68405933333333,-99.62523716666666,2334.85,10.551627250192016,12.366885245901639,602.36,63.097759562841524,3.5339344262295085,16.29153005464481,,10.17
403927099293501,2016,40.65755805555556,-99.49321666666668,2297.65,11.465271125013668,12.366885245901639,602.36,63.097759562841524,3.5339344262295085,16.29153005464481,,10.31
403831099173501,2016,40.642178,-99.29327591666666,2229.47,17.112992527079285,12.366885245901639,602.36,63.097759562841524,3.5339344262295085,16.29153005464481,,13.65
403831099173502,2016,40.642178,-99.29327591666666,2229.47,17.112992527079285,12.366885245901639,602.36,63.097759562841524,3.5339344262295085,16.29153005464481,,14.26
404059099383501,2016,40.68328583333333,-99.64316027777778,2343.11,20.25774448606324,12.366885245901639,602.36,63.097759562841524,3.5339344262295085,16.29153005464481,,14.88
402854099213801,2016,40.48158305555556,-99.36045888888889,2315.4,57.92087703513397,12.366885245901639,602.36,63.097759562841524,3.5339344262295085,16.29153005464481,,59.7
402854099213802,2016,40.48158305555556,-99.36045888888889,2315.4,57.92087703513397,12.366885245901639,602.36,63.097759562841524,3.5339344262295085,16.29153005464481,,59.71
403315099351501,2016,40.554270555555554,-99.58744083333332,2447.59,81.97794281706815,12.366885245901639,602.36,63.097759562841524,3.5339344262295085,16.29153005464481,,76.55
403315099351502,2016,40.554270555555554,-99.58744083333332,2447.59,81.97794281706815,12.366885245901639,602.36,63.097759562841524,3.5339344262295085,16.29153005464481,,78.42
402513099164801,2016,40.42006111111111,-99.27985277777778,2278.97,87.77950349902821,12.366885245901639,602.36,63.097759562841524,3.5339344262295085,16.29153005464481,,81.02
402404099383400,2016,40.40166972222222,-99.64190722222224,2363.94,91.8685144116639,12.366885245901639,602.36,63.097759562841524,3.5339344262295085,16.29153005464481,,89.29
402423099152001,2016,40.40643361111111,-99.2555336111111,2261.86,97.56527583805008,12.366885245901639,602.36,63.097759562841524,3.5339344262295085,16.29153005464481,,94.42
403946099383201,2016,40.66301611111111,-99.64228555555556,2446.94,65.07477963805923,12.366885245901639,602.36,63.097759562841524,3.5339344262295085,16.29153005464481,,97.18
402532099222601,2016,40.42564361111111,-99.37401277777776,2312.94,107.22973543893,12.366885245901639,602.36,63.097759562841524,3.5339344262295085,16.29153005464481,,101.45
402532099222602,2016,40.42564361111111,-99.37401277777776,2312.94,107.22973543893,12.366885245901639,602.36,63.097759562841524,3.5339344262295085,16.29153005464481,,105.42
402233099341700,2016,40.376269444444446,-99.57279166666666,2335.32,110.22834418178624,12.366885245901639,602.36,63.097759562841524,3.5339344262295085,16.29153005464481,,112.26
402342099143300,2016,40.39436388888889,-99.24273333333332,2261.52,109.280937039397,12.366885245901639,602.36,63.097759562841524,3.5339344262295085,16.29153005464481,,114.81
402636099271802,2016,40.44343083333333,-99.45505,2362.54,132.33405286606938,12.366885245901639,602.36,63.097759562841524,3.5339344262295085,16.29153005464481,,136.08
402636099271801,2016,40.44343083333333,-99.45505,2362.54,132.33405286606938,12.366885245901639,602.36,63.097759562841524,3.5339344262295085,16.29153005464481,,137.28
402334099293302,2016,40.392735555555554,-99.49248916666669,2343.83,150.5242995262678,12.366885245901639,602.36,63.097759562841524,3.5339344262295085,16.29153005464481,,139.3
402334099293301,2016,40.392735555555554,-99.49248916666669,2343.83,150.5242995262678,12.366885245901639,602.36,63.097759562841524,3.5339344262295085,16.29153005464481,,139.35
403831099173502,2015,40.642178,-99.29327591666666,2229.47,15.894176385136069,11.988986301369861,615.12,62.941945205479456,3.5071506849315064,16.03131506849315,,15.34
403710099104601,2015,40.6195145,-99.17947241666668,2193.97,21.44564576751884,11.988986301369861,615.12,62.941945205479456,3.5071506849315064,16.03131506849315,,18.48
403710099104602,2015,40.6195145,-99.17947241666668,2193.97,21.44564576751884,11.988986301369861,615.12,62.941945205479456,3.5071506849315064,16.03131506849315,,18.92
403408099130501,2015,40.56878722222223,-99.21816944444444,2216.56,22.014960598795493,11.988986301369861,615.12,62.941945205479456,3.5071506849315064,16.03131506849315,,19.08
403408099130502,2015,40.56878722222223,-99.21816944444444,2216.56,22.014960598795493,11.988986301369861,615.12,62.941945205479456,3.5071506849315064,16.03131506849315,,19.33
403350099282701,2015,40.56375277777777,-99.47419805555556,2351.95,22.40316905463256,11.988986301369861,615.12,62.941945205479456,3.5071506849315064,16.03131506849315,,19.8
403350099282702,2015,40.56375277777777,-99.47419805555556,2351.95,22.40316905463256,11.988986301369861,615.12,62.941945205479456,3.5071506849315064,16.03131506849315,,19.93
403738099181101,2015,40.62740444444445,-99.30320513888888,2241.2,19.010597624256583,11.988986301369861,615.12,62.941945205479456,3.5071506849315064,16.03131506849315,,21.24
403738099181102,2015,40.62740444444445,-99.30320513888888,2241.2,19.010597624256583,11.988986301369861,615.12,62.941945205479456,3.5071506849315064,16.03131506849315,,21.26
403832099293501,2015,40.64230694444444,-99.49321833333332,2322.16,21.580925729269858,11.988986301369861,615.12,62.941945205479456,3.5071506849315064,16.03131506849315,,23.75
403645099242701,2015,40.61264497222222,-99.40752011111113,2297.96,23.558402068872496,11.988986301369861,615.12,62.941945205479456,3.5071506849315064,16.03131506849315,,26.11
403645099242702,2015,40.61264497222222,-99.40752011111113,2297.96,23.558402068872496,11.988986301369861,615.12,62.941945205479456,3.5071506849315064,16.03131506849315,,26.5
403739099293601,2015,40.62758555555556,-99.49344,2356.31,29.22328208285125,11.988986301369861,615.12,62.941945205479456,3.5071506849315064,16.03131506849315,,29.82
402853099135101,2015,40.48150472222223,-99.23095833333332,2247.07,33.06127107983828,11.988986301369861,615.12,62.941945205479456,3.5071506849315064,16.03131506849315,,32.38
402853099135102,2015,40.48150472222223,-99.23095833333332,2247.07,33.06127107983828,11.988986301369861,615.12,62.941945205479456,3.5071506849315064,16.03131506849315,,35.2
402854099213801,2015,40.48158305555556,-99.36045888888889,2315.4,56.52893594255794,11.988986301369861,615.12,62.941945205479456,3.5071506849315064,16.03131506849315,,58.03
402854099213802,2015,40.48158305555556,-99.36045888888889,2315.4,56.52893594255794,11.988986301369861,615.12,62.941945205479456,3.5071506849315064,16.03131506849315,,58.2
402421099112000,2015,40.40549166666666,-99.18921666666668,2216.62,66.05977695704024,11.988986301369861,615.12,62.941945205479456,3.5071506849315064,16.03131506849315,,63.68
403315099351501,2015,40.554270555555554,-99.58744083333332,2447.59,79.15821511939495,11.988986301369861,615.12,62.941945205479456,3.5071506849315064,16.03131506849315,,75.04
403315099351502,2015,40.554270555555554,-99.58744083333332,2447.59,79.15821511939495,11.988986301369861,615.12,62.941945205479456,3.5071506849315064,16.03131506849315,,76.02
402513099164801,2015,40.42006111111111,-99.27985277777778,2278.97,85.21499560783612,11.988986301369861,615.12,62.941945205479456,3.5071506849315064,16.03131506849315,,84.52
402404099383400,2015,40.40166972222222,-99.64190722222224,2363.94,91.74698218136268,11.988986301369861,615.12,62.941945205479456,3.5071506849315064,16.03131506849315,,91.2
402423099152001,2015,40.40643361111111,-99.2555336111111,2261.86,94.62316618220544,11.988986301369861,615.12,62.941945205479456,3.5071506849315064,16.03131506849315,,92.83
403946099383201,2015,40.66301611111111,-99.64228555555556,2446.94,70.97521905386078,11.988986301369861,615.12,62.941945205479456,3.5071506849315064,16.03131506849315,,95.76
402532099222601,2015,40.42564361111111,-99.37401277777776,2312.94,107.73690396231098,11.988986301369861,615.12,62.941945205479456,3.5071506849315064,16.03131506849315,,100.06
402532099222602,2015,40.42564361111111,-99.37401277777776,2312.94,107.73690396231098,11.988986301369861,615.12,62.941945205479456,3.5071506849315064,16.03131506849315,,104.64
402233099341700,2015,40.376269444444446,-99.57279166666666,2335.32,111.06401597533018,11.988986301369861,615.12,62.941945205479456,3.5071506849315064,16.03131506849315,,112.74
402342099143300,2015,40.39436388888889,-99.24273333333332,2261.52,109.38194290782316,11.988986301369861,615.12,62.941945205479456,3.5071506849315064,16.03131506849315,,115.27
402636099271802,2015,40.44343083333333,-99.45505,2362.54,134.82549352949687,11.988986301369861,615.12,62.941945205479456,3.5071506849315064,16.03131506849315,,134.67
402636099271801,2015,40.44343083333333,-99.45505,2362.54,134.82549352949687,11.988986301369861,615.12,62.941945205479456,3.5071506849315064,16.03131506849315,,135.71
402334099293301,2015,40.392735555555554,-99.49248916666669,2343.83,147.14383313668384,11.988986301369861,615.12,62.941945205479456,3.5071506849315064,16.03131506849315,,138.4
402334099293302,2015,40.392735555555554,-99.49248916666669,2343.83,147.14383313668384,11.988986301369861,615.12,62.941945205479456,3.5071506849315064,16.03131506849315,,138.63
402200099160700,2015,40.3669,-99.267175,2280.22,147.80271868541965,11.988986301369861,615.12,62.941945205479456,3.5071506849315064,16.03131506849315,,149.8
402326099185300,2015,40.390366666666665,-99.31649722222222,2306.56,147.79524031352574,11.988986301369861,615.12,62.941945205479456,3.5071506849315064,16.03131506849315,,150.41
402649099350601,2015,40.44692,-99.58488888888888,2428.0,154.61445031919854,11.988986301369861,615.12,62.941945205479456,3.5071506849315064,16.03131506849315,,151.39
402649099350602,2015,40.44692,-99.58488888888888,2428.0,154.61445031919854,11.988986301369861,615.12,62.941945205479456,3.5071506849315064,16.03131506849315,,152.26
402906099342201,2015,40.485083333333336,-99.57288888888888,2458.82,150.0912166775811,11.988986301369861,615.12,62.941945205479456,3.5071506849315064,16.03131506849315,,154.79
402813099382100,2015,40.46941944444445,-99.63914166666667,2473.68,153.41157659241563,11.988986301369861,615.12,62.941945205479456,3.5071506849315064,16.03131506849315,,160.94
402756099320601,2015,40.46654722222223,-99.53547222222224,2446.36,163.27119453258953,11.988986301369861,615.12,62.941945205479456,3.5071506849315064,16.03131506849315,,169.97
402458099344401,2015,40.41608027777777,-99.57890388888887,2426.49,163.39223184205784,11.988986301369861,615.12,62.941945205479456,3.5071506849315064,16.03131506849315,,172.89
402458099344402,2015,40.41608027777777,-99.57890388888887,2426.49,163.39223184205784,11.988986301369861,615.12,62.941945205479456,3.5071506849315064,16.03131506849315,,173.03
402609099350800,2015,40.43199166666666,-99.58200277777776,2443.0,167.5172889928785,11.988986301369861,615.12,62.941945205479456,3.5071506849315064,16.03131506849315,,177.68
402630099305500,2015,40.44133611111111,-99.51204166666666,2426.38,172.27429746500172,11.988986301369861,615.12,62.941945205479456,3.5071506849315064,16.03131506849315,,180.42
402159099301600,2015,40.3649,-99.50220555555556,2377.49,173.91952434670728,11.988986301369861,615.12,62.941945205479456,3.5071506849315064,16.03131506849315,,183.72
402406099311800,2015,40.40154444444444,-99.52104166666666,2406.07,175.9538746134141,11.988986301369861,615.12,62.941945205479456,3.5071506849315064,16.03131506849315,,184.17
402107099262000,2015,40.35080555555556,-99.43768055555556,2363.91,199.6928608038931,11.988986301369861,615.12,62.941945205479456,3.5071506849315064,16.03131506849315,,200.99
402115099213100,2015,40.35468888888889,-99.35943333333331,2345.58,201.72824416772332,11.988986301369861,615.12,62.941945205479456,3.5071506849315064,16.03131506849315,,204.94
402435099262900,2015,40.40768055555555,-99.44083333333332,2405.19,194.58285313638677,11.988986301369861,615.12,62.941945205479456,3.5071506849315064,16.03131506849315,,209.19
402320099231001,2015,40.38914722222222,-99.38615277777778,2384.17,201.3620704127018,11.988986301369861,615.12,62.941945205479456,3.5071506849315064,16.03131506849315,,216.83
403954099255801,2016,40.667854,-99.4364595,2268.93,6.107012649706236,12.366885245901639,602.36,63.097759562841524,3.5339344262295085,16.29153005464481,,4.0
403322099264901,2016,40.5543545569444,-99.4489925,2342.74,20.541308076315183,12.366885245901639,602.36,63.097759562841524,3.5339344262295085,16.29153005464481,,18.32
403322099272302,2016,40.5545803,-99.4609332,2349.56,21.0538065975882,12.366885245901639,602.36,63.097759562841524,3.5339344262295085,16.29153005464481,,19.56
403433099250001,2016,40.576331,-99.4179046,2315.55,19.429415717569672,12.366885245901639,602.36,63.097759562841524,3.5339344262295085,16.29153005464481,,20.79
403739099281601,2016,40.627653,-99.4742905,2324.54,24.73336775805629,12.366885245901639,602.36,63.097759562841524,3.5339344262295085,16.29153005464481,,24.09
402945099151900,2016,40.49312395,-99.25285328,2243.78,29.79859726450109,12.366885245901639,602.36,63.097759562841524,3.5339344262295085,16.29153005464481,,26.28
403328099181202,2016,40.5577906,-99.3033482,2272.01,31.72359406753177,12.366885245901639,602.36,63.097759562841524,3.5339344262295085,16.29153005464481,,34.19
402851099130101,2016,40.4809986,-99.2168379,2244.15,35.5852424512362,12.366885245901639,602.36,63.097759562841524,3.5339344262295085,16.29153005464481,,35.03
403124099152601,2016,40.52215595,-99.25856338,2258.2,37.19223665014867,12.366885245901639,602.36,63.097759562841524,3.5339344262295085,16.29153005464481,,47.89
404007099294001,2016,40.6709022,-99.4936146,2290.54,5.469446823562305,12.366885245901639,602.36,63.097759562841524,3.5339344262295085,16.29153005464481,,3.19
403941099331901,2016,40.66044972,-99.55637462,2347.21,17.45212159889209,12.366885245901639,602.36,63.097759562841524,3.5339344262295085,16.29153005464481,,4.14
402200099160700,2016,40.3669,-99.267175,2280.22,147.7927639836326,12.366885245901639,602.36,63.097759562841524,3.5339344262295085,16.29153005464481,,149.21
402326099185300,2016,40.390366666666665,-99.31649722222222,2306.56,146.29871586985067,12.366885245901639,602.36,63.097759562841524,3.5339344262295085,16.29153005464481,,150.54
402649099350601,2016,40.44692,-99.58488888888888,2428.0,154.87381926639418,12.366885245901639,602.36,63.097759562841524,3.5339344262295085,16.29153005464481,,150.91
402649099350602,2016,40.44692,-99.58488888888888,2428.0,154.87381926639418,12.366885245901639,602.36,63.097759562841524,3.5339344262295085,16.29153005464481,,151.75
402906099342201,2016,40.485083333333336,-99.57288888888888,2458.82,144.7082030495095,12.366885245901639,602.36,63.097759562841524,3.5339344262295085,16.29153005464481,,152.3
402813099382100,2016,40.46941944444445,-99.63914166666667,2473.68,148.75019440816573,12.366885245901639,602.36,63.097759562841524,3.5339344262295085,16.29153005464481,,157.09
402756099320601,2016,40.46654722222223,-99.53547222222224,2446.36,157.23581383213582,12.366885245901639,602.36,63.097759562841524,3.5339344262295085,16.29153005464481,,167.78
402458099344401,2016,40.41608027777777,-99.57890388888887,2426.49,158.20984611811207,12.366885245901639,602.36,63.097759562841524,3.5339344262295085,16.29153005464481,,174.29
402458099344402,2016,40.41608027777777,-99.57890388888887,2426.49,158.20984611811207,12.366885245901639,602.36,63.097759562841524,3.5339344262295085,16.29153005464481,,174.29
402609099350800,2016,40.43199166666666,-99.58200277777776,2443.0,162.69817607072252,12.366885245901639,602.36,63.097759562841524,3.5339344262295085,16.29153005464481,,175.5
402630099305500,2016,40.44133611111111,-99.51204166666666,2426.38,166.61255114184695,12.366885245901639,602.36,63.097759562841524,3.5339344262295085,16.29153005464481,,177.79
402159099301600,2016,40.3649,-99.50220555555556,2377.49,169.3658162193977,12.366885245901639,602.36,63.097759562841524,3.5339344262295085,16.29153005464481,,182.94
402406099311800,2016,40.40154444444444,-99.52104166666666,2406.07,171.59482727903725,12.366885245901639,602.36,63.097759562841524,3.5339344262295085,16.29153005464481,,183.48
402107099262000,2016,40.35080555555556,-99.43768055555556,2363.91,190.4392394393088,12.366885245901639,602.36,63.097759562841524,3.5339344262295085,16.29153005464481,,200.05
402115099213100,2016,40.35468888888889,-99.35943333333331,2345.58,192.3532459263284,12.366885245901639,602.36,63.097759562841524,3.5339344262295085,16.29153005464481,,204.11
402421099112000,2016,40.40549166666666,-99.18921666666668,2216.62,69.10386585563319,12.366885245901639,602.36,63.097759562841524,3.5339344262295085,16.29153005464481,,61.13
402756099320601,2017,40.46654722222223,-99.53547222222224,2446.36,157.10806527474625,11.735479452054793,669.93,62.23112328767123,3.4706849315068493,16.177616438356164,,168.59
402406099311800,2017,40.40154444444444,-99.52104166666666,2406.07,171.46754777037697,11.735479452054793,669.93,62.23112328767123,3.4706849315068493,16.177616438356164,,183.89
402630099305500,2017,40.44133611111111,-99.51204166666666,2426.38,166.95854116011148,11.735479452054793,669.93,62.23112328767123,3.4706849315068493,16.177616438356164,,178.74
402435099262900,2017,40.40768055555555,-99.44083333333332,2405.19,186.8615236087902,11.735479452054793,669.93,62.23112328767123,3.4706849315068493,16.177616438356164,,208.62
402159099301600,2017,40.3649,-99.50220555555556,2377.49,170.24606417057507,11.735479452054793,669.93,62.23112328767123,3.4706849315068493,16.177616438356164,,183.46
402115099213100,2017,40.35468888888889,-99.35943333333331,2345.58,198.61254168970572,11.735479452054793,669.93,62.23112328767123,3.4706849315068493,16.177616438356164,,204.72
404006099282401,2017,40.66854833333333,-99.4734825,2280.04,5.065600463315792,11.735479452054793,669.93,62.23112328767123,3.4706849315068493,16.177616438356164,,3.8
403927099293501,2017,40.65755805555556,-99.49321666666668,2297.65,11.90514317505589,11.735479452054793,669.93,62.23112328767123,3.4706849315068493,16.177616438356164,,10.47
403949099293501,2017,40.66383277777778,-99.49320805555556,2291.23,9.163049737303172,11.735479452054793,669.93,62.23112328767123,3.4706849315068493,16.177616438356164,,6.61
403832099293501,2017,40.64230694444444,-99.49321833333332,2322.16,21.603343339543287,11.735479452054793,669.93,62.23112328767123,3.4706849315068493,16.177616438356164,,23.02
403739099293601,2017,40.62758555555556,-99.49344,2356.31,28.988286724579524,11.735479452054793,669.93,62.23112328767123,3.4706849315068493,16.177616438356164,,34.74
404059099383501,2017,40.68328583333333,-99.64316027777778,2343.11,21.55886984735557,11.735479452054793,669.93,62.23112328767123,3.4706849315068493,16.177616438356164,,14.63
404040099383501,2017,40.67796833333333,-99.64313333333334,2346.64,27.41600765580284,11.735479452054793,669.93,62.23112328767123,3.4706849315068493,16.177616438356164,,12.2
403946099383201,2017,40.66301611111111,-99.64228555555556,2446.94,61.521743539900825,11.735479452054793,669.93,62.23112328767123,3.4706849315068493,16.177616438356164,,98.06
404033099373001,2017,40.67593911111111,-99.62515633333332,2339.74,17.670648235440584,11.735479452054793,669.93,62.23112328767123,3.4706849315068493,16.177616438356164,,9.65
404102099373001,2017,40.68405933333333,-99.62523716666666,2334.85,11.294191528094077,11.735479452054793,669.93,62.23112328767123,3.4706849315068493,16.177616438356164,,10.31
404102099373002,2017,40.68405933333333,-99.62523716666666,2334.85,11.294191528094077,11.735479452054793,669.93,62.23112328767123,3.4706849315068493,16.177616438356164,,8.66
403959099282801,2017,40.66638638888889,-99.47439194444443,2282.17,5.692514929856554,11.735479452054793,669.93,62.23112328767123,3.4706849315068493,16.177616438356164,,4.8
403959099282802,2017,40.66638638888889,-99.47439194444443,2282.17,5.692514929856554,11.735479452054793,669.93,62.23112328767123,3.4706849315068493,16.177616438356164,,4.85
402423099152001,2017,40.40643361111111,-99.2555336111111,2261.86,99.4157052615288,11.735479452054793,669.93,62.23112328767123,3.4706849315068493,16.177616438356164,,96.09
402107099262000,2017,40.35080555555556,-99.43768055555556,2363.91,197.78273866479557,11.735479452054793,669.93,62.23112328767123,3.4706849315068493,16.177616438356164,,201.05
402513099164801,2017,40.42006111111111,-99.27985277777778,2278.97,89.95656579783164,11.735479452054793,669.93,62.23112328767123,3.4706849315068493,16.177616438356164,,83.46
402342099143300,2017,40.39436388888889,-99.24273333333332,2261.52,110.69524050782644,11.735479452054793,669.93,62.23112328767123,3.4706849315068493,16.177616438356164,,116.4
402853099135101,2017,40.48150472222223,-99.23095833333332,2247.07,35.90558710743871,11.735479452054793,669.93,62.23112328767123,3.4706849315068493,16.177616438356164,,36.23
402853099135102,2017,40.48150472222223,-99.23095833333332,2247.07,35.90558710743871,11.735479452054793,669.93,62.23112328767123,3.4706849315068493,16.177616438356164,,38.15
403408099130501,2017,40.56878722222223,-99.21816944444444,2216.56,26.7279660454848,11.735479452054793,669.93,62.23112328767123,3.4706849315068493,16.177616438356164,,20.61
403408099130502,2017,40.56878722222223,-99.21816944444444,2216.56,26.7279660454848,11.735479452054793,669.93,62.23112328767123,3.4706849315068493,16.177616438356164,,20.51
402320099231001,2017,40.38914722222222,-99.38615277777778,2384.17,194.70105609117627,11.735479452054793,669.93,62.23112328767123,3.4706849315068493,16.177616438356164,,216.54
402326099185300,2017,40.390366666666665,-99.31649722222222,2306.56,148.6156762579972,11.735479452054793,669.93,62.23112328767123,3.4706849315068493,16.177616438356164,,152.33
402421099112000,2017,40.40549166666666,-99.18921666666668,2216.62,70.86601563288485,11.735479452054793,669.93,62.23112328767123,3.4706849315068493,16.177616438356164,,62.46
402200099160700,2017,40.3669,-99.267175,2280.22,148.2735139981429,11.735479452054793,669.93,62.23112328767123,3.4706849315068493,16.177616438356164,,150.02
402813099382100,2017,40.46941944444445,-99.63914166666667,2473.68,148.67877553328194,11.735479452054793,669.93,62.23112328767123,3.4706849315068493,16.177616438356164,,158.33
402609099350800,2017,40.43199166666666,-99.58200277777776,2443.0,162.7293299273482,11.735479452054793,669.93,62.23112328767123,3.4706849315068493,16.177616438356164,,176.59
402404099383400,2017,40.40166972222222,-99.64190722222224,2363.94,92.62988397096773,11.735479452054793,669.93,62.23112328767123,3.4706849315068493,16.177616438356164,,89.72
402233099341700,2017,40.376269444444446,-99.57279166666666,2335.32,111.21158457671432,11.735479452054793,669.93,62.23112328767123,3.4706849315068493,16.177616438356164,,113.38
402906099342201,2017,40.485083333333336,-99.57288888888888,2458.82,145.2284491166795,11.735479452054793,669.93,62.23112328767123,3.4706849315068493,16.177616438356164,,153.65
403738099181101,2017,40.62740444444445,-99.30320513888888,2241.2,21.25038737383169,11.735479452054793,669.93,62.23112328767123,3.4706849315068493,16.177616438356164,,23.06
403738099181102,2017,40.62740444444445,-99.30320513888888,2241.2,21.25038737383169,11.735479452054793,669.93,62.23112328767123,3.4706849315068493,16.177616438356164,,22.94
403831099173501,2017,40.642178,-99.29327591666666,2229.47,19.120737605370817,11.735479452054793,669.93,62.23112328767123,3.4706849315068493,16.177616438356164,,16.13
403831099173502,2017,40.642178,-99.29327591666666,2229.47,19.120737605370817,11.735479452054793,669.93,62.23112328767123,3.4706849315068493,16.177616438356164,,16.37
403645099242701,2017,40.61264497222222,-99.40752011111113,2297.96,22.122248937906463,11.735479452054793,669.93,62.23112328767123,3.4706849315068493,16.177616438356164,,25.27
403645099242702,2017,40.61264497222222,-99.40752011111113,2297.96,22.122248937906463,11.735479452054793,669.93,62.23112328767123,3.4706849315068493,16.177616438356164,,25.87
403710099104601,2017,40.6195145,-99.17947241666668,2193.97,25.131030718291164,11.735479452054793,669.93,62.23112328767123,3.4706849315068493,16.177616438356164,,20.36
403710099104602,2017,40.6195145,-99.17947241666668,2193.97,25.131030718291164,11.735479452054793,669.93,62.23112328767123,3.4706849315068493,16.177616438356164,,20.48
403903099214301,2017,40.650864722222224,-99.3618686111111,2248.47,11.793075669350925,11.735479452054793,669.93,62.23112328767123,3.4706849315068493,16.177616438356164,,12.37
403903099214302,2017,40.650864722222224,-99.3618686111111,2248.47,11.793075669350925,11.735479452054793,669.93,62.23112328767123,3.4706849315068493,16.177616438356164,,12.13
403350099282701,2017,40.56375277777777,-99.47419805555556,2351.95,25.35250718127132,11.735479452054793,669.93,62.23112328767123,3.4706849315068493,16.177616438356164,,22.41
403350099282702,2017,40.56375277777777,-99.47419805555556,2351.95,25.35250718127132,11.735479452054793,669.93,62.23112328767123,3.4706849315068493,16.177616438356164,,22.51
403315099351501,2017,40.554270555555554,-99.58744083333332,2447.59,84.63720158811094,11.735479452054793,669.93,62.23112328767123,3.4706849315068493,16.177616438356164,,76.49
403315099351502,2017,40.554270555555554,-99.58744083333332,2447.59,84.63720158811094,11.735479452054793,669.93,62.23112328767123,3.4706849315068493,16.177616438356164,,78.56
402636099271801,2017,40.44343083333333,-99.45505,2362.54,137.564412687574,11.735479452054793,669.93,62.23112328767123,3.4706849315068493,16.177616438356164,,137.2
402458099344401,2017,40.41608027777777,-99.57890388888887,2426.49,157.92895548313237,11.735479452054793,669.93,62.23112328767123,3.4706849315068493,16.177616438356164,,174.87
402458099344402,2017,40.41608027777777,-99.57890388888887,2426.49,157.92895548313237,11.735479452054793,669.93,62.23112328767123,3.4706849315068493,16.177616438356164,,174.75
402334099293301,2017,40.392735555555554,-99.49248916666669,2343.83,154.35594991952587,11.735479452054793,669.93,62.23112328767123,3.4706849315068493,16.177616438356164,,140.3
402334099293302,2017,40.392735555555554,-99.49248916666669,2343.83,154.35594991952587,11.735479452054793,669.93,62.23112328767123,3.4706849315068493,16.177616438356164,,140.3
402636099271802,2017,40.44343083333333,-99.45505,2362.54,137.564412687574,11.735479452054793,669.93,62.23112328767123,3.4706849315068493,16.177616438356164,,138.38
402532099222601,2017,40.42564361111111,-99.37401277777776,2312.94,114.57810708172047,11.735479452054793,669.93,62.23112328767123,3.4706849315068493,16.177616438356164,,103.0
402532099222602,2017,40.42564361111111,-99.37401277777776,2312.94,114.57810708172047,11.735479452054793,669.93,62.23112328767123,3.4706849315068493,16.177616438356164,,106.96
402854099213801,2017,40.48158305555556,-99.36045888888889,2315.4,58.50973120892736,11.735479452054793,669.93,62.23112328767123,3.4706849315068493,16.177616438356164,,60.05
402854099213802,2017,40.48158305555556,-99.36045888888889,2315.4,58.50973120892736,11.735479452054793,669.93,62.23112328767123,3.4706849315068493,16.177616438356164,,60.05
402649099350601,2017,40.44692,-99.58488888888888,2428.0,155.43601959543972,11.735479452054793,669.93,62.23112328767123,3.4706849315068493,16.177616438356164,,151.71
402649099350602,2017,40.44692,-99.58488888888888,2428.0,155.43601959543972,11.735479452054793,669.93,62.23112328767123,3.4706849315068493,16.177616438356164,,151.98
402110099140001,2017,40.351999,-99.2329232,2283.76,153.64830266175005,11.735479452054793,669.93,62.23112328767123,3.4706849315068493,16.177616438356164,,170.39
402124099201601,2017,40.3563466,-99.3403749,2318.47,185.5966216823164,11.735479452054793,669.93,62.23112328767123,3.4706849315068493,16.177616438356164,,182.79
402716099212401,2017,40.4529071,-99.3592878,2307.74,80.17123834987017,11.735479452054793,669.93,62.23112328767123,3.4706849315068493,16.177616438356164,,75.29
402853099104601,2017,40.4815796,-99.179559,2221.31,32.58061859187661,11.735479452054793,669.93,62.23112328767123,3.4706849315068493,16.177616438356164,,23.89
402853099152001,2017,40.4816481,-99.2557469,2251.06,33.769400774725256,11.735479452054793,669.93,62.23112328767123,3.4706849315068493,16.177616438356164,,32.32
402905099115301,2017,40.4848551,-99.1983097,2241.11,36.67549892107112,11.735479452054793,669.93,62.23112328767123,3.4706849315068493,16.177616438356164,,38.21
402919099104601,2017,40.4886216022222,-99.1795852,2229.35,32.90855064628923,11.735479452054793,669.93,62.23112328767123,3.4706849315068493,16.177616438356164,,31.44
402924099235501,2017,40.4901949,-99.398706,2336.37,58.74333540910712,11.735479452054793,669.93,62.23112328767123,3.4706849315068493,16.177616438356164,,55.56
402952099114401,2017,40.4961238363889,-99.1985012,2246.17,36.40794119158695,11.735479452054793,669.93,62.23112328767123,3.4706849315068493,16.177616438356164,,42.12
402952099161701,2017,40.49624602,-99.2746825,2255.28,29.29878767933491,11.735479452054793,669.93,62.23112328767123,3.4706849315068493,16.177616438356164,,25.68
403037099111401,2017,40.5103457694444,-99.1873426,2237.5,34.652613043641935,11.735479452054793,669.93,62.23112328767123,3.4706849315068493,16.177616438356164,,36.11
403037099135301,2017,40.5105526386111,-99.2316379,2239.33,26.934345084276057,11.735479452054793,669.93,62.23112328767123,3.4706849315068493,16.177616438356164,,23.14
403037099313401,2017,40.5104684,-99.5262137,2408.97,91.20953327823396,11.735479452054793,669.93,62.23112328767123,3.4706849315068493,16.177616438356164,,81.52
403104099130201,2017,40.5179145,-99.2173248,2242.62,30.42333389408608,11.735479452054793,669.93,62.23112328767123,3.4706849315068493,16.177616438356164,,32.29
403125099295701,2017,40.5247252,-99.4992246,2402.13,71.49019919793332,11.735479452054793,669.93,62.23112328767123,3.4706849315068493,16.177616438356164,,70.33
403137099330201,2017,40.5263766547222,-99.5496279,2405.25,80.44131183504265,11.735479452054793,669.93,62.23112328767123,3.4706849315068493,16.177616438356164,,59.44
403138099190801,2017,40.5255972,-99.3224515,2277.27,29.18926650790932,11.735479452054793,669.93,62.23112328767123,3.4706849315068493,16.177616438356164,,28.32
403138099235801,2017,40.5255500233333,-99.399115,2328.14,31.799832493329088,11.735479452054793,669.93,62.23112328767123,3.4706849315068493,16.177616438356164,,29.19
403217099312001,2017,40.5392815,-99.5207383,2451.89,83.7999792910581,11.735479452054793,669.93,62.23112328767123,3.4706849315068493,16.177616438356164,,109.52
403309099250701,2017,40.5543784,-99.4199673,2322.67,18.016053785453305,11.735479452054793,669.93,62.23112328767123,3.4706849315068493,16.177616438356164,,14.26
403309099281401,2017,40.5521635,-99.4737128,2354.64,25.58658710914348,11.735479452054793,669.93,62.23112328767123,3.4706849315068493,16.177616438356164,,11.19
403322099201601,2017,40.5547811,-99.3416484,2267.67,18.5520569593787,11.735479452054793,669.93,62.23112328767123,3.4706849315068493,16.177616438356164,,10.04
403322099304801,2017,40.5542755075,-99.5122815,2411.43,63.04294485480583,11.735479452054793,669.93,62.23112328767123,3.4706849315068493,16.177616438356164,,61.29
403322099371801,2017,40.5557047,-99.6247601,2465.78,98.04363984296144,11.735479452054793,669.93,62.23112328767123,3.4706849315068493,16.177616438356164,,80.62
403348099114401,2017,40.5613598133333,-99.1983188,2236.17,33.58445013919601,11.735479452054793,669.93,62.23112328767123,3.4706849315068493,16.177616438356164,,42.11
403431099362101,2017,40.5754557,-99.6058865,2477.16,90.92737609105616,11.735479452054793,669.93,62.23112328767123,3.4706849315068493,16.177616438356164,,91.0
403453099141801,2017,40.58307501,-99.2365144,2255.34,38.63915419690656,11.735479452054793,669.93,62.23112328767123,3.4706849315068493,16.177616438356164,,52.92
403453099190801,2017,40.5807096794444,-99.3229107,2282.14,29.78938980925787,11.735479452054793,669.93,62.23112328767123,3.4706849315068493,16.177616438356164,,41.97
403506099350101,2017,40.5833317,-99.5866221,2484.33,89.57456374739155,11.735479452054793,669.93,62.23112328767123,3.4706849315068493,16.177616438356164,,104.86
403507099234101,2017,40.5836771413889,-99.3985091,2295.65,17.72237962537738,11.735479452054793,669.93,62.23112328767123,3.4706849315068493,16.177616438356164,,15.76
403520099201601,2017,40.5886101475,-99.3416473,2265.95,20.15539977433809,11.735479452054793,669.93,62.23112328767123,3.4706849315068493,16.177616438356164,,18.78
403540099260001,2017,40.5946306,-99.4353739,2323.77,23.774445431512454,11.735479452054793,669.93,62.23112328767123,3.4706849315068493,16.177616438356164,,28.11
403646099293301,2017,40.6127772,-99.4935704,2354.25,29.696448626321413,11.735479452054793,669.93,62.23112328767123,3.4706849315068493,16.177616438356164,,21.4
403651099281401,2017,40.613021,-99.4747929,2345.39,30.736883493421875,11.735479452054793,669.93,62.23112328767123,3.4706849315068493,16.177616438356164,,40.6
403730099373501,2017,40.6268217,-99.6246292,2471.08,83.35417246842779,11.735479452054793,669.93,62.23112328767123,3.4706849315068493,16.177616438356164,,94.15
403822099324501,2017,40.6415361,-99.5482644,2377.53,36.78936808484522,11.735479452054793,669.93,62.23112328767123,3.4706849315068493,16.177616438356164,,42.6
403902099313701,2017,40.6483999,-99.5291531,2345.9,27.756789659291755,11.735479452054793,669.93,62.23112328767123,3.4706849315068493,16.177616438356164,,32.74
403915099190801,2017,40.6573434,-99.3214291,2234.03,15.983633779725055,11.735479452054793,669.93,62.23112328767123,3.4706849315068493,16.177616438356164,,11.38
403928099333601,2017,40.6571948,-99.5612991,2355.41,23.637058881332987,11.735479452054793,669.93,62.23112328767123,3.4706849315068493,16.177616438356164,,36.36
403941099331901,2017,40.66044972,-99.55637462,2347.21,18.06849224318134,11.735479452054793,669.93,62.23112328767123,3.4706849315068493,16.177616438356164,,4.38
403941099342701,2017,40.6636923,-99.5766538,2326.71,14.298738092196784,11.735479452054793,669.93,62.23112328767123,3.4706849315068493,16.177616438356164,,7.31
404007099294001,2017,40.6709022,-99.4936146,2290.54,6.706951562266529,11.735479452054793,669.93,62.23112328767123,3.4706849315068493,16.177616438356164,,5.84
404007099351901,2017,40.6709256,-99.5865622,2322.26,8.787166823454932,11.735479452054793,669.93,62.23112328767123,3.4706849315068493,16.177616438356164,,6.42
404020099355301,2017,40.6710839,-99.5961084,2326.91,10.125370171155176,11.735479452054793,669.93,62.23112328767123,3.4706849315068493,16.177616438356164,,6.52
402945099151900,2017,40.49312395,-99.25285328,2243.78,28.763342510430995,11.735479452054793,669.93,62.23112328767123,3.4706849315068493,16.177616438356164,,26.89
402851099130101,2017,40.4809986,-99.2168379,2244.15,36.457362903586265,11.735479452054793,669.93,62.23112328767123,3.4706849315068493,16.177616438356164,,35.44
403328099181202,2017,40.5577906,-99.3033482,2272.01,30.391440659330588,11.735479452054793,669.93,62.23112328767123,3.4706849315068493,16.177616438356164,,34.59
403433099250001,2017,40.576331,-99.4179046,2315.55,19.596800773278144,11.735479452054793,669.93,62.23112328767123,3.4706849315068493,16.177616438356164,,21.92
403322099272302,2017,40.5545803,-99.4609332,2349.56,22.293950809515422,11.735479452054793,669.93,62.23112328767123,3.4706849315068493,16.177616438356164,,21.12
403322099264901,2017,40.5543545569444,-99.4489925,2342.74,20.65452661835094,11.735479452054793,669.93,62.23112328767123,3.4706849315068493,16.177616438356164,,18.52
403322099254101,2017,40.5542755,-99.4303042,2335.12,18.125732139272284,11.735479452054793,669.93,62.23112328767123,3.4706849315068493,16.177616438356164,,13.54
403954099255801,2017,40.667854,-99.4364595,2268.93,6.325770427884265,11.735479452054793,669.93,62.23112328767123,3.4706849315068493,16.177616438356164,,4.0
403739099281601,2017,40.627653,-99.4742905,2324.54,24.52131138072703,11.735479452054793,669.93,62.23112328767123,3.4706849315068493,16.177616438356164,,23.84
402340099353701,2017,40.39445302,-99.59399869,2264.29,80.20578012648969,11.735479452054793,669.93,62.23112328767123,3.4706849315068493,16.177616438356164,,24.79
402524099201601,2017,40.42334431,-99.33815365,2312.07,114.52814443934554,11.735479452054793,669.93,62.23112328767123,3.4706849315068493,16.177616438356164,,119.08
402802099285801,2017,40.46775,-99.48183333,2376.84,115.71953566958132,11.735479452054793,669.93,62.23112328767123,3.4706849315068493,16.177616438356164,,107.08
403123099261501,2017,40.52446389,-99.436875,2361.96,42.10514741297317,11.735479452054793,669.93,62.23112328767123,3.4706849315068493,16.177616438356164,,45.25
403132099381001,2017,40.52556319,-99.63650076,2517.21,139.11824994432374,11.735479452054793,669.93,62.23112328767123,3.4706849315068493,16.177616438356164,,156.42
403217099235801,2017,40.53806574,-99.39982287,2321.45,25.51496792728239,11.735479452054793,669.93,62.23112328767123,3.4706849315068493,16.177616438356164,,27.29
403922099223301,2017,40.65834351,-99.38037703,2253.27,10.354602579459597,11.735479452054793,669.93,62.23112328767123,3.4706849315068493,16.177616438356164,,9.2
404016099370201,2017,40.6711189,-99.61760995,2335.44,16.684495824442838,11.735479452054793,669.93,62.23112328767123,3.4706849315068493,16.177616438356164,,5.72
402110099140001,2018,40.351999,-99.2329232,2283.76,152.61547660853105,10.204739726027396,794.55,68.55860273972603,3.414328767123288,15.796301369863013,,168.91
402124099201601,2018,40.3563466,-99.3403749,2318.47,184.91362928713636,10.204739726027396,794.55,68.55860273972603,3.414328767123288,15.796301369863013,,182.13
403104099130201,2018,40.5179145,-99.2173248,2242.62,30.427540055181197,10.204739726027396,794.55,68.55860273972603,3.414328767123288,15.796301369863013,,32.0
402952099161701,2018,40.49624602,-99.2746825,2255.28,29.40964854373356,10.204739726027396,794.55,68.55860273972603,3.414328767123288,15.796301369863013,,25.21
403037099135301,2018,40.5105526386111,-99.2316379,2239.33,27.338346736196737,10.204739726027396,794.55,68.55860273972603,3.414328767123288,15.796301369863013,,23.72
403037099111401,2018,40.5103457694444,-99.1873426,2237.5,34.38093365690855,10.204739726027396,794.55,68.55860273972603,3.414328767123288,15.796301369863013,,35.91
402952099114401,2018,40.4961238363889,-99.1985012,2246.17,36.04272306839364,10.204739726027396,794.55,68.55860273972603,3.414328767123288,15.796301369863013,,41.67
402905099115301,2018,40.4848551,-99.1983097,2241.11,36.18675278510649,10.204739726027396,794.55,68.55860273972603,3.414328767123288,15.796301369863013,,37.58
402919099104601,2018,40.4886216022222,-99.1795852,2229.35,32.36899012265671,10.204739726027396,794.55,68.55860273972603,3.414328767123288,15.796301369863013,,30.88
402853099104601,2018,40.4815796,-99.179559,2221.31,31.950410206371792,10.204739726027396,794.55,68.55860273972603,3.414328767123288,15.796301369863013,,23.14
402853099152001,2018,40.4816481,-99.2557469,2251.06,33.967175374125425,10.204739726027396,794.55,68.55860273972603,3.414328767123288,15.796301369863013,,31.47
402851099130101,2018,40.4809986,-99.2168379,2244.15,36.50065472040831,10.204739726027396,794.55,68.55860273972603,3.414328767123288,15.796301369863013,,35.2
402924099235501,2018,40.4901949,-99.398706,2336.37,58.98506546473018,10.204739726027396,794.55,68.55860273972603,3.414328767123288,15.796301369863013,,56.18
402716099212401,2018,40.4529071,-99.3592878,2307.74,79.62094685842632,10.204739726027396,794.55,68.55860273972603,3.414328767123288,15.796301369863013,,74.7
403123099261501,2018,40.52446389,-99.436875,2361.96,42.893961186395245,10.204739726027396,794.55,68.55860273972603,3.414328767123288,15.796301369863013,,44.75
403125099295701,2018,40.5247252,-99.4992246,2402.13,70.93154945918307,10.204739726027396,794.55,68.55860273972603,3.414328767123288,15.796301369863013,,70.55
403037099313401,2018,40.5104684,-99.5262137,2408.97,90.60679254939268,10.204739726027396,794.55,68.55860273972603,3.414328767123288,15.796301369863013,,81.35
402821099282901,2018,40.47215973,-99.47068872,2363.91,105.22528915958658,10.204739726027396,794.55,68.55860273972603,3.414328767123288,15.796301369863013,,96.65
403638099154301,2018,40.60901195,-99.26298962,2222.0,22.837789888863213,10.204739726027396,794.55,68.55860273972603,3.414328767123288,15.796301369863013,,17.65
403453099141801,2018,40.58307501,-99.2365144,2255.34,37.15988183304814,10.204739726027396,794.55,68.55860273972603,3.414328767123288,15.796301369863013,,53.03
403328099181202,2018,40.5577906,-99.3033482,2272.01,30.26901464188402,10.204739726027396,794.55,68.55860273972603,3.414328767123288,15.796301369863013,,34.65
403348099114401,2018,40.5613598133333,-99.1983188,2236.17,33.44721931688681,10.204739726027396,794.55,68.55860273972603,3.414328767123288,15.796301369863013,,42.16
403507099234101,2018,40.5836771413889,-99.3985091,2295.65,18.030425193629668,10.204739726027396,794.55,68.55860273972603,3.414328767123288,15.796301369863013,,15.73
403520099201601,2018,40.5886101475,-99.3416473,2265.95,20.62221956612023,10.204739726027396,794.55,68.55860273972603,3.414328767123288,15.796301369863013,,18.87
403453099190801,2018,40.5807096794444,-99.3229107,2282.14,30.062728536340817,10.204739726027396,794.55,68.55860273972603,3.414328767123288,15.796301369863013,,42.56
403322099201601,2018,40.5547811,-99.3416484,2267.67,19.75167816675796,10.204739726027396,794.55,68.55860273972603,3.414328767123288,15.796301369863013,,12.2
403138099235801,2018,40.5255500233333,-99.399115,2328.14,32.258537820807035,10.204739726027396,794.55,68.55860273972603,3.414328767123288,15.796301369863013,,29.39
403138099190801,2018,40.5255972,-99.3224515,2277.27,29.115143991922448,10.204739726027396,794.55,68.55860273972603,3.414328767123288,15.796301369863013,,27.8
403540099260001,2018,40.5946306,-99.4353739,2323.77,24.046778262231523,10.204739726027396,794.55,68.55860273972603,3.414328767123288,15.796301369863013,,28.4
403433099250001,2018,40.576331,-99.4179046,2315.55,19.83088673134232,10.204739726027396,794.55,68.55860273972603,3.414328767123288,15.796301369863013,,22.11
403322099304801,2018,40.5542755075,-99.5122815,2411.43,62.12621917304306,10.204739726027396,794.55,68.55860273972603,3.414328767123288,15.796301369863013,,61.24
403322099272302,2018,40.5545803,-99.4609332,2349.56,21.81031783245479,10.204739726027396,794.55,68.55860273972603,3.414328767123288,15.796301369863013,,20.81
403322099264901,2018,40.5543545569444,-99.4489925,2342.74,20.002918016552787,10.204739726027396,794.55,68.55860273972603,3.414328767123288,15.796301369863013,,18.5
403322099254101,2018,40.5542755,-99.4303042,2335.12,18.255264327365087,10.204739726027396,794.55,68.55860273972603,3.414328767123288,15.796301369863013,,14.07
403309099250701,2018,40.5543784,-99.4199673,2322.67,18.248367979877077,10.204739726027396,794.55,68.55860273972603,3.414328767123288,15.796301369863013,,14.31
403309099270601,2018,40.55026689,-99.45178833,2342.87,22.167142605420366,10.204739726027396,794.55,68.55860273972603,3.414328767123288,15.796301369863013,,19.44
403309099281401,2018,40.5521635,-99.4737128,2354.64,25.377817665423983,10.204739726027396,794.55,68.55860273972603,3.414328767123288,15.796301369863013,,11.26
403217099312001,2018,40.5392815,-99.5207383,2451.89,81.2259912734354,10.204739726027396,794.55,68.55860273972603,3.414328767123288,15.796301369863013,,103.41
403625099361001,2018,40.60535831,-99.60306609,2454.12,83.58066733076518,10.204739726027396,794.55,68.55860273972603,3.414328767123288,15.796301369863013,,90.0
403558099371801,2018,40.5994522,-99.622055,2483.53,83.04015478978248,10.204739726027396,794.55,68.55860273972603,3.414328767123288,15.796301369863013,,70.63
403506099350101,2018,40.5833317,-99.5866221,2484.33,89.84634695574574,10.204739726027396,794.55,68.55860273972603,3.414328767123288,15.796301369863013,,104.35
403431099362101,2018,40.5754557,-99.6058865,2477.16,89.86767057749978,10.204739726027396,794.55,68.55860273972603,3.414328767123288,15.796301369863013,,91.8
403322099371801,2018,40.5557047,-99.6247601,2465.78,96.51004389308048,10.204739726027396,794.55,68.55860273972603,3.414328767123288,15.796301369863013,,80.42
403137099330201,2018,40.5263766547222,-99.5496279,2405.25,79.90754527271743,10.204739726027396,794.55,68.55860273972603,3.414328767123288,15.796301369863013,,59.56
403915099190801,2018,40.6573434,-99.3214291,2234.03,15.152957950580632,10.204739726027396,794.55,68.55860273972603,3.414328767123288,15.796301369863013,,10.4
403954099255801,2018,40.667854,-99.4364595,2268.93,6.183472041124764,10.204739726027396,794.55,68.55860273972603,3.414328767123288,15.796301369863013,,3.72
404007099294001,2018,40.6709022,-99.4936146,2290.54,6.370613944535,10.204739726027396,794.55,68.55860273972603,3.414328767123288,15.796301369863013,,5.14
403902099313701,2018,40.6483999,-99.5291531,2345.9,28.46358564778016,10.204739726027396,794.55,68.55860273972603,3.414328767123288,15.796301369863013,,33.4
403739099281601,2018,40.627653,-99.4742905,2324.54,24.965212360052668,10.204739726027396,794.55,68.55860273972603,3.414328767123288,15.796301369863013,,24.45
403646099293301,2018,40.6127772,-99.4935704,2354.25,30.0192920795152,10.204739726027396,794.55,68.55860273972603,3.414328767123288,15.796301369863013,,21.73
403651099281401,2018,40.613021,-99.4747929,2345.39,31.171383602937567,10.204739726027396,794.55,68.55860273972603,3.414328767123288,15.796301369863013,,41.14
404020099355301,2018,40.6710839,-99.5961084,2326.91,12.138428464576112,10.204739726027396,794.55,68.55860273972603,3.414328767123288,15.796301369863013,,6.73
403954099335301,2018,40.6640455,-99.5668126,2327.34,14.093497443414943,10.204739726027396,794.55,68.55860273972603,3.414328767123288,15.796301369863013,,10.8
403928099333601,2018,40.6571948,-99.5612991,2355.41,24.21868515987254,10.204739726027396,794.55,68.55860273972603,3.414328767123288,15.796301369863013,,36.7
403941099331901,2018,40.66044972,-99.55637462,2347.21,18.89047097086605,10.204739726027396,794.55,68.55860273972603,3.414328767123288,15.796301369863013,,8.69
403941099342701,2018,40.6636923,-99.5766538,2326.71,14.8509729400658,10.204739726027396,794.55,68.55860273972603,3.414328767123288,15.796301369863013,,7.63
404007099351901,2018,40.6709256,-99.5865622,2322.26,9.498896329732563,10.204739726027396,794.55,68.55860273972603,3.414328767123288,15.796301369863013,,6.16
403928099371801,2018,40.655954,-99.6202609,2432.98,60.20532389527994,10.204739726027396,794.55,68.55860273972603,3.414328767123288,15.796301369863013,,82.58
403822099324501,2018,40.6415361,-99.5482644,2377.53,38.109928719797466,10.204739726027396,794.55,68.55860273972603,3.414328767123288,15.796301369863013,,43.65
403730099373501,2018,40.6268217,-99.6246292,2471.08,85.07179447675546,10.204739726027396,794.55,68.55860273972603,3.414328767123288,15.796301369863013,,93.21
402340099353701,2018,40.39445302,-99.59399869,2264.29,79.97215816623391,10.204739726027396,794.55,68.55860273972603,3.414328767123288,15.796301369863013,,24.75
402524099201601,2018,40.42334431,-99.33815365,2312.07,113.60807643534103,10.204739726027396,794.55,68.55860273972603,3.414328767123288,15.796301369863013,,118.11
403123099261501,2018,40.52446389,-99.436875,2361.96,42.893961186395245,10.204739726027396,794.55,68.55860273972603,3.414328767123288,15.796301369863013,,45.94
403132099381001,2018,40.52556319,-99.63650076,2517.21,138.3280737833403,10.204739726027396,794.55,68.55860273972603,3.414328767123288,15.796301369863013,,156.1
403217099235801,2018,40.53806574,-99.39982287,2321.45,26.10105447179516,10.204739726027396,794.55,68.55860273972603,3.414328767123288,15.796301369863013,,28.04
403922099223301,2018,40.65834351,-99.38037703,2253.27,10.302940214519287,10.204739726027396,794.55,68.55860273972603,3.414328767123288,15.796301369863013,,9.1
404016099370201,2018,40.6711189,-99.61760995,2335.44,20.859339707816897,10.204739726027396,794.55,68.55860273972603,3.414328767123288,15.796301369863013,,4.92
402513099164801,2018,40.42006111111111,-99.27985277777778,2278.97,89.48021443299774,10.204739726027396,794.55,68.55860273972603,3.414328767123288,15.796301369863013,,82.86
402421099112000,2018,40.40549166666666,-99.18921666666668,2216.62,70.03380785920264,10.204739726027396,794.55,68.55860273972603,3.414328767123288,15.796301369863013,,61.61
402423099152001,2018,40.40643361111111,-99.2555336111111,2261.86,99.43369267216616,10.204739726027396,794.55,68.55860273972603,3.414328767123288,15.796301369863013,,96.38
402342099143300,2018,40.39436388888889,-99.24273333333332,2261.52,110.5364163221268,10.204739726027396,794.55,68.55860273972603,3.414328767123288,15.796301369863013,,116.44
402200099160700,2018,40.3669,-99.267175,2280.22,148.06787017578034,10.204739726027396,794.55,68.55860273972603,3.414328767123288,15.796301369863013,,150.01
402532099222601,2018,40.42564361111111,-99.37401277777776,2312.94,114.03886549316948,10.204739726027396,794.55,68.55860273972603,3.414328767123288,15.796301369863013,,102.6
402532099222602,2018,40.42564361111111,-99.37401277777776,2312.94,114.03886549316948,10.204739726027396,794.55,68.55860273972603,3.414328767123288,15.796301369863013,,106.43
402320099231001,2018,40.38914722222222,-99.38615277777778,2384.17,194.35709091340465,10.204739726027396,794.55,68.55860273972603,3.414328767123288,15.796301369863013,,216.08
402326099185300,2018,40.390366666666665,-99.31649722222222,2306.56,147.05966583528524,10.204739726027396,794.55,68.55860273972603,3.414328767123288,15.796301369863013,,150.13
402115099213100,2018,40.35468888888889,-99.35943333333331,2345.58,198.23577531559428,10.204739726027396,794.55,68.55860273972603,3.414328767123288,15.796301369863013,,204.69
402435099262900,2018,40.40768055555555,-99.44083333333332,2405.19,186.5749531050143,10.204739726027396,794.55,68.55860273972603,3.414328767123288,15.796301369863013,,208.33
402406099311800,2018,40.40154444444444,-99.52104166666666,2406.07,171.4470540032528,10.204739726027396,794.55,68.55860273972603,3.414328767123288,15.796301369863013,,183.8
402334099293301,2018,40.392735555555554,-99.49248916666669,2343.83,154.13707695572364,10.204739726027396,794.55,68.55860273972603,3.414328767123288,15.796301369863013,,139.88
402334099293302,2018,40.392735555555554,-99.49248916666669,2343.83,154.13707695572364,10.204739726027396,794.55,68.55860273972603,3.414328767123288,15.796301369863013,,140.05
402159099301600,2018,40.3649,-99.50220555555556,2377.49,169.8741769319518,10.204739726027396,794.55,68.55860273972603,3.414328767123288,15.796301369863013,,183.2
402107099262000,2018,40.35080555555556,-99.43768055555556,2363.91,197.44551512099528,10.204739726027396,794.55,68.55860273972603,3.414328767123288,15.796301369863013,,200.48
402609099350800,2018,40.43199166666666,-99.58200277777776,2443.0,162.60596466895768,10.204739726027396,794.55,68.55860273972603,3.414328767123288,15.796301369863013,,176.05
402458099344401,2018,40.41608027777777,-99.57890388888887,2426.49,157.82857477421567,10.204739726027396,794.55,68.55860273972603,3.414328767123288,15.796301369863013,,174.75
402458099344402,2018,40.41608027777777,-99.57890388888887,2426.49,157.82857477421567,10.204739726027396,794.55,68.55860273972603,3.414328767123288,15.796301369863013,,174.66
402404099383400,2018,40.40166972222222,-99.64190722222224,2363.94,92.22078121839787,10.204739726027396,794.55,68.55860273972603,3.414328767123288,15.796301369863013,,89.24
402233099341700,2018,40.376269444444446,-99.57279166666666,2335.32,110.97961438333168,10.204739726027396,794.55,68.55860273972603,3.414328767123288,15.796301369863013,,113.17
402853099135101,2018,40.48150472222223,-99.23095833333332,2247.07,36.37073849320823,10.204739726027396,794.55,68.55860273972603,3.414328767123288,15.796301369863013,,37.9
402853099135102,2018,40.48150472222223,-99.23095833333332,2247.07,36.37073849320823,10.204739726027396,794.55,68.55860273972603,3.414328767123288,15.796301369863013,,37.65
402854099213801,2018,40.48158305555556,-99.36045888888889,2315.4,58.27255149131228,10.204739726027396,794.55,68.55860273972603,3.414328767123288,15.796301369863013,,59.76
402854099213802,2018,40.48158305555556,-99.36045888888889,2315.4,58.27255149131228,10.204739726027396,794.55,68.55860273972603,3.414328767123288,15.796301369863013,,59.86
402630099305500,2018,40.44133611111111,-99.51204166666666,2426.38,167.54443220264142,10.204739726027396,794.55,68.55860273972603,3.414328767123288,15.796301369863013,,178.68
402636099271801,2018,40.44343083333333,-99.45505,2362.54,137.273845308463,10.204739726027396,794.55,68.55860273972603,3.414328767123288,15.796301369863013,,137.02
402636099271802,2018,40.44343083333333,-99.45505,2362.54,137.273845308463,10.204739726027396,794.55,68.55860273972603,3.414328767123288,15.796301369863013,,138.21
402906099342201,2018,40.485083333333336,-99.57288888888888,2458.82,144.7088763743684,10.204739726027396,794.55,68.55860273972603,3.414328767123288,15.796301369863013,,152.69
402813099382100,2018,40.46941944444445,-99.63914166666667,2473.68,148.00570240034648,10.204739726027396,794.55,68.55860273972603,3.414328767123288,15.796301369863013,,157.56
402756099320601,2018,40.46654722222223,-99.53547222222224,2446.36,157.1743681243693,10.204739726027396,794.55,68.55860273972603,3.414328767123288,15.796301369863013,,168.32
402649099350601,2018,40.44692,-99.58488888888888,2428.0,155.5937843870701,10.204739726027396,794.55,68.55860273972603,3.414328767123288,15.796301369863013,,152.35
402649099350602,2018,40.44692,-99.58488888888888,2428.0,155.5937843870701,10.204739726027396,794.55,68.55860273972603,3.414328767123288,15.796301369863013,,152.35
403408099130501,2018,40.56878722222223,-99.21816944444444,2216.56,26.2596824885269,10.204739726027396,794.55,68.55860273972603,3.414328767123288,15.796301369863013,,20.26
403408099130502,2018,40.56878722222223,-99.21816944444444,2216.56,26.2596824885269,10.204739726027396,794.55,68.55860273972603,3.414328767123288,15.796301369863013,,20.09
403645099242701,2018,40.61264497222222,-99.40752011111113,2297.96,22.642665649440904,10.204739726027396,794.55,68.55860273972603,3.414328767123288,15.796301369863013,,25.91
403645099242702,2018,40.61264497222222,-99.40752011111113,2297.96,22.642665649440904,10.204739726027396,794.55,68.55860273972603,3.414328767123288,15.796301369863013,,26.44
403350099282701,2018,40.56375277777777,-99.47419805555556,2351.95,25.45048878393741,10.204739726027396,794.55,68.55860273972603,3.414328767123288,15.796301369863013,,22.87
403350099282702,2018,40.56375277777777,-99.47419805555556,2351.95,25.45048878393741,10.204739726027396,794.55,68.55860273972603,3.414328767123288,15.796301369863013,,22.94
403315099351501,2018,40.554270555555554,-99.58744083333332,2447.59,84.52654936115127,10.204739726027396,794.55,68.55860273972603,3.414328767123288,15.796301369863013,,76.7
403315099351502,2018,40.554270555555554,-99.58744083333332,2447.59,84.52654936115127,10.204739726027396,794.55,68.55860273972603,3.414328767123288,15.796301369863013,,78.34
403831099173501,2018,40.642178,-99.29327591666666,2229.47,18.245266481293303,10.204739726027396,794.55,68.55860273972603,3.414328767123288,15.796301369863013,,15.92
403831099173502,2018,40.642178,-99.29327591666666,2229.47,18.245266481293303,10.204739726027396,794.55,68.55860273972603,3.414328767123288,15.796301369863013,,16.1
403738099181101,2018,40.62740444444445,-99.30320513888888,2241.2,20.77872553804559,10.204739726027396,794.55,68.55860273972603,3.414328767123288,15.796301369863013,,23.3
403738099181102,2018,40.62740444444445,-99.30320513888888,2241.2,20.77872553804559,10.204739726027396,794.55,68.55860273972603,3.414328767123288,15.796301369863013,,23.19
403710099104601,2018,40.6195145,-99.17947241666668,2193.97,24.46498930951297,10.204739726027396,794.55,68.55860273972603,3.414328767123288,15.796301369863013,,20.11
403710099104602,2018,40.6195145,-99.17947241666668,2193.97,24.46498930951297,10.204739726027396,794.55,68.55860273972603,3.414328767123288,15.796301369863013,,20.09
403903099214301,2018,40.650864722222224,-99.3618686111111,2248.47,11.735781681843685,10.204739726027396,794.55,68.55860273972603,3.414328767123288,15.796301369863013,,12.45
403903099214302,2018,40.650864722222224,-99.3618686111111,2248.47,11.735781681843685,10.204739726027396,794.55,68.55860273972603,3.414328767123288,15.796301369863013,,12.2
404006099282401,2018,40.66854833333333,-99.4734825,2280.04,5.019234463226205,10.204739726027396,794.55,68.55860273972603,3.414328767123288,15.796301369863013,,3.82
403959099282801,2018,40.66638638888889,-99.47439194444443,2282.17,5.690839615214967,10.204739726027396,794.55,68.55860273972603,3.414328767123288,15.796301369863013,,4.99
403959099282802,2018,40.66638638888889,-99.47439194444443,2282.17,5.690839615214967,10.204739726027396,794.55,68.55860273972603,3.414328767123288,15.796301369863013,,5.02
403949099293501,2018,40.66383277777778,-99.49320805555556,2291.23,9.048683629906556,10.204739726027396,794.55,68.55860273972603,3.414328767123288,15.796301369863013,,6.52
403927099293501,2018,40.65755805555556,-99.49321666666668,2297.65,11.935485729676603,10.204739726027396,794.55,68.55860273972603,3.414328767123288,15.796301369863013,,10.45
403832099293501,2018,40.64230694444444,-99.49321833333332,2322.16,22.00706547700161,10.204739726027396,794.55,68.55860273972603,3.414328767123288,15.796301369863013,,23.82
403739099293601,2018,40.62758555555556,-99.49344,2356.31,29.258922867263404,10.204739726027396,794.55,68.55860273972603,3.414328767123288,15.796301369863013,,34.51
404059099383501,2018,40.68328583333333,-99.64316027777778,2343.11,21.97169789491345,10.204739726027396,794.55,68.55860273972603,3.414328767123288,15.796301369863013,,14.72
404040099383501,2018,40.67796833333333,-99.64313333333334,2346.64,28.449461191660472,10.204739726027396,794.55,68.55860273972603,3.414328767123288,15.796301369863013,,12.87
404033099373001,2018,40.67593911111111,-99.62515633333332,2339.74,20.123138775810254,10.204739726027396,794.55,68.55860273972603,3.414328767123288,15.796301369863013,,10.17
404102099373001,2018,40.68405933333333,-99.62523716666666,2334.85,11.976825164517733,10.204739726027396,794.55,68.55860273972603,3.414328767123288,15.796301369863013,,10.44
404102099373002,2018,40.68405933333333,-99.62523716666666,2334.85,11.976825164517733,10.204739726027396,794.55,68.55860273972603,3.414328767123288,15.796301369863013,,9.05
403946099383201,2018,40.66301611111111,-99.64228555555556,2446.94,64.6147201844976,10.204739726027396,794.55,68.55860273972603,3.414328767123288,15.796301369863013,,98.54
402340099353701,2019,40.39445302,-99.59399869,2264.29,80.30805810554769,9.81704109589041,868.24,72.97915068493151,3.4735068493150685,15.89427397260274,,24.11
402524099201601,2019,40.42334431,-99.33815365,2312.07,116.27214017398734,9.81704109589041,868.24,72.97915068493151,3.4735068493150685,15.89427397260274,,124.9
402802099285801,2019,40.46775,-99.48183333,2376.84,111.665916002923,9.81704109589041,868.24,72.97915068493151,3.4735068493150685,15.89427397260274,,105.02
403132099381001,2019,40.52556319,-99.63650076,2517.21,136.95571102693995,9.81704109589041,868.24,72.97915068493151,3.4735068493150685,15.89427397260274,,154.78
403217099235801,2019,40.53806574,-99.39982287,2321.45,22.5039062110068,9.81704109589041,868.24,72.97915068493151,3.4735068493150685,15.89427397260274,,23.39
403922099223301,2019,40.65834351,-99.38037703,2253.27,8.216769092171223,9.81704109589041,868.24,72.97915068493151,3.4735068493150685,15.89427397260274,,6.92
404016099370201,2019,40.6711189,-99.61760995,2335.44,20.59974627850341,9.81704109589041,868.24,72.97915068493151,3.4735068493150685,15.89427397260274,,5.28
402110099140001,2019,40.351999,-99.2329232,2283.76,150.10651843457623,9.81704109589041,868.24,72.97915068493151,3.4735068493150685,15.89427397260274,,165.8
402124099201601,2019,40.3563466,-99.3403749,2318.47,184.04547052760765,9.81704109589041,868.24,72.97915068493151,3.4735068493150685,15.89427397260274,,180.91
402716099212401,2019,40.4529071,-99.3592878,2307.74,78.46471011621348,9.81704109589041,868.24,72.97915068493151,3.4735068493150685,15.89427397260274,,72.9
402851099130101,2019,40.4809986,-99.2168379,2244.15,32.56318859417248,9.81704109589041,868.24,72.97915068493151,3.4735068493150685,15.89427397260274,,30.52
402853099104601,2019,40.4815796,-99.179559,2221.31,29.90140735508894,9.81704109589041,868.24,72.97915068493151,3.4735068493150685,15.89427397260274,,20.85
402853099152001,2019,40.4816481,-99.2557469,2251.06,30.79960555121597,9.81704109589041,868.24,72.97915068493151,3.4735068493150685,15.89427397260274,,27.67
402905099115301,2019,40.4848551,-99.1983097,2241.11,33.4206401800571,9.81704109589041,868.24,72.97915068493151,3.4735068493150685,15.89427397260274,,35.14
402919099104601,2019,40.4886216022222,-99.1795852,2229.35,30.286670304286645,9.81704109589041,868.24,72.97915068493151,3.4735068493150685,15.89427397260274,,29.44
402924099235501,2019,40.4901949,-99.398706,2336.37,57.79042820727338,9.81704109589041,868.24,72.97915068493151,3.4735068493150685,15.89427397260274,,55.86
402952099114401,2019,40.4961238363889,-99.1985012,2246.17,33.16761832474789,9.81704109589041,868.24,72.97915068493151,3.4735068493150685,15.89427397260274,,39.07
402952099161701,2019,40.49624602,-99.2746825,2255.28,27.09489581783889,9.81704109589041,868.24,72.97915068493151,3.4735068493150685,15.89427397260274,,23.44
403037099111401,2019,40.5103457694444,-99.1873426,2237.5,31.73039720483256,9.81704109589041,868.24,72.97915068493151,3.4735068493150685,15.89427397260274,,33.12
403037099135301,2019,40.5105526386111,-99.2316379,2239.33,23.66499952721678,9.81704109589041,868.24,72.97915068493151,3.4735068493150685,15.89427397260274,,18.92
403037099313401,2019,40.5104684,-99.5262137,2408.97,88.85805064943746,9.81704109589041,868.24,72.97915068493151,3.4735068493150685,15.89427397260274,,79.9
403104099130201,2019,40.5179145,-99.2173248,2242.62,27.31670048942981,9.81704109589041,868.24,72.97915068493151,3.4735068493150685,15.89427397260274,,28.99
403123099261501,2019,40.52446389,-99.436875,2361.96,39.56450134402835,9.81704109589041,868.24,72.97915068493151,3.4735068493150685,15.89427397260274,,42.04
403125099295701,2019,40.5247252,-99.4992246,2402.13,69.62881055728892,9.81704109589041,868.24,72.97915068493151,3.4735068493150685,15.89427397260274,,69.6
403137099330201,2019,40.5263766547222,-99.5496279,2405.25,78.533915482012,9.81704109589041,868.24,72.97915068493151,3.4735068493150685,15.89427397260274,,57.37
403138099190801,2019,40.5255972,-99.3224515,2277.27,25.67920267355153,9.81704109589041,868.24,72.97915068493151,3.4735068493150685,15.89427397260274,,24.6
403138099235801,2019,40.5255500233333,-99.399115,2328.14,29.674691143466752,9.81704109589041,868.24,72.97915068493151,3.4735068493150685,15.89427397260274,,27.95
403217099312001,2019,40.5392815,-99.5207383,2451.89,80.3750769888477,9.81704109589041,868.24,72.97915068493151,3.4735068493150685,15.89427397260274,,104.2
403309099250701,2019,40.5543784,-99.4199673,2322.67,15.456206095281022,9.81704109589041,868.24,72.97915068493151,3.4735068493150685,15.89427397260274,,10.96
403309099281401,2019,40.5521635,-99.4737128,2354.64,23.667353802767224,9.81704109589041,868.24,72.97915068493151,3.4735068493150685,15.89427397260274,,10.93
403322099201601,2019,40.5547811,-99.3416484,2267.67,13.541037307458373,9.81704109589041,868.24,72.97915068493151,3.4735068493150685,15.89427397260274,,1.72
403322099254101,2019,40.5542755,-99.4303042,2335.12,16.228249751020662,9.81704109589041,868.24,72.97915068493151,3.4735068493150685,15.89427397260274,,14.02
403322099264901,2019,40.5543545569444,-99.4489925,2342.74,17.69336622527409,9.81704109589041,868.24,72.97915068493151,3.4735068493150685,15.89427397260274,,14.89
403322099272302,2019,40.5545803,-99.4609332,2349.56,19.25622998848119,9.81704109589041,868.24,72.97915068493151,3.4735068493150685,15.89427397260274,,16.68
403322099304801,2019,40.5542755075,-99.5122815,2411.43,60.86230335566818,9.81704109589041,868.24,72.97915068493151,3.4735068493150685,15.89427397260274,,60.29
403322099371801,2019,40.5557047,-99.6247601,2465.78,96.71671335667396,9.81704109589041,868.24,72.97915068493151,3.4735068493150685,15.89427397260274,,79.7
403328099181202,2019,40.5577906,-99.3033482,2272.01,29.02740186020067,9.81704109589041,868.24,72.97915068493151,3.4735068493150685,15.89427397260274,,34.5
403348099114401,2019,40.5613598133333,-99.1983188,2236.17,31.88572492877244,9.81704109589041,868.24,72.97915068493151,3.4735068493150685,15.89427397260274,,41.19
403431099362101,2019,40.5754557,-99.6058865,2477.16,89.82716337393043,9.81704109589041,868.24,72.97915068493151,3.4735068493150685,15.89427397260274,,91.4
403433099250001,2019,40.576331,-99.4179046,2315.55,16.009319042463908,9.81704109589041,868.24,72.97915068493151,3.4735068493150685,15.89427397260274,,17.32
403453099141801,2019,40.58307501,-99.2365144,2255.34,37.88127733720825,9.81704109589041,868.24,72.97915068493151,3.4735068493150685,15.89427397260274,,53.65
403453099190801,2019,40.5807096794444,-99.3229107,2282.14,28.154425326553195,9.81704109589041,868.24,72.97915068493151,3.4735068493150685,15.89427397260274,,41.87
403506099350101,2019,40.5833317,-99.5866221,2484.33,88.2769348092145,9.81704109589041,868.24,72.97915068493151,3.4735068493150685,15.89427397260274,,104.6
403507099234101,2019,40.5836771413889,-99.3985091,2295.65,14.47039828432314,9.81704109589041,868.24,72.97915068493151,3.4735068493150685,15.89427397260274,,12.4
403520099201601,2019,40.5886101475,-99.3416473,2265.95,18.080057323221176,9.81704109589041,868.24,72.97915068493151,3.4735068493150685,15.89427397260274,,17.37
403540099260001,2019,40.5946306,-99.4353739,2323.77,20.490490174277124,9.81704109589041,868.24,72.97915068493151,3.4735068493150685,15.89427397260274,,24.7
403646099293301,2019,40.6127772,-99.4935704,2354.25,26.48086954977544,9.81704109589041,868.24,72.97915068493151,3.4735068493150685,15.89427397260274,,16.4
403651099281401,2019,40.613021,-99.4747929,2345.39,27.783541975115053,9.81704109589041,868.24,72.97915068493151,3.4735068493150685,15.89427397260274,,38.43
403730099373501,2019,40.6268217,-99.6246292,2471.08,77.15960515916092,9.81704109589041,868.24,72.97915068493151,3.4735068493150685,15.89427397260274,,75.68
403739099281601,2019,40.627653,-99.4742905,2324.54,21.982379129158414,9.81704109589041,868.24,72.97915068493151,3.4735068493150685,15.89427397260274,,20.73
403822099324501,2019,40.6415361,-99.5482644,2377.53,37.4769506660361,9.81704109589041,868.24,72.97915068493151,3.4735068493150685,15.89427397260274,,41.98
403902099313701,2019,40.6483999,-99.5291531,2345.9,28.29641100885097,9.81704109589041,868.24,72.97915068493151,3.4735068493150685,15.89427397260274,,32.3
403915099190801,2019,40.6573434,-99.3214291,2234.03,13.01592348520832,9.81704109589041,868.24,72.97915068493151,3.4735068493150685,15.89427397260274,,8.1
403928099333601,2019,40.6571948,-99.5612991,2355.41,25.677519596242757,9.81704109589041,868.24,72.97915068493151,3.4735068493150685,15.89427397260274,,36.0
403928099371801,2019,40.655954,-99.6202609,2432.98,57.62723000163,9.81704109589041,868.24,72.97915068493151,3.4735068493150685,15.89427397260274,,82.08
403941099342701,2019,40.6636923,-99.5766538,2326.71,14.065621340071296,9.81704109589041,868.24,72.97915068493151,3.4735068493150685,15.89427397260274,,3.93
403954099255801,2019,40.667854,-99.4364595,2268.93,5.451314725310473,9.81704109589041,868.24,72.97915068493151,3.4735068493150685,15.89427397260274,,3.29
403954099335301,2019,40.6640455,-99.5668126,2327.34,15.25847042924255,9.81704109589041,868.24,72.97915068493151,3.4735068493150685,15.89427397260274,,10.5
404007099294001,2019,40.6709022,-99.4936146,2290.54,6.465760547654465,9.81704109589041,868.24,72.97915068493151,3.4735068493150685,15.89427397260274,,4.7
404007099351901,2019,40.6709256,-99.5865622,2322.26,9.51111322340664,9.81704109589041,868.24,72.97915068493151,3.4735068493150685,15.89427397260274,,6.39
404020099355301,2019,40.6710839,-99.5961084,2326.91,11.967451127159803,9.81704109589041,868.24,72.97915068493151,3.4735068493150685,15.89427397260274,,6.52
402513099164801,2019,40.42006111111111,-99.27985277777778,2278.97,88.84783850178411,9.81704109589041,868.24,72.97915068493151,3.4735068493150685,15.89427397260274,,81.26
402421099112000,2019,40.40549166666666,-99.18921666666668,2216.62,69.355106558832,9.81704109589041,868.24,72.97915068493151,3.4735068493150685,15.89427397260274,,61.24
402342099143300,2019,40.39436388888889,-99.24273333333332,2261.52,109.83578896468768,9.81704109589041,868.24,72.97915068493151,3.4735068493150685,15.89427397260274,,115.97
402423099152001,2019,40.40643361111111,-99.2555336111111,2261.86,99.05809361997176,9.81704109589041,868.24,72.97915068493151,3.4735068493150685,15.89427397260274,,96.61
402200099160700,2019,40.3669,-99.267175,2280.22,147.26558156924705,9.81704109589041,868.24,72.97915068493151,3.4735068493150685,15.89427397260274,,149.67
402532099222601,2019,40.42564361111111,-99.37401277777776,2312.94,112.3022251441957,9.81704109589041,868.24,72.97915068493151,3.4735068493150685,15.89427397260274,,98.65
402532099222602,2019,40.42564361111111,-99.37401277777776,2312.94,112.3022251441957,9.81704109589041,868.24,72.97915068493151,3.4735068493150685,15.89427397260274,,104.29
402320099231001,2019,40.38914722222222,-99.38615277777778,2384.17,192.40481939211236,9.81704109589041,868.24,72.97915068493151,3.4735068493150685,15.89427397260274,,214.56
402326099185300,2019,40.390366666666665,-99.31649722222222,2306.56,147.88142843226265,9.81704109589041,868.24,72.97915068493151,3.4735068493150685,15.89427397260274,,151.11
402115099213100,2019,40.35468888888889,-99.35943333333331,2345.58,197.0218918974573,9.81704109589041,868.24,72.97915068493151,3.4735068493150685,15.89427397260274,,203.54
402435099262900,2019,40.40768055555555,-99.44083333333332,2405.19,184.26156283292545,9.81704109589041,868.24,72.97915068493151,3.4735068493150685,15.89427397260274,,206.92
402406099311800,2019,40.40154444444444,-99.52104166666666,2406.07,167.767072514935,9.81704109589041,868.24,72.97915068493151,3.4735068493150685,15.89427397260274,,182.86
402334099293301,2019,40.392735555555554,-99.49248916666669,2343.83,152.46280470408166,9.81704109589041,868.24,72.97915068493151,3.4735068493150685,15.89427397260274,,138.98
402334099293302,2019,40.392735555555554,-99.49248916666669,2343.83,152.46280470408166,9.81704109589041,868.24,72.97915068493151,3.4735068493150685,15.89427397260274,,139.06
402159099301600,2019,40.3649,-99.50220555555556,2377.49,169.0258495072958,9.81704109589041,868.24,72.97915068493151,3.4735068493150685,15.89427397260274,,182.51
402107099262000,2019,40.35080555555556,-99.43768055555556,2363.91,196.3184324725816,9.81704109589041,868.24,72.97915068493151,3.4735068493150685,15.89427397260274,,199.55
402609099350800,2019,40.43199166666666,-99.58200277777776,2443.0,160.38224658173928,9.81704109589041,868.24,72.97915068493151,3.4735068493150685,15.89427397260274,,174.44
402458099344401,2019,40.41608027777777,-99.57890388888887,2426.49,156.0176411773475,9.81704109589041,868.24,72.97915068493151,3.4735068493150685,15.89427397260274,,173.76
402458099344402,2019,40.41608027777777,-99.57890388888887,2426.49,156.0176411773475,9.81704109589041,868.24,72.97915068493151,3.4735068493150685,15.89427397260274,,173.58
402404099383400,2019,40.40166972222222,-99.64190722222224,2363.94,90.95207246333412,9.81704109589041,868.24,72.97915068493151,3.4735068493150685,15.89427397260274,,87.22
402233099341700,2019,40.376269444444446,-99.57279166666666,2335.32,110.6750203560634,9.81704109589041,868.24,72.97915068493151,3.4735068493150685,15.89427397260274,,112.91
402853099135101,2019,40.48150472222223,-99.23095833333332,2247.07,32.180434160681365,9.81704109589041,868.24,72.97915068493151,3.4735068493150685,15.89427397260274,,33.15
402853099135102,2019,40.48150472222223,-99.23095833333332,2247.07,32.180434160681365,9.81704109589041,868.24,72.97915068493151,3.4735068493150685,15.89427397260274,,32.96
402854099213801,2019,40.48158305555556,-99.36045888888889,2315.4,55.78188742390306,9.81704109589041,868.24,72.97915068493151,3.4735068493150685,15.89427397260274,,56.96
402854099213802,2019,40.48158305555556,-99.36045888888889,2315.4,55.78188742390306,9.81704109589041,868.24,72.97915068493151,3.4735068493150685,15.89427397260274,,57.06
402636099271801,2019,40.44343083333333,-99.45505,2362.54,134.84137315872968,9.81704109589041,868.24,72.97915068493151,3.4735068493150685,15.89427397260274,,135.08
402636099271802,2019,40.44343083333333,-99.45505,2362.54,134.84137315872968,9.81704109589041,868.24,72.97915068493151,3.4735068493150685,15.89427397260274,,136.38
402906099342201,2019,40.485083333333336,-99.57288888888888,2458.82,142.2349934289034,9.81704109589041,868.24,72.97915068493151,3.4735068493150685,15.89427397260274,,150.65
402813099382100,2019,40.46941944444445,-99.63914166666667,2473.68,146.37260665889454,9.81704109589041,868.24,72.97915068493151,3.4735068493150685,15.89427397260274,,156.2
402756099320601,2019,40.46654722222223,-99.53547222222224,2446.36,151.47777415162028,9.81704109589041,868.24,72.97915068493151,3.4735068493150685,15.89427397260274,,165.63
402649099350601,2019,40.44692,-99.58488888888888,2428.0,153.39816608049682,9.81704109589041,868.24,72.97915068493151,3.4735068493150685,15.89427397260274,,149.82
402649099350602,2019,40.44692,-99.58488888888888,2428.0,153.39816608049682,9.81704109589041,868.24,72.97915068493151,3.4735068493150685,15.89427397260274,,150.66
403408099130501,2019,40.56878722222223,-99.21816944444444,2216.56,25.340150682993897,9.81704109589041,868.24,72.97915068493151,3.4735068493150685,15.89427397260274,,18.67
403408099130502,2019,40.56878722222223,-99.21816944444444,2216.56,25.340150682993897,9.81704109589041,868.24,72.97915068493151,3.4735068493150685,15.89427397260274,,18.79
403645099242701,2019,40.61264497222222,-99.40752011111113,2297.96,19.90245280435333,9.81704109589041,868.24,72.97915068493151,3.4735068493150685,15.89427397260274,,23.68
403645099242702,2019,40.61264497222222,-99.40752011111113,2297.96,19.90245280435333,9.81704109589041,868.24,72.97915068493151,3.4735068493150685,15.89427397260274,,24.09
403350099282701,2019,40.56375277777777,-99.47419805555556,2351.95,22.36582224432147,9.81704109589041,868.24,72.97915068493151,3.4735068493150685,15.89427397260274,,18.77
403350099282702,2019,40.56375277777777,-99.47419805555556,2351.95,22.36582224432147,9.81704109589041,868.24,72.97915068493151,3.4735068493150685,15.89427397260274,,18.8
403315099351501,2019,40.554270555555554,-99.58744083333332,2447.59,83.25436068200196,9.81704109589041,868.24,72.97915068493151,3.4735068493150685,15.89427397260274,,75.05
403315099351502,2019,40.554270555555554,-99.58744083333332,2447.59,83.25436068200196,9.81704109589041,868.24,72.97915068493151,3.4735068493150685,15.89427397260274,,76.35
403738099181101,2019,40.62740444444445,-99.30320513888888,2241.2,18.787993766706627,9.81704109589041,868.24,72.97915068493151,3.4735068493150685,15.89427397260274,,20.69
403738099181102,2019,40.62740444444445,-99.30320513888888,2241.2,18.787993766706627,9.81704109589041,868.24,72.97915068493151,3.4735068493150685,15.89427397260274,,20.59
403831099173501,2019,40.642178,-99.29327591666666,2229.47,16.255458244700055,9.81704109589041,868.24,72.97915068493151,3.4735068493150685,15.89427397260274,,12.81
403831099173502,2019,40.642178,-99.29327591666666,2229.47,16.255458244700055,9.81704109589041,868.24,72.97915068493151,3.4735068493150685,15.89427397260274,,13.26
403710099104601,2019,40.6195145,-99.17947241666668,2193.97,22.37346904043925,9.81704109589041,868.24,72.97915068493151,3.4735068493150685,15.89427397260274,,17.46
403710099104602,2019,40.6195145,-99.17947241666668,2193.97,22.37346904043925,9.81704109589041,868.24,72.97915068493151,3.4735068493150685,15.89427397260274,,17.27
403903099214301,2019,40.650864722222224,-99.3618686111111,2248.47,9.318274193296563,9.81704109589041,868.24,72.97915068493151,3.4735068493150685,15.89427397260274,,9.87
403903099214302,2019,40.650864722222224,-99.3618686111111,2248.47,9.318274193296563,9.81704109589041,868.24,72.97915068493151,3.4735068493150685,15.89427397260274,,9.67
404006099282401,2019,40.66854833333333,-99.4734825,2280.04,4.645621256941642,9.81704109589041,868.24,72.97915068493151,3.4735068493150685,15.89427397260274,,3.16
403927099293501,2019,40.65755805555556,-99.49321666666668,2297.65,11.463469494997698,9.81704109589041,868.24,72.97915068493151,3.4735068493150685,15.89427397260274,,10.03
403949099293501,2019,40.66383277777778,-99.49320805555556,2291.23,8.868032679907028,9.81704109589041,868.24,72.97915068493151,3.4735068493150685,15.89427397260274,,6.46
403959099282801,2019,40.66638638888889,-99.47439194444443,2282.17,5.252008355047044,9.81704109589041,868.24,72.97915068493151,3.4735068493150685,15.89427397260274,,4.61
403959099282802,2019,40.66638638888889,-99.47439194444443,2282.17,5.252008355047044,9.81704109589041,868.24,72.97915068493151,3.4735068493150685,15.89427397260274,,4.54
403832099293501,2019,40.64230694444444,-99.49321833333332,2322.16,20.42266163777942,9.81704109589041,868.24,72.97915068493151,3.4735068493150685,15.89427397260274,,22.15
403739099293601,2019,40.62758555555556,-99.49344,2356.31,26.75779499706237,9.81704109589041,868.24,72.97915068493151,3.4735068493150685,15.89427397260274,,32.6
404033099373001,2019,40.67593911111111,-99.62515633333332,2339.74,19.81920337327012,9.81704109589041,868.24,72.97915068493151,3.4735068493150685,15.89427397260274,,9.2
404040099383501,2019,40.67796833333333,-99.64313333333334,2346.64,28.146301403691595,9.81704109589041,868.24,72.97915068493151,3.4735068493150685,15.89427397260274,,11.92
404059099383501,2019,40.68328583333333,-99.64316027777778,2343.11,22.11389825721499,9.81704109589041,868.24,72.97915068493151,3.4735068493150685,15.89427397260274,,15.3
404102099373001,2019,40.68405933333333,-99.62523716666666,2334.85,12.164466982176878,9.81704109589041,868.24,72.97915068493151,3.4735068493150685,15.89427397260274,,10.67
404102099373002,2019,40.68405933333333,-99.62523716666666,2334.85,12.164466982176878,9.81704109589041,868.24,72.97915068493151,3.4735068493150685,15.89427397260274,,8.64
403946099383201,2019,40.66301611111111,-99.64228555555556,2446.94,62.74792574488534,9.81704109589041,868.24,72.97915068493151,3.4735068493150685,15.89427397260274,,97.82
402835099281401,2008,40.47235556,-99.4740667,2369.23,99.21663512369956,9.928142076502732,875.2,67.25486338797813,3.6044262295081966,16.340491803278688,,95.0
402835099281401,2008,40.47235556,-99.4740667,2369.23,99.21663512369956,9.928142076502732,875.2,67.25486338797813,3.6044262295081966,16.340491803278688,,98.11
402835099281401,2009,40.47235556,-99.4740667,2369.23,98.67981345239404,9.77372602739726,654.45,68.90076712328766,3.458410958904109,15.795123287671233,,93.84
402835099281401,2009,40.47235556,-99.4740667,2369.23,98.67981345239404,9.77372602739726,654.45,68.90076712328766,3.458410958904109,15.795123287671233,,97.79
402835099281401,2010,40.47235556,-99.4740667,2369.23,98.12047787352914,10.826602739726027,732.57,68.62682191780821,3.4420821917808215,16.382575342465753,,94.24
402835099281401,2010,40.47235556,-99.4740667,2369.23,98.12047787352914,10.826602739726027,732.57,68.62682191780821,3.4420821917808215,16.382575342465753,,95.08
402835099281401,2011,40.47235556,-99.4740667,2369.23,95.34794510487214,10.774520547945205,719.81,64.5308493150685,3.4391506849315068,15.93164383561644,,91.88
402835099281401,2011,40.47235556,-99.4740667,2369.23,95.34794510487214,10.774520547945205,719.81,64.5308493150685,3.4391506849315068,15.93164383561644,,92.26
402900099150901,2008,40.48334518,-99.2528722,2243.11,23.80555331699428,9.928142076502732,875.2,67.25486338797813,3.6044262295081966,16.340491803278688,,20.28
402900099150901,2008,40.48334518,-99.2528722,2243.11,23.80555331699428,9.928142076502732,875.2,67.25486338797813,3.6044262295081966,16.340491803278688,,18.95
402900099150901,2009,40.48334518,-99.2528722,2243.11,23.75579519820477,9.77372602739726,654.45,68.90076712328766,3.458410958904109,15.795123287671233,,18.94
402900099150901,2009,40.48334518,-99.2528722,2243.11,23.75579519820477,9.77372602739726,654.45,68.90076712328766,3.458410958904109,15.795123287671233,,20.28
402900099150901,2010,40.48334518,-99.2528722,2243.11,22.499097548081785,10.826602739726027,732.57,68.62682191780821,3.4420821917808215,16.382575342465753,,19.05
402900099150901,2010,40.48334518,-99.2528722,2243.11,22.499097548081785,10.826602739726027,732.57,68.62682191780821,3.4420821917808215,16.382575342465753,,17.45
402900099150901,2011,40.48334518,-99.2528722,2243.11,20.69169463258706,10.774520547945205,719.81,64.5308493150685,3.4391506849315068,15.93164383561644,,17.25
402900099150901,2011,40.48334518,-99.2528722,2243.11,20.69169463258706,10.774520547945205,719.81,64.5308493150685,3.4391506849315068,15.93164383561644,,16.42
403322099254102,2008,40.554275,-99.4303056,2335.12,17.00223201540387,9.928142076502732,875.2,67.25486338797813,3.6044262295081966,16.340491803278688,,16.84
403322099254102,2008,40.554275,-99.4303056,2335.12,17.00223201540387,9.928142076502732,875.2,67.25486338797813,3.6044262295081966,16.340491803278688,,16.08
403322099254102,2009,40.554275,-99.4303056,2335.12,16.027355578410905,9.77372602739726,654.45,68.90076712328766,3.458410958904109,15.795123287671233,,15.72
403322099254102,2009,40.554275,-99.4303056,2335.12,16.027355578410905,9.77372602739726,654.45,68.90076712328766,3.458410958904109,15.795123287671233,,15.54
403322099254102,2010,40.554275,-99.4303056,2335.12,14.010226439814646,10.826602739726027,732.57,68.62682191780821,3.4420821917808215,16.382575342465753,,14.18
403322099254102,2010,40.554275,-99.4303056,2335.12,14.010226439814646,10.826602739726027,732.57,68.62682191780821,3.4420821917808215,16.382575342465753,,13.07
403322099254102,2011,40.554275,-99.4303056,2335.12,13.674159290966754,10.774520547945205,719.81,64.5308493150685,3.4391506849315068,15.93164383561644,,15.02
403322099254102,2011,40.554275,-99.4303056,2335.12,13.674159290966754,10.774520547945205,719.81,64.5308493150685,3.4391506849315068,15.93164383561644,,10.15
403322099264902,2008,40.55435556,-99.4489917,2343.0,16.170409453947347,9.928142076502732,875.2,67.25486338797813,3.6044262295081966,16.340491803278688,,14.44
403322099264902,2008,40.55435556,-99.4489917,2343.0,16.170409453947347,9.928142076502732,875.2,67.25486338797813,3.6044262295081966,16.340491803278688,,13.86
403322099264902,2009,40.55435556,-99.4489917,2343.0,14.952738202468996,9.77372602739726,654.45,68.90076712328766,3.458410958904109,15.795123287671233,,13.54
403322099264902,2009,40.55435556,-99.4489917,2343.0,14.952738202468996,9.77372602739726,654.45,68.90076712328766,3.458410958904109,15.795123287671233,,13.2
403322099264902,2010,40.55435556,-99.4489917,2343.0,13.456500713784742,10.826602739726027,732.57,68.62682191780821,3.4420821917808215,16.382575342465753,,12.78
403322099264902,2010,40.55435556,-99.4489917,2343.0,13.456500713784742,10.826602739726027,732.57,68.62682191780821,3.4420821917808215,16.382575342465753,,11.22
403322099264902,2011,40.55435556,-99.4489917,2343.0,13.160301318206937,10.774520547945205,719.81,64.5308493150685,3.4391506849315068,15.93164383561644,,12.25
403322099264902,2011,40.55435556,-99.4489917,2343.0,13.160301318206937,10.774520547945205,719.81,64.5308493150685,3.4391506849315068,15.93164383561644,,10.98
403810099281401,2008,40.62765278,-99.4742917,2324.54,23.231877302194945,9.928142076502732,875.2,67.25486338797813,3.6044262295081966,16.340491803278688,,21.7
403810099281401,2008,40.62765278,-99.4742917,2324.54,23.231877302194945,9.928142076502732,875.2,67.25486338797813,3.6044262295081966,16.340491803278688,,22.3
403810099281401,2009,40.62765278,-99.4742917,2324.54,22.89911577778434,9.77372602739726,654.45,68.90076712328766,3.458410958904109,15.795123287671233,,20.4
403810099281401,2009,40.62765278,-99.4742917,2324.54,22.89911577778434,9.77372602739726,654.45,68.90076712328766,3.458410958904109,15.795123287671233,,22.6
403810099281401,2010,40.62765278,-99.4742917,2324.54,20.1538865970093,10.826602739726027,732.57,68.62682191780821,3.4420821917808215,16.382575342465753,,19.7
403810099281401,2010,40.62765278,-99.4742917,2324.54,20.1538865970093,10.826602739726027,732.57,68.62682191780821,3.4420821917808215,16.382575342465753,,19.2
403810099281401,2011,40.62765278,-99.4742917,2324.54,20.09926136067842,10.774520547945205,719.81,64.5308493150685,3.4391506849315068,15.93164383561644,,19.4
403810099281401,2011,40.62765278,-99.4742917,2324.54,20.09926136067842,10.774520547945205,719.81,64.5308493150685,3.4391506849315068,15.93164383561644,,19.28
402110099140001,2020,40.351999,-99.2329232,2283.76,151.57821856678922,11.539398907103825,434.29,62.598606557377046,3.5709562841530054,16.58270491803279,,166.5
402124099201601,2020,40.3563466,-99.3403749,2318.47,182.7139184579855,11.539398907103825,434.29,62.598606557377046,3.5709562841530054,16.58270491803279,,180.5
402716099212401,2020,40.4529071,-99.3592878,2307.74,74.8527678847685,11.539398907103825,434.29,62.598606557377046,3.5709562841530054,16.58270491803279,,68.1
402952099114401,2020,40.4961238363889,-99.1985012,2246.17,32.43539568555683,11.539398907103825,434.29,62.598606557377046,3.5709562841530054,16.58270491803279,,35.88
402952099161701,2020,40.49624602,-99.2746825,2255.28,23.0564722798038,11.539398907103825,434.29,62.598606557377046,3.5709562841530054,16.58270491803279,,18.67
403138099190801,2020,40.5255972,-99.3224515,2277.27,21.55263938224052,11.539398907103825,434.29,62.598606557377046,3.5709562841530054,16.58270491803279,,21.9
403138099235801,2020,40.5255500233333,-99.399115,2328.14,26.899106136293817,11.539398907103825,434.29,62.598606557377046,3.5709562841530054,16.58270491803279,,23.8
403322099201601,2020,40.5547811,-99.3416484,2267.67,10.58127532893564,11.539398907103825,434.29,62.598606557377046,3.5709562841530054,16.58270491803279,,2.85
403348099114401,2020,40.5613598133333,-99.1983188,2236.17,28.63506138639517,11.539398907103825,434.29,62.598606557377046,3.5709562841530054,16.58270491803279,,37.01
403453099141801,2020,40.58307501,-99.2365144,2255.34,33.35813816817572,11.539398907103825,434.29,62.598606557377046,3.5709562841530054,16.58270491803279,,47.97
403453099190801,2020,40.5807096794444,-99.3229107,2282.14,23.80286850983113,11.539398907103825,434.29,62.598606557377046,3.5709562841530054,16.58270491803279,,36.26
403507099234101,2020,40.5836771413889,-99.3985091,2295.65,10.539865061173808,11.539398907103825,434.29,62.598606557377046,3.5709562841530054,16.58270491803279,,9.91
403520099201601,2020,40.5886101475,-99.3416473,2265.95,14.060911704390248,11.539398907103825,434.29,62.598606557377046,3.5709562841530054,16.58270491803279,,13.1
403915099190801,2020,40.6573434,-99.3214291,2234.03,11.062033513846997,11.539398907103825,434.29,62.598606557377046,3.5709562841530054,16.58270491803279,,7.6
403123099261501,2020,40.52446389,-99.436875,2361.96,38.0231177106056,11.539398907103825,434.29,62.598606557377046,3.5709562841530054,16.58270491803279,,37.85
403125099295701,2020,40.5247252,-99.4992246,2402.13,69.5565394192368,11.539398907103825,434.29,62.598606557377046,3.5709562841530054,16.58270491803279,,61.9
403217099312001,2020,40.5392815,-99.5207383,2451.89,84.43975980823072,11.539398907103825,434.29,62.598606557377046,3.5709562841530054,16.58270491803279,,98.2
403309099250701,2020,40.5543784,-99.4199673,2322.67,13.19232537945144,11.539398907103825,434.29,62.598606557377046,3.5709562841530054,16.58270491803279,,9.38
403309099281401,2020,40.5521635,-99.4737128,2354.64,21.722104642391784,11.539398907103825,434.29,62.598606557377046,3.5709562841530054,16.58270491803279,,10.23
403322099304801,2020,40.5542755075,-99.5122815,2411.43,59.1708820631816,11.539398907103825,434.29,62.598606557377046,3.5709562841530054,16.58270491803279,,55.59
403322099371801,2020,40.5557047,-99.6247601,2465.78,84.66666006243868,11.539398907103825,434.29,62.598606557377046,3.5709562841530054,16.58270491803279,,74.9
403506099350101,2020,40.5833317,-99.5866221,2484.33,87.10270936717545,11.539398907103825,434.29,62.598606557377046,3.5709562841530054,16.58270491803279,,100.7
403646099293301,2020,40.6127772,-99.4935704,2354.25,23.60099162158689,11.539398907103825,434.29,62.598606557377046,3.5709562841530054,16.58270491803279,,17.4
403730099373501,2020,40.6268217,-99.6246292,2471.08,82.79919707599839,11.539398907103825,434.29,62.598606557377046,3.5709562841530054,16.58270491803279,,86.68
403822099324501,2020,40.6415361,-99.5482644,2377.53,35.805058993993725,11.539398907103825,434.29,62.598606557377046,3.5709562841530054,16.58270491803279,,40.13
403902099313701,2020,40.6483999,-99.5291531,2345.9,27.241543701235084,11.539398907103825,434.29,62.598606557377046,3.5709562841530054,16.58270491803279,,32.5
403928099333601,2020,40.6571948,-99.5612991,2355.41,23.072210597077834,11.539398907103825,434.29,62.598606557377046,3.5709562841530054,16.58270491803279,,35.7
403928099371801,2020,40.655954,-99.6202609,2432.98,62.76011891507306,11.539398907103825,434.29,62.598606557377046,3.5709562841530054,16.58270491803279,,81.18
403941099331901,2020,40.66044972,-99.55637462,2347.21,17.098634478662294,11.539398907103825,434.29,62.598606557377046,3.5709562841530054,16.58270491803279,,4.7
403941099342701,2020,40.6636923,-99.5766538,2326.71,14.657925481684291,11.539398907103825,434.29,62.598606557377046,3.5709562841530054,16.58270491803279,,8.09
403954099335301,2020,40.6640455,-99.5668126,2327.34,13.508365438349028,11.539398907103825,434.29,62.598606557377046,3.5709562841530054,16.58270491803279,,11.3
404007099294001,2020,40.6709022,-99.4936146,2290.54,7.0390015998109705,11.539398907103825,434.29,62.598606557377046,3.5709562841530054,16.58270491803279,,5.9
404007099351901,2020,40.6709256,-99.5865622,2322.26,10.057327243697806,11.539398907103825,434.29,62.598606557377046,3.5709562841530054,16.58270491803279,,6.39
404020099355301,2020,40.6710839,-99.5961084,2326.91,13.822286097907146,11.539398907103825,434.29,62.598606557377046,3.5709562841530054,16.58270491803279,,6.67
402107099262000,2020,40.35080555555556,-99.43768055555556,2363.91,194.65560008564947,11.539398907103825,434.29,62.598606557377046,3.5709562841530054,16.58270491803279,,196.3
402115099213100,2020,40.35468888888889,-99.35943333333331,2345.58,196.66432728691512,11.539398907103825,434.29,62.598606557377046,3.5709562841530054,16.58270491803279,,202.4
402159099301600,2020,40.3649,-99.50220555555556,2377.49,169.44267524739993,11.539398907103825,434.29,62.598606557377046,3.5709562841530054,16.58270491803279,,180.9
402200099160700,2020,40.3669,-99.267175,2280.22,145.08597443511565,11.539398907103825,434.29,62.598606557377046,3.5709562841530054,16.58270491803279,,146.82
402233099341700,2020,40.376269444444446,-99.57279166666666,2335.32,125.56691471955034,11.539398907103825,434.29,62.598606557377046,3.5709562841530054,16.58270491803279,,111.75
402320099231001,2020,40.38914722222222,-99.38615277777778,2384.17,193.9541345420029,11.539398907103825,434.29,62.598606557377046,3.5709562841530054,16.58270491803279,,213.37
402326099185300,2020,40.390366666666665,-99.31649722222222,2306.56,144.50455911260858,11.539398907103825,434.29,62.598606557377046,3.5709562841530054,16.58270491803279,,149.42
402334099293301,2020,40.392735555555554,-99.49248916666669,2343.83,150.31688604568836,11.539398907103825,434.29,62.598606557377046,3.5709562841530054,16.58270491803279,,136.85
402334099293302,2020,40.392735555555554,-99.49248916666669,2343.83,150.31688604568836,11.539398907103825,434.29,62.598606557377046,3.5709562841530054,16.58270491803279,,137.1
402342099143300,2020,40.39436388888889,-99.24273333333332,2261.52,107.92820729060956,11.539398907103825,434.29,62.598606557377046,3.5709562841530054,16.58270491803279,,112.97
402404099383400,2020,40.40166972222222,-99.64190722222224,2363.94,97.64671520193284,11.539398907103825,434.29,62.598606557377046,3.5709562841530054,16.58270491803279,,85.58
402406099311800,2020,40.40154444444444,-99.52104166666666,2406.07,170.71693745804257,11.539398907103825,434.29,62.598606557377046,3.5709562841530054,16.58270491803279,,181.25
402421099112000,2020,40.40549166666666,-99.18921666666668,2216.62,67.00759143027855,11.539398907103825,434.29,62.598606557377046,3.5709562841530054,16.58270491803279,,57.35
402423099152001,2020,40.40643361111111,-99.2555336111111,2261.86,95.63720092807932,11.539398907103825,434.29,62.598606557377046,3.5709562841530054,16.58270491803279,,92.61
402435099262900,2020,40.40768055555555,-99.44083333333332,2405.19,184.86944654908697,11.539398907103825,434.29,62.598606557377046,3.5709562841530054,16.58270491803279,,205.23
402458099344401,2020,40.41608027777777,-99.57890388888887,2426.49,165.28858052601802,11.539398907103825,434.29,62.598606557377046,3.5709562841530054,16.58270491803279,,172.4
402458099344402,2020,40.41608027777777,-99.57890388888887,2426.49,165.28858052601802,11.539398907103825,434.29,62.598606557377046,3.5709562841530054,16.58270491803279,,172.34
402513099164801,2020,40.42006111111111,-99.27985277777778,2278.97,83.4351401212093,11.539398907103825,434.29,62.598606557377046,3.5709562841530054,16.58270491803279,,77.61
402532099222602,2020,40.42564361111111,-99.37401277777776,2312.94,114.66650265626794,11.539398907103825,434.29,62.598606557377046,3.5709562841530054,16.58270491803279,,100.92
402609099350800,2020,40.43199166666666,-99.58200277777776,2443.0,163.99083465694378,11.539398907103825,434.29,62.598606557377046,3.5709562841530054,16.58270491803279,,173.09
402630099305500,2020,40.44133611111111,-99.51204166666666,2426.38,166.38357927319785,11.539398907103825,434.29,62.598606557377046,3.5709562841530054,16.58270491803279,,174.8
402636099271801,2020,40.44343083333333,-99.45505,2362.54,135.52409461050257,11.539398907103825,434.29,62.598606557377046,3.5709562841530054,16.58270491803279,,134.2
402636099271802,2020,40.44343083333333,-99.45505,2362.54,135.52409461050257,11.539398907103825,434.29,62.598606557377046,3.5709562841530054,16.58270491803279,,132.89
402649099350601,2020,40.44692,-99.58488888888888,2428.0,152.76579265844373,11.539398907103825,434.29,62.598606557377046,3.5709562841530054,16.58270491803279,,148.0
402649099350602,2020,40.44692,-99.58488888888888,2428.0,152.76579265844373,11.539398907103825,434.29,62.598606557377046,3.5709562841530054,16.58270491803279,,148.89
402756099320601,2020,40.46654722222223,-99.53547222222224,2446.36,157.5073183305617,11.539398907103825,434.29,62.598606557377046,3.5709562841530054,16.58270491803279,,163.96
402813099382100,2020,40.46941944444445,-99.63914166666667,2473.68,140.66432142990615,11.539398907103825,434.29,62.598606557377046,3.5709562841530054,16.58270491803279,,153.1
402853099135101,2020,40.48150472222223,-99.23095833333332,2247.07,31.07924422267845,11.539398907103825,434.29,62.598606557377046,3.5709562841530054,16.58270491803279,,31.72
402853099135102,2020,40.48150472222223,-99.23095833333332,2247.07,31.07924422267845,11.539398907103825,434.29,62.598606557377046,3.5709562841530054,16.58270491803279,,31.5
402854099213801,2020,40.48158305555556,-99.36045888888889,2315.4,54.91907165661799,11.539398907103825,434.29,62.598606557377046,3.5709562841530054,16.58270491803279,,55.99
402854099213802,2020,40.48158305555556,-99.36045888888889,2315.4,54.91907165661799,11.539398907103825,434.29,62.598606557377046,3.5709562841530054,16.58270491803279,,57.56
402906099342201,2020,40.485083333333336,-99.57288888888888,2458.82,143.54811167810726,11.539398907103825,434.29,62.598606557377046,3.5709562841530054,16.58270491803279,,148.1
403315099351501,2020,40.554270555555554,-99.58744083333332,2447.59,79.9006740261995,11.539398907103825,434.29,62.598606557377046,3.5709562841530054,16.58270491803279,,71.15
403315099351502,2020,40.554270555555554,-99.58744083333332,2447.59,79.9006740261995,11.539398907103825,434.29,62.598606557377046,3.5709562841530054,16.58270491803279,,73.79
403350099282701,2020,40.56375277777777,-99.47419805555556,2351.95,19.52352947561262,11.539398907103825,434.29,62.598606557377046,3.5709562841530054,16.58270491803279,,17.1
403350099282702,2020,40.56375277777777,-99.47419805555556,2351.95,19.52352947561262,11.539398907103825,434.29,62.598606557377046,3.5709562841530054,16.58270491803279,,17.18
403408099130501,2020,40.56878722222223,-99.21816944444444,2216.56,20.599195294804662,11.539398907103825,434.29,62.598606557377046,3.5709562841530054,16.58270491803279,,14.49
403408099130502,2020,40.56878722222223,-99.21816944444444,2216.56,20.599195294804662,11.539398907103825,434.29,62.598606557377046,3.5709562841530054,16.58270491803279,,15.11
403645099242701,2020,40.61264497222222,-99.40752011111113,2297.96,15.61984781943263,11.539398907103825,434.29,62.598606557377046,3.5709562841530054,16.58270491803279,,19.23
403645099242702,2020,40.61264497222222,-99.40752011111113,2297.96,15.61984781943263,11.539398907103825,434.29,62.598606557377046,3.5709562841530054,16.58270491803279,,19.97
403710099104601,2020,40.6195145,-99.17947241666668,2193.97,18.96497181159721,11.539398907103825,434.29,62.598606557377046,3.5709562841530054,16.58270491803279,,14.0
403710099104602,2020,40.6195145,-99.17947241666668,2193.97,18.96497181159721,11.539398907103825,434.29,62.598606557377046,3.5709562841530054,16.58270491803279,,14.41
403738099181101,2020,40.62740444444445,-99.30320513888888,2241.2,14.794919477488408,11.539398907103825,434.29,62.598606557377046,3.5709562841530054,16.58270491803279,,16.15
403738099181102,2020,40.62740444444445,-99.30320513888888,2241.2,14.794919477488408,11.539398907103825,434.29,62.598606557377046,3.5709562841530054,16.58270491803279,,16.09
403739099293601,2020,40.62758555555556,-99.49344,2356.31,25.573002714620976,11.539398907103825,434.29,62.598606557377046,3.5709562841530054,16.58270491803279,,32.65
403831099173501,2020,40.642178,-99.29327591666666,2229.47,12.679755558239451,11.539398907103825,434.29,62.598606557377046,3.5709562841530054,16.58270491803279,,10.02
403831099173502,2020,40.642178,-99.29327591666666,2229.47,12.679755558239451,11.539398907103825,434.29,62.598606557377046,3.5709562841530054,16.58270491803279,,10.5
403832099293501,2020,40.64230694444444,-99.49321833333332,2322.16,20.068428864531032,11.539398907103825,434.29,62.598606557377046,3.5709562841530054,16.58270491803279,,22.15
403903099214301,2020,40.650864722222224,-99.3618686111111,2248.47,8.457859832294439,11.539398907103825,434.29,62.598606557377046,3.5709562841530054,16.58270491803279,,7.96
403903099214302,2020,40.650864722222224,-99.3618686111111,2248.47,8.457859832294439,11.539398907103825,434.29,62.598606557377046,3.5709562841530054,16.58270491803279,,7.79
403927099293501,2020,40.65755805555556,-99.49321666666668,2297.65,11.656517320129026,11.539398907103825,434.29,62.598606557377046,3.5709562841530054,16.58270491803279,,10.62
403946099383201,2020,40.66301611111111,-99.64228555555556,2446.94,65.09447990714538,11.539398907103825,434.29,62.598606557377046,3.5709562841530054,16.58270491803279,,96.57
403949099293501,2020,40.66383277777778,-99.49320805555556,2291.23,9.225328840215733,11.539398907103825,434.29,62.598606557377046,3.5709562841530054,16.58270491803279,,7.21
403959099282801,2020,40.66638638888889,-99.47439194444443,2282.17,5.812541901441977,11.539398907103825,434.29,62.598606557377046,3.5709562841530054,16.58270491803279,,5.28
403959099282802,2020,40.66638638888889,-99.47439194444443,2282.17,5.812541901441977,11.539398907103825,434.29,62.598606557377046,3.5709562841530054,16.58270491803279,,5.12
404006099282401,2020,40.66854833333333,-99.4734825,2280.04,5.369138191514227,11.539398907103825,434.29,62.598606557377046,3.5709562841530054,16.58270491803279,,4.0
404033099373001,2020,40.67593911111111,-99.62515633333332,2339.74,22.47618875957389,11.539398907103825,434.29,62.598606557377046,3.5709562841530054,16.58270491803279,,9.38
404040099383501,2020,40.67796833333333,-99.64313333333334,2346.64,27.67656783553655,11.539398907103825,434.29,62.598606557377046,3.5709562841530054,16.58270491803279,,11.98
404059099383501,2020,40.68328583333333,-99.64316027777778,2343.11,21.323579311075218,11.539398907103825,434.29,62.598606557377046,3.5709562841530054,16.58270491803279,,15.55
404102099373001,2020,40.68405933333333,-99.62523716666666,2334.85,13.064398292721444,11.539398907103825,434.29,62.598606557377046,3.5709562841530054,16.58270491803279,,10.55
404102099373002,2020,40.68405933333333,-99.62523716666666,2334.85,13.064398292721444,11.539398907103825,434.29,62.598606557377046,3.5709562841530054,16.58270491803279,,8.8
403029099130401,2020,40.508164,-99.217889,2229.8,21.562665284313965,11.539398907103825,434.29,62.598606557377046,3.5709562841530054,16.58270491803279,,16.1
403322099201601,2021,40.5547811,-99.3416484,2267.67,11.369309516507066,11.854109589041096,675.54,63.413260273972604,3.3998082191780825,16.312,,4.18
404007099351901,2021,40.6709256,-99.5865622,2322.26,8.920583644680264,11.854109589041096,675.54,63.413260273972604,3.3998082191780825,16.312,,6.44
403941099331901,2021,40.66044972,-99.55637462,2347.21,17.716417074322475,11.854109589041096,675.54,63.413260273972604,3.3998082191780825,16.312,,7.1
403915099190801,2021,40.6573434,-99.3214291,2234.03,10.27986539151954,11.854109589041096,675.54,63.413260273972604,3.3998082191780825,16.312,,8.2
404020099355301,2021,40.6710839,-99.5961084,2326.91,11.413841566653218,11.854109589041096,675.54,63.413260273972604,3.3998082191780825,16.312,,8.32
403309099281401,2021,40.5521635,-99.4737128,2354.64,18.94030434974916,11.854109589041096,675.54,63.413260273972604,3.3998082191780825,16.312,,9.88
403941099342701,2021,40.6636923,-99.5766538,2326.71,15.383309884108565,11.854109589041096,675.54,63.413260273972604,3.3998082191780825,16.312,,11.0
403507099234101,2021,40.5836771413889,-99.3985091,2295.65,12.978812595038107,11.854109589041096,675.54,63.413260273972604,3.3998082191780825,16.312,,11.4
403309099250701,2021,40.5543784,-99.4199673,2322.67,15.837389691471827,11.854109589041096,675.54,63.413260273972604,3.3998082191780825,16.312,,11.63
403954099335301,2021,40.6640455,-99.5668126,2327.34,14.12727590025839,11.854109589041096,675.54,63.413260273972604,3.3998082191780825,16.312,,12.5
403520099201601,2021,40.5886101475,-99.3416473,2265.95,15.463900945607048,11.854109589041096,675.54,63.413260273972604,3.3998082191780825,16.312,,14.72
403646099293301,2021,40.6127772,-99.4935704,2354.25,25.55105510356953,11.854109589041096,675.54,63.413260273972604,3.3998082191780825,16.312,,16.75
403037099135301,2021,40.5105526386111,-99.2316379,2239.33,22.11544447134412,11.854109589041096,675.54,63.413260273972604,3.3998082191780825,16.312,,18.87
402853099104601,2021,40.4815796,-99.179559,2221.31,26.05637427058344,11.854109589041096,675.54,63.413260273972604,3.3998082191780825,16.312,,20.33
402919099104601,2021,40.4886216022222,-99.1795852,2229.35,26.059096345280256,11.854109589041096,675.54,63.413260273972604,3.3998082191780825,16.312,,21.86
402952099161701,2021,40.49624602,-99.2746825,2255.28,24.542925637349505,11.854109589041096,675.54,63.413260273972604,3.3998082191780825,16.312,,22.07
403138099190801,2021,40.5255972,-99.3224515,2277.27,22.59168944811942,11.854109589041096,675.54,63.413260273972604,3.3998082191780825,16.312,,23.2
403540099260001,2021,40.5946306,-99.4353739,2323.77,20.047316533343487,11.854109589041096,675.54,63.413260273972604,3.3998082191780825,16.312,,23.2
403138099235801,2021,40.5255500233333,-99.399115,2328.14,28.53559083309322,11.854109589041096,675.54,63.413260273972604,3.3998082191780825,16.312,,27.0
402853099152001,2021,40.4816481,-99.2557469,2251.06,28.566029743824924,11.854109589041096,675.54,63.413260273972604,3.3998082191780825,16.312,,27.22
403104099130201,2021,40.5179145,-99.2173248,2242.62,27.0573064139882,11.854109589041096,675.54,63.413260273972604,3.3998082191780825,16.312,,29.27
403037099111401,2021,40.5103457694444,-99.1873426,2237.5,31.00515614401711,11.854109589041096,675.54,63.413260273972604,3.3998082191780825,16.312,,32.72
402905099115301,2021,40.4848551,-99.1983097,2241.11,32.42459434153643,11.854109589041096,675.54,63.413260273972604,3.3998082191780825,16.312,,34.3
403928099333601,2021,40.6571948,-99.5612991,2355.41,24.65478627124017,11.854109589041096,675.54,63.413260273972604,3.3998082191780825,16.312,,37.0
402952099114401,2021,40.4961238363889,-99.1985012,2246.17,32.755377347433,11.854109589041096,675.54,63.413260273972604,3.3998082191780825,16.312,,37.47
403651099281401,2021,40.613021,-99.4747929,2345.39,28.734123309327853,11.854109589041096,675.54,63.413260273972604,3.3998082191780825,16.312,,38.0
403453099190801,2021,40.5807096794444,-99.3229107,2282.14,26.523143241608743,11.854109589041096,675.54,63.413260273972604,3.3998082191780825,16.312,,38.12
403348099114401,2021,40.5613598133333,-99.1983188,2236.17,30.313549923952465,11.854109589041096,675.54,63.413260273972604,3.3998082191780825,16.312,,38.66
403822099324501,2021,40.6415361,-99.5482644,2377.53,36.65760667008039,11.854109589041096,675.54,63.413260273972604,3.3998082191780825,16.312,,42.03
403123099261501,2021,40.52446389,-99.436875,2361.96,39.75283092388077,11.854109589041096,675.54,63.413260273972604,3.3998082191780825,16.312,,42.57
403453099141801,2021,40.58307501,-99.2365144,2255.34,35.53375380103482,11.854109589041096,675.54,63.413260273972604,3.3998082191780825,16.312,,48.57
402924099235501,2021,40.4901949,-99.398706,2336.37,53.6137418696471,11.854109589041096,675.54,63.413260273972604,3.3998082191780825,16.312,,51.85
403322099304801,2021,40.5542755075,-99.5122815,2411.43,57.77325778563474,11.854109589041096,675.54,63.413260273972604,3.3998082191780825,16.312,,56.04
403125099295701,2021,40.5247252,-99.4992246,2402.13,65.18266333321809,11.854109589041096,675.54,63.413260273972604,3.3998082191780825,16.312,,63.6
402716099212401,2021,40.4529071,-99.3592878,2307.74,71.66436952560471,11.854109589041096,675.54,63.413260273972604,3.3998082191780825,16.312,,69.5
403037099313401,2021,40.5104684,-99.5262137,2408.97,87.358522591726,11.854109589041096,675.54,63.413260273972604,3.3998082191780825,16.312,,74.5
403322099371801,2021,40.5557047,-99.6247601,2465.78,90.69213117959332,11.854109589041096,675.54,63.413260273972604,3.3998082191780825,16.312,,75.7
403928099371801,2021,40.655954,-99.6202609,2432.98,63.83995958476245,11.854109589041096,675.54,63.413260273972604,3.3998082191780825,16.312,,83.21
403730099373501,2021,40.6268217,-99.6246292,2471.08,85.8996157278996,11.854109589041096,675.54,63.413260273972604,3.3998082191780825,16.312,,86.68
403217099312001,2021,40.5392815,-99.5207383,2451.89,81.02750147725064,11.854109589041096,675.54,63.413260273972604,3.3998082191780825,16.312,,97.4
403506099350101,2021,40.5833317,-99.5866221,2484.33,87.74482600185209,11.854109589041096,675.54,63.413260273972604,3.3998082191780825,16.312,,100.9
402124099201601,2021,40.3563466,-99.3403749,2318.47,182.9652632612429,11.854109589041096,675.54,63.413260273972604,3.3998082191780825,16.312,,179.6
404006099282401,2021,40.66854833333333,-99.4734825,2280.04,0.7145522427145973,11.854109589041096,675.54,63.413260273972604,3.3998082191780825,16.312,,-2.7
403927099293501,2021,40.65755805555556,-99.49321666666668,2297.65,8.212134407395418,11.854109589041096,675.54,63.413260273972604,3.3998082191780825,16.312,,5.18
403949099293501,2021,40.66383277777778,-99.49320805555556,2291.23,5.7893947123891545,11.854109589041096,675.54,63.413260273972604,3.3998082191780825,16.312,,6.6
403832099293501,2021,40.64230694444444,-99.49321833333332,2322.16,19.303213745286424,11.854109589041096,675.54,63.413260273972604,3.3998082191780825,16.312,,18.73
403739099293601,2021,40.62758555555556,-99.49344,2356.31,27.661161056020635,11.854109589041096,675.54,63.413260273972604,3.3998082191780825,16.312,,31.14
404059099383501,2021,40.68328583333333,-99.64316027777778,2343.11,13.958424467179302,11.854109589041096,675.54,63.413260273972604,3.3998082191780825,16.312,,10.3
404040099383501,2021,40.67796833333333,-99.64313333333334,2346.64,20.22703071017459,11.854109589041096,675.54,63.413260273972604,3.3998082191780825,16.312,,7.86
403946099383201,2021,40.66301611111111,-99.64228555555556,2446.94,71.28446289281916,11.854109589041096,675.54,63.413260273972604,3.3998082191780825,16.312,,90.75
404033099373001,2021,40.67593911111111,-99.62515633333332,2339.74,15.329547531508018,11.854109589041096,675.54,63.413260273972604,3.3998082191780825,16.312,,6.73
404102099373001,2021,40.68405933333333,-99.62523716666666,2334.85,7.594646397847812,11.854109589041096,675.54,63.413260273972604,3.3998082191780825,16.312,,7.01
404102099373002,2021,40.68405933333333,-99.62523716666666,2334.85,7.594646397847812,11.854109589041096,675.54,63.413260273972604,3.3998082191780825,16.312,,5.35
403738099181101,2021,40.62740444444445,-99.30320513888888,2241.2,14.05723348260882,11.854109589041096,675.54,63.413260273972604,3.3998082191780825,16.312,,12.61
403738099181102,2021,40.62740444444445,-99.30320513888888,2241.2,14.05723348260882,11.854109589041096,675.54,63.413260273972604,3.3998082191780825,16.312,,12.55
403831099173501,2021,40.642178,-99.29327591666666,2229.47,10.730371708585755,11.854109589041096,675.54,63.413260273972604,3.3998082191780825,16.312,,7.1
403831099173502,2021,40.642178,-99.29327591666666,2229.47,10.730371708585755,11.854109589041096,675.54,63.413260273972604,3.3998082191780825,16.312,,7.57
403645099242701,2021,40.61264497222222,-99.40752011111113,2297.96,18.009610861627866,11.854109589041096,675.54,63.413260273972604,3.3998082191780825,16.312,,17.96
403645099242702,2021,40.61264497222222,-99.40752011111113,2297.96,18.009610861627866,11.854109589041096,675.54,63.413260273972604,3.3998082191780825,16.312,,18.71
403710099104601,2021,40.6195145,-99.17947241666668,2193.97,15.641542302866975,11.854109589041096,675.54,63.413260273972604,3.3998082191780825,16.312,,11.63
403710099104602,2021,40.6195145,-99.17947241666668,2193.97,15.641542302866975,11.854109589041096,675.54,63.413260273972604,3.3998082191780825,16.312,,11.63
402423099152001,2021,40.40643361111111,-99.2555336111111,2261.86,92.53329605756586,11.854109589041096,675.54,63.413260273972604,3.3998082191780825,16.312,,87.85
402532099222602,2021,40.42564361111111,-99.37401277777776,2312.94,104.23483173219743,11.854109589041096,675.54,63.413260273972604,3.3998082191780825,16.312,,96.95
402649099350601,2021,40.44692,-99.58488888888888,2428.0,148.85518547586537,11.854109589041096,675.54,63.413260273972604,3.3998082191780825,16.312,,142.64
402649099350602,2021,40.44692,-99.58488888888888,2428.0,148.85518547586537,11.854109589041096,675.54,63.413260273972604,3.3998082191780825,16.312,,143.94
402854099213801,2021,40.48158305555556,-99.36045888888889,2315.4,50.62677884227635,11.854109589041096,675.54,63.413260273972604,3.3998082191780825,16.312,,49.63
402854099213802,2021,40.48158305555556,-99.36045888888889,2315.4,50.62677884227635,11.854109589041096,675.54,63.413260273972604,3.3998082191780825,16.312,,49.94
402853099135101,2021,40.48150472222223,-99.23095833333332,2247.07,29.18870427675962,11.854109589041096,675.54,63.413260273972604,3.3998082191780825,16.312,,28.72
402853099135102,2021,40.48150472222223,-99.23095833333332,2247.07,29.18870427675962,11.854109589041096,675.54,63.413260273972604,3.3998082191780825,16.312,,28.84
403903099214301,2021,40.650864722222224,-99.3618686111111,2248.47,5.938800537095286,11.854109589041096,675.54,63.413260273972604,3.3998082191780825,16.312,,3.74
403903099214302,2021,40.650864722222224,-99.3618686111111,2248.47,5.938800537095286,11.854109589041096,675.54,63.413260273972604,3.3998082191780825,16.312,,4.14
403959099282801,2021,40.66638638888889,-99.47439194444443,2282.17,1.3735392011300536,11.854109589041096,675.54,63.413260273972604,3.3998082191780825,16.312,,-1.39
403959099282802,2021,40.66638638888889,-99.47439194444443,2282.17,1.3735392011300536,11.854109589041096,675.54,63.413260273972604,3.3998082191780825,16.312,,-1.22
402458099344401,2021,40.41608027777777,-99.57890388888887,2426.49,164.79163241311457,11.854109589041096,675.54,63.413260273972604,3.3998082191780825,16.312,,165.43
402458099344402,2021,40.41608027777777,-99.57890388888887,2426.49,164.79163241311457,11.854109589041096,675.54,63.413260273972604,3.3998082191780825,16.312,,165.76
402334099293301,2021,40.392735555555554,-99.49248916666669,2343.83,141.78338449364523,11.854109589041096,675.54,63.413260273972604,3.3998082191780825,16.312,,131.36
402334099293302,2021,40.392735555555554,-99.49248916666669,2343.83,141.78338449364523,11.854109589041096,675.54,63.413260273972604,3.3998082191780825,16.312,,132.21
403408099130501,2021,40.56878722222223,-99.21816944444444,2216.56,20.970589986210204,11.854109589041096,675.54,63.413260273972604,3.3998082191780825,16.312,,11.22
403408099130502,2021,40.56878722222223,-99.21816944444444,2216.56,20.970589986210204,11.854109589041096,675.54,63.413260273972604,3.3998082191780825,16.312,,11.3
403350099282701,2021,40.56375277777777,-99.47419805555556,2351.95,16.085575855031266,11.854109589041096,675.54,63.413260273972604,3.3998082191780825,16.312,,10.72
403350099282702,2021,40.56375277777777,-99.47419805555556,2351.95,16.085575855031266,11.854109589041096,675.54,63.413260273972604,3.3998082191780825,16.312,,11.07
403315099351501,2021,40.554270555555554,-99.58744083333332,2447.59,74.37626442008987,11.854109589041096,675.54,63.413260273972604,3.3998082191780825,16.312,,66.33
403315099351502,2021,40.554270555555554,-99.58744083333332,2447.59,74.37626442008987,11.854109589041096,675.54,63.413260273972604,3.3998082191780825,16.312,,68.26
402636099271801,2021,40.44343083333333,-99.45505,2362.54,128.86239676080626,11.854109589041096,675.54,63.413260273972604,3.3998082191780825,16.312,,126.39
402636099271802,2021,40.44343083333333,-99.45505,2362.54,128.86239676080626,11.854109589041096,675.54,63.413260273972604,3.3998082191780825,16.312,,126.3
402813099382100,2021,40.46941944444445,-99.63914166666667,2473.68,148.88111839107034,11.854109589041096,675.54,63.413260273972604,3.3998082191780825,16.312,,151.87
402756099320601,2021,40.46654722222223,-99.53547222222224,2446.36,157.6700180874571,11.854109589041096,675.54,63.413260273972604,3.3998082191780825,16.312,,161.98
402609099350800,2021,40.43199166666666,-99.58200277777776,2443.0,165.81796068938067,11.854109589041096,675.54,63.413260273972604,3.3998082191780825,16.312,,172.51
402404099383400,2021,40.40166972222222,-99.64190722222224,2363.94,91.91309352762887,11.854109589041096,675.54,63.413260273972604,3.3998082191780825,16.312,,84.97
402233099341700,2021,40.376269444444446,-99.57279166666666,2335.32,118.17821604053596,11.854109589041096,675.54,63.413260273972604,3.3998082191780825,16.312,,110.56
402406099311800,2021,40.40154444444444,-99.52104166666666,2406.07,173.8844420691417,11.854109589041096,675.54,63.413260273972604,3.3998082191780825,16.312,,179.39
402107099262000,2021,40.35080555555556,-99.43768055555556,2363.91,197.26224697680385,11.854109589041096,675.54,63.413260273972604,3.3998082191780825,16.312,,196.97
402513099164801,2021,40.42006111111111,-99.27985277777778,2278.97,81.63166157853219,11.854109589041096,675.54,63.413260273972604,3.3998082191780825,16.312,,77.72
402342099143300,2021,40.39436388888889,-99.24273333333332,2261.52,106.81479951079211,11.854109589041096,675.54,63.413260273972604,3.3998082191780825,16.312,,112.02
402906099342201,2021,40.485083333333336,-99.57288888888888,2458.82,141.87748834526266,11.854109589041096,675.54,63.413260273972604,3.3998082191780825,16.312,,146.18
402630099305500,2021,40.44133611111111,-99.51204166666666,2426.38,168.61740590244335,11.854109589041096,675.54,63.413260273972604,3.3998082191780825,16.312,,174.26
402435099262900,2021,40.40768055555555,-99.44083333333332,2405.19,192.88779924883684,11.854109589041096,675.54,63.413260273972604,3.3998082191780825,16.312,,206.76
402159099301600,2021,40.3649,-99.50220555555556,2377.49,172.44507441911642,11.854109589041096,675.54,63.413260273972604,3.3998082191780825,16.312,,179.84
402320099231001,2021,40.38914722222222,-99.38615277777778,2384.17,201.9361453931469,11.854109589041096,675.54,63.413260273972604,3.3998082191780825,16.312,,213.24
402326099185300,2021,40.390366666666665,-99.31649722222222,2306.56,145.0488300400411,11.854109589041096,675.54,63.413260273972604,3.3998082191780825,16.312,,146.46
402115099213100,2021,40.35468888888889,-99.35943333333331,2345.58,200.25621923959744,11.854109589041096,675.54,63.413260273972604,3.3998082191780825,16.312,,203.17
402421099112000,2021,40.40549166666666,-99.18921666666668,2216.62,61.63756806292576,11.854109589041096,675.54,63.413260273972604,3.3998082191780825,16.312,,58.4
402200099160700,2021,40.3669,-99.267175,2280.22,143.36494334809203,11.854109589041096,675.54,63.413260273972604,3.3998082191780825,16.312,,146.91
404016099370201,2021,40.6711189,-99.61760995,2335.44,18.12599298102641,11.854109589041096,675.54,63.413260273972604,3.3998082191780825,16.312,,5.27
403922099223301,2021,40.65834351,-99.38037703,2253.27,6.47671808595759,11.854109589041096,675.54,63.413260273972604,3.3998082191780825,16.312,,6.45
403217099235801,2021,40.53806574,-99.39982287,2321.45,22.462188238635477,11.854109589041096,675.54,63.413260273972604,3.3998082191780825,16.312,,24.06
402802099285801,2021,40.46775,-99.48183333,2376.84,108.41378053480918,11.854109589041096,675.54,63.413260273972604,3.3998082191780825,16.312,,100.81
403132099381001,2021,40.52556319,-99.63650076,2517.21,137.2032201516335,11.854109589041096,675.54,63.413260273972604,3.3998082191780825,16.312,,151.69
402404099383400,2022,40.40166972222222,-99.64190722222224,2363.94,93.71140503569436,11.837698630136988,392.3,54.23123287671233,3.7221917808219174,17.027561643835618,,84.48
403029099130401,2022,40.508164,-99.217889,2229.8,16.470152988666197,11.837698630136988,392.3,54.23123287671233,3.7221917808219174,17.027561643835618,,12.27
402853099135101,2022,40.48150472222223,-99.23095833333332,2247.07,31.89291030980888,11.837698630136988,392.3,54.23123287671233,3.7221917808219174,17.027561643835618,,31.02
402853099135102,2022,40.48150472222223,-99.23095833333332,2247.07,31.89291030980888,11.837698630136988,392.3,54.23123287671233,3.7221917808219174,17.027561643835618,,31.01
403408099130501,2022,40.56878722222223,-99.21816944444444,2216.56,13.434145203537046,11.837698630136988,392.3,54.23123287671233,3.7221917808219174,17.027561643835618,,10.82
403408099130502,2022,40.56878722222223,-99.21816944444444,2216.56,13.434145203537046,11.837698630136988,392.3,54.23123287671233,3.7221917808219174,17.027561643835618,,10.98
403710099104601,2022,40.6195145,-99.17947241666668,2193.97,16.48533576114562,11.837698630136988,392.3,54.23123287671233,3.7221917808219174,17.027561643835618,,12.59
403710099104602,2022,40.6195145,-99.17947241666668,2193.97,16.48533576114562,11.837698630136988,392.3,54.23123287671233,3.7221917808219174,17.027561643835618,,12.32
402115099213100,2022,40.35468888888889,-99.35943333333331,2345.58,199.8431390292331,11.837698630136988,392.3,54.23123287671233,3.7221917808219174,17.027561643835618,,199.9
402200099160700,2022,40.3669,-99.267175,2280.22,143.86581453044332,11.837698630136988,392.3,54.23123287671233,3.7221917808219174,17.027561643835618,,146.45
402326099185300,2022,40.390366666666665,-99.31649722222222,2306.56,145.17968274989684,11.837698630136988,392.3,54.23123287671233,3.7221917808219174,17.027561643835618,,145.05
402342099143300,2022,40.39436388888889,-99.24273333333332,2261.52,107.46212379388407,11.837698630136988,392.3,54.23123287671233,3.7221917808219174,17.027561643835618,,111.77
402513099164801,2022,40.42006111111111,-99.27985277777778,2278.97,82.35437545089985,11.837698630136988,392.3,54.23123287671233,3.7221917808219174,17.027561643835618,,73.3
402423099152001,2022,40.40643361111111,-99.2555336111111,2261.86,93.85304850195716,11.837698630136988,392.3,54.23123287671233,3.7221917808219174,17.027561643835618,,89.09
402630099305500,2022,40.44133611111111,-99.51204166666666,2426.38,167.79378879299392,11.837698630136988,392.3,54.23123287671233,3.7221917808219174,17.027561643835618,,170.73
402756099320601,2022,40.46654722222223,-99.53547222222224,2446.36,157.03718756280605,11.837698630136988,392.3,54.23123287671233,3.7221917808219174,17.027561643835618,,161.34
402813099382100,2022,40.46941944444445,-99.63914166666667,2473.68,149.2776784816854,11.837698630136988,392.3,54.23123287671233,3.7221917808219174,17.027561643835618,,149.7
402906099342201,2022,40.485083333333336,-99.57288888888888,2458.82,137.34691952358847,11.837698630136988,392.3,54.23123287671233,3.7221917808219174,17.027561643835618,,143.44
402854099213801,2022,40.48158305555556,-99.36045888888889,2315.4,53.313750039382086,11.837698630136988,392.3,54.23123287671233,3.7221917808219174,17.027561643835618,,51.07
402854099213802,2022,40.48158305555556,-99.36045888888889,2315.4,53.313750039382086,11.837698630136988,392.3,54.23123287671233,3.7221917808219174,17.027561643835618,,49.88
403738099181101,2022,40.62740444444445,-99.30320513888888,2241.2,14.800801140233515,11.837698630136988,392.3,54.23123287671233,3.7221917808219174,17.027561643835618,,13.22
403738099181102,2022,40.62740444444445,-99.30320513888888,2241.2,14.800801140233515,11.837698630136988,392.3,54.23123287671233,3.7221917808219174,17.027561643835618,,12.98
403831099173501,2022,40.642178,-99.29327591666666,2229.47,12.839678723624775,11.837698630136988,392.3,54.23123287671233,3.7221917808219174,17.027561643835618,,8.53
403831099173502,2022,40.642178,-99.29327591666666,2229.47,12.839678723624775,11.837698630136988,392.3,54.23123287671233,3.7221917808219174,17.027561643835618,,8.95
403903099214301,2022,40.650864722222224,-99.3618686111111,2248.47,8.370730196371747,11.837698630136988,392.3,54.23123287671233,3.7221917808219174,17.027561643835618,,4.6
403903099214302,2022,40.650864722222224,-99.3618686111111,2248.47,8.370730196371747,11.837698630136988,392.3,54.23123287671233,3.7221917808219174,17.027561643835618,,7.37
402107099262000,2022,40.35080555555556,-99.43768055555556,2363.91,197.48066070821557,11.837698630136988,392.3,54.23123287671233,3.7221917808219174,17.027561643835618,,196.87
402159099301600,2022,40.3649,-99.50220555555556,2377.49,172.11494424705103,11.837698630136988,392.3,54.23123287671233,3.7221917808219174,17.027561643835618,,179.18
402233099341700,2022,40.376269444444446,-99.57279166666666,2335.32,119.13953529467685,11.837698630136988,392.3,54.23123287671233,3.7221917808219174,17.027561643835618,,110.38
402334099293301,2022,40.392735555555554,-99.49248916666669,2343.83,142.36915950163072,11.837698630136988,392.3,54.23123287671233,3.7221917808219174,17.027561643835618,,130.92
402334099293302,2022,40.392735555555554,-99.49248916666669,2343.83,142.36915950163072,11.837698630136988,392.3,54.23123287671233,3.7221917808219174,17.027561643835618,,131.32
402406099311800,2022,40.40154444444444,-99.52104166666666,2406.07,172.92232522241025,11.837698630136988,392.3,54.23123287671233,3.7221917808219174,17.027561643835618,,177.11
402435099262900,2022,40.40768055555555,-99.44083333333332,2405.19,191.4540270709395,11.837698630136988,392.3,54.23123287671233,3.7221917808219174,17.027561643835618,,203.85
402458099344401,2022,40.41608027777777,-99.57890388888887,2426.49,165.8060724465069,11.837698630136988,392.3,54.23123287671233,3.7221917808219174,17.027561643835618,,168.45
402458099344402,2022,40.41608027777777,-99.57890388888887,2426.49,165.8060724465069,11.837698630136988,392.3,54.23123287671233,3.7221917808219174,17.027561643835618,,167.52
402609099350800,2022,40.43199166666666,-99.58200277777776,2443.0,165.775897903886,11.837698630136988,392.3,54.23123287671233,3.7221917808219174,17.027561643835618,,169.8
402636099271801,2022,40.44343083333333,-99.45505,2362.54,130.1791434699296,11.837698630136988,392.3,54.23123287671233,3.7221917808219174,17.027561643835618,,127.79
402636099271802,2022,40.44343083333333,-99.45505,2362.54,130.1791434699296,11.837698630136988,392.3,54.23123287671233,3.7221917808219174,17.027561643835618,,128.39
402649099350601,2022,40.44692,-99.58488888888888,2428.0,150.29178379068424,11.837698630136988,392.3,54.23123287671233,3.7221917808219174,17.027561643835618,,144.65
402649099350602,2022,40.44692,-99.58488888888888,2428.0,150.29178379068424,11.837698630136988,392.3,54.23123287671233,3.7221917808219174,17.027561643835618,,145.62
403315099351501,2022,40.554270555555554,-99.58744083333332,2447.59,75.02781179151951,11.837698630136988,392.3,54.23123287671233,3.7221917808219174,17.027561643835618,,68.84
403315099351502,2022,40.554270555555554,-99.58744083333332,2447.59,75.02781179151951,11.837698630136988,392.3,54.23123287671233,3.7221917808219174,17.027561643835618,,70.39
403350099282701,2022,40.56375277777777,-99.47419805555556,2351.95,20.85914548841733,11.837698630136988,392.3,54.23123287671233,3.7221917808219174,17.027561643835618,,14.17
403350099282702,2022,40.56375277777777,-99.47419805555556,2351.95,20.85914548841733,11.837698630136988,392.3,54.23123287671233,3.7221917808219174,17.027561643835618,,14.57
403645099242701,2022,40.61264497222222,-99.40752011111113,2297.96,18.71538837147126,11.837698630136988,392.3,54.23123287671233,3.7221917808219174,17.027561643835618,,16.56
403645099242702,2022,40.61264497222222,-99.40752011111113,2297.96,18.71538837147126,11.837698630136988,392.3,54.23123287671233,3.7221917808219174,17.027561643835618,,17.95
402320099231001,2022,40.38914722222222,-99.38615277777778,2384.17,200.58652181901812,11.837698630136988,392.3,54.23123287671233,3.7221917808219174,17.027561643835618,,212.21
403946099383201,2022,40.66301611111111,-99.64228555555556,2446.94,72.98325765980334,11.837698630136988,392.3,54.23123287671233,3.7221917808219174,17.027561643835618,,93.09
404033099373001,2022,40.67593911111111,-99.62515633333332,2339.74,17.241739567502353,11.837698630136988,392.3,54.23123287671233,3.7221917808219174,17.027561643835618,,7.19
404040099383501,2022,40.67796833333333,-99.64313333333334,2346.64,25.637444569207958,11.837698630136988,392.3,54.23123287671233,3.7221917808219174,17.027561643835618,,7.29
404059099383501,2022,40.68328583333333,-99.64316027777778,2343.11,17.9919573700034,11.837698630136988,392.3,54.23123287671233,3.7221917808219174,17.027561643835618,,13.72
404102099373001,2022,40.68405933333333,-99.62523716666666,2334.85,9.046887168448242,11.837698630136988,392.3,54.23123287671233,3.7221917808219174,17.027561643835618,,7.93
404102099373002,2022,40.68405933333333,-99.62523716666666,2334.85,9.046887168448242,11.837698630136988,392.3,54.23123287671233,3.7221917808219174,17.027561643835618,,5.83
403739099293601,2022,40.62758555555556,-99.49344,2356.31,29.200232145114185,11.837698630136988,392.3,54.23123287671233,3.7221917808219174,17.027561643835618,,31.06
403832099293501,2022,40.64230694444444,-99.49321833333332,2322.16,21.329181461384927,11.837698630136988,392.3,54.23123287671233,3.7221917808219174,17.027561643835618,,21.2
403927099293501,2022,40.65755805555556,-99.49321666666668,2297.65,9.384614295158064,11.837698630136988,392.3,54.23123287671233,3.7221917808219174,17.027561643835618,,6.27
403949099293501,2022,40.66383277777778,-99.49320805555556,2291.23,6.51207474482999,11.837698630136988,392.3,54.23123287671233,3.7221917808219174,17.027561643835618,,3.99
403959099282801,2022,40.66638638888889,-99.47439194444443,2282.17,3.096874598075769,11.837698630136988,392.3,54.23123287671233,3.7221917808219174,17.027561643835618,,-0.22
403959099282802,2022,40.66638638888889,-99.47439194444443,2282.17,3.096874598075769,11.837698630136988,392.3,54.23123287671233,3.7221917808219174,17.027561643835618,,1.66
404006099282401,2022,40.66854833333333,-99.4734825,2280.04,2.5453412966015416,11.837698630136988,392.3,54.23123287671233,3.7221917808219174,17.027561643835618,,-0.99
402532099222601,2022,40.42564361111111,-99.37401277777776,2312.94,103.2328857119511,11.837698630136988,392.3,54.23123287671233,3.7221917808219174,17.027561643835618,,90.8
402532099222602,2022,40.42564361111111,-99.37401277777776,2312.94,103.2328857119511,11.837698630136988,392.3,54.23123287671233,3.7221917808219174,17.027561643835618,,96.86
403037099313401,2022,40.5104684,-99.5262137,2408.97,84.82971052994144,11.837698630136988,392.3,54.23123287671233,3.7221917808219174,17.027561643835618,,76.51
403123099261501,2022,40.52446389,-99.436875,2361.96,42.578888293779045,11.837698630136988,392.3,54.23123287671233,3.7221917808219174,17.027561643835618,,44.0
403125099295701,2022,40.5247252,-99.4992246,2402.13,68.07013541973399,11.837698630136988,392.3,54.23123287671233,3.7221917808219174,17.027561643835618,,65.7
403137099330201,2022,40.5263766547222,-99.5496279,2405.25,71.33635399936578,11.837698630136988,392.3,54.23123287671233,3.7221917808219174,17.027561643835618,,53.33
403217099312001,2022,40.5392815,-99.5207383,2451.89,79.05539839732033,11.837698630136988,392.3,54.23123287671233,3.7221917808219174,17.027561643835618,,101.53
403309099250701,2022,40.5543784,-99.4199673,2322.67,17.142388090578514,11.837698630136988,392.3,54.23123287671233,3.7221917808219174,17.027561643835618,,10.93
403322099304801,2022,40.5542755075,-99.5122815,2411.43,58.70626564422277,11.837698630136988,392.3,54.23123287671233,3.7221917808219174,17.027561643835618,,56.74
403322099371801,2022,40.5557047,-99.6247601,2465.78,91.09603199215732,11.837698630136988,392.3,54.23123287671233,3.7221917808219174,17.027561643835618,,74.91
403506099350101,2022,40.5833317,-99.5866221,2484.33,86.92578334600476,11.837698630136988,392.3,54.23123287671233,3.7221917808219174,17.027561643835618,,101.0
403540099260001,2022,40.5946306,-99.4353739,2323.77,21.11225925021503,11.837698630136988,392.3,54.23123287671233,3.7221917808219174,17.027561643835618,,24.06
403646099293301,2022,40.6127772,-99.4935704,2354.25,27.62395473608332,11.837698630136988,392.3,54.23123287671233,3.7221917808219174,17.027561643835618,,19.08
403651099281401,2022,40.613021,-99.4747929,2345.39,29.47442524688433,11.837698630136988,392.3,54.23123287671233,3.7221917808219174,17.027561643835618,,38.43
403730099373501,2022,40.6268217,-99.6246292,2471.08,86.1351026841751,11.837698630136988,392.3,54.23123287671233,3.7221917808219174,17.027561643835618,,86.44
403822099324501,2022,40.6415361,-99.5482644,2377.53,38.18186573999103,11.837698630136988,392.3,54.23123287671233,3.7221917808219174,17.027561643835618,,42.88
403928099371801,2022,40.655954,-99.6202609,2432.98,65.37666950781538,11.837698630136988,392.3,54.23123287671233,3.7221917808219174,17.027561643835618,,87.42
404007099351901,2022,40.6709256,-99.5865622,2322.26,12.367551366475112,11.837698630136988,392.3,54.23123287671233,3.7221917808219174,17.027561643835618,,7.74
404020099355301,2022,40.6710839,-99.5961084,2326.91,13.721549449359443,11.837698630136988,392.3,54.23123287671233,3.7221917808219174,17.027561643835618,,9.16
404016099370201,2022,40.6711189,-99.61760995,2335.44,20.00885975910173,11.837698630136988,392.3,54.23123287671233,3.7221917808219174,17.027561643835618,,6.13
403922099223301,2022,40.65834351,-99.38037703,2253.27,8.017742198271629,11.837698630136988,392.3,54.23123287671233,3.7221917808219174,17.027561643835618,,7.08
403217099235801,2022,40.53806574,-99.39982287,2321.45,23.850121323420325,11.837698630136988,392.3,54.23123287671233,3.7221917808219174,17.027561643835618,,23.05
402802099285801,2022,40.46775,-99.48183333,2376.84,109.00700958587936,11.837698630136988,392.3,54.23123287671233,3.7221917808219174,17.027561643835618,,99.56
403132099381001,2022,40.52556319,-99.63650076,2517.21,135.6566094250363,11.837698630136988,392.3,54.23123287671233,3.7221917808219174,17.027561643835618,,150.88
402107099262000,2023,40.35080555555556,-99.43768055555556,2363.91,194.79520437144916,12.096410958904109,567.81,61.07383561643836,3.2536164383561643,16.480931506849316,,196.93
402115099213100,2023,40.35468888888889,-99.35943333333331,2345.58,195.71783177674263,12.096410958904109,567.81,61.07383561643836,3.2536164383561643,16.480931506849316,,203.46
402159099301600,2023,40.3649,-99.50220555555556,2377.49,168.78649943648975,12.096410958904109,567.81,61.07383561643836,3.2536164383561643,16.480931506849316,,180.73
402200099160700,2023,40.3669,-99.267175,2280.22,140.9626683910887,12.096410958904109,567.81,61.07383561643836,3.2536164383561643,16.480931506849316,,149.38
402233099341700,2023,40.376269444444446,-99.57279166666666,2335.32,125.47293535253792,12.096410958904109,567.81,61.07383561643836,3.2536164383561643,16.480931506849316,,111.43
402320099231001,2023,40.38914722222222,-99.38615277777778,2384.17,190.85872828139225,12.096410958904109,567.81,61.07383561643836,3.2536164383561643,16.480931506849316,,211.4
402326099185300,2023,40.390366666666665,-99.31649722222222,2306.56,143.45204303813318,12.096410958904109,567.81,61.07383561643836,3.2536164383561643,16.480931506849316,,148.71
402334099293301,2023,40.392735555555554,-99.49248916666669,2343.83,149.0582035951798,12.096410958904109,567.81,61.07383561643836,3.2536164383561643,16.480931506849316,,134.13
402334099293302,2023,40.392735555555554,-99.49248916666669,2343.83,149.0582035951798,12.096410958904109,567.81,61.07383561643836,3.2536164383561643,16.480931506849316,,134.65
402342099143300,2023,40.39436388888889,-99.24273333333332,2261.52,105.36224333345218,12.096410958904109,567.81,61.07383561643836,3.2536164383561643,16.480931506849316,,114.23
402404099383400,2023,40.40166972222222,-99.64190722222224,2363.94,99.37685944819604,12.096410958904109,567.81,61.07383561643836,3.2536164383561643,16.480931506849316,,87.03
402406099311800,2023,40.40154444444444,-99.52104166666666,2406.07,169.5393692139796,12.096410958904109,567.81,61.07383561643836,3.2536164383561643,16.480931506849316,,180.5
402421099112000,2023,40.40549166666666,-99.18921666666668,2216.62,65.42221246375846,12.096410958904109,567.81,61.07383561643836,3.2536164383561643,16.480931506849316,,60.46
402423099152001,2023,40.40643361111111,-99.2555336111111,2261.86,95.641933356863,12.096410958904109,567.81,61.07383561643836,3.2536164383561643,16.480931506849316,,91.8
402435099262900,2023,40.40768055555555,-99.44083333333332,2405.19,185.51849925086745,12.096410958904109,567.81,61.07383561643836,3.2536164383561643,16.480931506849316,,209.72
402458099344401,2023,40.41608027777777,-99.57890388888887,2426.49,162.63154227879772,12.096410958904109,567.81,61.07383561643836,3.2536164383561643,16.480931506849316,,169.01
402458099344402,2023,40.41608027777777,-99.57890388888887,2426.49,162.63154227879772,12.096410958904109,567.81,61.07383561643836,3.2536164383561643,16.480931506849316,,169.11
402513099164801,2023,40.42006111111111,-99.27985277777778,2278.97,85.8429001065023,12.096410958904109,567.81,61.07383561643836,3.2536164383561643,16.480931506849316,,80.44
402532099222601,2023,40.42564361111111,-99.37401277777776,2312.94,107.67338327704708,12.096410958904109,567.81,61.07383561643836,3.2536164383561643,16.480931506849316,,95.2
402532099222602,2023,40.42564361111111,-99.37401277777776,2312.94,107.67338327704708,12.096410958904109,567.81,61.07383561643836,3.2536164383561643,16.480931506849316,,100.39
402609099350800,2023,40.43199166666666,-99.58200277777776,2443.0,162.48375710640394,12.096410958904109,567.81,61.07383561643836,3.2536164383561643,16.480931506849316,,173.53
402630099305500,2023,40.44133611111111,-99.51204166666666,2426.38,164.6589416825302,12.096410958904109,567.81,61.07383561643836,3.2536164383561643,16.480931506849316,,174.71
402636099271801,2023,40.44343083333333,-99.45505,2362.54,132.9001020977888,12.096410958904109,567.81,61.07383561643836,3.2536164383561643,16.480931506849316,,130.76
402636099271802,2023,40.44343083333333,-99.45505,2362.54,132.9001020977888,12.096410958904109,567.81,61.07383561643836,3.2536164383561643,16.480931506849316,,129.6
402649099350601,2023,40.44692,-99.58488888888888,2428.0,151.07185042760008,12.096410958904109,567.81,61.07383561643836,3.2536164383561643,16.480931506849316,,146.62
402649099350602,2023,40.44692,-99.58488888888888,2428.0,151.07185042760008,12.096410958904109,567.81,61.07383561643836,3.2536164383561643,16.480931506849316,,145.59
402756099320601,2023,40.46654722222223,-99.53547222222224,2446.36,153.80951941403418,12.096410958904109,567.81,61.07383561643836,3.2536164383561643,16.480931506849316,,163.15
402813099382100,2023,40.46941944444445,-99.63914166666667,2473.68,141.34390080083747,12.096410958904109,567.81,61.07383561643836,3.2536164383561643,16.480931506849316,,154.25
402853099135101,2023,40.48150472222223,-99.23095833333332,2247.07,33.73351669955321,12.096410958904109,567.81,61.07383561643836,3.2536164383561643,16.480931506849316,,34.4
402853099135102,2023,40.48150472222223,-99.23095833333332,2247.07,33.73351669955321,12.096410958904109,567.81,61.07383561643836,3.2536164383561643,16.480931506849316,,34.43
402854099213801,2023,40.48158305555556,-99.36045888888889,2315.4,52.82188456914341,12.096410958904109,567.81,61.07383561643836,3.2536164383561643,16.480931506849316,,54.02
402854099213802,2023,40.48158305555556,-99.36045888888889,2315.4,52.82188456914341,12.096410958904109,567.81,61.07383561643836,3.2536164383561643,16.480931506849316,,54.21
402854099213803,2023,40.48158055,-99.36045833,2315.0,52.82188456914341,12.096410958904109,567.81,61.07383561643836,3.2536164383561643,16.480931506849316,,52.78
402906099342201,2023,40.485083333333336,-99.57288888888888,2458.82,140.91912518146012,12.096410958904109,567.81,61.07383561643836,3.2536164383561643,16.480931506849316,,147.99
403029099130401,2023,40.508164,-99.217889,2229.8,26.14284974182332,12.096410958904109,567.81,61.07383561643836,3.2536164383561643,16.480931506849316,,18.98
403315099351501,2023,40.554270555555554,-99.58744083333332,2447.59,80.36642728813172,12.096410958904109,567.81,61.07383561643836,3.2536164383561643,16.480931506849316,,71.02
403315099351502,2023,40.554270555555554,-99.58744083333332,2447.59,80.36642728813172,12.096410958904109,567.81,61.07383561643836,3.2536164383561643,16.480931506849316,,72.85
403350099282701,2023,40.56375277777777,-99.47419805555556,2351.95,21.190342381028028,12.096410958904109,567.81,61.07383561643836,3.2536164383561643,16.480931506849316,,16.95
403350099282702,2023,40.56375277777777,-99.47419805555556,2351.95,21.190342381028028,12.096410958904109,567.81,61.07383561643836,3.2536164383561643,16.480931506849316,,17.29
403408099130501,2023,40.56878722222223,-99.21816944444444,2216.56,22.844201590880584,12.096410958904109,567.81,61.07383561643836,3.2536164383561643,16.480931506849316,,15.9
403408099130502,2023,40.56878722222223,-99.21816944444444,2216.56,22.844201590880584,12.096410958904109,567.81,61.07383561643836,3.2536164383561643,16.480931506849316,,16.1
403645099242701,2023,40.61264497222222,-99.40752011111113,2297.96,18.640596859703564,12.096410958904109,567.81,61.07383561643836,3.2536164383561643,16.480931506849316,,21.65
403645099242702,2023,40.61264497222222,-99.40752011111113,2297.96,18.640596859703564,12.096410958904109,567.81,61.07383561643836,3.2536164383561643,16.480931506849316,,22.27
403710099104601,2023,40.6195145,-99.17947241666668,2193.97,21.550856763190257,12.096410958904109,567.81,61.07383561643836,3.2536164383561643,16.480931506849316,,17.0
403710099104602,2023,40.6195145,-99.17947241666668,2193.97,21.550856763190257,12.096410958904109,567.81,61.07383561643836,3.2536164383561643,16.480931506849316,,17.05
403738099181101,2023,40.62740444444445,-99.30320513888888,2241.2,17.046276946644493,12.096410958904109,567.81,61.07383561643836,3.2536164383561643,16.480931506849316,,18.21
403738099181102,2023,40.62740444444445,-99.30320513888888,2241.2,17.046276946644493,12.096410958904109,567.81,61.07383561643836,3.2536164383561643,16.480931506849316,,18.34
403739099293601,2023,40.62758555555556,-99.49344,2356.31,29.560505314415597,12.096410958904109,567.81,61.07383561643836,3.2536164383561643,16.480931506849316,,36.03
403831099173501,2023,40.642178,-99.29327591666666,2229.47,15.021901816056934,12.096410958904109,567.81,61.07383561643836,3.2536164383561643,16.480931506849316,,12.55
403831099173502,2023,40.642178,-99.29327591666666,2229.47,15.021901816056934,12.096410958904109,567.81,61.07383561643836,3.2536164383561643,16.480931506849316,,12.75
403832099293501,2023,40.64230694444444,-99.49321833333332,2322.16,22.049554764375948,12.096410958904109,567.81,61.07383561643836,3.2536164383561643,16.480931506849316,,23.66
403903099214301,2023,40.650864722222224,-99.3618686111111,2248.47,9.463651057710756,12.096410958904109,567.81,61.07383561643836,3.2536164383561643,16.480931506849316,,8.89
403903099214302,2023,40.650864722222224,-99.3618686111111,2248.47,9.463651057710756,12.096410958904109,567.81,61.07383561643836,3.2536164383561643,16.480931506849316,,8.96
403927099293501,2023,40.65755805555556,-99.49321666666668,2297.65,11.655820115898786,12.096410958904109,567.81,61.07383561643836,3.2536164383561643,16.480931506849316,,8.96
403946099383201,2023,40.66301611111111,-99.64228555555556,2446.94,63.72189495375274,12.096410958904109,567.81,61.07383561643836,3.2536164383561643,16.480931506849316,,96.69
403949099293501,2023,40.66383277777778,-99.49320805555556,2291.23,9.151005772891182,12.096410958904109,567.81,61.07383561643836,3.2536164383561643,16.480931506849316,,4.51
403959099282801,2023,40.66638638888889,-99.47439194444443,2282.17,5.313008826005781,12.096410958904109,567.81,61.07383561643836,3.2536164383561643,16.480931506849316,,4.1
403959099282802,2023,40.66638638888889,-99.47439194444443,2282.17,5.313008826005781,12.096410958904109,567.81,61.07383561643836,3.2536164383561643,16.480931506849316,,4.07
404006099282401,2023,40.66854833333333,-99.4734825,2280.04,4.832521510847069,12.096410958904109,567.81,61.07383561643836,3.2536164383561643,16.480931506849316,,2.48
404033099373001,2023,40.67593911111111,-99.62515633333332,2339.74,23.179373126436857,12.096410958904109,567.81,61.07383561643836,3.2536164383561643,16.480931506849316,,10.56
404040099383501,2023,40.67796833333333,-99.64313333333334,2346.64,26.72851238521817,12.096410958904109,567.81,61.07383561643836,3.2536164383561643,16.480931506849316,,10.68
404059099383501,2023,40.68328583333333,-99.64316027777778,2343.11,20.215823038132925,12.096410958904109,567.81,61.07383561643836,3.2536164383561643,16.480931506849316,,12.79
404102099373001,2023,40.68405933333333,-99.62523716666666,2334.85,13.148382462269314,12.096410958904109,567.81,61.07383561643836,3.2536164383561643,16.480931506849316,,9.55
404102099373002,2023,40.68405933333333,-99.62523716666666,2334.85,13.148382462269314,12.096410958904109,567.81,61.07383561643836,3.2536164383561643,16.480931506849316,,8.44
403316099192301,2023,40.554508,-99.32334,2267.0,18.27993633204223,12.096410958904109,567.81,61.07383561643836,3.2536164383561643,16.480931506849316,,17.95
403226099345801,2023,40.54044444,-99.58280556,2461.0,91.07867061171216,12.096410958904109,567.81,61.07383561643836,3.2536164383561643,16.480931506849316,,95.86
403327099192302,2023,40.55758333,-99.32308333,2267.0,18.594741312346265,12.096410958904109,567.81,61.07383561643836,3.2536164383561643,16.480931506849316,,17.27
G-187841Deep,2023,40.55758333,-99.32308333,2268.0,18.594741312346265,12.096410958904109,567.81,61.07383561643836,3.2536164383561643,16.480931506849316,,18.79
403316099202901,2023,40.55436111,-99.34138889,2268.0,12.787210003787273,12.096410958904109,567.81,61.07383561643836,3.2536164383561643,16.480931506849316,,11.17
403248099315201,2023,40.54658611,-99.53116944,2417.0,67.06627728518659,12.096410958904109,567.81,61.07383561643836,3.2536164383561643,16.480931506849316,,58.26
G-189411Deep,2023,40.54658611,-99.53116944,2417.0,67.06627728518659,12.096410958904109,567.81,61.07383561643836,3.2536164383561643,16.480931506849316,,60.07
402513099164801,2022,40.42006111111111,-99.27985277777778,2278.97,82.35437545089985,11.837698630136988,392.3,54.23123287671233,3.7221917808219174,17.027561643835618,,84.45
402421099112000,2022,40.40549166666666,-99.18921666666668,2216.62,67.61613151930986,11.837698630136988,392.3,54.23123287671233,3.7221917808219174,17.027561643835618,,63.0
402423099152001,2022,40.40643361111111,-99.2555336111111,2261.86,93.85304850195716,11.837698630136988,392.3,54.23123287671233,3.7221917808219174,17.027561643835618,,92.54
402342099143300,2022,40.39436388888889,-99.24273333333332,2261.52,107.46212379388407,11.837698630136988,392.3,54.23123287671233,3.7221917808219174,17.027561643835618,,115.25
402200099160700,2022,40.3669,-99.267175,2280.22,143.86581453044332,11.837698630136988,392.3,54.23123287671233,3.7221917808219174,17.027561643835618,,149.38
402532099222602,2022,40.42564361111111,-99.37401277777776,2312.94,103.2328857119511,11.837698630136988,392.3,54.23123287671233,3.7221917808219174,17.027561643835618,,102.92
402532099222601,2022,40.42564361111111,-99.37401277777776,2312.94,103.2328857119511,11.837698630136988,392.3,54.23123287671233,3.7221917808219174,17.027561643835618,,97.2
402320099231001,2022,40.38914722222222,-99.38615277777778,2384.17,200.58652181901812,11.837698630136988,392.3,54.23123287671233,3.7221917808219174,17.027561643835618,,214.3
402326099185300,2022,40.390366666666665,-99.31649722222222,2306.56,145.17968274989684,11.837698630136988,392.3,54.23123287671233,3.7221917808219174,17.027561643835618,,149.79
402115099213100,2022,40.35468888888889,-99.35943333333331,2345.58,199.8431390292331,11.837698630136988,392.3,54.23123287671233,3.7221917808219174,17.027561643835618,,202.92
402435099262900,2022,40.40768055555555,-99.44083333333332,2405.19,191.4540270709395,11.837698630136988,392.3,54.23123287671233,3.7221917808219174,17.027561643835618,,206.93
402406099311800,2022,40.40154444444444,-99.52104166666666,2406.07,172.92232522241025,11.837698630136988,392.3,54.23123287671233,3.7221917808219174,17.027561643835618,,182.02
402334099293301,2022,40.392735555555554,-99.49248916666669,2343.83,142.36915950163072,11.837698630136988,392.3,54.23123287671233,3.7221917808219174,17.027561643835618,,135.53
402334099293302,2022,40.392735555555554,-99.49248916666669,2343.83,142.36915950163072,11.837698630136988,392.3,54.23123287671233,3.7221917808219174,17.027561643835618,,136.25
402159099301600,2022,40.3649,-99.50220555555556,2377.49,172.11494424705103,11.837698630136988,392.3,54.23123287671233,3.7221917808219174,17.027561643835618,,181.83
402107099262000,2022,40.35080555555556,-99.43768055555556,2363.91,197.48066070821557,11.837698630136988,392.3,54.23123287671233,3.7221917808219174,17.027561643835618,,198.73
402609099350800,2022,40.43199166666666,-99.58200277777776,2443.0,165.775897903886,11.837698630136988,392.3,54.23123287671233,3.7221917808219174,17.027561643835618,,175.59
402458099344401,2022,40.41608027777777,-99.57890388888887,2426.49,165.8060724465069,11.837698630136988,392.3,54.23123287671233,3.7221917808219174,17.027561643835618,,170.73
402458099344402,2022,40.41608027777777,-99.57890388888887,2426.49,165.8060724465069,11.837698630136988,392.3,54.23123287671233,3.7221917808219174,17.027561643835618,,170.84
402404099383400,2022,40.40166972222222,-99.64190722222224,2363.94,93.71140503569436,11.837698630136988,392.3,54.23123287671233,3.7221917808219174,17.027561643835618,,89.57
402233099341700,2022,40.376269444444446,-99.57279166666666,2335.32,119.13953529467685,11.837698630136988,392.3,54.23123287671233,3.7221917808219174,17.027561643835618,,112.31
402853099135101,2022,40.48150472222223,-99.23095833333332,2247.07,31.89291030980888,11.837698630136988,392.3,54.23123287671233,3.7221917808219174,17.027561643835618,,34.21
402853099135102,2022,40.48150472222223,-99.23095833333332,2247.07,31.89291030980888,11.837698630136988,392.3,54.23123287671233,3.7221917808219174,17.027561643835618,,34.26
402854099213802,2022,40.48158305555556,-99.36045888888889,2315.4,53.313750039382086,11.837698630136988,392.3,54.23123287671233,3.7221917808219174,17.027561643835618,,56.71
402854099213801,2022,40.48158305555556,-99.36045888888889,2315.4,53.313750039382086,11.837698630136988,392.3,54.23123287671233,3.7221917808219174,17.027561643835618,,56.49
402630099305500,2022,40.44133611111111,-99.51204166666666,2426.38,167.79378879299392,11.837698630136988,392.3,54.23123287671233,3.7221917808219174,17.027561643835618,,177.92
402636099271801,2022,40.44343083333333,-99.45505,2362.54,130.1791434699296,11.837698630136988,392.3,54.23123287671233,3.7221917808219174,17.027561643835618,,131.85
402636099271802,2022,40.44343083333333,-99.45505,2362.54,130.1791434699296,11.837698630136988,392.3,54.23123287671233,3.7221917808219174,17.027561643835618,,131.7
402813099382100,2022,40.46941944444445,-99.63914166666667,2473.68,149.2776784816854,11.837698630136988,392.3,54.23123287671233,3.7221917808219174,17.027561643835618,,159.06
402756099320601,2022,40.46654722222223,-99.53547222222224,2446.36,157.03718756280605,11.837698630136988,392.3,54.23123287671233,3.7221917808219174,17.027561643835618,,165.73
402649099350601,2022,40.44692,-99.58488888888888,2428.0,150.29178379068424,11.837698630136988,392.3,54.23123287671233,3.7221917808219174,17.027561643835618,,148.52
402649099350602,2022,40.44692,-99.58488888888888,2428.0,150.29178379068424,11.837698630136988,392.3,54.23123287671233,3.7221917808219174,17.027561643835618,,149.72
403408099130502,2022,40.56878722222223,-99.21816944444444,2216.56,13.434145203537046,11.837698630136988,392.3,54.23123287671233,3.7221917808219174,17.027561643835618,,17.13
403408099130501,2022,40.56878722222223,-99.21816944444444,2216.56,13.434145203537046,11.837698630136988,392.3,54.23123287671233,3.7221917808219174,17.027561643835618,,16.95
403645099242701,2022,40.61264497222222,-99.40752011111113,2297.96,18.71538837147126,11.837698630136988,392.3,54.23123287671233,3.7221917808219174,17.027561643835618,,22.65
403645099242702,2022,40.61264497222222,-99.40752011111113,2297.96,18.71538837147126,11.837698630136988,392.3,54.23123287671233,3.7221917808219174,17.027561643835618,,23.15
403350099282702,2022,40.56375277777777,-99.47419805555556,2351.95,20.85914548841733,11.837698630136988,392.3,54.23123287671233,3.7221917808219174,17.027561643835618,,18.05
403350099282701,2022,40.56375277777777,-99.47419805555556,2351.95,20.85914548841733,11.837698630136988,392.3,54.23123287671233,3.7221917808219174,17.027561643835618,,17.85
403315099351502,2022,40.554270555555554,-99.58744083333332,2447.59,75.02781179151951,11.837698630136988,392.3,54.23123287671233,3.7221917808219174,17.027561643835618,,72.81
403315099351501,2022,40.554270555555554,-99.58744083333332,2447.59,75.02781179151951,11.837698630136988,392.3,54.23123287671233,3.7221917808219174,17.027561643835618,,70.85
403738099181101,2022,40.62740444444445,-99.30320513888888,2241.2,14.800801140233515,11.837698630136988,392.3,54.23123287671233,3.7221917808219174,17.027561643835618,,19.44
403738099181102,2022,40.62740444444445,-99.30320513888888,2241.2,14.800801140233515,11.837698630136988,392.3,54.23123287671233,3.7221917808219174,17.027561643835618,,19.34
403831099173502,2022,40.642178,-99.29327591666666,2229.47,12.839678723624775,11.837698630136988,392.3,54.23123287671233,3.7221917808219174,17.027561643835618,,14.05
403831099173501,2022,40.642178,-99.29327591666666,2229.47,12.839678723624775,11.837698630136988,392.3,54.23123287671233,3.7221917808219174,17.027561643835618,,13.85
403710099104601,2022,40.6195145,-99.17947241666668,2193.97,16.48533576114562,11.837698630136988,392.3,54.23123287671233,3.7221917808219174,17.027561643835618,,17.35
403710099104602,2022,40.6195145,-99.17947241666668,2193.97,16.48533576114562,11.837698630136988,392.3,54.23123287671233,3.7221917808219174,17.027561643835618,,17.94
403903099214302,2022,40.650864722222224,-99.3618686111111,2248.47,8.370730196371747,11.837698630136988,392.3,54.23123287671233,3.7221917808219174,17.027561643835618,,10.09
403903099214301,2022,40.650864722222224,-99.3618686111111,2248.47,8.370730196371747,11.837698630136988,392.3,54.23123287671233,3.7221917808219174,17.027561643835618,,10.09
404006099282401,2022,40.66854833333333,-99.4734825,2280.04,2.5453412966015416,11.837698630136988,392.3,54.23123287671233,3.7221917808219174,17.027561643835618,,3.78
403959099282802,2022,40.66638638888889,-99.47439194444443,2282.17,3.096874598075769,11.837698630136988,392.3,54.23123287671233,3.7221917808219174,17.027561643835618,,4.61
403927099293501,2022,40.65755805555556,-99.49321666666668,2297.65,9.384614295158064,11.837698630136988,392.3,54.23123287671233,3.7221917808219174,17.027561643835618,,10.29
403959099282801,2022,40.66638638888889,-99.47439194444443,2282.17,3.096874598075769,11.837698630136988,392.3,54.23123287671233,3.7221917808219174,17.027561643835618,,4.66
403949099293501,2022,40.66383277777778,-99.49320805555556,2291.23,6.51207474482999,11.837698630136988,392.3,54.23123287671233,3.7221917808219174,17.027561643835618,,5.33
403832099293501,2022,40.64230694444444,-99.49321833333332,2322.16,21.329181461384927,11.837698630136988,392.3,54.23123287671233,3.7221917808219174,17.027561643835618,,24.74
403739099293601,2022,40.62758555555556,-99.49344,2356.31,29.200232145114185,11.837698630136988,392.3,54.23123287671233,3.7221917808219174,17.027561643835618,,34.53
404059099383501,2022,40.68328583333333,-99.64316027777778,2343.11,17.9919573700034,11.837698630136988,392.3,54.23123287671233,3.7221917808219174,17.027561643835618,,15.3
404033099373001,2022,40.67593911111111,-99.62515633333332,2339.74,17.241739567502353,11.837698630136988,392.3,54.23123287671233,3.7221917808219174,17.027561643835618,,11.6
404102099373001,2022,40.68405933333333,-99.62523716666666,2334.85,9.046887168448242,11.837698630136988,392.3,54.23123287671233,3.7221917808219174,17.027561643835618,,10.74
404102099373002,2022,40.68405933333333,-99.62523716666666,2334.85,9.046887168448242,11.837698630136988,392.3,54.23123287671233,3.7221917808219174,17.027561643835618,,9.14
403946099383201,2022,40.66301611111111,-99.64228555555556,2446.94,72.98325765980334,11.837698630136988,392.3,54.23123287671233,3.7221917808219174,17.027561643835618,,97.29
402107099262000,2021,40.35080555555556,-99.43768055555556,2363.91,197.26224697680385,11.854109589041096,675.54,63.413260273972604,3.3998082191780825,16.312,,197.99
402115099213100,2021,40.35468888888889,-99.35943333333331,2345.58,200.25621923959744,11.854109589041096,675.54,63.413260273972604,3.3998082191780825,16.312,,202.25
402159099301600,2021,40.3649,-99.50220555555556,2377.49,172.44507441911642,11.854109589041096,675.54,63.413260273972604,3.3998082191780825,16.312,,180.73
402200099160700,2021,40.3669,-99.267175,2280.22,143.36494334809203,11.854109589041096,675.54,63.413260273972604,3.3998082191780825,16.312,,147.62
402233099341700,2021,40.376269444444446,-99.57279166666666,2335.32,118.17821604053596,11.854109589041096,675.54,63.413260273972604,3.3998082191780825,16.312,,111.7
402320099231001,2021,40.38914722222222,-99.38615277777778,2384.17,201.9361453931469,11.854109589041096,675.54,63.413260273972604,3.3998082191780825,16.312,,213.59
402326099185300,2021,40.390366666666665,-99.31649722222222,2306.56,145.0488300400411,11.854109589041096,675.54,63.413260273972604,3.3998082191780825,16.312,,148.48
402334099293301,2021,40.392735555555554,-99.49248916666669,2343.83,141.78338449364523,11.854109589041096,675.54,63.413260273972604,3.3998082191780825,16.312,,135.13
402334099293302,2021,40.392735555555554,-99.49248916666669,2343.83,141.78338449364523,11.854109589041096,675.54,63.413260273972604,3.3998082191780825,16.312,,135.49
402342099143300,2021,40.39436388888889,-99.24273333333332,2261.52,106.81479951079211,11.854109589041096,675.54,63.413260273972604,3.3998082191780825,16.312,,113.84
402404099383400,2021,40.40166972222222,-99.64190722222224,2363.94,91.91309352762887,11.854109589041096,675.54,63.413260273972604,3.3998082191780825,16.312,,86.91
402406099311800,2021,40.40154444444444,-99.52104166666666,2406.07,173.8844420691417,11.854109589041096,675.54,63.413260273972604,3.3998082191780825,16.312,,181.02
402421099112000,2021,40.40549166666666,-99.18921666666668,2216.62,61.63756806292576,11.854109589041096,675.54,63.413260273972604,3.3998082191780825,16.312,,60.13
402423099152001,2021,40.40643361111111,-99.2555336111111,2261.86,92.53329605756586,11.854109589041096,675.54,63.413260273972604,3.3998082191780825,16.312,,91.4
402435099262900,2021,40.40768055555555,-99.44083333333332,2405.19,192.88779924883684,11.854109589041096,675.54,63.413260273972604,3.3998082191780825,16.312,,205.78
402458099344401,2021,40.41608027777777,-99.57890388888887,2426.49,164.79163241311457,11.854109589041096,675.54,63.413260273972604,3.3998082191780825,16.312,,169.94
402458099344402,2021,40.41608027777777,-99.57890388888887,2426.49,164.79163241311457,11.854109589041096,675.54,63.413260273972604,3.3998082191780825,16.312,,170.04
402513099164801,2021,40.42006111111111,-99.27985277777778,2278.97,81.63166157853219,11.854109589041096,675.54,63.413260273972604,3.3998082191780825,16.312,,80.95
402532099222601,2021,40.42564361111111,-99.37401277777776,2312.94,104.23483173219743,11.854109589041096,675.54,63.413260273972604,3.3998082191780825,16.312,,95.42
402532099222602,2021,40.42564361111111,-99.37401277777776,2312.94,104.23483173219743,11.854109589041096,675.54,63.413260273972604,3.3998082191780825,16.312,,100.44
402609099350800,2021,40.43199166666666,-99.58200277777776,2443.0,165.81796068938067,11.854109589041096,675.54,63.413260273972604,3.3998082191780825,16.312,,173.95
402630099305500,2021,40.44133611111111,-99.51204166666666,2426.38,168.61740590244335,11.854109589041096,675.54,63.413260273972604,3.3998082191780825,16.312,,175.62
402636099271801,2021,40.44343083333333,-99.45505,2362.54,128.86239676080626,11.854109589041096,675.54,63.413260273972604,3.3998082191780825,16.312,,131.45
402636099271802,2021,40.44343083333333,-99.45505,2362.54,128.86239676080626,11.854109589041096,675.54,63.413260273972604,3.3998082191780825,16.312,,130.32
402649099350601,2021,40.44692,-99.58488888888888,2428.0,148.85518547586537,11.854109589041096,675.54,63.413260273972604,3.3998082191780825,16.312,,146.9
402649099350602,2021,40.44692,-99.58488888888888,2428.0,148.85518547586537,11.854109589041096,675.54,63.413260273972604,3.3998082191780825,16.312,,147.93
402756099320601,2021,40.46654722222223,-99.53547222222224,2446.36,157.6700180874571,11.854109589041096,675.54,63.413260273972604,3.3998082191780825,16.312,,163.85
402813099382100,2021,40.46941944444445,-99.63914166666667,2473.68,148.88111839107034,11.854109589041096,675.54,63.413260273972604,3.3998082191780825,16.312,,154.73
402853099135101,2021,40.48150472222223,-99.23095833333332,2247.07,29.18870427675962,11.854109589041096,675.54,63.413260273972604,3.3998082191780825,16.312,,29.93
402853099135102,2021,40.48150472222223,-99.23095833333332,2247.07,29.18870427675962,11.854109589041096,675.54,63.413260273972604,3.3998082191780825,16.312,,29.81
402854099213801,2021,40.48158305555556,-99.36045888888889,2315.4,50.62677884227635,11.854109589041096,675.54,63.413260273972604,3.3998082191780825,16.312,,52.91
402854099213802,2021,40.48158305555556,-99.36045888888889,2315.4,50.62677884227635,11.854109589041096,675.54,63.413260273972604,3.3998082191780825,16.312,,53.07
403315099351501,2021,40.554270555555554,-99.58744083333332,2447.59,74.37626442008987,11.854109589041096,675.54,63.413260273972604,3.3998082191780825,16.312,,69.87
403315099351502,2021,40.554270555555554,-99.58744083333332,2447.59,74.37626442008987,11.854109589041096,675.54,63.413260273972604,3.3998082191780825,16.312,,71.45
403350099282701,2021,40.56375277777777,-99.47419805555556,2351.95,16.085575855031266,11.854109589041096,675.54,63.413260273972604,3.3998082191780825,16.312,,14.72
403350099282702,2021,40.56375277777777,-99.47419805555556,2351.95,16.085575855031266,11.854109589041096,675.54,63.413260273972604,3.3998082191780825,16.312,,14.89
403408099130501,2021,40.56878722222223,-99.21816944444444,2216.56,20.970589986210204,11.854109589041096,675.54,63.413260273972604,3.3998082191780825,16.312,,27.05
403408099130502,2021,40.56878722222223,-99.21816944444444,2216.56,20.970589986210204,11.854109589041096,675.54,63.413260273972604,3.3998082191780825,16.312,,21.82
403645099242701,2021,40.61264497222222,-99.40752011111113,2297.96,18.009610861627866,11.854109589041096,675.54,63.413260273972604,3.3998082191780825,16.312,,20.06
403645099242702,2021,40.61264497222222,-99.40752011111113,2297.96,18.009610861627866,11.854109589041096,675.54,63.413260273972604,3.3998082191780825,16.312,,20.54
403710099104601,2021,40.6195145,-99.17947241666668,2193.97,15.641542302866975,11.854109589041096,675.54,63.413260273972604,3.3998082191780825,16.312,,15.12
403710099104602,2021,40.6195145,-99.17947241666668,2193.97,15.641542302866975,11.854109589041096,675.54,63.413260273972604,3.3998082191780825,16.312,,15.12
403738099181101,2021,40.62740444444445,-99.30320513888888,2241.2,14.05723348260882,11.854109589041096,675.54,63.413260273972604,3.3998082191780825,16.312,,16.81
403738099181102,2021,40.62740444444445,-99.30320513888888,2241.2,14.05723348260882,11.854109589041096,675.54,63.413260273972604,3.3998082191780825,16.312,,16.69
403739099293601,2021,40.62758555555556,-99.49344,2356.31,27.661161056020635,11.854109589041096,675.54,63.413260273972604,3.3998082191780825,16.312,,31.41
403831099173501,2021,40.642178,-99.29327591666666,2229.47,10.730371708585755,11.854109589041096,675.54,63.413260273972604,3.3998082191780825,16.312,,11.27
403831099173502,2021,40.642178,-99.29327591666666,2229.47,10.730371708585755,11.854109589041096,675.54,63.413260273972604,3.3998082191780825,16.312,,11.65
403832099293501,2021,40.64230694444444,-99.49321833333332,2322.16,19.303213745286424,11.854109589041096,675.54,63.413260273972604,3.3998082191780825,16.312,,21.73
403903099214301,2021,40.650864722222224,-99.3618686111111,2248.47,5.938800537095286,11.854109589041096,675.54,63.413260273972604,3.3998082191780825,16.312,,7.15
403903099214302,2021,40.650864722222224,-99.3618686111111,2248.47,5.938800537095286,11.854109589041096,675.54,63.413260273972604,3.3998082191780825,16.312,,7.27
403927099293501,2021,40.65755805555556,-99.49321666666668,2297.65,8.212134407395418,11.854109589041096,675.54,63.413260273972604,3.3998082191780825,16.312,,8.76
403946099383201,2021,40.66301611111111,-99.64228555555556,2446.94,71.28446289281916,11.854109589041096,675.54,63.413260273972604,3.3998082191780825,16.312,,95.47
403949099293501,2021,40.66383277777778,-99.49320805555556,2291.23,5.7893947123891545,11.854109589041096,675.54,63.413260273972604,3.3998082191780825,16.312,,4.07
403959099282801,2021,40.66638638888889,-99.47439194444443,2282.17,1.3735392011300536,11.854109589041096,675.54,63.413260273972604,3.3998082191780825,16.312,,3.2
403959099282802,2021,40.66638638888889,-99.47439194444443,2282.17,1.3735392011300536,11.854109589041096,675.54,63.413260273972604,3.3998082191780825,16.312,,3.17
404006099282401,2021,40.66854833333333,-99.4734825,2280.04,0.7145522427145973,11.854109589041096,675.54,63.413260273972604,3.3998082191780825,16.312,,2.04
404033099373001,2021,40.67593911111111,-99.62515633333332,2339.74,15.329547531508018,11.854109589041096,675.54,63.413260273972604,3.3998082191780825,16.312,,9.96
404040099383501,2021,40.67796833333333,-99.64313333333334,2346.64,20.22703071017459,11.854109589041096,675.54,63.413260273972604,3.3998082191780825,16.312,,10.15
404059099383501,2021,40.68328583333333,-99.64316027777778,2343.11,13.958424467179302,11.854109589041096,675.54,63.413260273972604,3.3998082191780825,16.312,,13.7
404102099373001,2021,40.68405933333333,-99.62523716666666,2334.85,7.594646397847812,11.854109589041096,675.54,63.413260273972604,3.3998082191780825,16.312,,10.33
404102099373002,2021,40.68405933333333,-99.62523716666666,2334.85,7.594646397847812,11.854109589041096,675.54,63.413260273972604,3.3998082191780825,16.312,,8.3
403123099261501,2023,40.52446389,-99.436875,2361.96,42.59047345251818,12.096410958904109,567.81,61.07383561643836,3.2536164383561643,16.480931506849316,,45.2
402124099201601,2023,40.3563466,-99.3403749,2318.47,180.5284457744216,12.096410958904109,567.81,61.07383561643836,3.2536164383561643,16.480931506849316,,179.2
402124099201601,2023,40.3563466,-99.3403749,2318.47,180.5284457744216,12.096410958904109,567.81,61.07383561643836,3.2536164383561643,16.480931506849316,,179.2
402716099212401,2023,40.4529071,-99.3592878,2307.74,74.45672197323466,12.096410958904109,567.81,61.07383561643836,3.2536164383561643,16.480931506849316,,71.1
402853099104601,2023,40.4815796,-99.179559,2221.31,32.2456197874486,12.096410958904109,567.81,61.07383561643836,3.2536164383561643,16.480931506849316,,23.76
402853099152001,2023,40.4816481,-99.2557469,2251.06,32.402977380413944,12.096410958904109,567.81,61.07383561643836,3.2536164383561643,16.480931506849316,,30.47
402905099115301,2023,40.4848551,-99.1983097,2241.11,35.867211706187746,12.096410958904109,567.81,61.07383561643836,3.2536164383561643,16.480931506849316,,37.68
402924099235501,2023,40.4901949,-99.398706,2336.37,56.12840124072052,12.096410958904109,567.81,61.07383561643836,3.2536164383561643,16.480931506849316,,53.31
402952099114401,2023,40.4961238363889,-99.1985012,2246.17,35.27455795008405,12.096410958904109,567.81,61.07383561643836,3.2536164383561643,16.480931506849316,,41.67
402952099161701,2023,40.49624602,-99.2746825,2255.28,27.374664730562976,12.096410958904109,567.81,61.07383561643836,3.2536164383561643,16.480931506849316,,24.35
403037099111401,2023,40.5103457694444,-99.1873426,2237.5,33.79450636274274,12.096410958904109,567.81,61.07383561643836,3.2536164383561643,16.480931506849316,,35.96
403037099135301,2023,40.5105526386111,-99.2316379,2239.33,24.0843026660904,12.096410958904109,567.81,61.07383561643836,3.2536164383561643,16.480931506849316,,21.85
403037099313401,2023,40.5104684,-99.5262137,2408.97,90.04475622011273,12.096410958904109,567.81,61.07383561643836,3.2536164383561643,16.480931506849316,,76.9
403104099130201,2023,40.5179145,-99.2173248,2242.62,27.66918049599617,12.096410958904109,567.81,61.07383561643836,3.2536164383561643,16.480931506849316,,32.18
403125099295701,2023,40.5247252,-99.4992246,2402.13,68.4216462502476,12.096410958904109,567.81,61.07383561643836,3.2536164383561643,16.480931506849316,,66.1
403138099190801,2023,40.5255972,-99.3224515,2277.27,24.514642732463745,12.096410958904109,567.81,61.07383561643836,3.2536164383561643,16.480931506849316,,26.1
403138099235801,2023,40.5255500233333,-99.399115,2328.14,29.920786429439342,12.096410958904109,567.81,61.07383561643836,3.2536164383561643,16.480931506849316,,28.05
403217099312001,2023,40.5392815,-99.5207383,2451.89,77.43329122983536,12.096410958904109,567.81,61.07383561643836,3.2536164383561643,16.480931506849316,,103.55
403309099250701,2023,40.5543784,-99.4199673,2322.67,17.60004221313814,12.096410958904109,567.81,61.07383561643836,3.2536164383561643,16.480931506849316,,12.95
403309099281401,2023,40.5521635,-99.4737128,2354.64,22.994374800179163,12.096410958904109,567.81,61.07383561643836,3.2536164383561643,16.480931506849316,,9.6
403322099201601,2023,40.5547811,-99.3416484,2267.67,12.90855477025406,12.096410958904109,567.81,61.07383561643836,3.2536164383561643,16.480931506849316,,6.08
403322099304801,2023,40.5542755075,-99.5122815,2411.43,57.16812750682362,12.096410958904109,567.81,61.07383561643836,3.2536164383561643,16.480931506849316,,58.1
403322099371801,2023,40.5557047,-99.6247601,2465.78,88.03895700542557,12.096410958904109,567.81,61.07383561643836,3.2536164383561643,16.480931506849316,,79.5
403348099114401,2023,40.5613598133333,-99.1983188,2236.17,31.570531596888,12.096410958904109,567.81,61.07383561643836,3.2536164383561643,16.480931506849316,,40.73
403453099141801,2023,40.58307501,-99.2365144,2255.34,35.31002611931718,12.096410958904109,567.81,61.07383561643836,3.2536164383561643,16.480931506849316,,49.99
403453099190801,2023,40.5807096794444,-99.3229107,2282.14,26.29215378462153,12.096410958904109,567.81,61.07383561643836,3.2536164383561643,16.480931506849316,,39.85
403506099350101,2023,40.5833317,-99.5866221,2484.33,88.23914618005087,12.096410958904109,567.81,61.07383561643836,3.2536164383561643,16.480931506849316,,104.3
403507099234101,2023,40.5836771413889,-99.3985091,2295.65,14.8550656906416,12.096410958904109,567.81,61.07383561643836,3.2536164383561643,16.480931506849316,,14.48
403520099201601,2023,40.5886101475,-99.3416473,2265.95,17.003466503485868,12.096410958904109,567.81,61.07383561643836,3.2536164383561643,16.480931506849316,,16.05
403646099293301,2023,40.6127772,-99.4935704,2354.25,28.91652092314092,12.096410958904109,567.81,61.07383561643836,3.2536164383561643,16.480931506849316,,20.9
403651099281401,2023,40.613021,-99.4747929,2345.39,29.79944356242518,12.096410958904109,567.81,61.07383561643836,3.2536164383561643,16.480931506849316,,40.58
403822099324501,2023,40.6415361,-99.5482644,2377.53,39.05442229582977,12.096410958904109,567.81,61.07383561643836,3.2536164383561643,16.480931506849316,,43.31
403902099313701,2023,40.6483999,-99.5291531,2345.9,30.599916486118563,12.096410958904109,567.81,61.07383561643836,3.2536164383561643,16.480931506849316,,36.8
403915099190801,2023,40.6573434,-99.3214291,2234.03,12.873189647742628,12.096410958904109,567.81,61.07383561643836,3.2536164383561643,16.480931506849316,,10.0
403928099333601,2023,40.6571948,-99.5612991,2355.41,27.272324054323462,12.096410958904109,567.81,61.07383561643836,3.2536164383561643,16.480931506849316,,41.4
403928099371801,2023,40.655954,-99.6202609,2432.98,64.16934356416915,12.096410958904109,567.81,61.07383561643836,3.2536164383561643,16.480931506849316,,86.45
403941099331901,2023,40.66044972,-99.55637462,2347.21,21.35608993078734,12.096410958904109,567.81,61.07383561643836,3.2536164383561643,16.480931506849316,,8.91
403941099342701,2023,40.6636923,-99.5766538,2326.71,18.74952772825509,12.096410958904109,567.81,61.07383561643836,3.2536164383561643,16.480931506849316,,13.57
403954099335301,2023,40.6640455,-99.5668126,2327.34,17.57242973544781,12.096410958904109,567.81,61.07383561643836,3.2536164383561643,16.480931506849316,,14.7
404007099294001,2023,40.6709022,-99.4936146,2290.54,7.861129556927939,12.096410958904109,567.81,61.07383561643836,3.2536164383561643,16.480931506849316,,8.92
404007099351901,2023,40.6709256,-99.5865622,2322.26,13.288573184061958,12.096410958904109,567.81,61.07383561643836,3.2536164383561643,16.480931506849316,,8.29
404020099355301,2023,40.6710839,-99.5961084,2326.91,16.9187024349948,12.096410958904109,567.81,61.07383561643836,3.2536164383561643,16.480931506849316,,10.15
402513099164801,2024,40.42006111111111,-99.27985277777778,2278.97,87.4467668635997,12.596065573770492,607.89,60.550737704918035,3.417677595628415,16.566120218579236,,81.78
402421099112000,2024,40.40549166666666,-99.18921666666668,2216.62,66.86636991940945,12.596065573770492,607.89,60.550737704918035,3.417677595628415,16.566120218579236,,61.95
402342099143300,2024,40.39436388888889,-99.24273333333332,2261.52,106.4270492895054,12.596065573770492,607.89,60.550737704918035,3.417677595628415,16.566120218579236,,114.58
402423099152001,2024,40.40643361111111,-99.2555336111111,2261.86,96.48544654466208,12.596065573770492,607.89,60.550737704918035,3.417677595628415,16.566120218579236,,92.79
402200099160700,2024,40.3669,-99.267175,2280.22,141.29051995839194,12.596065573770492,607.89,60.550737704918035,3.417677595628415,16.566120218579236,,148.2
402532099222601,2024,40.42564361111111,-99.37401277777776,2312.94,108.43055617183995,12.596065573770492,607.89,60.550737704918035,3.417677595628415,16.566120218579236,,95.73
402532099222602,2024,40.42564361111111,-99.37401277777776,2312.94,108.43055617183995,12.596065573770492,607.89,60.550737704918035,3.417677595628415,16.566120218579236,,100.9
402320099231001,2024,40.38914722222222,-99.38615277777778,2384.17,193.6163247771444,12.596065573770492,607.89,60.550737704918035,3.417677595628415,16.566120218579236,,212.72
402326099185300,2024,40.390366666666665,-99.31649722222222,2306.56,144.91595349730017,12.596065573770492,607.89,60.550737704918035,3.417677595628415,16.566120218579236,,148.5
402115099213100,2024,40.35468888888889,-99.35943333333331,2345.58,196.90017235342032,12.596065573770492,607.89,60.550737704918035,3.417677595628415,16.566120218579236,,201.75
402435099262900,2024,40.40768055555555,-99.44083333333332,2405.19,187.466903115422,12.596065573770492,607.89,60.550737704918035,3.417677595628415,16.566120218579236,,209.4
402406099311800,2024,40.40154444444444,-99.52104166666666,2406.07,170.29105936062302,12.596065573770492,607.89,60.550737704918035,3.417677595628415,16.566120218579236,,181.0
402334099293301,2024,40.392735555555554,-99.49248916666669,2343.83,148.17814886829836,12.596065573770492,607.89,60.550737704918035,3.417677595628415,16.566120218579236,,134.56
402334099293302,2024,40.392735555555554,-99.49248916666669,2343.83,148.17814886829836,12.596065573770492,607.89,60.550737704918035,3.417677595628415,16.566120218579236,,134.82
402159099301600,2024,40.3649,-99.50220555555556,2377.49,169.5793946534788,12.596065573770492,607.89,60.550737704918035,3.417677595628415,16.566120218579236,,180.6
402107099262000,2024,40.35080555555556,-99.43768055555556,2363.91,196.6407856493596,12.596065573770492,607.89,60.550737704918035,3.417677595628415,16.566120218579236,,198.62
402609099350800,2024,40.43199166666666,-99.58200277777776,2443.0,163.06793700757288,12.596065573770492,607.89,60.550737704918035,3.417677595628415,16.566120218579236,,173.4
402458099344401,2024,40.41608027777777,-99.57890388888887,2426.49,163.32026620793286,12.596065573770492,607.89,60.550737704918035,3.417677595628415,16.566120218579236,,169.32
402458099344402,2024,40.41608027777777,-99.57890388888887,2426.49,163.32026620793286,12.596065573770492,607.89,60.550737704918035,3.417677595628415,16.566120218579236,,169.35
402404099383400,2024,40.40166972222222,-99.64190722222224,2363.94,99.0565749704009,12.596065573770492,607.89,60.550737704918035,3.417677595628415,16.566120218579236,,87.1
402233099341700,2024,40.376269444444446,-99.57279166666666,2335.32,124.27139384873858,12.596065573770492,607.89,60.550737704918035,3.417677595628415,16.566120218579236,,111.55
403029099130401,2024,40.508164,-99.217889,2229.8,22.93896407017787,12.596065573770492,607.89,60.550737704918035,3.417677595628415,16.566120218579236,,20.6
402853099135101,2024,40.48150472222223,-99.23095833333332,2247.07,35.40740737805617,12.596065573770492,607.89,60.550737704918035,3.417677595628415,16.566120218579236,,35.67
402853099135102,2024,40.48150472222223,-99.23095833333332,2247.07,35.40740737805617,12.596065573770492,607.89,60.550737704918035,3.417677595628415,16.566120218579236,,35.58
402854099213801,2024,40.48158305555556,-99.36045888888889,2315.4,55.71570856892199,12.596065573770492,607.89,60.550737704918035,3.417677595628415,16.566120218579236,,55.38
402854099213802,2024,40.48158305555556,-99.36045888888889,2315.4,55.71570856892199,12.596065573770492,607.89,60.550737704918035,3.417677595628415,16.566120218579236,,55.53
402854099213803,2024,40.48158055,-99.36045833,2315.0,55.71570856892199,12.596065573770492,607.89,60.550737704918035,3.417677595628415,16.566120218579236,,54.65
402630099305500,2024,40.44133611111111,-99.51204166666666,2426.38,164.3863846772422,12.596065573770492,607.89,60.550737704918035,3.417677595628415,16.566120218579236,,174.98
402636099271801,2024,40.44343083333333,-99.45505,2362.54,132.02509403163273,12.596065573770492,607.89,60.550737704918035,3.417677595628415,16.566120218579236,,131.5
402636099271802,2024,40.44343083333333,-99.45505,2362.54,132.02509403163273,12.596065573770492,607.89,60.550737704918035,3.417677595628415,16.566120218579236,,130.44
402813099382100,2024,40.46941944444445,-99.63914166666667,2473.68,147.3189602983889,12.596065573770492,607.89,60.550737704918035,3.417677595628415,16.566120218579236,,154.15
402756099320601,2024,40.46654722222223,-99.53547222222224,2446.36,154.38939690481672,12.596065573770492,607.89,60.550737704918035,3.417677595628415,16.566120218579236,,163.21
402649099350601,2024,40.44692,-99.58488888888888,2428.0,150.95806998486376,12.596065573770492,607.89,60.550737704918035,3.417677595628415,16.566120218579236,,145.94
402649099350602,2024,40.44692,-99.58488888888888,2428.0,150.95806998486376,12.596065573770492,607.89,60.550737704918035,3.417677595628415,16.566120218579236,,146.94
403408099130501,2024,40.56878722222223,-99.21816944444444,2216.56,16.907327352334473,12.596065573770492,607.89,60.550737704918035,3.417677595628415,16.566120218579236,,17.53
403408099130502,2024,40.56878722222223,-99.21816944444444,2216.56,16.907327352334473,12.596065573770492,607.89,60.550737704918035,3.417677595628415,16.566120218579236,,17.52
403645099242701,2024,40.61264497222222,-99.40752011111113,2297.96,19.78242689903975,12.596065573770492,607.89,60.550737704918035,3.417677595628415,16.566120218579236,,22.63
403645099242701,2024,40.61264497222222,-99.40752011111113,2297.96,19.78242689903975,12.596065573770492,607.89,60.550737704918035,3.417677595628415,16.566120218579236,,23.15
G-187841Deep,2024,40.55758333,-99.32308333,2268.0,18.645007841619904,12.596065573770492,607.89,60.550737704918035,3.417677595628415,16.566120218579236,,19.39
403316099202901,2024,40.55436111,-99.34138889,2268.0,19.894293459245677,12.596065573770492,607.89,60.550737704918035,3.417677595628415,16.566120218579236,,19.75
403316099192301,2024,40.554508,-99.32334,2267.0,19.398687681987028,12.596065573770492,607.89,60.550737704918035,3.417677595628415,16.566120218579236,,19.66
403350099282701,2024,40.56375277777777,-99.47419805555556,2351.95,23.256400184210896,12.596065573770492,607.89,60.550737704918035,3.417677595628415,16.566120218579236,,17.87
403350099282702,2024,40.56375277777777,-99.47419805555556,2351.95,23.256400184210896,12.596065573770492,607.89,60.550737704918035,3.417677595628415,16.566120218579236,,18.08
403248099315201,2024,40.54658611,-99.53116944,2417.0,61.44796360167104,12.596065573770492,607.89,60.550737704918035,3.417677595628415,16.566120218579236,,59.28
403248099315201,2024,40.54658611,-99.53116944,2417.0,61.44796360167104,12.596065573770492,607.89,60.550737704918035,3.417677595628415,16.566120218579236,,61.0
403226099345801,2024,40.54044444,-99.58280556,2461.0,91.48558303898892,12.596065573770492,607.89,60.550737704918035,3.417677595628415,16.566120218579236,,94.89
403315099351501,2024,40.554270555555554,-99.58744083333332,2447.59,77.39470197518254,12.596065573770492,607.89,60.550737704918035,3.417677595628415,16.566120218579236,,68.78
403315099351502,2024,40.554270555555554,-99.58744083333332,2447.59,77.39470197518254,12.596065573770492,607.89,60.550737704918035,3.417677595628415,16.566120218579236,,72.46
403738099181101,2024,40.62740444444445,-99.30320513888888,2241.2,16.49911390351115,12.596065573770492,607.89,60.550737704918035,3.417677595628415,16.566120218579236,,18.77
403738099181102,2024,40.62740444444445,-99.30320513888888,2241.2,16.49911390351115,12.596065573770492,607.89,60.550737704918035,3.417677595628415,16.566120218579236,,18.72
403831099173501,2024,40.642178,-99.29327591666666,2229.47,15.07676943773831,12.596065573770492,607.89,60.550737704918035,3.417677595628415,16.566120218579236,,12.4
403831099173502,2024,40.642178,-99.29327591666666,2229.47,15.07676943773831,12.596065573770492,607.89,60.550737704918035,3.417677595628415,16.566120218579236,,12.72
403710099104601,2024,40.6195145,-99.17947241666668,2193.97,19.818315060598376,12.596065573770492,607.89,60.550737704918035,3.417677595628415,16.566120218579236,,17.49
403710099104602,2024,40.6195145,-99.17947241666668,2193.97,19.818315060598376,12.596065573770492,607.89,60.550737704918035,3.417677595628415,16.566120218579236,,17.58
403903099214301,2024,40.650864722222224,-99.3618686111111,2248.47,9.530352864689272,12.596065573770492,607.89,60.550737704918035,3.417677595628415,16.566120218579236,,8.89
403903099214302,2024,40.650864722222224,-99.3618686111111,2248.47,9.530352864689272,12.596065573770492,607.89,60.550737704918035,3.417677595628415,16.566120218579236,,8.99
404006099282401,2024,40.66854833333333,-99.4734825,2280.04,3.74585828044345,12.596065573770492,607.89,60.550737704918035,3.417677595628415,16.566120218579236,,2.29
403927099293501,2024,40.65755805555556,-99.49321666666668,2297.65,9.46054926674541,12.596065573770492,607.89,60.550737704918035,3.417677595628415,16.566120218579236,,8.23
403949099293501,2024,40.66383277777778,-99.49320805555556,2291.23,6.845403740725294,12.596065573770492,607.89,60.550737704918035,3.417677595628415,16.566120218579236,,3.35
403959099282801,2024,40.66638638888889,-99.47439194444443,2282.17,4.077136649676775,12.596065573770492,607.89,60.550737704918035,3.417677595628415,16.566120218579236,,2.69
403959099282802,2024,40.66638638888889,-99.47439194444443,2282.17,4.077136649676775,12.596065573770492,607.89,60.550737704918035,3.417677595628415,16.566120218579236,,2.73
403832099293501,2024,40.64230694444444,-99.49321833333332,2322.16,20.11178372280017,12.596065573770492,607.89,60.550737704918035,3.417677595628415,16.566120218579236,,23.12
403739099293601,2024,40.62758555555556,-99.49344,2356.31,28.33104318483259,12.596065573770492,607.89,60.550737704918035,3.417677595628415,16.566120218579236,,37.41
404059099383501,2024,40.68328583333333,-99.64316027777778,2343.11,18.959902843890347,12.596065573770492,607.89,60.550737704918035,3.417677595628415,16.566120218579236,,13.22
404040099383501,2024,40.67796833333333,-99.64313333333334,2346.64,24.06756607383041,12.596065573770492,607.89,60.550737704918035,3.417677595628415,16.566120218579236,,8.8
404033099373001,2024,40.67593911111111,-99.62515633333332,2339.74,15.570481692297838,12.596065573770492,607.89,60.550737704918035,3.417677595628415,16.566120218579236,,7.9
404102099373001,2024,40.68405933333333,-99.62523716666666,2334.85,10.321497317533629,12.596065573770492,607.89,60.550737704918035,3.417677595628415,16.566120218579236,,9.83
404102099373002,2024,40.68405933333333,-99.62523716666666,2334.85,10.321497317533629,12.596065573770492,607.89,60.550737704918035,3.417677595628415,16.566120218579236,,7.72
403946099383201,2024,40.66301611111111,-99.64228555555556,2446.94,59.29190409118721,12.596065573770492,607.89,60.550737704918035,3.417677595628415,16.566120218579236,,95.78
402802099285801,2024,40.46775,-99.48183333,2376.84,111.748412432784,12.596065573770492,607.89,60.550737704918035,3.417677595628415,16.566120218579236,,103.08
403123099261501,2024,40.52446389,-99.436875,2361.96,44.99981017366467,12.596065573770492,607.89,60.550737704918035,3.417677595628415,16.566120218579236,,43.82
403132099381001,2024,40.52556319,-99.63650076,2517.21,141.21151337903495,12.596065573770492,607.89,60.550737704918035,3.417677595628415,16.566120218579236,,153.05
403217099235801,2024,40.53806574,-99.39982287,2321.45,29.660379830992888,12.596065573770492,607.89,60.550737704918035,3.417677595628415,16.566120218579236,,27.59
403922099223301,2024,40.65834351,-99.38037703,2253.27,8.919480083205414,12.596065573770492,607.89,60.550737704918035,3.417677595628415,16.566120218579236,,7.87
404016099370201,2024,40.6711189,-99.61760995,2335.44,15.01687917621782,12.596065573770492,607.89,60.550737704918035,3.417677595628415,16.566120218579236,,5.89
