CSD_ID,County,LatDD,LongDD,YearMsr,DateMsr,Season,WatLevel,Surf_Elev,TIFF_Value,Annual_Temperature_Mean,Annual_Precipitation_Total,Annual_Humidity_Mean,Annual_WindSpeed_Mean,Annual_SolarRadiation_Mean,DEM_Elevation
402107099262000,PHELPS,40.35080555555556,-99.43768055555556,2000,2000-04-15,Spring,201.14,2363.91,203.5397798541416,11.749371584699455,552.94,58.68125683060109,3.488169398907104,16.321967213114753,
402110099140001,PHELPS,40.351999,-99.2329232,2000,2000-05-01,Spring,166.84,2283.76,150.43030783331156,11.749371584699455,552.94,58.68125683060109,3.488169398907104,16.321967213114753,
402115099213100,PHELPS,40.35468888888889,-99.35943333333331,2000,2000-04-15,Spring,206.1,2345.58,205.53660728347623,11.749371584699455,552.94,58.68125683060109,3.488169398907104,16.321967213114753,
402124099201601,PHELPS,40.3563466,-99.3403749,2000,2000-05-01,Spring,184.79,2318.47,188.9575573917892,11.749371584699455,552.94,58.68125683060109,3.488169398907104,16.321967213114753,
402159099301600,PHELPS,40.3649,-99.50220555555556,2000,2000-04-15,Spring,182.52,2377.49,182.3591820223973,11.749371584699455,552.94,58.68125683060109,3.488169398907104,16.321967213114753,
402200099160700,PHELPS,40.3669,-99.267175,2000,2000-04-15,Spring,146.9,2280.22,145.84917565167316,11.749371584699455,552.94,58.68125683060109,3.488169398907104,16.321967213114753,
402233099341700,PHELPS,40.376269444444446,-99.57279166666666,2000,2000-04-15,Spring,112.63,2335.32,112.05432388606168,11.749371584699455,552.94,58.68125683060109,3.488169398907104,16.321967213114753,
402320099231001,PHELPS,40.38914722222222,-99.38615277777778,2000,2000-04-15,Spring,216.95,2384.17,208.71656776405223,11.749371584699455,552.94,58.68125683060109,3.488169398907104,16.321967213114753,
402326099185300,PHELPS,40.390366666666665,-99.31649722222222,2000,2000-04-15,Spring,146.72,2306.56,148.1332119289163,11.749371584699455,552.94,58.68125683060109,3.488169398907104,16.321967213114753,
402340099353701,PHELPS,40.39445302,-99.59399869,2000,2000-04-12,Spring,25.44,2264.29,74.08616379460078,11.749371584699455,552.94,58.68125683060109,3.488169398907104,16.321967213114753,
402342099143300,PHELPS,40.39436388888889,-99.24273333333332,2000,2000-04-15,Spring,109.06,2261.52,107.11752879570462,11.749371584699455,552.94,58.68125683060109,3.488169398907104,16.321967213114753,
402406099311800,PHELPS,40.40154444444444,-99.52104166666666,2000,2000-04-15,Spring,182.5,2406.07,180.68468790862,11.749371584699455,552.94,58.68125683060109,3.488169398907104,16.321967213114753,
402421099112000,PHELPS,40.40549166666666,-99.18921666666668,2000,2000-04-15,Spring,50.0,2216.62,55.1862883213576,11.749371584699455,552.94,58.68125683060109,3.488169398907104,16.321967213114753,
402435099262900,PHELPS,40.40768055555555,-99.44083333333332,2000,2000-04-15,Spring,208.46,2405.19,200.2063398277857,11.749371584699455,552.94,58.68125683060109,3.488169398907104,16.321967213114753,
402513099164801,PHELPS,40.42006111111111,-99.27985277777778,2000,2000-04-15,Spring,66.07,2278.97,73.52797451890939,11.749371584699455,552.94,58.68125683060109,3.488169398907104,16.321967213114753,
402524099201601,PHELPS,40.42334431,-99.33815365,2000,2000-04-12,Spring,120.28,2312.07,116.58677946599632,11.749371584699455,552.94,58.68125683060109,3.488169398907104,16.321967213114753,
402532099235801,PHELPS,40.42582814,-99.40068743,2000,2000-04-28,Spring,115.9,2321.09,131.53286007247928,11.749371584699455,552.94,58.68125683060109,3.488169398907104,16.321967213114753,
402609099350800,PHELPS,40.43199166666666,-99.58200277777776,2000,2000-04-15,Spring,175.89,2443.0,168.02096210425208,11.749371584699455,552.94,58.68125683060109,3.488169398907104,16.321967213114753,
402630099305500,PHELPS,40.44133611111111,-99.51204166666666,2000,2000-04-15,Spring,176.14,2426.38,173.6080857076451,11.749371584699455,552.94,58.68125683060109,3.488169398907104,16.321967213114753,
402703099150901,PHELPS,40.44969595,-99.25284899,2000,2000-05-01,Spring,36.83,2253.96,38.67110276066199,11.749371584699455,552.94,58.68125683060109,3.488169398907104,16.321967213114753,
402716099212401,PHELPS,40.4529071,-99.3592878,2000,2000-04-28,Spring,65.19,2307.74,72.98895936933731,11.749371584699455,552.94,58.68125683060109,3.488169398907104,16.321967213114753,
402756099320601,PHELPS,40.46654722222223,-99.53547222222224,2000,2000-04-15,Spring,162.99,2446.36,159.39779610177044,11.749371584699455,552.94,58.68125683060109,3.488169398907104,16.321967213114753,
402802099285801,PHELPS,40.46775,-99.48183333,2000,2000-04-12,Spring,98.47,2376.84,105.29440813206928,11.749371584699455,552.94,58.68125683060109,3.488169398907104,16.321967213114753,
402813099382100,PHELPS,40.46941944444445,-99.63914166666667,2000,2000-04-15,Spring,157.0,2473.68,155.69517398544008,11.749371584699455,552.94,58.68125683060109,3.488169398907104,16.321967213114753,
402821099282901,PHELPS,40.47215973,-99.47068872,2000,2000-04-15,Spring,90.1,2363.91,91.63739823213952,11.749371584699455,552.94,58.68125683060109,3.488169398907104,16.321967213114753,
402843099192001,PHELPS,40.47788889,-99.31941672,2000,2000-04-15,Spring,40.0,2311.88,39.64195709853404,11.749371584699455,552.94,58.68125683060109,3.488169398907104,16.321967213114753,
402851099130101,PHELPS,40.4809986,-99.2168379,2000,2000-04-15,Spring,23.5,2244.15,23.242622521324552,11.749371584699455,552.94,58.68125683060109,3.488169398907104,16.321967213114753,
402853099104601,PHELPS,40.4815796,-99.179559,2000,2000-04-15,Spring,11.1,2221.31,19.265143503238573,11.749371584699455,552.94,58.68125683060109,3.488169398907104,16.321967213114753,
402853099152001,PHELPS,40.4816481,-99.2557469,2000,2000-04-15,Spring,20.0,2251.06,21.40109965800771,11.749371584699455,552.94,58.68125683060109,3.488169398907104,16.321967213114753,
402905099115301,PHELPS,40.4848551,-99.1983097,2000,2000-04-15,Spring,25.73,2241.11,22.93625023311096,11.749371584699455,552.94,58.68125683060109,3.488169398907104,16.321967213114753,
402906099342201,PHELPS,40.485083333333336,-99.57288888888888,2000,2000-04-15,Spring,148.14,2458.82,146.8781438855271,11.749371584699455,552.94,58.68125683060109,3.488169398907104,16.321967213114753,
402924099235501,PHELPS,40.4901949,-99.398706,2000,2000-04-15,Spring,47.25,2336.37,47.98439209274369,11.749371584699455,552.94,58.68125683060109,3.488169398907104,16.321967213114753,
402945099151900,PHELPS,40.49312395,-99.25285328,2000,2000-04-15,Spring,15.18,2243.78,19.360537051064306,11.749371584699455,552.94,58.68125683060109,3.488169398907104,16.321967213114753,
402952099161701,PHELPS,40.49624602,-99.2746825,2000,2000-05-01,Spring,13.7,2255.28,18.71014883229975,11.749371584699455,552.94,58.68125683060109,3.488169398907104,16.321967213114753,
403014099213701,PHELPS,40.50113773,-99.35723759,2000,2000-04-15,Spring,27.65,2325.73,29.11529252387668,11.749371584699455,552.94,58.68125683060109,3.488169398907104,16.321967213114753,
403037099313401,PHELPS,40.5104684,-99.5262137,2000,2000-04-15,Spring,71.86,2408.97,82.9369538192453,11.749371584699455,552.94,58.68125683060109,3.488169398907104,16.321967213114753,
403123099261501,PHELPS,40.52446389,-99.436875,2000,2000-04-25,Spring,36.62,2361.96,32.997341423654895,11.749371584699455,552.94,58.68125683060109,3.488169398907104,16.321967213114753,
403124099152601,PHELPS,40.52215595,-99.25856338,2000,2000-04-15,Spring,40.52,2258.2,29.02579828378173,11.749371584699455,552.94,58.68125683060109,3.488169398907104,16.321967213114753,
403125099295701,PHELPS,40.5247252,-99.4992246,2000,2000-04-25,Spring,60.54,2402.13,61.57894204709303,11.749371584699455,552.94,58.68125683060109,3.488169398907104,16.321967213114753,
403132099381001,PHELPS,40.52556319,-99.63650076,2000,2000-04-12,Spring,152.4,2517.21,136.34367200114028,11.749371584699455,552.94,58.68125683060109,3.488169398907104,16.321967213114753,
403137099330201,PHELPS,40.5263766547222,-99.5496279,2000,2000-04-25,Spring,51.82,2405.25,74.88735969318611,11.749371584699455,552.94,58.68125683060109,3.488169398907104,16.321967213114753,
403138099190801,PHELPS,40.5255972,-99.3224515,2000,2000-04-15,Spring,14.36,2277.27,16.909693959706768,11.749371584699455,552.94,58.68125683060109,3.488169398907104,16.321967213114753,
403138099235801,PHELPS,40.5255500233333,-99.399115,2000,2000-04-28,Spring,18.67,2328.14,21.23749468331999,11.749371584699455,552.94,58.68125683060109,3.488169398907104,16.321967213114753,
403210099194201,PHELPS,40.53813889,-99.32944444,2000,2000-04-12,Spring,19.49,2277.13,14.799202785732458,11.749371584699455,552.94,58.68125683060109,3.488169398907104,16.321967213114753,
403217099235801,PHELPS,40.53806574,-99.39982287,2000,2000-04-12,Spring,16.15,2321.45,16.87025622012283,11.749371584699455,552.94,58.68125683060109,3.488169398907104,16.321967213114753,
403217099312001,PHELPS,40.5392815,-99.5207383,2000,2000-04-25,Spring,96.74,2451.89,75.78829628077067,11.749371584699455,552.94,58.68125683060109,3.488169398907104,16.321967213114753,
403224099261801,PHELPS,40.54167314,-99.43849253,2000,2000-04-25,Spring,16.07,2347.7,18.863016057087695,11.749371584699455,552.94,58.68125683060109,3.488169398907104,16.321967213114753,
403230099195901,PHELPS,40.54167314,-99.3339024,2000,2000-04-28,Spring,6.72,2269.36,12.253480518396868,11.749371584699455,552.94,58.68125683060109,3.488169398907104,16.321967213114753,
403309099250701,PHELPS,40.5543784,-99.4199673,2000,2000-04-25,Spring,9.0,2322.67,12.562834639529996,11.749371584699455,552.94,58.68125683060109,3.488169398907104,16.321967213114753,
403309099270601,PHELPS,40.55026689,-99.45178833,2000,2000-04-25,Spring,13.17,2342.87,16.495177180214487,11.749371584699455,552.94,58.68125683060109,3.488169398907104,16.321967213114753,
403309099281401,PHELPS,40.5521635,-99.4737128,2000,2000-04-25,Spring,19.52,2354.64,25.416247600602023,11.749371584699455,552.94,58.68125683060109,3.488169398907104,16.321967213114753,
403322099201601,PHELPS,40.5547811,-99.3416484,2000,2000-04-28,Spring,3.62,2267.67,10.1815137214447,11.749371584699455,552.94,58.68125683060109,3.488169398907104,16.321967213114753,
403322099210701,PHELPS,40.55622914,-99.3528114,2000,2000-04-28,Spring,12.64,2284.27,11.664313261445068,11.749371584699455,552.94,58.68125683060109,3.488169398907104,16.321967213114753,
403322099254101,PHELPS,40.5542755,-99.4303042,2000,2000-04-15,Spring,15.17,2335.12,14.351030795499277,11.749371584699455,552.94,58.68125683060109,3.488169398907104,16.321967213114753,
403322099264901,PHELPS,40.5543545569444,-99.4489925,2000,2000-04-15,Spring,13.41,2342.74,14.666723051962428,11.749371584699455,552.94,58.68125683060109,3.488169398907104,16.321967213114753,
403322099272302,PHELPS,40.5545803,-99.4609332,2000,2000-04-25,Spring,15.25,2349.56,18.27339238664139,11.749371584699455,552.94,58.68125683060109,3.488169398907104,16.321967213114753,
403322099304801,PHELPS,40.5542755075,-99.5122815,2000,2000-04-25,Spring,53.15,2411.43,55.197232102292936,11.749371584699455,552.94,58.68125683060109,3.488169398907104,16.321967213114753,
403322099371801,PHELPS,40.5557047,-99.6247601,2000,2000-04-28,Spring,72.0,2465.78,90.91071447073205,11.749371584699455,552.94,58.68125683060109,3.488169398907104,16.321967213114753,
403328099181202,PHELPS,40.5577906,-99.3033482,2000,2000-04-15,Spring,24.79,2272.01,20.95708297053332,11.749371584699455,552.94,58.68125683060109,3.488169398907104,16.321967213114753,
403335099150901,PHELPS,40.55977478,-99.25286046,2000,2000-04-28,Spring,24.16,2241.29,26.728107477883057,11.749371584699455,552.94,58.68125683060109,3.488169398907104,16.321967213114753,
403336099225701,PHELPS,40.55616214,-99.37615377,2000,2000-04-15,Spring,19.51,2296.91,14.73424354827526,11.749371584699455,552.94,58.68125683060109,3.488169398907104,16.321967213114753,
403431099362101,PHELPS,40.5754557,-99.6058865,2000,2000-04-15,Spring,80.75,2477.16,85.04636897009411,11.749371584699455,552.94,58.68125683060109,3.488169398907104,16.321967213114753,
403433099250001,PHELPS,40.576331,-99.4179046,2000,2000-04-25,Spring,13.11,2315.55,12.481875827522533,11.749371584699455,552.94,58.68125683060109,3.488169398907104,16.321967213114753,
403453099141801,PHELPS,40.58307501,-99.2365144,2000,2000-04-28,Spring,47.0,2255.34,36.87727854120397,11.749371584699455,552.94,58.68125683060109,3.488169398907104,16.321967213114753,
403453099190801,PHELPS,40.5807096794444,-99.3229107,2000,2000-04-28,Spring,33.72,2282.14,21.0513237517504,11.749371584699455,552.94,58.68125683060109,3.488169398907104,16.321967213114753,
403454099304801,PHELPS,40.57931189,-99.51412709,2000,2000-04-28,Spring,31.0,2390.5,37.48119165558378,11.749371584699455,552.94,58.68125683060109,3.488169398907104,16.321967213114753,
403506099350101,PHELPS,40.5833317,-99.5866221,2000,2000-04-28,Spring,97.17,2484.33,85.16319121432703,11.749371584699455,552.94,58.68125683060109,3.488169398907104,16.321967213114753,
403507099234101,PHELPS,40.5836771413889,-99.3985091,2000,2000-04-28,Spring,8.6,2295.65,9.34437206775571,11.749371584699455,552.94,58.68125683060109,3.488169398907104,16.321967213114753,
403507099254101,PHELPS,40.58520714,-99.42844836,2000,2000-04-15,Spring,17.5,2318.5,14.604075783204806,11.749371584699455,552.94,58.68125683060109,3.488169398907104,16.321967213114753,
403520099201601,PHELPS,40.5886101475,-99.3416473,2000,2000-04-28,Spring,9.26,2265.95,10.948967212955836,11.749371584699455,552.94,58.68125683060109,3.488169398907104,16.321967213114753,
403540099260001,PHELPS,40.5946306,-99.4353739,2000,2000-04-15,Spring,17.39,2323.77,15.479073963841406,11.749371584699455,552.94,58.68125683060109,3.488169398907104,16.321967213114753,
403625099315401,PHELPS,40.60535831,-99.53303177,2000,2000-04-28,Spring,30.0,2384.53,35.97041439713489,11.749371584699455,552.94,58.68125683060109,3.488169398907104,16.321967213114753,
403625099361001,PHELPS,40.60535831,-99.60306609,2000,2000-04-25,Spring,80.09,2454.12,78.60884699396719,11.749371584699455,552.94,58.68125683060109,3.488169398907104,16.321967213114753,
403638099154301,PHELPS,40.60901195,-99.26298962,2000,2000-04-15,Spring,11.9,2222.0,20.0516041260984,11.749371584699455,552.94,58.68125683060109,3.488169398907104,16.321967213114753,
403644099350001,PHELPS,40.61418514,-99.57972132,2000,2000-04-15,Spring,62.95,2418.26,62.60935491077085,11.749371584699455,552.94,58.68125683060109,3.488169398907104,16.321967213114753,
403646099293301,PHELPS,40.6127772,-99.4935704,2000,2000-04-25,Spring,14.31,2354.25,19.28681410976948,11.749371584699455,552.94,58.68125683060109,3.488169398907104,16.321967213114753,
403651099281401,PHELPS,40.613021,-99.4747929,2000,2000-04-25,Spring,35.0,2345.39,23.53071841941312,11.749371584699455,552.94,58.68125683060109,3.488169398907104,16.321967213114753,
403730099373501,PHELPS,40.6268217,-99.6246292,2000,2000-04-25,Spring,85.56,2471.08,79.37247428289585,11.749371584699455,552.94,58.68125683060109,3.488169398907104,16.321967213114753,
403739099281601,PHELPS,40.627653,-99.4742905,2000,2000-04-15,Spring,18.23,2324.54,17.114556598560252,11.749371584699455,552.94,58.68125683060109,3.488169398907104,16.321967213114753,
403822099324501,PHELPS,40.6415361,-99.5482644,2000,2000-04-25,Spring,35.81,2377.53,31.009444488212168,11.749371584699455,552.94,58.68125683060109,3.488169398907104,16.321967213114753,
403858099305101,PHELPS,40.64309614,-99.50852542,2000,2000-04-15,Spring,2.29,2333.89,11.668271689385422,11.749371584699455,552.94,58.68125683060109,3.488169398907104,16.321967213114753,
403902099313701,PHELPS,40.6483999,-99.5291531,2000,2000-04-25,Spring,31.4,2345.9,22.92242177067961,11.749371584699455,552.94,58.68125683060109,3.488169398907104,16.321967213114753,
403915099190801,PHELPS,40.6573434,-99.3214291,2000,2000-04-15,Spring,7.28,2234.03,13.896231893192445,11.749371584699455,552.94,58.68125683060109,3.488169398907104,16.321967213114753,
403922099223301,PHELPS,40.65834351,-99.38037703,2000,2000-06-01,Spring,6.68,2253.27,6.959252175381117,11.749371584699455,552.94,58.68125683060109,3.488169398907104,16.321967213114753,
403928099333601,PHELPS,40.6571948,-99.5612991,2000,2000-04-15,Spring,36.1,2355.41,21.54603145030089,11.749371584699455,552.94,58.68125683060109,3.488169398907104,16.321967213114753,
403928099371801,PHELPS,40.655954,-99.6202609,2000,2000-04-25,Spring,80.32,2432.98,57.68574012331986,11.749371584699455,552.94,58.68125683060109,3.488169398907104,16.321967213114753,
403941099331901,PHELPS,40.66044972,-99.55637462,2000,2000-04-25,Spring,5.05,2347.21,16.57824685408721,11.749371584699455,552.94,58.68125683060109,3.488169398907104,16.321967213114753,
403941099342701,PHELPS,40.6636923,-99.5766538,2000,2000-04-25,Spring,7.0,2326.71,13.788560209565162,11.749371584699455,552.94,58.68125683060109,3.488169398907104,16.321967213114753,
403954099255801,PHELPS,40.667854,-99.4364595,2000,2000-04-25,Spring,2.55,2268.93,4.753980589778962,11.749371584699455,552.94,58.68125683060109,3.488169398907104,16.321967213114753,
404007099294001,PHELPS,40.6709022,-99.4936146,2000,2000-04-25,Spring,7.35,2290.54,7.328950547087147,11.749371584699455,552.94,58.68125683060109,3.488169398907104,16.321967213114753,
404007099351901,PHELPS,40.6709256,-99.5865622,2000,2000-04-25,Spring,7.92,2322.26,11.201664141288116,11.749371584699455,552.94,58.68125683060109,3.488169398907104,16.321967213114753,
404016099370201,PHELPS,40.6711189,-99.61760995,2000,2000-04-12,Spring,6.08,2335.44,26.214454807221564,11.749371584699455,552.94,58.68125683060109,3.488169398907104,16.321967213114753,
404020099355301,PHELPS,40.6710839,-99.5961084,2000,2000-04-25,Spring,4.82,2326.91,14.932784589948312,11.749371584699455,552.94,58.68125683060109,3.488169398907104,16.321967213114753,
402107099262000,PHELPS,40.35080555555556,-99.43768055555556,2001,2001-04-15,Spring,201.58,2363.91,203.1698635541386,11.778054794520548,626.51,63.07638356164384,3.403150684931507,16.479589041095892,
402110099140001,PHELPS,40.351999,-99.2329232,2001,2001-05-01,Spring,168.1,2283.76,150.37640020427676,11.778054794520548,626.51,63.07638356164384,3.403150684931507,16.479589041095892,
402115099213100,PHELPS,40.35468888888889,-99.35943333333331,2001,2001-04-15,Spring,205.78,2345.58,204.5788763378557,11.778054794520548,626.51,63.07638356164384,3.403150684931507,16.479589041095892,
402124099201601,PHELPS,40.3563466,-99.3403749,2001,2001-05-01,Spring,185.0,2318.47,188.7103192839353,11.778054794520548,626.51,63.07638356164384,3.403150684931507,16.479589041095892,
402159099301600,PHELPS,40.3649,-99.50220555555556,2001,2001-04-15,Spring,182.73,2377.49,182.12971161212369,11.778054794520548,626.51,63.07638356164384,3.403150684931507,16.479589041095892,
402200099160700,PHELPS,40.3669,-99.267175,2001,2001-04-15,Spring,147.12,2280.22,145.1665965337112,11.778054794520548,626.51,63.07638356164384,3.403150684931507,16.479589041095892,
402233099341700,PHELPS,40.376269444444446,-99.57279166666666,2001,2001-04-15,Spring,112.14,2335.32,111.38836694697564,11.778054794520548,626.51,63.07638356164384,3.403150684931507,16.479589041095892,
402320099231001,PHELPS,40.38914722222222,-99.38615277777778,2001,2001-04-15,Spring,217.26,2384.17,208.12326737613125,11.778054794520548,626.51,63.07638356164384,3.403150684931507,16.479589041095892,
402326099185300,PHELPS,40.390366666666665,-99.31649722222222,2001,2001-04-15,Spring,145.79,2306.56,145.9980136232724,11.778054794520548,626.51,63.07638356164384,3.403150684931507,16.479589041095892,
402340099353701,PHELPS,40.39445302,-99.59399869,2001,2001-05-09,Spring,25.07,2264.29,75.44629859068112,11.778054794520548,626.51,63.07638356164384,3.403150684931507,16.479589041095892,
402342099143300,PHELPS,40.39436388888889,-99.24273333333332,2001,2001-04-15,Spring,109.16,2261.52,106.95225157874474,11.778054794520548,626.51,63.07638356164384,3.403150684931507,16.479589041095892,
402406099311800,PHELPS,40.40154444444444,-99.52104166666666,2001,2001-04-15,Spring,183.03,2406.07,180.63364957882837,11.778054794520548,626.51,63.07638356164384,3.403150684931507,16.479589041095892,
402421099112000,PHELPS,40.40549166666666,-99.18921666666668,2001,2001-04-15,Spring,51.46,2216.62,56.93429185119252,11.778054794520548,626.51,63.07638356164384,3.403150684931507,16.479589041095892,
402435099262900,PHELPS,40.40768055555555,-99.44083333333332,2001,2001-04-15,Spring,209.17,2405.19,200.7995640128205,11.778054794520548,626.51,63.07638356164384,3.403150684931507,16.479589041095892,
402513099164801,PHELPS,40.42006111111111,-99.27985277777778,2001,2001-04-15,Spring,68.0,2278.97,74.16706978909014,11.778054794520548,626.51,63.07638356164384,3.403150684931507,16.479589041095892,
402524099201601,PHELPS,40.42334431,-99.33815365,2001,2001-05-03,Spring,109.06,2312.07,110.04742336109328,11.778054794520548,626.51,63.07638356164384,3.403150684931507,16.479589041095892,
402532099235801,PHELPS,40.42582814,-99.40068743,2001,2001-05-07,Spring,116.18,2321.09,134.39309119253903,11.778054794520548,626.51,63.07638356164384,3.403150684931507,16.479589041095892,
402609099350800,PHELPS,40.43199166666666,-99.58200277777776,2001,2001-04-15,Spring,176.12,2443.0,165.1714785399282,11.778054794520548,626.51,63.07638356164384,3.403150684931507,16.479589041095892,
402630099305500,PHELPS,40.44133611111111,-99.51204166666666,2001,2001-04-15,Spring,177.18,2426.38,174.13571848101748,11.778054794520548,626.51,63.07638356164384,3.403150684931507,16.479589041095892,
402703099150901,PHELPS,40.44969595,-99.25284899,2001,2001-05-01,Spring,37.0,2253.96,40.91711321038047,11.778054794520548,626.51,63.07638356164384,3.403150684931507,16.479589041095892,
402716099212401,PHELPS,40.4529071,-99.3592878,2001,2001-05-07,Spring,67.85,2307.74,75.85072721502802,11.778054794520548,626.51,63.07638356164384,3.403150684931507,16.479589041095892,
402756099320601,PHELPS,40.46654722222223,-99.53547222222224,2001,2001-04-15,Spring,163.39,2446.36,159.92356707801875,11.778054794520548,626.51,63.07638356164384,3.403150684931507,16.479589041095892,
402802099285801,PHELPS,40.46775,-99.48183333,2001,2001-05-03,Spring,99.58,2376.84,114.10330284815808,11.778054794520548,626.51,63.07638356164384,3.403150684931507,16.479589041095892,
402813099382100,PHELPS,40.46941944444445,-99.63914166666667,2001,2001-04-15,Spring,157.01,2473.68,154.28423557571472,11.778054794520548,626.51,63.07638356164384,3.403150684931507,16.479589041095892,
402906099342201,PHELPS,40.485083333333336,-99.57288888888888,2001,2001-04-15,Spring,149.07,2458.82,147.20797960198496,11.778054794520548,626.51,63.07638356164384,3.403150684931507,16.479589041095892,
402952099161701,PHELPS,40.49624602,-99.2746825,2001,2001-05-01,Spring,14.11,2255.28,18.23233787776033,11.778054794520548,626.51,63.07638356164384,3.403150684931507,16.479589041095892,
403123099261501,PHELPS,40.52446389,-99.436875,2001,2001-05-03,Spring,35.48,2361.96,33.84318181395157,11.778054794520548,626.51,63.07638356164384,3.403150684931507,16.479589041095892,
403125099295701,PHELPS,40.5247252,-99.4992246,2001,2001-05-08,Spring,61.0,2402.13,66.98017314976352,11.778054794520548,626.51,63.07638356164384,3.403150684931507,16.479589041095892,
403132099381001,PHELPS,40.52556319,-99.63650076,2001,2001-05-03,Spring,152.92,2517.21,136.096647776742,11.778054794520548,626.51,63.07638356164384,3.403150684931507,16.479589041095892,
403137099330201,PHELPS,40.5263766547222,-99.5496279,2001,2001-05-08,Spring,52.54,2405.25,79.64525731704306,11.778054794520548,626.51,63.07638356164384,3.403150684931507,16.479589041095892,
403138099190801,PHELPS,40.5255972,-99.3224515,2001,2001-05-07,Spring,15.1,2277.27,16.658524679408,11.778054794520548,626.51,63.07638356164384,3.403150684931507,16.479589041095892,
403210099194201,PHELPS,40.53813889,-99.32944444,2001,2001-05-03,Spring,19.38,2277.13,14.557180333569224,11.778054794520548,626.51,63.07638356164384,3.403150684931507,16.479589041095892,
403217099235801,PHELPS,40.53806574,-99.39982287,2001,2001-05-03,Spring,14.46,2321.45,15.71668707261231,11.778054794520548,626.51,63.07638356164384,3.403150684931507,16.479589041095892,
403217099312001,PHELPS,40.5392815,-99.5207383,2001,2001-05-08,Spring,98.0,2451.89,78.4050065587368,11.778054794520548,626.51,63.07638356164384,3.403150684931507,16.479589041095892,
403224099261801,PHELPS,40.54167314,-99.43849253,2001,2001-05-08,Spring,14.6,2347.7,17.759913048347293,11.778054794520548,626.51,63.07638356164384,3.403150684931507,16.479589041095892,
403230099195901,PHELPS,40.54167314,-99.3339024,2001,2001-05-07,Spring,7.81,2269.36,12.469403664002112,11.778054794520548,626.51,63.07638356164384,3.403150684931507,16.479589041095892,
403309099250701,PHELPS,40.5543784,-99.4199673,2001,2001-05-07,Spring,7.58,2322.67,10.11017975783122,11.778054794520548,626.51,63.07638356164384,3.403150684931507,16.479589041095892,
403309099270601,PHELPS,40.55026689,-99.45178833,2001,2001-05-07,Spring,9.2,2342.87,15.336858579418475,11.778054794520548,626.51,63.07638356164384,3.403150684931507,16.479589041095892,
403309099281401,PHELPS,40.5521635,-99.4737128,2001,2001-05-08,Spring,19.38,2354.64,25.834158580555737,11.778054794520548,626.51,63.07638356164384,3.403150684931507,16.479589041095892,
403322099201601,PHELPS,40.5547811,-99.3416484,2001,2001-05-07,Spring,4.12,2267.67,10.219233721277268,11.778054794520548,626.51,63.07638356164384,3.403150684931507,16.479589041095892,
403322099210701,PHELPS,40.55622914,-99.3528114,2001,2001-05-07,Spring,13.09,2284.27,11.029474834508584,11.778054794520548,626.51,63.07638356164384,3.403150684931507,16.479589041095892,
403322099304801,PHELPS,40.5542755075,-99.5122815,2001,2001-05-08,Spring,54.32,2411.43,55.95180730652072,11.778054794520548,626.51,63.07638356164384,3.403150684931507,16.479589041095892,
403322099371801,PHELPS,40.5557047,-99.6247601,2001,2001-05-08,Spring,71.66,2465.78,92.4532610122722,11.778054794520548,626.51,63.07638356164384,3.403150684931507,16.479589041095892,
403335099150901,PHELPS,40.55977478,-99.25286046,2001,2001-05-07,Spring,24.16,2241.29,25.11207424608598,11.778054794520548,626.51,63.07638356164384,3.403150684931507,16.479589041095892,
403453099141801,PHELPS,40.58307501,-99.2365144,2001,2001-05-07,Spring,49.45,2255.34,39.28305629661254,11.778054794520548,626.51,63.07638356164384,3.403150684931507,16.479589041095892,
403453099190801,PHELPS,40.5807096794444,-99.3229107,2001,2001-05-07,Spring,36.05,2282.14,21.5623136719948,11.778054794520548,626.51,63.07638356164384,3.403150684931507,16.479589041095892,
403454099304801,PHELPS,40.57931189,-99.51412709,2001,2001-05-08,Spring,31.0,2390.5,36.6323630913802,11.778054794520548,626.51,63.07638356164384,3.403150684931507,16.479589041095892,
403506099350101,PHELPS,40.5833317,-99.5866221,2001,2001-05-08,Spring,92.35,2484.33,83.707410242494,11.778054794520548,626.51,63.07638356164384,3.403150684931507,16.479589041095892,
403507099234101,PHELPS,40.5836771413889,-99.3985091,2001,2001-05-07,Spring,7.25,2295.65,6.46839581053674,11.778054794520548,626.51,63.07638356164384,3.403150684931507,16.479589041095892,
403507099254101,PHELPS,40.58520714,-99.42844836,2001,2001-05-07,Spring,16.61,2318.5,10.24847781785762,11.778054794520548,626.51,63.07638356164384,3.403150684931507,16.479589041095892,
403520099201601,PHELPS,40.5886101475,-99.3416473,2001,2001-05-07,Spring,11.0,2265.95,11.336095989814156,11.778054794520548,626.51,63.07638356164384,3.403150684931507,16.479589041095892,
403625099315401,PHELPS,40.60535831,-99.53303177,2001,2001-05-08,Spring,30.11,2384.53,36.6536451483444,11.778054794520548,626.51,63.07638356164384,3.403150684931507,16.479589041095892,
403625099361001,PHELPS,40.60535831,-99.60306609,2001,2001-05-08,Spring,79.9,2454.12,78.3361327442148,11.778054794520548,626.51,63.07638356164384,3.403150684931507,16.479589041095892,
403638099154301,PHELPS,40.60901195,-99.26298962,2001,2001-05-07,Spring,14.39,2222.0,22.249808733721743,11.778054794520548,626.51,63.07638356164384,3.403150684931507,16.479589041095892,
403646099293301,PHELPS,40.6127772,-99.4935704,2001,2001-05-07,Spring,10.52,2354.25,14.277447551202505,11.778054794520548,626.51,63.07638356164384,3.403150684931507,16.479589041095892,
403730099373501,PHELPS,40.6268217,-99.6246292,2001,2001-05-08,Spring,85.0,2471.08,78.64815008758791,11.778054794520548,626.51,63.07638356164384,3.403150684931507,16.479589041095892,
403822099324501,PHELPS,40.6415361,-99.5482644,2001,2001-05-07,Spring,35.0,2377.53,30.786256064080224,11.778054794520548,626.51,63.07638356164384,3.403150684931507,16.479589041095892,
403902099313701,PHELPS,40.6483999,-99.5291531,2001,2001-05-07,Spring,32.0,2345.9,24.391792043213897,11.778054794520548,626.51,63.07638356164384,3.403150684931507,16.479589041095892,
403915099190801,PHELPS,40.6573434,-99.3214291,2001,2001-05-07,Spring,8.61,2234.03,15.712506190269252,11.778054794520548,626.51,63.07638356164384,3.403150684931507,16.479589041095892,
403922099223301,PHELPS,40.65834351,-99.38037703,2001,2001-05-01,Spring,5.93,2253.27,6.288932570731311,11.778054794520548,626.51,63.07638356164384,3.403150684931507,16.479589041095892,
403928099333601,PHELPS,40.6571948,-99.5612991,2001,2001-05-07,Spring,35.18,2355.41,20.767000513732384,11.778054794520548,626.51,63.07638356164384,3.403150684931507,16.479589041095892,
403928099371801,PHELPS,40.655954,-99.6202609,2001,2001-05-07,Spring,80.21,2432.98,56.90075084405809,11.778054794520548,626.51,63.07638356164384,3.403150684931507,16.479589041095892,
403941099331901,PHELPS,40.66044972,-99.55637462,2001,2001-05-07,Spring,4.0,2347.21,15.861412050877467,11.778054794520548,626.51,63.07638356164384,3.403150684931507,16.479589041095892,
403941099342701,PHELPS,40.6636923,-99.5766538,2001,2001-05-07,Spring,7.11,2326.71,13.486445304294872,11.778054794520548,626.51,63.07638356164384,3.403150684931507,16.479589041095892,
404007099294001,PHELPS,40.6709022,-99.4936146,2001,2001-05-07,Spring,6.0,2290.54,7.741945365497345,11.778054794520548,626.51,63.07638356164384,3.403150684931507,16.479589041095892,
404007099351901,PHELPS,40.6709256,-99.5865622,2001,2001-05-07,Spring,7.18,2322.26,11.278941817444668,11.778054794520548,626.51,63.07638356164384,3.403150684931507,16.479589041095892,
404016099370201,PHELPS,40.6711189,-99.61760995,2001,2001-05-01,Spring,5.94,2335.44,27.32544111441388,11.778054794520548,626.51,63.07638356164384,3.403150684931507,16.479589041095892,
404020099355301,PHELPS,40.6710839,-99.5961084,2001,2001-05-07,Spring,4.0,2326.91,14.254974872934111,11.778054794520548,626.51,63.07638356164384,3.403150684931507,16.479589041095892,
402107099262000,PHELPS,40.35080555555556,-99.43768055555556,2002,2002-04-15,Spring,200.35,2363.91,202.1096852300178,11.747835616438357,380.73,56.3613698630137,3.648383561643836,16.674520547945203,
402110099140001,PHELPS,40.351999,-99.2329232,2002,2002-04-24,Spring,166.83,2283.76,150.51078603276858,11.747835616438357,380.73,56.3613698630137,3.648383561643836,16.674520547945203,
402115099213100,PHELPS,40.35468888888889,-99.35943333333331,2002,2002-04-15,Spring,204.64,2345.58,202.57746080302147,11.747835616438357,380.73,56.3613698630137,3.648383561643836,16.674520547945203,
402124099201601,PHELPS,40.3563466,-99.3403749,2002,2002-04-24,Spring,182.41,2318.47,186.1839016539799,11.747835616438357,380.73,56.3613698630137,3.648383561643836,16.674520547945203,
402159099301600,PHELPS,40.3649,-99.50220555555556,2002,2002-04-15,Spring,181.61,2377.49,180.2321292207864,11.747835616438357,380.73,56.3613698630137,3.648383561643836,16.674520547945203,
402200099160700,PHELPS,40.3669,-99.267175,2002,2002-04-15,Spring,146.67,2280.22,144.65409773954588,11.747835616438357,380.73,56.3613698630137,3.648383561643836,16.674520547945203,
402233099341700,PHELPS,40.376269444444446,-99.57279166666666,2002,2002-04-15,Spring,111.82,2335.32,109.56958459276134,11.747835616438357,380.73,56.3613698630137,3.648383561643836,16.674520547945203,
402320099231001,PHELPS,40.38914722222222,-99.38615277777778,2002,2002-04-15,Spring,216.37,2384.17,204.23137262484408,11.747835616438357,380.73,56.3613698630137,3.648383561643836,16.674520547945203,
402326099185300,PHELPS,40.390366666666665,-99.31649722222222,2002,2002-04-15,Spring,145.22,2306.56,145.1054173820758,11.747835616438357,380.73,56.3613698630137,3.648383561643836,16.674520547945203,
402340099353701,PHELPS,40.39445302,-99.59399869,2002,2002-04-24,Spring,25.21,2264.29,71.30944987435194,11.747835616438357,380.73,56.3613698630137,3.648383561643836,16.674520547945203,
402342099143300,PHELPS,40.39436388888889,-99.24273333333332,2002,2002-04-15,Spring,108.37,2261.52,105.61686320373003,11.747835616438357,380.73,56.3613698630137,3.648383561643836,16.674520547945203,
402406099311800,PHELPS,40.40154444444444,-99.52104166666666,2002,2002-04-15,Spring,180.95,2406.07,177.57697275871942,11.747835616438357,380.73,56.3613698630137,3.648383561643836,16.674520547945203,
402421099112000,PHELPS,40.40549166666666,-99.18921666666668,2002,2002-04-15,Spring,52.18,2216.62,57.224722127046526,11.747835616438357,380.73,56.3613698630137,3.648383561643836,16.674520547945203,
402435099262900,PHELPS,40.40768055555555,-99.44083333333332,2002,2002-04-15,Spring,208.39,2405.19,197.0962447385378,11.747835616438357,380.73,56.3613698630137,3.648383561643836,16.674520547945203,
402513099164801,PHELPS,40.42006111111111,-99.27985277777778,2002,2002-04-15,Spring,67.98,2278.97,74.52259380169241,11.747835616438357,380.73,56.3613698630137,3.648383561643836,16.674520547945203,
402524099201601,PHELPS,40.42334431,-99.33815365,2002,2002-04-24,Spring,109.8,2312.07,110.41418239765112,11.747835616438357,380.73,56.3613698630137,3.648383561643836,16.674520547945203,
402532099235801,PHELPS,40.42582814,-99.40068743,2002,2002-04-25,Spring,115.52,2321.09,130.53780636458828,11.747835616438357,380.73,56.3613698630137,3.648383561643836,16.674520547945203,
402609099350800,PHELPS,40.43199166666666,-99.58200277777776,2002,2002-04-15,Spring,174.62,2443.0,162.43392724373692,11.747835616438357,380.73,56.3613698630137,3.648383561643836,16.674520547945203,
402630099305500,PHELPS,40.44133611111111,-99.51204166666666,2002,2002-04-15,Spring,178.77,2426.38,171.24040948725263,11.747835616438357,380.73,56.3613698630137,3.648383561643836,16.674520547945203,
402703099150901,PHELPS,40.44969595,-99.25284899,2002,2002-04-24,Spring,39.36,2253.96,40.505829013924966,11.747835616438357,380.73,56.3613698630137,3.648383561643836,16.674520547945203,
402716099212401,PHELPS,40.4529071,-99.3592878,2002,2002-04-25,Spring,67.46,2307.74,73.18777240574445,11.747835616438357,380.73,56.3613698630137,3.648383561643836,16.674520547945203,
402756099320601,PHELPS,40.46654722222223,-99.53547222222224,2002,2002-04-15,Spring,161.88,2446.36,155.30714228136245,11.747835616438357,380.73,56.3613698630137,3.648383561643836,16.674520547945203,
402802099285801,PHELPS,40.46775,-99.48183333,2002,2002-04-24,Spring,99.6,2376.84,107.54186967764495,11.747835616438357,380.73,56.3613698630137,3.648383561643836,16.674520547945203,
402813099382100,PHELPS,40.46941944444445,-99.63914166666667,2002,2002-04-15,Spring,155.39,2473.68,151.9024962772167,11.747835616438357,380.73,56.3613698630137,3.648383561643836,16.674520547945203,
402821099282901,PHELPS,40.47215973,-99.47068872,2002,2002-04-15,Spring,90.09,2363.91,95.98504159080954,11.747835616438357,380.73,56.3613698630137,3.648383561643836,16.674520547945203,
402843099192001,PHELPS,40.47788889,-99.31941672,2002,2002-04-15,Spring,40.76,2311.88,40.35850153118792,11.747835616438357,380.73,56.3613698630137,3.648383561643836,16.674520547945203,
402851099130101,PHELPS,40.4809986,-99.2168379,2002,2002-04-15,Spring,25.35,2244.15,25.16238611634745,11.747835616438357,380.73,56.3613698630137,3.648383561643836,16.674520547945203,
402853099104601,PHELPS,40.4815796,-99.179559,2002,2002-04-15,Spring,13.08,2221.31,21.37670076536076,11.747835616438357,380.73,56.3613698630137,3.648383561643836,16.674520547945203,
402853099152001,PHELPS,40.4816481,-99.2557469,2002,2002-04-15,Spring,21.81,2251.06,23.109962203341794,11.747835616438357,380.73,56.3613698630137,3.648383561643836,16.674520547945203,
402905099115301,PHELPS,40.4848551,-99.1983097,2002,2002-04-15,Spring,27.76,2241.11,25.090665429629947,11.747835616438357,380.73,56.3613698630137,3.648383561643836,16.674520547945203,
402906099342201,PHELPS,40.485083333333336,-99.57288888888888,2002,2002-04-15,Spring,148.66,2458.82,145.20687472367268,11.747835616438357,380.73,56.3613698630137,3.648383561643836,16.674520547945203,
402924099235501,PHELPS,40.4901949,-99.398706,2002,2002-04-15,Spring,50.56,2336.37,50.973576663096814,11.747835616438357,380.73,56.3613698630137,3.648383561643836,16.674520547945203,
402945099151900,PHELPS,40.49312395,-99.25285328,2002,2002-04-15,Spring,16.87,2243.78,21.112924771949064,11.747835616438357,380.73,56.3613698630137,3.648383561643836,16.674520547945203,
402952099161701,PHELPS,40.49624602,-99.2746825,2002,2002-04-15,Spring,15.03,2255.28,20.30437821882325,11.747835616438357,380.73,56.3613698630137,3.648383561643836,16.674520547945203,
403014099213701,PHELPS,40.50113773,-99.35723759,2002,2002-04-15,Spring,27.84,2325.73,30.03222358164321,11.747835616438357,380.73,56.3613698630137,3.648383561643836,16.674520547945203,
403037099313401,PHELPS,40.5104684,-99.5262137,2002,2002-04-25,Spring,72.08,2408.97,82.32723794429684,11.747835616438357,380.73,56.3613698630137,3.648383561643836,16.674520547945203,
403123099261501,PHELPS,40.52446389,-99.436875,2002,2002-04-24,Spring,37.78,2361.96,33.7133072842162,11.747835616438357,380.73,56.3613698630137,3.648383561643836,16.674520547945203,
403124099152601,PHELPS,40.52215595,-99.25856338,2002,2002-04-15,Spring,41.84,2258.2,31.34188175763269,11.747835616438357,380.73,56.3613698630137,3.648383561643836,16.674520547945203,
403125099295701,PHELPS,40.5247252,-99.4992246,2002,2002-04-25,Spring,56.06,2402.13,59.89021665044168,11.747835616438357,380.73,56.3613698630137,3.648383561643836,16.674520547945203,
403132099381001,PHELPS,40.52556319,-99.63650076,2002,2002-04-24,Spring,152.11,2517.21,142.65842845096822,11.747835616438357,380.73,56.3613698630137,3.648383561643836,16.674520547945203,
403137099330201,PHELPS,40.5263766547222,-99.5496279,2002,2002-04-15,Spring,53.2,2405.25,74.55902975237525,11.747835616438357,380.73,56.3613698630137,3.648383561643836,16.674520547945203,
403138099190801,PHELPS,40.5255972,-99.3224515,2002,2002-04-25,Spring,18.59,2277.27,20.071280892120797,11.747835616438357,380.73,56.3613698630137,3.648383561643836,16.674520547945203,
403138099235801,PHELPS,40.5255500233333,-99.399115,2002,2002-04-15,Spring,20.89,2328.14,22.918757261569016,11.747835616438357,380.73,56.3613698630137,3.648383561643836,16.674520547945203,
403163099379201,PHELPS,40.52718414,-99.63201494,2002,2002-04-15,Spring,154.43,2519.15,141.4017756623087,11.747835616438357,380.73,56.3613698630137,3.648383561643836,16.674520547945203,
403210099194201,PHELPS,40.53813889,-99.32944444,2002,2002-04-24,Spring,23.54,2277.13,17.71799249272113,11.747835616438357,380.73,56.3613698630137,3.648383561643836,16.674520547945203,
403217099235801,PHELPS,40.53806574,-99.39982287,2002,2002-04-24,Spring,18.09,2321.45,18.19916358361331,11.747835616438357,380.73,56.3613698630137,3.648383561643836,16.674520547945203,
403217099312001,PHELPS,40.5392815,-99.5207383,2002,2002-04-15,Spring,98.69,2451.89,76.32378999483353,11.747835616438357,380.73,56.3613698630137,3.648383561643836,16.674520547945203,
403224099261801,PHELPS,40.54167314,-99.43849253,2002,2002-04-15,Spring,17.1,2347.7,19.73610638487264,11.747835616438357,380.73,56.3613698630137,3.648383561643836,16.674520547945203,
403230099195901,PHELPS,40.54167314,-99.3339024,2002,2002-04-15,Spring,7.97,2269.36,14.710229262112072,11.747835616438357,380.73,56.3613698630137,3.648383561643836,16.674520547945203,
403309099250701,PHELPS,40.5543784,-99.4199673,2002,2002-04-15,Spring,10.42,2322.67,13.917475820909264,11.747835616438357,380.73,56.3613698630137,3.648383561643836,16.674520547945203,
403309099270601,PHELPS,40.55026689,-99.45178833,2002,2002-04-15,Spring,14.45,2342.87,17.635798801768537,11.747835616438357,380.73,56.3613698630137,3.648383561643836,16.674520547945203,
403309099281401,PHELPS,40.5521635,-99.4737128,2002,2002-04-15,Spring,19.15,2354.64,25.67890050540707,11.747835616438357,380.73,56.3613698630137,3.648383561643836,16.674520547945203,
403322099201601,PHELPS,40.5547811,-99.3416484,2002,2002-04-15,Spring,6.35,2267.67,12.933738038825478,11.747835616438357,380.73,56.3613698630137,3.648383561643836,16.674520547945203,
403322099210701,PHELPS,40.55622914,-99.3528114,2002,2002-04-25,Spring,17.88,2284.27,14.4558988637106,11.747835616438357,380.73,56.3613698630137,3.648383561643836,16.674520547945203,
403322099254101,PHELPS,40.5542755,-99.4303042,2002,2002-04-15,Spring,16.27,2335.12,15.460261626156704,11.747835616438357,380.73,56.3613698630137,3.648383561643836,16.674520547945203,
403322099264901,PHELPS,40.5543545569444,-99.4489925,2002,2002-04-15,Spring,13.78,2342.74,16.020084396596104,11.747835616438357,380.73,56.3613698630137,3.648383561643836,16.674520547945203,
403322099272302,PHELPS,40.5545803,-99.4609332,2002,2002-04-15,Spring,17.0,2349.56,19.38092489920803,11.747835616438357,380.73,56.3613698630137,3.648383561643836,16.674520547945203,
403322099304801,PHELPS,40.5542755075,-99.5122815,2002,2002-04-15,Spring,54.81,2411.43,55.42908329101032,11.747835616438357,380.73,56.3613698630137,3.648383561643836,16.674520547945203,
403322099371801,PHELPS,40.5557047,-99.6247601,2002,2002-04-26,Spring,71.24,2465.78,92.0052690014176,11.747835616438357,380.73,56.3613698630137,3.648383561643836,16.674520547945203,
403328099181202,PHELPS,40.5577906,-99.3033482,2002,2002-04-25,Spring,27.39,2272.01,24.05757088496576,11.747835616438357,380.73,56.3613698630137,3.648383561643836,16.674520547945203,
403335099150901,PHELPS,40.55977478,-99.25286046,2002,2002-04-25,Spring,28.96,2241.29,30.768413998150564,11.747835616438357,380.73,56.3613698630137,3.648383561643836,16.674520547945203,
403431099362101,PHELPS,40.5754557,-99.6058865,2002,2002-04-26,Spring,79.96,2477.16,84.01172211522632,11.747835616438357,380.73,56.3613698630137,3.648383561643836,16.674520547945203,
403433099250001,PHELPS,40.576331,-99.4179046,2002,2002-04-15,Spring,15.56,2315.55,15.45234952224356,11.747835616438357,380.73,56.3613698630137,3.648383561643836,16.674520547945203,
403453099141801,PHELPS,40.58307501,-99.2365144,2002,2002-04-15,Spring,50.03,2255.34,40.463883638783976,11.747835616438357,380.73,56.3613698630137,3.648383561643836,16.674520547945203,
403453099190801,PHELPS,40.5807096794444,-99.3229107,2002,2002-04-15,Spring,36.35,2282.14,24.074691570791128,11.747835616438357,380.73,56.3613698630137,3.648383561643836,16.674520547945203,
403454099304801,PHELPS,40.57931189,-99.51412709,2002,2002-04-15,Spring,32.31,2390.5,36.84224271431294,11.747835616438357,380.73,56.3613698630137,3.648383561643836,16.674520547945203,
403506099350101,PHELPS,40.5833317,-99.5866221,2002,2002-04-26,Spring,91.69,2484.33,81.65855898180168,11.747835616438357,380.73,56.3613698630137,3.648383561643836,16.674520547945203,
403507099234101,PHELPS,40.5836771413889,-99.3985091,2002,2002-04-15,Spring,11.55,2295.65,13.59642519218128,11.747835616438357,380.73,56.3613698630137,3.648383561643836,16.674520547945203,
403507099254101,PHELPS,40.58520714,-99.42844836,2002,2002-04-25,Spring,21.14,2318.5,18.218415865814155,11.747835616438357,380.73,56.3613698630137,3.648383561643836,16.674520547945203,
403520099201601,PHELPS,40.5886101475,-99.3416473,2002,2002-04-15,Spring,12.48,2265.95,13.969810097826729,11.747835616438357,380.73,56.3613698630137,3.648383561643836,16.674520547945203,
403540099260001,PHELPS,40.5946306,-99.4353739,2002,2002-04-25,Spring,22.03,2323.77,19.460870357490464,11.747835616438357,380.73,56.3613698630137,3.648383561643836,16.674520547945203,
403625099315401,PHELPS,40.60535831,-99.53303177,2002,2002-04-26,Spring,31.47,2384.53,35.02849034951838,11.747835616438357,380.73,56.3613698630137,3.648383561643836,16.674520547945203,
403625099361001,PHELPS,40.60535831,-99.60306609,2002,2002-04-25,Spring,80.02,2454.12,77.93034992964787,11.747835616438357,380.73,56.3613698630137,3.648383561643836,16.674520547945203,
403638099154301,PHELPS,40.60901195,-99.26298962,2002,2002-04-25,Spring,14.28,2222.0,22.540640011265182,11.747835616438357,380.73,56.3613698630137,3.648383561643836,16.674520547945203,
403644099350001,PHELPS,40.61418514,-99.57972132,2002,2002-04-15,Spring,62.83,2418.26,61.66688061539609,11.747835616438357,380.73,56.3613698630137,3.648383561643836,16.674520547945203,
403646099293301,PHELPS,40.6127772,-99.4935704,2002,2002-04-15,Spring,15.07,2354.25,20.74794607451369,11.747835616438357,380.73,56.3613698630137,3.648383561643836,16.674520547945203,
403651099281401,PHELPS,40.613021,-99.4747929,2002,2002-04-15,Spring,38.14,2345.39,26.325145362447163,11.747835616438357,380.73,56.3613698630137,3.648383561643836,16.674520547945203,
403730099373501,PHELPS,40.6268217,-99.6246292,2002,2002-04-15,Spring,85.08,2471.08,79.4785267462818,11.747835616438357,380.73,56.3613698630137,3.648383561643836,16.674520547945203,
403739099281601,PHELPS,40.627653,-99.4742905,2002,2002-04-15,Spring,21.31,2324.54,19.97364877113045,11.747835616438357,380.73,56.3613698630137,3.648383561643836,16.674520547945203,
403822099324501,PHELPS,40.6415361,-99.5482644,2002,2002-04-15,Spring,37.0,2377.53,32.09031688936808,11.747835616438357,380.73,56.3613698630137,3.648383561643836,16.674520547945203,
403858099305101,PHELPS,40.64309614,-99.50852542,2002,2002-04-15,Spring,7.07,2333.89,14.686055847066,11.747835616438357,380.73,56.3613698630137,3.648383561643836,16.674520547945203,
403902099313701,PHELPS,40.6483999,-99.5291531,2002,2002-04-15,Spring,32.83,2345.9,24.83211445329967,11.747835616438357,380.73,56.3613698630137,3.648383561643836,16.674520547945203,
403915099190801,PHELPS,40.6573434,-99.3214291,2002,2002-04-15,Spring,8.94,2234.03,15.3908352054291,11.747835616438357,380.73,56.3613698630137,3.648383561643836,16.674520547945203,
403922099223301,PHELPS,40.65834351,-99.38037703,2002,2002-04-24,Spring,7.81,2253.27,8.197892501353394,11.747835616438357,380.73,56.3613698630137,3.648383561643836,16.674520547945203,
403928099333601,PHELPS,40.6571948,-99.5612991,2002,2002-04-15,Spring,36.36,2355.41,23.022221038982664,11.747835616438357,380.73,56.3613698630137,3.648383561643836,16.674520547945203,
403928099371801,PHELPS,40.655954,-99.6202609,2002,2002-04-15,Spring,81.04,2432.98,58.36107556616723,11.747835616438357,380.73,56.3613698630137,3.648383561643836,16.674520547945203,
403941099331901,PHELPS,40.66044972,-99.55637462,2002,2002-04-15,Spring,5.45,2347.21,17.963159011165125,11.747835616438357,380.73,56.3613698630137,3.648383561643836,16.674520547945203,
403941099342701,PHELPS,40.6636923,-99.5766538,2002,2002-04-15,Spring,8.17,2326.71,15.200946038729825,11.747835616438357,380.73,56.3613698630137,3.648383561643836,16.674520547945203,
403954099255801,PHELPS,40.667854,-99.4364595,2002,2002-04-15,Spring,2.22,2268.93,5.232872768417499,11.747835616438357,380.73,56.3613698630137,3.648383561643836,16.674520547945203,
404007099294001,PHELPS,40.6709022,-99.4936146,2002,2002-04-15,Spring,9.11,2290.54,9.328107068061598,11.747835616438357,380.73,56.3613698630137,3.648383561643836,16.674520547945203,
404007099351901,PHELPS,40.6709256,-99.5865622,2002,2002-04-15,Spring,8.95,2322.26,12.210273108316718,11.747835616438357,380.73,56.3613698630137,3.648383561643836,16.674520547945203,
404016099370201,PHELPS,40.6711189,-99.61760995,2002,2002-04-24,Spring,5.72,2335.44,26.154004349682936,11.747835616438357,380.73,56.3613698630137,3.648383561643836,16.674520547945203,
404020099355301,PHELPS,40.6710839,-99.5961084,2002,2002-04-15,Spring,5.66,2326.91,15.531612714527116,11.747835616438357,380.73,56.3613698630137,3.648383561643836,16.674520547945203,
402107099262000,PHELPS,40.35080555555556,-99.43768055555556,2003,2003-04-15,Spring,201.89,2363.91,204.40430160101053,11.669397260273973,498.43,59.134328767123286,3.4380273972602744,16.324191780821916,
402110099140001,PHELPS,40.351999,-99.2329232,2003,2003-04-09,Spring,167.8,2283.76,153.45627626938702,11.669397260273973,498.43,59.134328767123286,3.4380273972602744,16.324191780821916,
402115099213100,PHELPS,40.35468888888889,-99.35943333333331,2003,2003-04-15,Spring,206.16,2345.58,206.01289369327168,11.669397260273973,498.43,59.134328767123286,3.4380273972602744,16.324191780821916,
402124099201601,PHELPS,40.3563466,-99.3403749,2003,2003-04-09,Spring,184.17,2318.47,188.51221410958655,11.669397260273973,498.43,59.134328767123286,3.4380273972602744,16.324191780821916,
402159099301600,PHELPS,40.3649,-99.50220555555556,2003,2003-04-15,Spring,182.99,2377.49,182.9449969774331,11.669397260273973,498.43,59.134328767123286,3.4380273972602744,16.324191780821916,
402200099160700,PHELPS,40.3669,-99.267175,2003,2003-04-15,Spring,148.14,2280.22,147.30961468513027,11.669397260273973,498.43,59.134328767123286,3.4380273972602744,16.324191780821916,
402233099341700,PHELPS,40.376269444444446,-99.57279166666666,2003,2003-04-15,Spring,112.28,2335.32,111.0296739319301,11.669397260273973,498.43,59.134328767123286,3.4380273972602744,16.324191780821916,
402320099231001,PHELPS,40.38914722222222,-99.38615277777778,2003,2003-04-15,Spring,217.76,2384.17,210.4483472927485,11.669397260273973,498.43,59.134328767123286,3.4380273972602744,16.324191780821916,
402326099185300,PHELPS,40.390366666666665,-99.31649722222222,2003,2003-04-15,Spring,147.2,2306.56,148.44344590722963,11.669397260273973,498.43,59.134328767123286,3.4380273972602744,16.324191780821916,
402340099353701,PHELPS,40.39445302,-99.59399869,2003,2003-05-05,Spring,25.25,2264.29,69.27733582647623,11.669397260273973,498.43,59.134328767123286,3.4380273972602744,16.324191780821916,
402342099143300,PHELPS,40.39436388888889,-99.24273333333332,2003,2003-04-15,Spring,110.62,2261.52,109.77123049805137,11.669397260273973,498.43,59.134328767123286,3.4380273972602744,16.324191780821916,
402406099311800,PHELPS,40.40154444444444,-99.52104166666666,2003,2003-04-15,Spring,182.53,2406.07,181.31899730269456,11.669397260273973,498.43,59.134328767123286,3.4380273972602744,16.324191780821916,
402421099112000,PHELPS,40.40549166666666,-99.18921666666668,2003,2003-04-15,Spring,55.45,2216.62,59.91391246058729,11.669397260273973,498.43,59.134328767123286,3.4380273972602744,16.324191780821916,
402435099262900,PHELPS,40.40768055555555,-99.44083333333332,2003,2003-04-15,Spring,209.66,2405.19,203.0418410390579,11.669397260273973,498.43,59.134328767123286,3.4380273972602744,16.324191780821916,
402513099164801,PHELPS,40.42006111111111,-99.27985277777778,2003,2003-04-15,Spring,72.16,2278.97,78.38396588328759,11.669397260273973,498.43,59.134328767123286,3.4380273972602744,16.324191780821916,
402524099201601,PHELPS,40.42334431,-99.33815365,2003,2003-04-24,Spring,111.68,2312.07,112.56728139176712,11.669397260273973,498.43,59.134328767123286,3.4380273972602744,16.324191780821916,
402532099235801,PHELPS,40.42582814,-99.40068743,2003,2003-04-10,Spring,117.29,2321.09,132.32857821526548,11.669397260273973,498.43,59.134328767123286,3.4380273972602744,16.324191780821916,
402609099350800,PHELPS,40.43199166666666,-99.58200277777776,2003,2003-04-15,Spring,176.25,2443.0,169.1686493083978,11.669397260273973,498.43,59.134328767123286,3.4380273972602744,16.324191780821916,
402630099305500,PHELPS,40.44133611111111,-99.51204166666666,2003,2003-04-15,Spring,177.87,2426.38,176.30899168704323,11.669397260273973,498.43,59.134328767123286,3.4380273972602744,16.324191780821916,
402703099150901,PHELPS,40.44969595,-99.25284899,2003,2003-04-09,Spring,42.44,2253.96,43.20931058448963,11.669397260273973,498.43,59.134328767123286,3.4380273972602744,16.324191780821916,
402716099212401,PHELPS,40.4529071,-99.3592878,2003,2003-04-10,Spring,68.61,2307.74,74.36250844153426,11.669397260273973,498.43,59.134328767123286,3.4380273972602744,16.324191780821916,
402756099320601,PHELPS,40.46654722222223,-99.53547222222224,2003,2003-04-15,Spring,164.55,2446.36,161.24413438579936,11.669397260273973,498.43,59.134328767123286,3.4380273972602744,16.324191780821916,
402813099382100,PHELPS,40.46941944444445,-99.63914166666667,2003,2003-04-15,Spring,157.24,2473.68,156.8471702936979,11.669397260273973,498.43,59.134328767123286,3.4380273972602744,16.324191780821916,
402821099282901,PHELPS,40.47215973,-99.47068872,2003,2003-04-15,Spring,92.28,2363.91,102.31008722068712,11.669397260273973,498.43,59.134328767123286,3.4380273972602744,16.324191780821916,
402843099192001,PHELPS,40.47788889,-99.31941672,2003,2003-04-15,Spring,44.13,2311.88,42.30832977926027,11.669397260273973,498.43,59.134328767123286,3.4380273972602744,16.324191780821916,
402851099130101,PHELPS,40.4809986,-99.2168379,2003,2003-04-15,Spring,28.94,2244.15,27.668212678076003,11.669397260273973,498.43,59.134328767123286,3.4380273972602744,16.324191780821916,
402853099104601,PHELPS,40.4815796,-99.179559,2003,2003-04-15,Spring,16.16,2221.31,19.95072169416643,11.669397260273973,498.43,59.134328767123286,3.4380273972602744,16.324191780821916,
402853099152001,PHELPS,40.4816481,-99.2557469,2003,2003-04-15,Spring,25.3,2251.06,24.37001179783022,11.669397260273973,498.43,59.134328767123286,3.4380273972602744,16.324191780821916,
402905099115301,PHELPS,40.4848551,-99.1983097,2003,2003-04-15,Spring,31.26,2241.11,27.132961598701957,11.669397260273973,498.43,59.134328767123286,3.4380273972602744,16.324191780821916,
402906099342201,PHELPS,40.485083333333336,-99.57288888888888,2003,2003-04-15,Spring,149.9,2458.82,148.48631150523428,11.669397260273973,498.43,59.134328767123286,3.4380273972602744,16.324191780821916,
402924099235501,PHELPS,40.4901949,-99.398706,2003,2003-04-15,Spring,55.35,2336.37,53.65387833168106,11.669397260273973,498.43,59.134328767123286,3.4380273972602744,16.324191780821916,
402945099151900,PHELPS,40.49312395,-99.25285328,2003,2003-04-15,Spring,20.05,2243.78,22.914135744167407,11.669397260273973,498.43,59.134328767123286,3.4380273972602744,16.324191780821916,
402952099161701,PHELPS,40.49624602,-99.2746825,2003,2003-04-15,Spring,18.7,2255.28,20.59132013154897,11.669397260273973,498.43,59.134328767123286,3.4380273972602744,16.324191780821916,
403014099213701,PHELPS,40.50113773,-99.35723759,2003,2003-04-15,Spring,33.75,2325.73,32.67167112296328,11.669397260273973,498.43,59.134328767123286,3.4380273972602744,16.324191780821916,
403037099313401,PHELPS,40.5104684,-99.5262137,2003,2003-04-15,Spring,74.66,2408.97,80.86842574445049,11.669397260273973,498.43,59.134328767123286,3.4380273972602744,16.324191780821916,
403123099261501,PHELPS,40.52446389,-99.436875,2003,2003-04-24,Spring,40.88,2361.96,37.195086454252255,11.669397260273973,498.43,59.134328767123286,3.4380273972602744,16.324191780821916,
403124099152601,PHELPS,40.52215595,-99.25856338,2003,2003-04-15,Spring,44.94,2258.2,34.53602525774887,11.669397260273973,498.43,59.134328767123286,3.4380273972602744,16.324191780821916,
403125099295701,PHELPS,40.5247252,-99.4992246,2003,2003-04-11,Spring,65.07,2402.13,65.84449808843917,11.669397260273973,498.43,59.134328767123286,3.4380273972602744,16.324191780821916,
403132099381001,PHELPS,40.52556319,-99.63650076,2003,2003-04-02,Spring,154.59,2517.21,147.4967183366747,11.669397260273973,498.43,59.134328767123286,3.4380273972602744,16.324191780821916,
403137099330201,PHELPS,40.5263766547222,-99.5496279,2003,2003-04-15,Spring,55.96,2405.25,67.83173591576974,11.669397260273973,498.43,59.134328767123286,3.4380273972602744,16.324191780821916,
403138099190801,PHELPS,40.5255972,-99.3224515,2003,2003-04-10,Spring,21.78,2277.27,22.412084561060876,11.669397260273973,498.43,59.134328767123286,3.4380273972602744,16.324191780821916,
403138099235801,PHELPS,40.5255500233333,-99.399115,2003,2003-04-15,Spring,25.16,2328.14,24.78812111627868,11.669397260273973,498.43,59.134328767123286,3.4380273972602744,16.324191780821916,
403163099379201,PHELPS,40.52718414,-99.63201494,2003,2003-04-15,Spring,155.55,2519.15,145.40495730507172,11.669397260273973,498.43,59.134328767123286,3.4380273972602744,16.324191780821916,
403210099194201,PHELPS,40.53813889,-99.32944444,2003,2003-04-24,Spring,27.02,2277.13,19.00385217142738,11.669397260273973,498.43,59.134328767123286,3.4380273972602744,16.324191780821916,
403217099235801,PHELPS,40.53806574,-99.39982287,2003,2003-04-24,Spring,21.32,2321.45,20.247629987508944,11.669397260273973,498.43,59.134328767123286,3.4380273972602744,16.324191780821916,
403217099312001,PHELPS,40.5392815,-99.5207383,2003,2003-04-15,Spring,101.7,2451.89,84.81677994756826,11.669397260273973,498.43,59.134328767123286,3.4380273972602744,16.324191780821916,
403224099261801,PHELPS,40.54167314,-99.43849253,2003,2003-04-15,Spring,20.82,2347.7,21.190137612806488,11.669397260273973,498.43,59.134328767123286,3.4380273972602744,16.324191780821916,
403230099195901,PHELPS,40.54167314,-99.3339024,2003,2003-04-15,Spring,11.47,2269.36,14.506444464617424,11.669397260273973,498.43,59.134328767123286,3.4380273972602744,16.324191780821916,
403309099250701,PHELPS,40.5543784,-99.4199673,2003,2003-04-15,Spring,12.43,2322.67,14.136670809483794,11.669397260273973,498.43,59.134328767123286,3.4380273972602744,16.324191780821916,
403309099270601,PHELPS,40.55026689,-99.45178833,2003,2003-04-15,Spring,17.22,2342.87,18.263509609902005,11.669397260273973,498.43,59.134328767123286,3.4380273972602744,16.324191780821916,
403309099281401,PHELPS,40.5521635,-99.4737128,2003,2003-04-15,Spring,19.06,2354.64,23.66220837134109,11.669397260273973,498.43,59.134328767123286,3.4380273972602744,16.324191780821916,
403322099201601,PHELPS,40.5547811,-99.3416484,2003,2003-04-15,Spring,9.29,2267.67,13.463915420146172,11.669397260273973,498.43,59.134328767123286,3.4380273972602744,16.324191780821916,
403322099210701,PHELPS,40.55622914,-99.3528114,2003,2003-04-15,Spring,21.27,2284.27,17.365516592239157,11.669397260273973,498.43,59.134328767123286,3.4380273972602744,16.324191780821916,
403322099254101,PHELPS,40.5542755,-99.4303042,2003,2003-04-15,Spring,18.66,2335.12,16.78321868813137,11.669397260273973,498.43,59.134328767123286,3.4380273972602744,16.324191780821916,
403322099264901,PHELPS,40.5543545569444,-99.4489925,2003,2003-04-15,Spring,16.09,2342.74,17.029806245881012,11.669397260273973,498.43,59.134328767123286,3.4380273972602744,16.324191780821916,
403322099272302,PHELPS,40.5545803,-99.4609332,2003,2003-04-15,Spring,19.67,2349.56,19.57500257131421,11.669397260273973,498.43,59.134328767123286,3.4380273972602744,16.324191780821916,
403322099304801,PHELPS,40.5542755075,-99.5122815,2003,2003-04-15,Spring,57.5,2411.43,58.00419419377114,11.669397260273973,498.43,59.134328767123286,3.4380273972602744,16.324191780821916,
403322099371801,PHELPS,40.5557047,-99.6247601,2003,2003-04-11,Spring,73.48,2465.78,92.44880793532292,11.669397260273973,498.43,59.134328767123286,3.4380273972602744,16.324191780821916,
403328099181202,PHELPS,40.5577906,-99.3033482,2003,2003-04-15,Spring,30.64,2272.01,28.0339356625157,11.669397260273973,498.43,59.134328767123286,3.4380273972602744,16.324191780821916,
403335099150901,PHELPS,40.55977478,-99.25286046,2003,2003-04-10,Spring,31.39,2241.29,35.70427684171422,11.669397260273973,498.43,59.134328767123286,3.4380273972602744,16.324191780821916,
403431099362101,PHELPS,40.5754557,-99.6058865,2003,2003-04-15,Spring,82.16,2477.16,83.04678710361085,11.669397260273973,498.43,59.134328767123286,3.4380273972602744,16.324191780821916,
403433099250001,PHELPS,40.576331,-99.4179046,2003,2003-04-15,Spring,18.21,2315.55,17.02913719457908,11.669397260273973,498.43,59.134328767123286,3.4380273972602744,16.324191780821916,
403453099141801,PHELPS,40.58307501,-99.2365144,2003,2003-04-15,Spring,62.24,2255.34,52.90695488156636,11.669397260273973,498.43,59.134328767123286,3.4380273972602744,16.324191780821916,
403453099190801,PHELPS,40.5807096794444,-99.3229107,2003,2003-04-15,Spring,39.92,2282.14,30.34971371626714,11.669397260273973,498.43,59.134328767123286,3.4380273972602744,16.324191780821916,
403454099304801,PHELPS,40.57931189,-99.51412709,2003,2003-04-15,Spring,35.25,2390.5,36.60410462107433,11.669397260273973,498.43,59.134328767123286,3.4380273972602744,16.324191780821916,
403506099350101,PHELPS,40.5833317,-99.5866221,2003,2003-04-11,Spring,94.02,2484.33,83.34853700437354,11.669397260273973,498.43,59.134328767123286,3.4380273972602744,16.324191780821916,
403507099234101,PHELPS,40.5836771413889,-99.3985091,2003,2003-04-15,Spring,14.35,2295.65,13.375539327428818,11.669397260273973,498.43,59.134328767123286,3.4380273972602744,16.324191780821916,
403507099254101,PHELPS,40.58520714,-99.42844836,2003,2003-04-10,Spring,24.25,2318.5,20.257481885899782,11.669397260273973,498.43,59.134328767123286,3.4380273972602744,16.324191780821916,
403520099201601,PHELPS,40.5886101475,-99.3416473,2003,2003-04-15,Spring,15.93,2265.95,15.902139571177724,11.669397260273973,498.43,59.134328767123286,3.4380273972602744,16.324191780821916,
403540099260001,PHELPS,40.5946306,-99.4353739,2003,2003-04-10,Spring,21.98,2323.77,20.99779652139428,11.669397260273973,498.43,59.134328767123286,3.4380273972602744,16.324191780821916,
403625099315401,PHELPS,40.60535831,-99.53303177,2003,2003-04-11,Spring,34.11,2384.53,36.57784231205554,11.669397260273973,498.43,59.134328767123286,3.4380273972602744,16.324191780821916,
403625099361001,PHELPS,40.60535831,-99.60306609,2003,2003-04-11,Spring,81.52,2454.12,80.01961422972293,11.669397260273973,498.43,59.134328767123286,3.4380273972602744,16.324191780821916,
403638099154301,PHELPS,40.60901195,-99.26298962,2003,2003-04-10,Spring,17.51,2222.0,26.83243152772224,11.669397260273973,498.43,59.134328767123286,3.4380273972602744,16.324191780821916,
403644099350001,PHELPS,40.61418514,-99.57972132,2003,2003-04-15,Spring,64.73,2418.26,63.894914578874975,11.669397260273973,498.43,59.134328767123286,3.4380273972602744,16.324191780821916,
403646099293301,PHELPS,40.6127772,-99.4935704,2003,2003-04-15,Spring,17.49,2354.25,21.51264833576961,11.669397260273973,498.43,59.134328767123286,3.4380273972602744,16.324191780821916,
403651099281401,PHELPS,40.613021,-99.4747929,2003,2003-04-15,Spring,41.97,2345.39,31.85642087430115,11.669397260273973,498.43,59.134328767123286,3.4380273972602744,16.324191780821916,
403730099373501,PHELPS,40.6268217,-99.6246292,2003,2003-04-15,Spring,87.02,2471.08,84.00200809872211,11.669397260273973,498.43,59.134328767123286,3.4380273972602744,16.324191780821916,
403739099281601,PHELPS,40.627653,-99.4742905,2003,2003-04-15,Spring,23.45,2324.54,22.80756112988728,11.669397260273973,498.43,59.134328767123286,3.4380273972602744,16.324191780821916,
403822099324501,PHELPS,40.6415361,-99.5482644,2003,2003-04-15,Spring,38.61,2377.53,33.455560094961726,11.669397260273973,498.43,59.134328767123286,3.4380273972602744,16.324191780821916,
403858099305101,PHELPS,40.64309614,-99.50852542,2003,2003-04-15,Spring,7.19,2333.89,14.564817038331023,11.669397260273973,498.43,59.134328767123286,3.4380273972602744,16.324191780821916,
403902099313701,PHELPS,40.6483999,-99.5291531,2003,2003-04-10,Spring,33.9,2345.9,25.31512956256868,11.669397260273973,498.43,59.134328767123286,3.4380273972602744,16.324191780821916,
403915099190801,PHELPS,40.6573434,-99.3214291,2003,2003-04-15,Spring,9.99,2234.03,13.551712507537044,11.669397260273973,498.43,59.134328767123286,3.4380273972602744,16.324191780821916,
403922099223301,PHELPS,40.65834351,-99.38037703,2003,2003-04-24,Spring,8.69,2253.27,8.310626771007469,11.669397260273973,498.43,59.134328767123286,3.4380273972602744,16.324191780821916,
403928099333601,PHELPS,40.6571948,-99.5612991,2003,2003-04-10,Spring,35.59,2355.41,20.03798139330732,11.669397260273973,498.43,59.134328767123286,3.4380273972602744,16.324191780821916,
403928099371801,PHELPS,40.655954,-99.6202609,2003,2003-04-15,Spring,82.22,2432.98,66.89543588900395,11.669397260273973,498.43,59.134328767123286,3.4380273972602744,16.324191780821916,
403941099331901,PHELPS,40.66044972,-99.55637462,2003,2003-04-15,Spring,5.42,2347.21,13.211404250564826,11.669397260273973,498.43,59.134328767123286,3.4380273972602744,16.324191780821916,
403941099342701,PHELPS,40.6636923,-99.5766538,2003,2003-04-15,Spring,8.76,2326.71,11.120001845809565,11.669397260273973,498.43,59.134328767123286,3.4380273972602744,16.324191780821916,
403954099255801,PHELPS,40.667854,-99.4364595,2003,2003-04-15,Spring,2.31,2268.93,4.838212723814935,11.669397260273973,498.43,59.134328767123286,3.4380273972602744,16.324191780821916,
404007099294001,PHELPS,40.6709022,-99.4936146,2003,2003-04-15,Spring,8.41,2290.54,7.463821320500927,11.669397260273973,498.43,59.134328767123286,3.4380273972602744,16.324191780821916,
404007099351901,PHELPS,40.6709256,-99.5865622,2003,2003-04-15,Spring,8.78,2322.26,8.304515316900035,11.669397260273973,498.43,59.134328767123286,3.4380273972602744,16.324191780821916,
404016099370201,PHELPS,40.6711189,-99.61760995,2003,2003-04-24,Spring,5.65,2335.44,26.83768531299139,11.669397260273973,498.43,59.134328767123286,3.4380273972602744,16.324191780821916,
404020099355301,PHELPS,40.6710839,-99.5961084,2003,2003-04-15,Spring,5.59,2326.91,12.050111011340096,11.669397260273973,498.43,59.134328767123286,3.4380273972602744,16.324191780821916,
402107099262000,PHELPS,40.35080555555556,-99.43768055555556,2004,2004-04-15,Spring,201.37,2363.91,203.5756859853627,11.452868852459016,645.8100000000001,63.159699453551916,3.455382513661202,16.150901639344262,
402110099140001,PHELPS,40.351999,-99.2329232,2004,2004-04-07,Spring,168.48,2283.76,153.96152004076257,11.452868852459016,645.8100000000001,63.159699453551916,3.455382513661202,16.150901639344262,
402115099213100,PHELPS,40.35468888888889,-99.35943333333331,2004,2004-04-15,Spring,208.36,2345.58,206.534966819905,11.452868852459016,645.8100000000001,63.159699453551916,3.455382513661202,16.150901639344262,
402124099201601,PHELPS,40.3563466,-99.3403749,2004,2004-04-07,Spring,184.7,2318.47,188.7934157844697,11.452868852459016,645.8100000000001,63.159699453551916,3.455382513661202,16.150901639344262,
402159099301600,PHELPS,40.3649,-99.50220555555556,2004,2004-04-15,Spring,182.45,2377.49,181.59195058682192,11.452868852459016,645.8100000000001,63.159699453551916,3.455382513661202,16.150901639344262,
402200099160700,PHELPS,40.3669,-99.267175,2004,2004-04-15,Spring,148.81,2280.22,147.13843806134776,11.452868852459016,645.8100000000001,63.159699453551916,3.455382513661202,16.150901639344262,
402233099341700,PHELPS,40.376269444444446,-99.57279166666666,2004,2004-04-15,Spring,111.28,2335.32,109.42421551784189,11.452868852459016,645.8100000000001,63.159699453551916,3.455382513661202,16.150901639344262,
402320099231001,PHELPS,40.38914722222222,-99.38615277777778,2004,2004-04-15,Spring,218.31,2384.17,207.49074956408276,11.452868852459016,645.8100000000001,63.159699453551916,3.455382513661202,16.150901639344262,
402326099185300,PHELPS,40.390366666666665,-99.31649722222222,2004,2004-04-15,Spring,145.26,2306.56,147.20207127603356,11.452868852459016,645.8100000000001,63.159699453551916,3.455382513661202,16.150901639344262,
402340099353701,PHELPS,40.39445302,-99.59399869,2004,2004-04-29,Spring,25.37,2264.29,68.1482104539007,11.452868852459016,645.8100000000001,63.159699453551916,3.455382513661202,16.150901639344262,
402342099143300,PHELPS,40.39436388888889,-99.24273333333332,2004,2004-04-15,Spring,111.44,2261.52,109.3506212344426,11.452868852459016,645.8100000000001,63.159699453551916,3.455382513661202,16.150901639344262,
402406099311800,PHELPS,40.40154444444444,-99.52104166666666,2004,2004-04-15,Spring,181.34,2406.07,179.18599742551382,11.452868852459016,645.8100000000001,63.159699453551916,3.455382513661202,16.150901639344262,
402421099112000,PHELPS,40.40549166666666,-99.18921666666668,2004,2004-04-15,Spring,57.55,2216.62,61.919924398080745,11.452868852459016,645.8100000000001,63.159699453551916,3.455382513661202,16.150901639344262,
402435099262900,PHELPS,40.40768055555555,-99.44083333333332,2004,2004-04-15,Spring,210.19,2405.19,200.30497800975763,11.452868852459016,645.8100000000001,63.159699453551916,3.455382513661202,16.150901639344262,
402513099164801,PHELPS,40.42006111111111,-99.27985277777778,2004,2004-04-15,Spring,73.77,2278.97,79.05363742732295,11.452868852459016,645.8100000000001,63.159699453551916,3.455382513661202,16.150901639344262,
402524099201601,PHELPS,40.42334431,-99.33815365,2004,2004-04-29,Spring,113.94,2312.07,113.88196197593662,11.452868852459016,645.8100000000001,63.159699453551916,3.455382513661202,16.150901639344262,
402532099235801,PHELPS,40.42582814,-99.40068743,2004,2004-04-08,Spring,118.12,2321.09,132.474533897323,11.452868852459016,645.8100000000001,63.159699453551916,3.455382513661202,16.150901639344262,
402609099350800,PHELPS,40.43199166666666,-99.58200277777776,2004,2004-04-15,Spring,176.01,2443.0,164.9231691268024,11.452868852459016,645.8100000000001,63.159699453551916,3.455382513661202,16.150901639344262,
402630099305500,PHELPS,40.44133611111111,-99.51204166666666,2004,2004-04-15,Spring,178.37,2426.38,174.31696059072652,11.452868852459016,645.8100000000001,63.159699453551916,3.455382513661202,16.150901639344262,
402703099150901,PHELPS,40.44969595,-99.25284899,2004,2004-04-07,Spring,43.62,2253.96,44.76583700741673,11.452868852459016,645.8100000000001,63.159699453551916,3.455382513661202,16.150901639344262,
402716099212401,PHELPS,40.4529071,-99.3592878,2004,2004-04-08,Spring,70.4,2307.74,76.19324245754538,11.452868852459016,645.8100000000001,63.159699453551916,3.455382513661202,16.150901639344262,
402756099320601,PHELPS,40.46654722222223,-99.53547222222224,2004,2004-04-15,Spring,164.28,2446.36,159.03886607645362,11.452868852459016,645.8100000000001,63.159699453551916,3.455382513661202,16.150901639344262,
402813099382100,PHELPS,40.46941944444445,-99.63914166666667,2004,2004-04-15,Spring,156.39,2473.68,154.19989693763796,11.452868852459016,645.8100000000001,63.159699453551916,3.455382513661202,16.150901639344262,
402821099282901,PHELPS,40.47215973,-99.47068872,2004,2004-04-15,Spring,94.41,2363.91,103.9724974228413,11.452868852459016,645.8100000000001,63.159699453551916,3.455382513661202,16.150901639344262,
402843099192001,PHELPS,40.47788889,-99.31941672,2004,2004-04-15,Spring,44.0,2311.88,43.9498358956501,11.452868852459016,645.8100000000001,63.159699453551916,3.455382513661202,16.150901639344262,
402851099130101,PHELPS,40.4809986,-99.2168379,2004,2004-04-15,Spring,30.62,2244.15,30.24440397380002,11.452868852459016,645.8100000000001,63.159699453551916,3.455382513661202,16.150901639344262,
402853099104601,PHELPS,40.4815796,-99.179559,2004,2004-04-15,Spring,18.21,2221.31,26.05718584489752,11.452868852459016,645.8100000000001,63.159699453551916,3.455382513661202,16.150901639344262,
402853099152001,PHELPS,40.4816481,-99.2557469,2004,2004-04-15,Spring,27.42,2251.06,27.720420947653324,11.452868852459016,645.8100000000001,63.159699453551916,3.455382513661202,16.150901639344262,
402905099115301,PHELPS,40.4848551,-99.1983097,2004,2004-04-15,Spring,33.0,2241.11,30.329825531718072,11.452868852459016,645.8100000000001,63.159699453551916,3.455382513661202,16.150901639344262,
402906099342201,PHELPS,40.485083333333336,-99.57288888888888,2004,2004-04-15,Spring,150.45,2458.82,147.03840342018324,11.452868852459016,645.8100000000001,63.159699453551916,3.455382513661202,16.150901639344262,
402924099235501,PHELPS,40.4901949,-99.398706,2004,2004-04-15,Spring,57.0,2336.37,56.63936957392991,11.452868852459016,645.8100000000001,63.159699453551916,3.455382513661202,16.150901639344262,
402945099151900,PHELPS,40.49312395,-99.25285328,2004,2004-04-15,Spring,22.0,2243.78,25.68134236170101,11.452868852459016,645.8100000000001,63.159699453551916,3.455382513661202,16.150901639344262,
402952099161701,PHELPS,40.49624602,-99.2746825,2004,2004-04-15,Spring,21.05,2255.28,23.041507157027837,11.452868852459016,645.8100000000001,63.159699453551916,3.455382513661202,16.150901639344262,
403014099213701,PHELPS,40.50113773,-99.35723759,2004,2004-04-15,Spring,35.71,2325.73,35.94106847837503,11.452868852459016,645.8100000000001,63.159699453551916,3.455382513661202,16.150901639344262,
403037099313401,PHELPS,40.5104684,-99.5262137,2004,2004-04-15,Spring,77.0,2408.97,86.62288097134694,11.452868852459016,645.8100000000001,63.159699453551916,3.455382513661202,16.150901639344262,
403123099261501,PHELPS,40.52446389,-99.436875,2004,2004-04-12,Spring,41.87,2361.96,39.07489488991151,11.452868852459016,645.8100000000001,63.159699453551916,3.455382513661202,16.150901639344262,
403124099152601,PHELPS,40.52215595,-99.25856338,2004,2004-04-15,Spring,46.72,2258.2,36.84619161907426,11.452868852459016,645.8100000000001,63.159699453551916,3.455382513661202,16.150901639344262,
403125099295701,PHELPS,40.5247252,-99.4992246,2004,2004-04-12,Spring,68.31,2402.13,69.11670131051218,11.452868852459016,645.8100000000001,63.159699453551916,3.455382513661202,16.150901639344262,
403132099381001,PHELPS,40.52556319,-99.63650076,2004,2004-04-29,Spring,154.4,2517.21,149.08543053429509,11.452868852459016,645.8100000000001,63.159699453551916,3.455382513661202,16.150901639344262,
403137099330201,PHELPS,40.5263766547222,-99.5496279,2004,2004-04-15,Spring,57.93,2405.25,70.1331270240826,11.452868852459016,645.8100000000001,63.159699453551916,3.455382513661202,16.150901639344262,
403138099190801,PHELPS,40.5255972,-99.3224515,2004,2004-04-08,Spring,24.03,2277.27,24.41980267018756,11.452868852459016,645.8100000000001,63.159699453551916,3.455382513661202,16.150901639344262,
403138099235801,PHELPS,40.5255500233333,-99.399115,2004,2004-04-15,Spring,27.0,2328.14,26.691940466488443,11.452868852459016,645.8100000000001,63.159699453551916,3.455382513661202,16.150901639344262,
403163099379201,PHELPS,40.52718414,-99.63201494,2004,2004-04-15,Spring,156.8,2519.15,146.94773261300935,11.452868852459016,645.8100000000001,63.159699453551916,3.455382513661202,16.150901639344262,
403210099194201,PHELPS,40.53813889,-99.32944444,2004,2004-04-29,Spring,29.04,2277.13,20.5646670195916,11.452868852459016,645.8100000000001,63.159699453551916,3.455382513661202,16.150901639344262,
403217099235801,PHELPS,40.53806574,-99.39982287,2004,2004-04-29,Spring,22.81,2321.45,21.840834236083097,11.452868852459016,645.8100000000001,63.159699453551916,3.455382513661202,16.150901639344262,
403217099312001,PHELPS,40.5392815,-99.5207383,2004,2004-04-15,Spring,104.61,2451.89,87.94145360242938,11.452868852459016,645.8100000000001,63.159699453551916,3.455382513661202,16.150901639344262,
403224099261801,PHELPS,40.54167314,-99.43849253,2004,2004-04-15,Spring,21.75,2347.7,21.984886107271656,11.452868852459016,645.8100000000001,63.159699453551916,3.455382513661202,16.150901639344262,
403230099195901,PHELPS,40.54167314,-99.3339024,2004,2004-04-15,Spring,10.76,2269.36,15.7800902431691,11.452868852459016,645.8100000000001,63.159699453551916,3.455382513661202,16.150901639344262,
403309099250701,PHELPS,40.5543784,-99.4199673,2004,2004-04-15,Spring,13.21,2322.67,14.984159587261551,11.452868852459016,645.8100000000001,63.159699453551916,3.455382513661202,16.150901639344262,
403309099270601,PHELPS,40.55026689,-99.45178833,2004,2004-04-15,Spring,18.81,2342.87,18.609727745879173,11.452868852459016,645.8100000000001,63.159699453551916,3.455382513661202,16.150901639344262,
403309099281401,PHELPS,40.5521635,-99.4737128,2004,2004-04-15,Spring,18.72,2354.64,24.022693176175657,11.452868852459016,645.8100000000001,63.159699453551916,3.455382513661202,16.150901639344262,
403322099201601,PHELPS,40.5547811,-99.3416484,2004,2004-04-15,Spring,11.61,2267.67,15.54468194164378,11.452868852459016,645.8100000000001,63.159699453551916,3.455382513661202,16.150901639344262,
403322099210701,PHELPS,40.55622914,-99.3528114,2004,2004-04-15,Spring,23.38,2284.27,19.45733384070794,11.452868852459016,645.8100000000001,63.159699453551916,3.455382513661202,16.150901639344262,
403322099254101,PHELPS,40.5542755,-99.4303042,2004,2004-04-15,Spring,19.63,2335.12,17.25416172115918,11.452868852459016,645.8100000000001,63.159699453551916,3.455382513661202,16.150901639344262,
403322099264901,PHELPS,40.5543545569444,-99.4489925,2004,2004-04-15,Spring,15.0,2342.74,16.41286153487651,11.452868852459016,645.8100000000001,63.159699453551916,3.455382513661202,16.150901639344262,
403322099272302,PHELPS,40.5545803,-99.4609332,2004,2004-04-15,Spring,21.38,2349.56,20.083706689535337,11.452868852459016,645.8100000000001,63.159699453551916,3.455382513661202,16.150901639344262,
403322099304801,PHELPS,40.5542755075,-99.5122815,2004,2004-04-15,Spring,60.02,2411.43,60.3872529579585,11.452868852459016,645.8100000000001,63.159699453551916,3.455382513661202,16.150901639344262,
403322099371801,PHELPS,40.5557047,-99.6247601,2004,2004-04-12,Spring,75.0,2465.78,94.83076629046631,11.452868852459016,645.8100000000001,63.159699453551916,3.455382513661202,16.150901639344262,
403328099181202,PHELPS,40.5577906,-99.3033482,2004,2004-04-15,Spring,32.64,2272.01,29.98621061154354,11.452868852459016,645.8100000000001,63.159699453551916,3.455382513661202,16.150901639344262,
403335099150901,PHELPS,40.55977478,-99.25286046,2004,2004-04-08,Spring,34.81,2241.29,36.9227189461811,11.452868852459016,645.8100000000001,63.159699453551916,3.455382513661202,16.150901639344262,
403431099362101,PHELPS,40.5754557,-99.6058865,2004,2004-04-15,Spring,83.95,2477.16,87.65451498975047,11.452868852459016,645.8100000000001,63.159699453551916,3.455382513661202,16.150901639344262,
403433099250001,PHELPS,40.576331,-99.4179046,2004,2004-04-15,Spring,19.61,2315.55,18.437781960011,11.452868852459016,645.8100000000001,63.159699453551916,3.455382513661202,16.150901639344262,
403453099141801,PHELPS,40.58307501,-99.2365144,2004,2004-04-15,Spring,54.0,2255.34,47.462584800851005,11.452868852459016,645.8100000000001,63.159699453551916,3.455382513661202,16.150901639344262,
403453099190801,PHELPS,40.5807096794444,-99.3229107,2004,2004-04-15,Spring,42.4,2282.14,32.85285359660336,11.452868852459016,645.8100000000001,63.159699453551916,3.455382513661202,16.150901639344262,
403454099304801,PHELPS,40.57931189,-99.51412709,2004,2004-04-15,Spring,37.03,2390.5,38.39759295048645,11.452868852459016,645.8100000000001,63.159699453551916,3.455382513661202,16.150901639344262,
403506099350101,PHELPS,40.5833317,-99.5866221,2004,2004-04-12,Spring,96.64,2484.33,86.20011212847197,11.452868852459016,645.8100000000001,63.159699453551916,3.455382513661202,16.150901639344262,
403507099234101,PHELPS,40.5836771413889,-99.3985091,2004,2004-04-15,Spring,15.82,2295.65,14.986046221849334,11.452868852459016,645.8100000000001,63.159699453551916,3.455382513661202,16.150901639344262,
403507099254101,PHELPS,40.58520714,-99.42844836,2004,2004-04-12,Spring,25.82,2318.5,22.055198216564115,11.452868852459016,645.8100000000001,63.159699453551916,3.455382513661202,16.150901639344262,
403520099201601,PHELPS,40.5886101475,-99.3416473,2004,2004-04-15,Spring,18.58,2265.95,18.358756577210816,11.452868852459016,645.8100000000001,63.159699453551916,3.455382513661202,16.150901639344262,
403540099260001,PHELPS,40.5946306,-99.4353739,2004,2004-04-12,Spring,26.91,2323.77,23.53626628687625,11.452868852459016,645.8100000000001,63.159699453551916,3.455382513661202,16.150901639344262,
403625099315401,PHELPS,40.60535831,-99.53303177,2004,2004-04-12,Spring,35.65,2384.53,38.13372632350487,11.452868852459016,645.8100000000001,63.159699453551916,3.455382513661202,16.150901639344262,
403625099361001,PHELPS,40.60535831,-99.60306609,2004,2004-04-12,Spring,83.9,2454.12,82.47767559439596,11.452868852459016,645.8100000000001,63.159699453551916,3.455382513661202,16.150901639344262,
403638099154301,PHELPS,40.60901195,-99.26298962,2004,2004-04-08,Spring,19.19,2222.0,27.332484072170622,11.452868852459016,645.8100000000001,63.159699453551916,3.455382513661202,16.150901639344262,
403644099350001,PHELPS,40.61418514,-99.57972132,2004,2004-04-15,Spring,65.05,2418.26,64.91853658793396,11.452868852459016,645.8100000000001,63.159699453551916,3.455382513661202,16.150901639344262,
403646099293301,PHELPS,40.6127772,-99.4935704,2004,2004-04-15,Spring,18.73,2354.25,22.33166007013286,11.452868852459016,645.8100000000001,63.159699453551916,3.455382513661202,16.150901639344262,
403651099281401,PHELPS,40.613021,-99.4747929,2004,2004-04-15,Spring,43.0,2345.39,30.279653994137924,11.452868852459016,645.8100000000001,63.159699453551916,3.455382513661202,16.150901639344262,
403730099373501,PHELPS,40.6268217,-99.6246292,2004,2004-04-15,Spring,89.0,2471.08,86.0260573661183,11.452868852459016,645.8100000000001,63.159699453551916,3.455382513661202,16.150901639344262,
403739099281601,PHELPS,40.627653,-99.4742905,2004,2004-04-15,Spring,25.09,2324.54,23.28099316158961,11.452868852459016,645.8100000000001,63.159699453551916,3.455382513661202,16.150901639344262,
403822099324501,PHELPS,40.6415361,-99.5482644,2004,2004-04-15,Spring,39.45,2377.53,34.49206106179744,11.452868852459016,645.8100000000001,63.159699453551916,3.455382513661202,16.150901639344262,
403858099305101,PHELPS,40.64309614,-99.50852542,2004,2004-04-15,Spring,10.27,2333.89,16.50913560577841,11.452868852459016,645.8100000000001,63.159699453551916,3.455382513661202,16.150901639344262,
403902099313701,PHELPS,40.6483999,-99.5291531,2004,2004-04-12,Spring,34.66,2345.9,26.51849060506671,11.452868852459016,645.8100000000001,63.159699453551916,3.455382513661202,16.150901639344262,
403915099190801,PHELPS,40.6573434,-99.3214291,2004,2004-04-08,Spring,10.43,2234.03,16.990792675529175,11.452868852459016,645.8100000000001,63.159699453551916,3.455382513661202,16.150901639344262,
403922099223301,PHELPS,40.65834351,-99.38037703,2004,2004-04-28,Spring,8.95,2253.27,9.23362672526747,11.452868852459016,645.8100000000001,63.159699453551916,3.455382513661202,16.150901639344262,
403928099333601,PHELPS,40.6571948,-99.5612991,2004,2004-04-12,Spring,39.09,2355.41,21.83700073045058,11.452868852459016,645.8100000000001,63.159699453551916,3.455382513661202,16.150901639344262,
403928099371801,PHELPS,40.655954,-99.6202609,2004,2004-04-15,Spring,83.73,2432.98,68.48630470018198,11.452868852459016,645.8100000000001,63.159699453551916,3.455382513661202,16.150901639344262,
403941099331901,PHELPS,40.66044972,-99.55637462,2004,2004-04-15,Spring,6.41,2347.21,14.649868485496482,11.452868852459016,645.8100000000001,63.159699453551916,3.455382513661202,16.150901639344262,
403941099342701,PHELPS,40.6636923,-99.5766538,2004,2004-04-15,Spring,9.86,2326.71,12.495237600522293,11.452868852459016,645.8100000000001,63.159699453551916,3.455382513661202,16.150901639344262,
403954099255801,PHELPS,40.667854,-99.4364595,2004,2004-04-15,Spring,2.65,2268.93,5.383117222230225,11.452868852459016,645.8100000000001,63.159699453551916,3.455382513661202,16.150901639344262,
404007099294001,PHELPS,40.6709022,-99.4936146,2004,2004-04-15,Spring,9.05,2290.54,8.311657624497771,11.452868852459016,645.8100000000001,63.159699453551916,3.455382513661202,16.150901639344262,
404007099351901,PHELPS,40.6709256,-99.5865622,2004,2004-04-15,Spring,10.64,2322.26,9.91673043057129,11.452868852459016,645.8100000000001,63.159699453551916,3.455382513661202,16.150901639344262,
404016099370201,PHELPS,40.6711189,-99.61760995,2004,2004-04-29,Spring,7.45,2335.44,28.508930417735968,11.452868852459016,645.8100000000001,63.159699453551916,3.455382513661202,16.150901639344262,
404020099355301,PHELPS,40.6710839,-99.5961084,2004,2004-04-15,Spring,7.06,2326.91,13.579564462826584,11.452868852459016,645.8100000000001,63.159699453551916,3.455382513661202,16.150901639344262,
402107099262000,PHELPS,40.35080555555556,-99.43768055555556,2005,2005-04-15,Spring,201.54,2363.91,202.73529705582004,11.73095890410959,631.46,64.1328493150685,3.4875890410958905,16.385753424657533,
402110099140001,PHELPS,40.351999,-99.2329232,2005,2005-04-12,Spring,169.7,2283.76,154.6471062114588,11.73095890410959,631.46,64.1328493150685,3.4875890410958905,16.385753424657533,
402115099213100,PHELPS,40.35468888888889,-99.35943333333331,2005,2005-04-15,Spring,205.59,2345.58,204.84661268997027,11.73095890410959,631.46,64.1328493150685,3.4875890410958905,16.385753424657533,
402124099201601,PHELPS,40.3563466,-99.3403749,2005,2005-04-12,Spring,188.09,2318.47,190.43521838694025,11.73095890410959,631.46,64.1328493150685,3.4875890410958905,16.385753424657533,
402159099301600,PHELPS,40.3649,-99.50220555555556,2005,2005-04-15,Spring,182.23,2377.49,181.13267373695408,11.73095890410959,631.46,64.1328493150685,3.4875890410958905,16.385753424657533,
402200099160700,PHELPS,40.3669,-99.267175,2005,2005-04-15,Spring,149.46,2280.22,148.51799627379043,11.73095890410959,631.46,64.1328493150685,3.4875890410958905,16.385753424657533,
402233099341700,PHELPS,40.376269444444446,-99.57279166666666,2005,2005-04-15,Spring,111.45,2335.32,109.90711024074884,11.73095890410959,631.46,64.1328493150685,3.4875890410958905,16.385753424657533,
402301099272901,PHELPS,40.38362106,-99.45843659,2005,2005-04-15,Spring,194.75,2378.45,198.44320817560035,11.73095890410959,631.46,64.1328493150685,3.4875890410958905,16.385753424657533,
402320099231001,PHELPS,40.38914722222222,-99.38615277777778,2005,2005-04-15,Spring,218.42,2384.17,206.91116492291656,11.73095890410959,631.46,64.1328493150685,3.4875890410958905,16.385753424657533,
402326099185300,PHELPS,40.390366666666665,-99.31649722222222,2005,2005-04-15,Spring,145.96,2306.56,147.97001710246326,11.73095890410959,631.46,64.1328493150685,3.4875890410958905,16.385753424657533,
402340099353701,PHELPS,40.39445302,-99.59399869,2005,2005-05-11,Spring,25.42,2264.29,70.45813222558014,11.73095890410959,631.46,64.1328493150685,3.4875890410958905,16.385753424657533,
402342099143300,PHELPS,40.39436388888889,-99.24273333333332,2005,2005-04-15,Spring,113.22,2261.52,109.84501599404018,11.73095890410959,631.46,64.1328493150685,3.4875890410958905,16.385753424657533,
402406099311800,PHELPS,40.40154444444444,-99.52104166666666,2005,2005-04-15,Spring,181.29,2406.07,179.71521135479978,11.73095890410959,631.46,64.1328493150685,3.4875890410958905,16.385753424657533,
402421099112000,PHELPS,40.40549166666666,-99.18921666666668,2005,2005-04-15,Spring,58.66,2216.62,63.16436931819582,11.73095890410959,631.46,64.1328493150685,3.4875890410958905,16.385753424657533,
402435099262900,PHELPS,40.40768055555555,-99.44083333333332,2005,2005-04-15,Spring,212.21,2405.19,200.4216699076902,11.73095890410959,631.46,64.1328493150685,3.4875890410958905,16.385753424657533,
402513099164801,PHELPS,40.42006111111111,-99.27985277777778,2005,2005-04-15,Spring,75.45,2278.97,80.46598233660664,11.73095890410959,631.46,64.1328493150685,3.4875890410958905,16.385753424657533,
402524099201601,PHELPS,40.42334431,-99.33815365,2005,2005-05-11,Spring,115.43,2312.07,114.4221247288304,11.73095890410959,631.46,64.1328493150685,3.4875890410958905,16.385753424657533,
402532099235801,PHELPS,40.42582814,-99.40068743,2005,2005-04-13,Spring,120.1,2321.09,134.62507311562953,11.73095890410959,631.46,64.1328493150685,3.4875890410958905,16.385753424657533,
402609099350800,PHELPS,40.43199166666666,-99.58200277777776,2005,2005-04-15,Spring,176.15,2443.0,165.2052648968773,11.73095890410959,631.46,64.1328493150685,3.4875890410958905,16.385753424657533,
402630099305500,PHELPS,40.44133611111111,-99.51204166666666,2005,2005-04-15,Spring,182.94,2426.38,176.92482333391504,11.73095890410959,631.46,64.1328493150685,3.4875890410958905,16.385753424657533,
402703099150901,PHELPS,40.44969595,-99.25284899,2005,2005-04-12,Spring,46.63,2253.96,47.68201489613456,11.73095890410959,631.46,64.1328493150685,3.4875890410958905,16.385753424657533,
402716099212401,PHELPS,40.4529071,-99.3592878,2005,2005-04-13,Spring,72.89,2307.74,78.75907630565703,11.73095890410959,631.46,64.1328493150685,3.4875890410958905,16.385753424657533,
402756099320601,PHELPS,40.46654722222223,-99.53547222222224,2005,2005-04-15,Spring,164.92,2446.36,161.08512018276272,11.73095890410959,631.46,64.1328493150685,3.4875890410958905,16.385753424657533,
402813099382100,PHELPS,40.46941944444445,-99.63914166666667,2005,2005-04-15,Spring,156.64,2473.68,154.38037513143516,11.73095890410959,631.46,64.1328493150685,3.4875890410958905,16.385753424657533,
402821099282901,PHELPS,40.47215973,-99.47068872,2005,2005-04-15,Spring,96.0,2363.91,101.87008862239637,11.73095890410959,631.46,64.1328493150685,3.4875890410958905,16.385753424657533,
402843099192001,PHELPS,40.47788889,-99.31941672,2005,2005-04-13,Spring,44.88,2311.88,45.265703849573775,11.73095890410959,631.46,64.1328493150685,3.4875890410958905,16.385753424657533,
402851099130101,PHELPS,40.4809986,-99.2168379,2005,2005-04-15,Spring,31.93,2244.15,31.39089411571443,11.73095890410959,631.46,64.1328493150685,3.4875890410958905,16.385753424657533,
402853099104601,PHELPS,40.4815796,-99.179559,2005,2005-04-12,Spring,18.71,2221.31,25.853374385610664,11.73095890410959,631.46,64.1328493150685,3.4875890410958905,16.385753424657533,
402853099152001,PHELPS,40.4816481,-99.2557469,2005,2005-04-12,Spring,28.43,2251.06,28.94593328509611,11.73095890410959,631.46,64.1328493150685,3.4875890410958905,16.385753424657533,
402905099115301,PHELPS,40.4848551,-99.1983097,2005,2005-04-12,Spring,34.0,2241.11,30.592143491247874,11.73095890410959,631.46,64.1328493150685,3.4875890410958905,16.385753424657533,
402906099342201,PHELPS,40.485083333333336,-99.57288888888888,2005,2005-04-15,Spring,150.85,2458.82,147.7924969731357,11.73095890410959,631.46,64.1328493150685,3.4875890410958905,16.385753424657533,
402924099235501,PHELPS,40.4901949,-99.398706,2005,2005-04-13,Spring,57.63,2336.37,57.50837986562095,11.73095890410959,631.46,64.1328493150685,3.4875890410958905,16.385753424657533,
402945099151900,PHELPS,40.49312395,-99.25285328,2005,2005-04-15,Spring,22.42,2243.78,26.409831243987565,11.73095890410959,631.46,64.1328493150685,3.4875890410958905,16.385753424657533,
402952099161701,PHELPS,40.49624602,-99.2746825,2005,2005-04-15,Spring,22.0,2255.28,24.13289953476825,11.73095890410959,631.46,64.1328493150685,3.4875890410958905,16.385753424657533,
403014099213701,PHELPS,40.50113773,-99.35723759,2005,2005-04-13,Spring,37.3,2325.73,37.706046858518725,11.73095890410959,631.46,64.1328493150685,3.4875890410958905,16.385753424657533,
403037099313401,PHELPS,40.5104684,-99.5262137,2005,2005-04-13,Spring,78.54,2408.97,87.71528549800445,11.73095890410959,631.46,64.1328493150685,3.4875890410958905,16.385753424657533,
403123099261501,PHELPS,40.52446389,-99.436875,2005,2005-05-11,Spring,43.7,2361.96,39.79185488848918,11.73095890410959,631.46,64.1328493150685,3.4875890410958905,16.385753424657533,
403124099152601,PHELPS,40.52215595,-99.25856338,2005,2005-04-15,Spring,47.33,2258.2,37.21575001782749,11.73095890410959,631.46,64.1328493150685,3.4875890410958905,16.385753424657533,
403125099295701,PHELPS,40.5247252,-99.4992246,2005,2005-04-13,Spring,69.0,2402.13,69.00279717211151,11.73095890410959,631.46,64.1328493150685,3.4875890410958905,16.385753424657533,
403132099381001,PHELPS,40.52556319,-99.63650076,2005,2005-05-11,Spring,156.04,2517.21,147.71674569274438,11.73095890410959,631.46,64.1328493150685,3.4875890410958905,16.385753424657533,
403137099330201,PHELPS,40.5263766547222,-99.5496279,2005,2005-04-15,Spring,59.1,2405.25,71.49699585406921,11.73095890410959,631.46,64.1328493150685,3.4875890410958905,16.385753424657533,
403138099190801,PHELPS,40.5255972,-99.3224515,2005,2005-04-13,Spring,24.0,2277.27,24.636472879428705,11.73095890410959,631.46,64.1328493150685,3.4875890410958905,16.385753424657533,
403138099235801,PHELPS,40.5255500233333,-99.399115,2005,2005-04-15,Spring,28.06,2328.14,28.308845306384097,11.73095890410959,631.46,64.1328493150685,3.4875890410958905,16.385753424657533,
403163099379201,PHELPS,40.52718414,-99.63201494,2005,2005-04-15,Spring,157.82,2519.15,145.18052474534127,11.73095890410959,631.46,64.1328493150685,3.4875890410958905,16.385753424657533,
403210099194201,PHELPS,40.53813889,-99.32944444,2005,2005-05-11,Spring,28.03,2277.13,20.04064083768389,11.73095890410959,631.46,64.1328493150685,3.4875890410958905,16.385753424657533,
403217099235801,PHELPS,40.53806574,-99.39982287,2005,2005-05-11,Spring,25.12,2321.45,23.075560758312903,11.73095890410959,631.46,64.1328493150685,3.4875890410958905,16.385753424657533,
403217099312001,PHELPS,40.5392815,-99.5207383,2005,2005-04-15,Spring,104.82,2451.89,86.52487153013963,11.73095890410959,631.46,64.1328493150685,3.4875890410958905,16.385753424657533,
403224099261801,PHELPS,40.54167314,-99.43849253,2005,2005-04-15,Spring,19.82,2347.7,20.511756282083443,11.73095890410959,631.46,64.1328493150685,3.4875890410958905,16.385753424657533,
403230099195901,PHELPS,40.54167314,-99.3339024,2005,2005-04-15,Spring,11.35,2269.36,15.947965733932971,11.73095890410959,631.46,64.1328493150685,3.4875890410958905,16.385753424657533,
403309099250701,PHELPS,40.5543784,-99.4199673,2005,2005-04-15,Spring,12.08,2322.67,13.703194996032328,11.73095890410959,631.46,64.1328493150685,3.4875890410958905,16.385753424657533,
403309099270601,PHELPS,40.55026689,-99.45178833,2005,2005-04-15,Spring,17.33,2342.87,17.967051272008042,11.73095890410959,631.46,64.1328493150685,3.4875890410958905,16.385753424657533,
403309099281401,PHELPS,40.5521635,-99.4737128,2005,2005-04-15,Spring,18.49,2354.64,23.53056896790557,11.73095890410959,631.46,64.1328493150685,3.4875890410958905,16.385753424657533,
403322099201601,PHELPS,40.5547811,-99.3416484,2005,2005-04-15,Spring,10.27,2267.67,15.423165006245853,11.73095890410959,631.46,64.1328493150685,3.4875890410958905,16.385753424657533,
403322099210701,PHELPS,40.55622914,-99.3528114,2005,2005-04-15,Spring,23.0,2284.27,19.917393038763308,11.73095890410959,631.46,64.1328493150685,3.4875890410958905,16.385753424657533,
403322099254101,PHELPS,40.5542755,-99.4303042,2005,2005-04-15,Spring,15.5,2335.12,14.721036925724928,11.73095890410959,631.46,64.1328493150685,3.4875890410958905,16.385753424657533,
403322099264901,PHELPS,40.5543545569444,-99.4489925,2005,2005-04-15,Spring,16.46,2342.74,16.047475360310532,11.73095890410959,631.46,64.1328493150685,3.4875890410958905,16.385753424657533,
403322099272302,PHELPS,40.5545803,-99.4609332,2005,2005-04-15,Spring,19.71,2349.56,18.86031646356403,11.73095890410959,631.46,64.1328493150685,3.4875890410958905,16.385753424657533,
403322099304801,PHELPS,40.5542755075,-99.5122815,2005,2005-04-15,Spring,60.61,2411.43,60.42835866184364,11.73095890410959,631.46,64.1328493150685,3.4875890410958905,16.385753424657533,
403322099371801,PHELPS,40.5557047,-99.6247601,2005,2005-04-14,Spring,77.32,2465.78,96.51225405853752,11.73095890410959,631.46,64.1328493150685,3.4875890410958905,16.385753424657533,
403328099181202,PHELPS,40.5577906,-99.3033482,2005,2005-04-15,Spring,33.72,2272.01,30.994912389781074,11.73095890410959,631.46,64.1328493150685,3.4875890410958905,16.385753424657533,
403335099150901,PHELPS,40.55977478,-99.25286046,2005,2005-04-15,Spring,34.36,2241.29,36.8654353171459,11.73095890410959,631.46,64.1328493150685,3.4875890410958905,16.385753424657533,
403336099225701,PHELPS,40.55616214,-99.37615377,2005,2005-04-15,Spring,26.56,2296.91,22.126760286133383,11.73095890410959,631.46,64.1328493150685,3.4875890410958905,16.385753424657533,
403431099362101,PHELPS,40.5754557,-99.6058865,2005,2005-04-14,Spring,85.27,2477.16,88.98125169815535,11.73095890410959,631.46,64.1328493150685,3.4875890410958905,16.385753424657533,
403433099250001,PHELPS,40.576331,-99.4179046,2005,2005-04-13,Spring,18.52,2315.55,18.21772358131109,11.73095890410959,631.46,64.1328493150685,3.4875890410958905,16.385753424657533,
403453099141801,PHELPS,40.58307501,-99.2365144,2005,2005-04-15,Spring,55.73,2255.34,46.4458540042531,11.73095890410959,631.46,64.1328493150685,3.4875890410958905,16.385753424657533,
403453099190801,PHELPS,40.5807096794444,-99.3229107,2005,2005-04-15,Spring,43.89,2282.14,33.752529479216754,11.73095890410959,631.46,64.1328493150685,3.4875890410958905,16.385753424657533,
403454099304801,PHELPS,40.57931189,-99.51412709,2005,2005-04-15,Spring,38.51,2390.5,39.53637321959912,11.73095890410959,631.46,64.1328493150685,3.4875890410958905,16.385753424657533,
403506099350101,PHELPS,40.5833317,-99.5866221,2005,2005-04-14,Spring,97.9,2484.33,87.71086776183978,11.73095890410959,631.46,64.1328493150685,3.4875890410958905,16.385753424657533,
403507099234101,PHELPS,40.5836771413889,-99.3985091,2005,2005-04-15,Spring,15.46,2295.65,16.376876927629226,11.73095890410959,631.46,64.1328493150685,3.4875890410958905,16.385753424657533,
403507099254101,PHELPS,40.58520714,-99.42844836,2005,2005-04-13,Spring,25.3,2318.5,22.464165160792376,11.73095890410959,631.46,64.1328493150685,3.4875890410958905,16.385753424657533,
403520099201601,PHELPS,40.5886101475,-99.3416473,2005,2005-04-15,Spring,19.61,2265.95,19.82106986739574,11.73095890410959,631.46,64.1328493150685,3.4875890410958905,16.385753424657533,
403540099260001,PHELPS,40.5946306,-99.4353739,2005,2005-04-13,Spring,26.82,2323.77,24.904879903634708,11.73095890410959,631.46,64.1328493150685,3.4875890410958905,16.385753424657533,
403625099315401,PHELPS,40.60535831,-99.53303177,2005,2005-04-14,Spring,36.83,2384.53,39.46158576755092,11.73095890410959,631.46,64.1328493150685,3.4875890410958905,16.385753424657533,
403625099361001,PHELPS,40.60535831,-99.60306609,2005,2005-04-13,Spring,84.8,2454.12,82.98301613719794,11.73095890410959,631.46,64.1328493150685,3.4875890410958905,16.385753424657533,
403638099154301,PHELPS,40.60901195,-99.26298962,2005,2005-04-13,Spring,20.19,2222.0,25.478741640458637,11.73095890410959,631.46,64.1328493150685,3.4875890410958905,16.385753424657533,
403646099293301,PHELPS,40.6127772,-99.4935704,2005,2005-04-15,Spring,18.25,2354.25,23.546195569096493,11.73095890410959,631.46,64.1328493150685,3.4875890410958905,16.385753424657533,
403651099281401,PHELPS,40.613021,-99.4747929,2005,2005-04-15,Spring,43.47,2345.39,33.476283186146915,11.73095890410959,631.46,64.1328493150685,3.4875890410958905,16.385753424657533,
403730099373501,PHELPS,40.6268217,-99.6246292,2005,2005-04-15,Spring,89.61,2471.08,86.03758836504224,11.73095890410959,631.46,64.1328493150685,3.4875890410958905,16.385753424657533,
403739099281601,PHELPS,40.627653,-99.4742905,2005,2005-04-15,Spring,25.44,2324.54,25.56582740484433,11.73095890410959,631.46,64.1328493150685,3.4875890410958905,16.385753424657533,
403822099324501,PHELPS,40.6415361,-99.5482644,2005,2005-04-15,Spring,40.96,2377.53,34.66503199155065,11.73095890410959,631.46,64.1328493150685,3.4875890410958905,16.385753424657533,
403902099313701,PHELPS,40.6483999,-99.5291531,2005,2005-04-13,Spring,35.0,2345.9,26.738093653532072,11.73095890410959,631.46,64.1328493150685,3.4875890410958905,16.385753424657533,
403915099190801,PHELPS,40.6573434,-99.3214291,2005,2005-04-13,Spring,10.42,2234.03,14.495182720477477,11.73095890410959,631.46,64.1328493150685,3.4875890410958905,16.385753424657533,
403922099223301,PHELPS,40.65834351,-99.38037703,2005,2005-05-11,Spring,7.79,2253.27,9.357810978595786,11.73095890410959,631.46,64.1328493150685,3.4875890410958905,16.385753424657533,
403928099371801,PHELPS,40.655954,-99.6202609,2005,2005-04-15,Spring,84.0,2432.98,66.62306691569876,11.73095890410959,631.46,64.1328493150685,3.4875890410958905,16.385753424657533,
403941099331901,PHELPS,40.66044972,-99.55637462,2005,2005-04-15,Spring,5.36,2347.21,10.133521005606088,11.73095890410959,631.46,64.1328493150685,3.4875890410958905,16.385753424657533,
403941099342701,PHELPS,40.6636923,-99.5766538,2005,2005-04-15,Spring,9.45,2326.71,11.131895324234474,11.73095890410959,631.46,64.1328493150685,3.4875890410958905,16.385753424657533,
403954099255801,PHELPS,40.667854,-99.4364595,2005,2005-04-15,Spring,2.72,2268.93,6.470582057904542,11.73095890410959,631.46,64.1328493150685,3.4875890410958905,16.385753424657533,
404007099294001,PHELPS,40.6709022,-99.4936146,2005,2005-04-15,Spring,8.32,2290.54,8.073327646745545,11.73095890410959,631.46,64.1328493150685,3.4875890410958905,16.385753424657533,
404007099351901,PHELPS,40.6709256,-99.5865622,2005,2005-04-15,Spring,10.02,2322.26,8.06691036449596,11.73095890410959,631.46,64.1328493150685,3.4875890410958905,16.385753424657533,
404016099370201,PHELPS,40.6711189,-99.61760995,2005,2005-05-11,Spring,6.76,2335.44,22.723906457520545,11.73095890410959,631.46,64.1328493150685,3.4875890410958905,16.385753424657533,
404020099355301,PHELPS,40.6710839,-99.5961084,2005,2005-04-15,Spring,6.22,2326.91,11.166399569495445,11.73095890410959,631.46,64.1328493150685,3.4875890410958905,16.385753424657533,
402107099262000,PHELPS,40.35080555555556,-99.43768055555556,2006,2006-04-15,Spring,202.83,2363.91,203.8823430138813,12.111013698630138,647.73,59.76945205479451,3.5661095890410954,16.53980821917808,
402110099140001,PHELPS,40.351999,-99.2329232,2006,2006-04-10,Spring,170.08,2283.76,160.24880765828846,12.111013698630138,647.73,59.76945205479451,3.5661095890410954,16.53980821917808,
402115099213100,PHELPS,40.35468888888889,-99.35943333333331,2006,2006-04-15,Spring,207.02,2345.58,206.52642906323828,12.111013698630138,647.73,59.76945205479451,3.5661095890410954,16.53980821917808,
402124099201601,PHELPS,40.3563466,-99.3403749,2006,2006-04-10,Spring,184.13,2318.47,188.27847919849415,12.111013698630138,647.73,59.76945205479451,3.5661095890410954,16.53980821917808,
402159099301600,PHELPS,40.3649,-99.50220555555556,2006,2006-04-15,Spring,193.48,2377.49,185.14170879700123,12.111013698630138,647.73,59.76945205479451,3.5661095890410954,16.53980821917808,
402200099160700,PHELPS,40.3669,-99.267175,2006,2006-04-15,Spring,150.3,2280.22,150.22341515363684,12.111013698630138,647.73,59.76945205479451,3.5661095890410954,16.53980821917808,
402233099341700,PHELPS,40.376269444444446,-99.57279166666666,2006,2006-04-15,Spring,112.86,2335.32,111.75480921176022,12.111013698630138,647.73,59.76945205479451,3.5661095890410954,16.53980821917808,
402301099272901,PHELPS,40.38362106,-99.45843659,2006,2006-04-15,Spring,192.14,2378.45,198.41233904555912,12.111013698630138,647.73,59.76945205479451,3.5661095890410954,16.53980821917808,
402320099231001,PHELPS,40.38914722222222,-99.38615277777778,2006,2006-04-15,Spring,219.46,2384.17,210.67476957166997,12.111013698630138,647.73,59.76945205479451,3.5661095890410954,16.53980821917808,
402326099185300,PHELPS,40.390366666666665,-99.31649722222222,2006,2006-04-15,Spring,149.67,2306.56,150.275527585737,12.111013698630138,647.73,59.76945205479451,3.5661095890410954,16.53980821917808,
402340099353701,PHELPS,40.39445302,-99.59399869,2006,2006-05-01,Spring,25.43,2264.29,74.59927004703704,12.111013698630138,647.73,59.76945205479451,3.5661095890410954,16.53980821917808,
402342099143300,PHELPS,40.39436388888889,-99.24273333333332,2006,2006-04-15,Spring,114.38,2261.52,112.40790073958075,12.111013698630138,647.73,59.76945205479451,3.5661095890410954,16.53980821917808,
402406099311800,PHELPS,40.40154444444444,-99.52104166666666,2006,2006-04-15,Spring,183.53,2406.07,181.45984479694687,12.111013698630138,647.73,59.76945205479451,3.5661095890410954,16.53980821917808,
402421099112000,PHELPS,40.40549166666666,-99.18921666666668,2006,2006-04-15,Spring,59.78,2216.62,64.38619868576987,12.111013698630138,647.73,59.76945205479451,3.5661095890410954,16.53980821917808,
402435099262900,PHELPS,40.40768055555555,-99.44083333333332,2006,2006-04-15,Spring,211.18,2405.19,202.4896809923479,12.111013698630138,647.73,59.76945205479451,3.5661095890410954,16.53980821917808,
402513099164801,PHELPS,40.42006111111111,-99.27985277777778,2006,2006-04-15,Spring,77.08,2278.97,82.58376389372543,12.111013698630138,647.73,59.76945205479451,3.5661095890410954,16.53980821917808,
402524099201601,PHELPS,40.42334431,-99.33815365,2006,2006-05-01,Spring,117.42,2312.07,116.3832199853953,12.111013698630138,647.73,59.76945205479451,3.5661095890410954,16.53980821917808,
402532099235801,PHELPS,40.42582814,-99.40068743,2006,2006-04-10,Spring,120.0,2321.09,131.4449607754889,12.111013698630138,647.73,59.76945205479451,3.5661095890410954,16.53980821917808,
402609099350800,PHELPS,40.43199166666666,-99.58200277777776,2006,2006-04-15,Spring,177.38,2443.0,169.06834541521573,12.111013698630138,647.73,59.76945205479451,3.5661095890410954,16.53980821917808,
402630099305500,PHELPS,40.44133611111111,-99.51204166666666,2006,2006-04-15,Spring,180.05,2426.38,177.06354689927974,12.111013698630138,647.73,59.76945205479451,3.5661095890410954,16.53980821917808,
402716099212401,PHELPS,40.4529071,-99.3592878,2006,2006-04-10,Spring,74.18,2307.74,77.8273654474152,12.111013698630138,647.73,59.76945205479451,3.5661095890410954,16.53980821917808,
402756099320601,PHELPS,40.46654722222223,-99.53547222222224,2006,2006-04-15,Spring,167.87,2446.36,163.97869515763136,12.111013698630138,647.73,59.76945205479451,3.5661095890410954,16.53980821917808,
402802099285801,PHELPS,40.46775,-99.48183333,2006,2006-05-01,Spring,106.9,2376.84,115.7974981388482,12.111013698630138,647.73,59.76945205479451,3.5661095890410954,16.53980821917808,
402813099382100,PHELPS,40.46941944444445,-99.63914166666667,2006,2006-04-15,Spring,160.27,2473.68,158.24874947810173,12.111013698630138,647.73,59.76945205479451,3.5661095890410954,16.53980821917808,
402821099282901,PHELPS,40.47215973,-99.47068872,2006,2006-04-15,Spring,97.56,2363.91,104.19220627597925,12.111013698630138,647.73,59.76945205479451,3.5661095890410954,16.53980821917808,
402843099192001,PHELPS,40.47788889,-99.31941672,2006,2006-04-15,Spring,44.27,2311.88,42.750675223868846,12.111013698630138,647.73,59.76945205479451,3.5661095890410954,16.53980821917808,
402851099130101,PHELPS,40.4809986,-99.2168379,2006,2006-04-15,Spring,33.64,2244.15,32.63965910438324,12.111013698630138,647.73,59.76945205479451,3.5661095890410954,16.53980821917808,
402853099104601,PHELPS,40.4815796,-99.179559,2006,2006-04-15,Spring,20.55,2221.31,25.617176107654853,12.111013698630138,647.73,59.76945205479451,3.5661095890410954,16.53980821917808,
402853099152001,PHELPS,40.4816481,-99.2557469,2006,2006-04-15,Spring,30.65,2251.06,30.084601237853708,12.111013698630138,647.73,59.76945205479451,3.5661095890410954,16.53980821917808,
402905099115301,PHELPS,40.4848551,-99.1983097,2006,2006-04-15,Spring,35.91,2241.11,32.9261310103449,12.111013698630138,647.73,59.76945205479451,3.5661095890410954,16.53980821917808,
402906099342201,PHELPS,40.485083333333336,-99.57288888888888,2006,2006-04-15,Spring,152.46,2458.82,150.52584147370922,12.111013698630138,647.73,59.76945205479451,3.5661095890410954,16.53980821917808,
402924099235501,PHELPS,40.4901949,-99.398706,2006,2006-04-15,Spring,59.22,2336.37,57.73588247080901,12.111013698630138,647.73,59.76945205479451,3.5661095890410954,16.53980821917808,
402945099151900,PHELPS,40.49312395,-99.25285328,2006,2006-04-15,Spring,25.0,2243.78,27.662703759564188,12.111013698630138,647.73,59.76945205479451,3.5661095890410954,16.53980821917808,
402952099161701,PHELPS,40.49624602,-99.2746825,2006,2006-04-10,Spring,24.68,2255.28,26.28296662948619,12.111013698630138,647.73,59.76945205479451,3.5661095890410954,16.53980821917808,
403014099213701,PHELPS,40.50113773,-99.35723759,2006,2006-04-15,Spring,39.42,2325.73,35.680381702922865,12.111013698630138,647.73,59.76945205479451,3.5661095890410954,16.53980821917808,
403037099313401,PHELPS,40.5104684,-99.5262137,2006,2006-04-15,Spring,81.0,2408.97,88.29065072736296,12.111013698630138,647.73,59.76945205479451,3.5661095890410954,16.53980821917808,
403123099261501,PHELPS,40.52446389,-99.436875,2006,2006-05-01,Spring,46.56,2361.96,42.11678124456149,12.111013698630138,647.73,59.76945205479451,3.5661095890410954,16.53980821917808,
403124099152601,PHELPS,40.52215595,-99.25856338,2006,2006-04-15,Spring,49.16,2258.2,37.04414589352128,12.111013698630138,647.73,59.76945205479451,3.5661095890410954,16.53980821917808,
403125099295701,PHELPS,40.5247252,-99.4992246,2006,2006-04-12,Spring,71.06,2402.13,71.23716060137802,12.111013698630138,647.73,59.76945205479451,3.5661095890410954,16.53980821917808,
403132099381001,PHELPS,40.52556319,-99.63650076,2006,2006-04-15,Spring,155.33,2517.21,150.52405617040384,12.111013698630138,647.73,59.76945205479451,3.5661095890410954,16.53980821917808,
403137099330201,PHELPS,40.5263766547222,-99.5496279,2006,2006-04-12,Spring,61.37,2405.25,75.1169455959226,12.111013698630138,647.73,59.76945205479451,3.5661095890410954,16.53980821917808,
403138099190801,PHELPS,40.5255972,-99.3224515,2006,2006-04-10,Spring,26.45,2277.27,25.770980199892733,12.111013698630138,647.73,59.76945205479451,3.5661095890410954,16.53980821917808,
403138099235801,PHELPS,40.5255500233333,-99.399115,2006,2006-04-10,Spring,32.0,2328.14,32.48793188871427,12.111013698630138,647.73,59.76945205479451,3.5661095890410954,16.53980821917808,
403163099379201,PHELPS,40.52718414,-99.63201494,2006,2006-04-15,Spring,157.61,2519.15,147.787186190375,12.111013698630138,647.73,59.76945205479451,3.5661095890410954,16.53980821917808,
403210099194201,PHELPS,40.53813889,-99.32944444,2006,2006-05-02,Spring,30.99,2277.13,21.42700213066194,12.111013698630138,647.73,59.76945205479451,3.5661095890410954,16.53980821917808,
403217099235801,PHELPS,40.53806574,-99.39982287,2006,2006-05-01,Spring,26.41,2321.45,26.05595807921259,12.111013698630138,647.73,59.76945205479451,3.5661095890410954,16.53980821917808,
403217099312001,PHELPS,40.5392815,-99.5207383,2006,2006-04-12,Spring,107.27,2451.89,88.26318006690073,12.111013698630138,647.73,59.76945205479451,3.5661095890410954,16.53980821917808,
403224099261801,PHELPS,40.54167314,-99.43849253,2006,2006-04-12,Spring,22.78,2347.7,23.8752356360363,12.111013698630138,647.73,59.76945205479451,3.5661095890410954,16.53980821917808,
403230099195901,PHELPS,40.54167314,-99.3339024,2006,2006-04-10,Spring,11.56,2269.36,17.16062894595894,12.111013698630138,647.73,59.76945205479451,3.5661095890410954,16.53980821917808,
403309099250701,PHELPS,40.5543784,-99.4199673,2006,2006-04-12,Spring,15.62,2322.67,17.302699641960093,12.111013698630138,647.73,59.76945205479451,3.5661095890410954,16.53980821917808,
403309099270601,PHELPS,40.55026689,-99.45178833,2006,2006-04-12,Spring,20.26,2342.87,20.26262596817632,12.111013698630138,647.73,59.76945205479451,3.5661095890410954,16.53980821917808,
403309099281401,PHELPS,40.5521635,-99.4737128,2006,2006-04-12,Spring,18.38,2354.64,24.991502608754494,12.111013698630138,647.73,59.76945205479451,3.5661095890410954,16.53980821917808,
403322099201601,PHELPS,40.5547811,-99.3416484,2006,2006-04-10,Spring,10.91,2267.67,18.76292817689893,12.111013698630138,647.73,59.76945205479451,3.5661095890410954,16.53980821917808,
403322099210701,PHELPS,40.55622914,-99.3528114,2006,2006-04-10,Spring,25.23,2284.27,22.04582113381567,12.111013698630138,647.73,59.76945205479451,3.5661095890410954,16.53980821917808,
403322099254101,PHELPS,40.5542755,-99.4303042,2006,2006-04-15,Spring,18.86,2335.12,18.565845634444457,12.111013698630138,647.73,59.76945205479451,3.5661095890410954,16.53980821917808,
403322099264901,PHELPS,40.5543545569444,-99.4489925,2006,2006-04-15,Spring,17.88,2342.74,18.829996883157445,12.111013698630138,647.73,59.76945205479451,3.5661095890410954,16.53980821917808,
403322099272302,PHELPS,40.5545803,-99.4609332,2006,2006-04-15,Spring,22.91,2349.56,21.649029798483443,12.111013698630138,647.73,59.76945205479451,3.5661095890410954,16.53980821917808,
403322099304801,PHELPS,40.5542755075,-99.5122815,2006,2006-04-12,Spring,62.54,2411.43,61.94934908826882,12.111013698630138,647.73,59.76945205479451,3.5661095890410954,16.53980821917808,
403322099371801,PHELPS,40.5557047,-99.6247601,2006,2006-04-12,Spring,79.0,2465.78,92.93315321166118,12.111013698630138,647.73,59.76945205479451,3.5661095890410954,16.53980821917808,
403328099181202,PHELPS,40.5577906,-99.3033482,2006,2006-04-15,Spring,34.68,2272.01,31.35620272438966,12.111013698630138,647.73,59.76945205479451,3.5661095890410954,16.53980821917808,
403335099150901,PHELPS,40.55977478,-99.25286046,2006,2006-04-10,Spring,34.5,2241.29,36.53339289375391,12.111013698630138,647.73,59.76945205479451,3.5661095890410954,16.53980821917808,
403336099225701,PHELPS,40.55616214,-99.37615377,2006,2006-04-15,Spring,24.2,2296.91,22.067690614606366,12.111013698630138,647.73,59.76945205479451,3.5661095890410954,16.53980821917808,
403431099362101,PHELPS,40.5754557,-99.6058865,2006,2006-04-15,Spring,86.78,2477.16,90.31183480988054,12.111013698630138,647.73,59.76945205479451,3.5661095890410954,16.53980821917808,
403433099250001,PHELPS,40.576331,-99.4179046,2006,2006-04-15,Spring,21.18,2315.55,20.229634456416814,12.111013698630138,647.73,59.76945205479451,3.5661095890410954,16.53980821917808,
403453099141801,PHELPS,40.58307501,-99.2365144,2006,2006-04-10,Spring,56.43,2255.34,48.3352455499778,12.111013698630138,647.73,59.76945205479451,3.5661095890410954,16.53980821917808,
403453099190801,PHELPS,40.5807096794444,-99.3229107,2006,2006-04-10,Spring,44.25,2282.14,34.617155969131915,12.111013698630138,647.73,59.76945205479451,3.5661095890410954,16.53980821917808,
403454099304801,PHELPS,40.57931189,-99.51412709,2006,2006-04-12,Spring,39.61,2390.5,41.564332016345936,12.111013698630138,647.73,59.76945205479451,3.5661095890410954,16.53980821917808,
403506099350101,PHELPS,40.5833317,-99.5866221,2006,2006-04-12,Spring,100.45,2484.33,93.30698065125996,12.111013698630138,647.73,59.76945205479451,3.5661095890410954,16.53980821917808,
403507099234101,PHELPS,40.5836771413889,-99.3985091,2006,2006-04-10,Spring,17.26,2295.65,16.876692767235486,12.111013698630138,647.73,59.76945205479451,3.5661095890410954,16.53980821917808,
403507099254101,PHELPS,40.58520714,-99.42844836,2006,2006-04-12,Spring,27.0,2318.5,24.26566980887584,12.111013698630138,647.73,59.76945205479451,3.5661095890410954,16.53980821917808,
403520099201601,PHELPS,40.5886101475,-99.3416473,2006,2006-04-10,Spring,20.52,2265.95,20.938675194716375,12.111013698630138,647.73,59.76945205479451,3.5661095890410954,16.53980821917808,
403540099260001,PHELPS,40.5946306,-99.4353739,2006,2006-04-15,Spring,27.92,2323.77,26.07640618719049,12.111013698630138,647.73,59.76945205479451,3.5661095890410954,16.53980821917808,
403625099315401,PHELPS,40.60535831,-99.53303177,2006,2006-04-12,Spring,37.18,2384.53,40.04471875117592,12.111013698630138,647.73,59.76945205479451,3.5661095890410954,16.53980821917808,
403625099361001,PHELPS,40.60535831,-99.60306609,2006,2006-04-12,Spring,87.2,2454.12,86.96829032628649,12.111013698630138,647.73,59.76945205479451,3.5661095890410954,16.53980821917808,
403638099154301,PHELPS,40.60901195,-99.26298962,2006,2006-04-10,Spring,19.95,2222.0,25.7028995147178,12.111013698630138,647.73,59.76945205479451,3.5661095890410954,16.53980821917808,
403644099350001,PHELPS,40.61418514,-99.57972132,2006,2006-04-15,Spring,69.15,2418.26,69.74265356857543,12.111013698630138,647.73,59.76945205479451,3.5661095890410954,16.53980821917808,
403646099293301,PHELPS,40.6127772,-99.4935704,2006,2006-04-15,Spring,18.0,2354.25,23.588409411764,12.111013698630138,647.73,59.76945205479451,3.5661095890410954,16.53980821917808,
403651099281401,PHELPS,40.613021,-99.4747929,2006,2006-04-15,Spring,43.0,2345.39,33.3806937382823,12.111013698630138,647.73,59.76945205479451,3.5661095890410954,16.53980821917808,
403730099373501,PHELPS,40.6268217,-99.6246292,2006,2006-04-12,Spring,91.34,2471.08,87.80449856851979,12.111013698630138,647.73,59.76945205479451,3.5661095890410954,16.53980821917808,
403739099281601,PHELPS,40.627653,-99.4742905,2006,2006-04-15,Spring,24.86,2324.54,25.00725723744162,12.111013698630138,647.73,59.76945205479451,3.5661095890410954,16.53980821917808,
403822099324501,PHELPS,40.6415361,-99.5482644,2006,2006-04-12,Spring,40.97,2377.53,37.291028606470896,12.111013698630138,647.73,59.76945205479451,3.5661095890410954,16.53980821917808,
403915099190801,PHELPS,40.6573434,-99.3214291,2006,2006-04-10,Spring,11.0,2234.03,14.893122491149288,12.111013698630138,647.73,59.76945205479451,3.5661095890410954,16.53980821917808,
403922099223301,PHELPS,40.65834351,-99.38037703,2006,2006-05-01,Spring,8.84,2253.27,9.067971881846663,12.111013698630138,647.73,59.76945205479451,3.5661095890410954,16.53980821917808,
403928099333601,PHELPS,40.6571948,-99.5612991,2006,2006-04-15,Spring,40.18,2355.41,27.072610098551515,12.111013698630138,647.73,59.76945205479451,3.5661095890410954,16.53980821917808,
403928099371801,PHELPS,40.655954,-99.6202609,2006,2006-04-12,Spring,84.27,2432.98,63.82687480112983,12.111013698630138,647.73,59.76945205479451,3.5661095890410954,16.53980821917808,
403941099331901,PHELPS,40.66044972,-99.55637462,2006,2006-04-15,Spring,6.82,2347.21,16.49779021348395,12.111013698630138,647.73,59.76945205479451,3.5661095890410954,16.53980821917808,
403941099342701,PHELPS,40.6636923,-99.5766538,2006,2006-04-12,Spring,9.43,2326.71,13.998984704130017,12.111013698630138,647.73,59.76945205479451,3.5661095890410954,16.53980821917808,
403954099255801,PHELPS,40.667854,-99.4364595,2006,2006-04-15,Spring,2.55,2268.93,5.950669962664249,12.111013698630138,647.73,59.76945205479451,3.5661095890410954,16.53980821917808,
404007099294001,PHELPS,40.6709022,-99.4936146,2006,2006-04-12,Spring,8.85,2290.54,9.370974975030268,12.111013698630138,647.73,59.76945205479451,3.5661095890410954,16.53980821917808,
404007099351901,PHELPS,40.6709256,-99.5865622,2006,2006-04-12,Spring,9.41,2322.26,9.470746177794684,12.111013698630138,647.73,59.76945205479451,3.5661095890410954,16.53980821917808,
404016099370201,PHELPS,40.6711189,-99.61760995,2006,2006-05-01,Spring,5.89,2335.44,23.19956485780275,12.111013698630138,647.73,59.76945205479451,3.5661095890410954,16.53980821917808,
404020099355301,PHELPS,40.6710839,-99.5961084,2006,2006-04-12,Spring,6.48,2326.91,12.394512251273657,12.111013698630138,647.73,59.76945205479451,3.5661095890410954,16.53980821917808,
08N 20W 06 AAA,PHELPS,40.68138,-99.62646,2006,2006-04-15,Spring,3.76,2336.24,17.31150749985499,12.111013698630138,647.73,59.76945205479451,3.5661095890410954,16.53980821917808,
402107099262000,PHELPS,40.35080555555556,-99.43768055555556,2007,2007-04-15,Spring,201.98,2363.91,203.51829969622244,11.085424657534245,846.89,69.75419178082191,3.515205479452055,16.23317808219178,
402110099140001,PHELPS,40.351999,-99.2329232,2007,2007-04-09,Spring,171.12,2283.76,159.71366995793642,11.085424657534245,846.89,69.75419178082191,3.515205479452055,16.23317808219178,
402115099213100,PHELPS,40.35468888888889,-99.35943333333331,2007,2007-04-15,Spring,206.1,2345.58,204.933224881656,11.085424657534245,846.89,69.75419178082191,3.515205479452055,16.23317808219178,
402124099201601,PHELPS,40.3563466,-99.3403749,2007,2007-04-09,Spring,184.39,2318.47,188.76540410937216,11.085424657534245,846.89,69.75419178082191,3.515205479452055,16.23317808219178,
402159099301600,PHELPS,40.3649,-99.50220555555556,2007,2007-04-15,Spring,183.76,2377.49,182.12859906850505,11.085424657534245,846.89,69.75419178082191,3.515205479452055,16.23317808219178,
402200099160700,PHELPS,40.3669,-99.267175,2007,2007-04-15,Spring,150.72,2280.22,150.20086629667293,11.085424657534245,846.89,69.75419178082191,3.515205479452055,16.23317808219178,
402233099341700,PHELPS,40.376269444444446,-99.57279166666666,2007,2007-04-15,Spring,112.48,2335.32,110.60355992306395,11.085424657534245,846.89,69.75419178082191,3.515205479452055,16.23317808219178,
402320099231001,PHELPS,40.38914722222222,-99.38615277777778,2007,2007-04-15,Spring,218.19,2384.17,207.5617939784404,11.085424657534245,846.89,69.75419178082191,3.515205479452055,16.23317808219178,
402326099185300,PHELPS,40.390366666666665,-99.31649722222222,2007,2007-04-15,Spring,149.65,2306.56,149.2114766698372,11.085424657534245,846.89,69.75419178082191,3.515205479452055,16.23317808219178,
402340099353701,PHELPS,40.39445302,-99.59399869,2007,2007-05-08,Spring,24.41,2264.29,76.85766862308046,11.085424657534245,846.89,69.75419178082191,3.515205479452055,16.23317808219178,
402342099143300,PHELPS,40.39436388888889,-99.24273333333332,2007,2007-04-15,Spring,114.54,2261.52,111.43692845628354,11.085424657534245,846.89,69.75419178082191,3.515205479452055,16.23317808219178,
402404099383400,PHELPS,40.40166972222222,-99.64190722222224,2007,2007-04-18,Spring,90.31,2363.94,92.44595786554932,11.085424657534245,846.89,69.75419178082191,3.515205479452055,16.23317808219178,
402406099311800,PHELPS,40.40154444444444,-99.52104166666666,2007,2007-04-15,Spring,182.78,2406.07,180.94524649572224,11.085424657534245,846.89,69.75419178082191,3.515205479452055,16.23317808219178,
402421099112000,PHELPS,40.40549166666666,-99.18921666666668,2007,2007-04-15,Spring,59.94,2216.62,64.00629602252552,11.085424657534245,846.89,69.75419178082191,3.515205479452055,16.23317808219178,
402435099262900,PHELPS,40.40768055555555,-99.44083333333332,2007,2007-04-15,Spring,210.69,2405.19,201.43517968887065,11.085424657534245,846.89,69.75419178082191,3.515205479452055,16.23317808219178,
402513099164801,PHELPS,40.42006111111111,-99.27985277777778,2007,2007-04-15,Spring,77.39,2278.97,81.17176701117063,11.085424657534245,846.89,69.75419178082191,3.515205479452055,16.23317808219178,
402524099201601,PHELPS,40.42334431,-99.33815365,2007,2007-05-09,Spring,117.57,2312.07,114.19745317641944,11.085424657534245,846.89,69.75419178082191,3.515205479452055,16.23317808219178,
402532099235801,PHELPS,40.42582814,-99.40068743,2007,2007-04-10,Spring,119.41,2321.09,131.07126743110354,11.085424657534245,846.89,69.75419178082191,3.515205479452055,16.23317808219178,
402609099350800,PHELPS,40.43199166666666,-99.58200277777776,2007,2007-04-15,Spring,176.54,2443.0,166.64015473220655,11.085424657534245,846.89,69.75419178082191,3.515205479452055,16.23317808219178,
402630099305500,PHELPS,40.44133611111111,-99.51204166666666,2007,2007-04-15,Spring,179.48,2426.38,176.3644557499448,11.085424657534245,846.89,69.75419178082191,3.515205479452055,16.23317808219178,
402716099212401,PHELPS,40.4529071,-99.3592878,2007,2007-04-10,Spring,74.0,2307.74,75.58972065442842,11.085424657534245,846.89,69.75419178082191,3.515205479452055,16.23317808219178,
402756099320601,PHELPS,40.46654722222223,-99.53547222222224,2007,2007-04-15,Spring,167.25,2446.36,163.06996766705922,11.085424657534245,846.89,69.75419178082191,3.515205479452055,16.23317808219178,
402813099382100,PHELPS,40.46941944444445,-99.63914166666667,2007,2007-04-15,Spring,157.51,2473.68,155.58530907588045,11.085424657534245,846.89,69.75419178082191,3.515205479452055,16.23317808219178,
402821099282901,PHELPS,40.47215973,-99.47068872,2007,2007-04-15,Spring,100.93,2363.91,110.62353788292324,11.085424657534245,846.89,69.75419178082191,3.515205479452055,16.23317808219178,
402843099192001,PHELPS,40.47788889,-99.31941672,2007,2007-04-15,Spring,44.51,2311.88,35.27025740956695,11.085424657534245,846.89,69.75419178082191,3.515205479452055,16.23317808219178,
402851099130101,PHELPS,40.4809986,-99.2168379,2007,2007-04-15,Spring,34.39,2244.15,32.55867970484725,11.085424657534245,846.89,69.75419178082191,3.515205479452055,16.23317808219178,
402853099104601,PHELPS,40.4815796,-99.179559,2007,2007-04-15,Spring,21.54,2221.31,24.53524292885268,11.085424657534245,846.89,69.75419178082191,3.515205479452055,16.23317808219178,
402853099152001,PHELPS,40.4816481,-99.2557469,2007,2007-04-15,Spring,30.66,2251.06,28.11150802834432,11.085424657534245,846.89,69.75419178082191,3.515205479452055,16.23317808219178,
402905099115301,PHELPS,40.4848551,-99.1983097,2007,2007-04-15,Spring,36.8,2241.11,32.507199440282264,11.085424657534245,846.89,69.75419178082191,3.515205479452055,16.23317808219178,
402906099342201,PHELPS,40.485083333333336,-99.57288888888888,2007,2007-04-15,Spring,151.96,2458.82,149.41725159158372,11.085424657534245,846.89,69.75419178082191,3.515205479452055,16.23317808219178,
402924099235501,PHELPS,40.4901949,-99.398706,2007,2007-04-15,Spring,59.81,2336.37,56.721535074290585,11.085424657534245,846.89,69.75419178082191,3.515205479452055,16.23317808219178,
402945099151900,PHELPS,40.49312395,-99.25285328,2007,2007-04-15,Spring,24.33,2243.78,25.90713868415801,11.085424657534245,846.89,69.75419178082191,3.515205479452055,16.23317808219178,
402952099161701,PHELPS,40.49624602,-99.2746825,2007,2007-04-15,Spring,25.0,2255.28,24.08381369788107,11.085424657534245,846.89,69.75419178082191,3.515205479452055,16.23317808219178,
403014099213701,PHELPS,40.50113773,-99.35723759,2007,2007-04-15,Spring,40.38,2325.73,35.37085378698871,11.085424657534245,846.89,69.75419178082191,3.515205479452055,16.23317808219178,
403037099313401,PHELPS,40.5104684,-99.5262137,2007,2007-04-10,Spring,80.27,2408.97,87.19219209001774,11.085424657534245,846.89,69.75419178082191,3.515205479452055,16.23317808219178,
403117099261901,PHELPS,40.52128889,-99.43849541,2007,2007-04-15,Spring,46.81,2375.59,45.10376671032126,11.085424657534245,846.89,69.75419178082191,3.515205479452055,16.23317808219178,
403123099261501,PHELPS,40.52446389,-99.436875,2007,2007-05-08,Spring,44.67,2361.96,41.28221169528618,11.085424657534245,846.89,69.75419178082191,3.515205479452055,16.23317808219178,
403124099152601,PHELPS,40.52215595,-99.25856338,2007,2007-04-15,Spring,48.78,2258.2,34.417399354355815,11.085424657534245,846.89,69.75419178082191,3.515205479452055,16.23317808219178,
403125099295701,PHELPS,40.5247252,-99.4992246,2007,2007-04-10,Spring,70.05,2402.13,71.1150860548612,11.085424657534245,846.89,69.75419178082191,3.515205479452055,16.23317808219178,
403132099381001,PHELPS,40.52556319,-99.63650076,2007,2007-05-09,Spring,155.0,2517.21,154.25060384374817,11.085424657534245,846.89,69.75419178082191,3.515205479452055,16.23317808219178,
403137099330201,PHELPS,40.5263766547222,-99.5496279,2007,2007-04-15,Spring,58.58,2405.25,70.17018958620729,11.085424657534245,846.89,69.75419178082191,3.515205479452055,16.23317808219178,
403138099190801,PHELPS,40.5255972,-99.3224515,2007,2007-04-10,Spring,24.31,2277.27,21.432642617947824,11.085424657534245,846.89,69.75419178082191,3.515205479452055,16.23317808219178,
403138099235801,PHELPS,40.5255500233333,-99.399115,2007,2007-04-15,Spring,32.0,2328.14,30.537352173597444,11.085424657534245,846.89,69.75419178082191,3.515205479452055,16.23317808219178,
403163099379201,PHELPS,40.52718414,-99.63201494,2007,2007-04-15,Spring,158.21,2519.15,148.5648706052291,11.085424657534245,846.89,69.75419178082191,3.515205479452055,16.23317808219178,
403217099235801,PHELPS,40.53806574,-99.39982287,2007,2007-05-08,Spring,24.36,2321.45,23.979792981587824,11.085424657534245,846.89,69.75419178082191,3.515205479452055,16.23317808219178,
403217099312001,PHELPS,40.5392815,-99.5207383,2007,2007-04-15,Spring,106.52,2451.89,87.68074278746244,11.085424657534245,846.89,69.75419178082191,3.515205479452055,16.23317808219178,
403224099261801,PHELPS,40.54167314,-99.43849253,2007,2007-04-15,Spring,22.2,2347.7,22.257840882971117,11.085424657534245,846.89,69.75419178082191,3.515205479452055,16.23317808219178,
403230099195901,PHELPS,40.54167314,-99.3339024,2007,2007-04-15,Spring,10.87,2269.36,12.710023318354027,11.085424657534245,846.89,69.75419178082191,3.515205479452055,16.23317808219178,
403309099250701,PHELPS,40.5543784,-99.4199673,2007,2007-04-15,Spring,14.52,2322.67,15.498920732392708,11.085424657534245,846.89,69.75419178082191,3.515205479452055,16.23317808219178,
403309099270601,PHELPS,40.55026689,-99.45178833,2007,2007-04-15,Spring,17.48,2342.87,18.350402472588197,11.085424657534245,846.89,69.75419178082191,3.515205479452055,16.23317808219178,
403309099281401,PHELPS,40.5521635,-99.4737128,2007,2007-04-15,Spring,18.03,2354.64,22.21487966950348,11.085424657534245,846.89,69.75419178082191,3.515205479452055,16.23317808219178,
403322099210701,PHELPS,40.55622914,-99.3528114,2007,2007-04-15,Spring,24.0,2284.27,20.240301193950657,11.085424657534245,846.89,69.75419178082191,3.515205479452055,16.23317808219178,
403322099254101,PHELPS,40.5542755,-99.4303042,2007,2007-04-15,Spring,20.21,2335.12,17.519795079431464,11.085424657534245,846.89,69.75419178082191,3.515205479452055,16.23317808219178,
403322099264901,PHELPS,40.5543545569444,-99.4489925,2007,2007-04-15,Spring,18.16,2342.74,17.48980612996346,11.085424657534245,846.89,69.75419178082191,3.515205479452055,16.23317808219178,
403322099272302,PHELPS,40.5545803,-99.4609332,2007,2007-04-15,Spring,20.41,2349.56,19.50884027557637,11.085424657534245,846.89,69.75419178082191,3.515205479452055,16.23317808219178,
403322099304801,PHELPS,40.5542755075,-99.5122815,2007,2007-04-15,Spring,62.22,2411.43,61.04622216692793,11.085424657534245,846.89,69.75419178082191,3.515205479452055,16.23317808219178,
403322099371801,PHELPS,40.5557047,-99.6247601,2007,2007-04-11,Spring,78.82,2465.78,94.7527512049384,11.085424657534245,846.89,69.75419178082191,3.515205479452055,16.23317808219178,
403328099181202,PHELPS,40.5577906,-99.3033482,2007,2007-04-15,Spring,32.95,2272.01,29.483050635231827,11.085424657534245,846.89,69.75419178082191,3.515205479452055,16.23317808219178,
403335099150901,PHELPS,40.55977478,-99.25286046,2007,2007-04-10,Spring,33.52,2241.29,34.33446605336081,11.085424657534245,846.89,69.75419178082191,3.515205479452055,16.23317808219178,
403336099225701,PHELPS,40.55616214,-99.37615377,2007,2007-04-15,Spring,29.15,2296.91,22.83040201692513,11.085424657534245,846.89,69.75419178082191,3.515205479452055,16.23317808219178,
403431099362101,PHELPS,40.5754557,-99.6058865,2007,2007-04-11,Spring,87.75,2477.16,90.1126854299314,11.085424657534245,846.89,69.75419178082191,3.515205479452055,16.23317808219178,
403433099250001,PHELPS,40.576331,-99.4179046,2007,2007-04-15,Spring,19.18,2315.55,18.307359189127165,11.085424657534245,846.89,69.75419178082191,3.515205479452055,16.23317808219178,
403453099141801,PHELPS,40.58307501,-99.2365144,2007,2007-04-15,Spring,57.0,2255.34,47.950792869751695,11.085424657534245,846.89,69.75419178082191,3.515205479452055,16.23317808219178,
403453099190801,PHELPS,40.5807096794444,-99.3229107,2007,2007-04-15,Spring,44.43,2282.14,34.17269135950781,11.085424657534245,846.89,69.75419178082191,3.515205479452055,16.23317808219178,
403454099304801,PHELPS,40.57931189,-99.51412709,2007,2007-04-15,Spring,38.78,2390.5,38.72982437959944,11.085424657534245,846.89,69.75419178082191,3.515205479452055,16.23317808219178,
403506099350101,PHELPS,40.5833317,-99.5866221,2007,2007-04-11,Spring,99.69,2484.33,91.6741643905914,11.085424657534245,846.89,69.75419178082191,3.515205479452055,16.23317808219178,
403507099234101,PHELPS,40.5836771413889,-99.3985091,2007,2007-04-15,Spring,15.88,2295.65,15.53101639113268,11.085424657534245,846.89,69.75419178082191,3.515205479452055,16.23317808219178,
403507099254101,PHELPS,40.58520714,-99.42844836,2007,2007-04-10,Spring,24.91,2318.5,22.129365031698885,11.085424657534245,846.89,69.75419178082191,3.515205479452055,16.23317808219178,
403520099201601,PHELPS,40.5886101475,-99.3416473,2007,2007-04-15,Spring,20.0,2265.95,19.74365152760385,11.085424657534245,846.89,69.75419178082191,3.515205479452055,16.23317808219178,
403540099260001,PHELPS,40.5946306,-99.4353739,2007,2007-04-10,Spring,26.0,2323.77,23.87011963632957,11.085424657534245,846.89,69.75419178082191,3.515205479452055,16.23317808219178,
403625099315401,PHELPS,40.60535831,-99.53303177,2007,2007-04-11,Spring,36.19,2384.53,39.00096337773792,11.085424657534245,846.89,69.75419178082191,3.515205479452055,16.23317808219178,
403625099361001,PHELPS,40.60535831,-99.60306609,2007,2007-04-10,Spring,87.55,2454.12,86.83078318653972,11.085424657534245,846.89,69.75419178082191,3.515205479452055,16.23317808219178,
403638099154301,PHELPS,40.60901195,-99.26298962,2007,2007-04-10,Spring,19.34,2222.0,22.625804891137427,11.085424657534245,846.89,69.75419178082191,3.515205479452055,16.23317808219178,
403644099350001,PHELPS,40.61418514,-99.57972132,2007,2007-04-11,Spring,69.0,2418.26,69.15500280643802,11.085424657534245,846.89,69.75419178082191,3.515205479452055,16.23317808219178,
403645099242701,PHELPS,40.61264497222222,-99.40752011111113,2007,2007-04-15,Spring,22.53,2297.96,18.37705436023267,11.085424657534245,846.89,69.75419178082191,3.515205479452055,16.23317808219178,
403646099293301,PHELPS,40.6127772,-99.4935704,2007,2007-04-15,Spring,17.14,2354.25,23.24385202089945,11.085424657534245,846.89,69.75419178082191,3.515205479452055,16.23317808219178,
403651099281401,PHELPS,40.613021,-99.4747929,2007,2007-04-15,Spring,43.37,2345.39,33.89595543270217,11.085424657534245,846.89,69.75419178082191,3.515205479452055,16.23317808219178,
403710099104601,PHELPS,40.6195145,-99.17947241666668,2007,2007-04-15,Spring,16.86,2193.97,27.452095765169148,11.085424657534245,846.89,69.75419178082191,3.515205479452055,16.23317808219178,
403730099373501,PHELPS,40.6268217,-99.6246292,2007,2007-04-15,Spring,91.63,2471.08,90.13530635567932,11.085424657534245,846.89,69.75419178082191,3.515205479452055,16.23317808219178,
403738099181101,PHELPS,40.62740444444445,-99.30320513888888,2007,2007-04-15,Spring,19.21,2241.2,17.139517183677896,11.085424657534245,846.89,69.75419178082191,3.515205479452055,16.23317808219178,
403739099281601,PHELPS,40.627653,-99.4742905,2007,2007-04-15,Spring,23.25,2324.54,24.97094823601766,11.085424657534245,846.89,69.75419178082191,3.515205479452055,16.23317808219178,
403739099293601,PHELPS,40.62758555555556,-99.49344,2007,2007-04-20,Spring,32.99,2356.31,26.36981605252988,11.085424657534245,846.89,69.75419178082191,3.515205479452055,16.23317808219178,
403822099324501,PHELPS,40.6415361,-99.5482644,2007,2007-04-15,Spring,40.25,2377.53,36.1043191759398,11.085424657534245,846.89,69.75419178082191,3.515205479452055,16.23317808219178,
403831099173501,PHELPS,40.642178,-99.29327591666666,2007,2007-04-15,Spring,11.89,2229.47,15.796257990683308,11.085424657534245,846.89,69.75419178082191,3.515205479452055,16.23317808219178,
403832099293501,PHELPS,40.64230694444444,-99.49321833333332,2007,2007-04-20,Spring,22.2,2322.16,20.26677994752164,11.085424657534245,846.89,69.75419178082191,3.515205479452055,16.23317808219178,
403915099190801,PHELPS,40.6573434,-99.3214291,2007,2007-04-10,Spring,9.11,2234.03,11.884631688854078,11.085424657534245,846.89,69.75419178082191,3.515205479452055,16.23317808219178,
403922099223301,PHELPS,40.65834351,-99.38037703,2007,2007-05-09,Spring,4.18,2253.27,5.759345898546334,11.085424657534245,846.89,69.75419178082191,3.515205479452055,16.23317808219178,
403927099293501,PHELPS,40.65755805555556,-99.49321666666668,2007,2007-04-20,Spring,8.19,2297.65,10.067321302036984,11.085424657534245,846.89,69.75419178082191,3.515205479452055,16.23317808219178,
403928099333601,PHELPS,40.6571948,-99.5612991,2007,2007-04-10,Spring,38.82,2355.41,24.19617081705555,11.085424657534245,846.89,69.75419178082191,3.515205479452055,16.23317808219178,
403928099371801,PHELPS,40.655954,-99.6202609,2007,2007-04-15,Spring,84.0,2432.98,70.48205505386849,11.085424657534245,846.89,69.75419178082191,3.515205479452055,16.23317808219178,
403941099331901,PHELPS,40.66044972,-99.55637462,2007,2007-04-15,Spring,5.45,2347.21,14.860469447134031,11.085424657534245,846.89,69.75419178082191,3.515205479452055,16.23317808219178,
403941099342701,PHELPS,40.6636923,-99.5766538,2007,2007-04-15,Spring,9.0,2326.71,12.06405631287585,11.085424657534245,846.89,69.75419178082191,3.515205479452055,16.23317808219178,
403946099383201,PHELPS,40.66301611111111,-99.64228555555556,2007,2007-04-20,Spring,95.34,2446.94,70.71637534401108,11.085424657534245,846.89,69.75419178082191,3.515205479452055,16.23317808219178,
403949099293501,PHELPS,40.66383277777778,-99.49320805555556,2007,2007-04-20,Spring,4.22,2291.23,7.5581570508456,11.085424657534245,846.89,69.75419178082191,3.515205479452055,16.23317808219178,
403954099255801,PHELPS,40.667854,-99.4364595,2007,2007-04-15,Spring,2.35,2268.93,4.482041294861937,11.085424657534245,846.89,69.75419178082191,3.515205479452055,16.23317808219178,
404006099282401,PHELPS,40.66854833333333,-99.4734825,2007,2007-04-20,Spring,1.23,2280.04,3.835349065416407,11.085424657534245,846.89,69.75419178082191,3.515205479452055,16.23317808219178,
404007099294001,PHELPS,40.6709022,-99.4936146,2007,2007-04-15,Spring,8.42,2290.54,6.190546897971725,11.085424657534245,846.89,69.75419178082191,3.515205479452055,16.23317808219178,
404007099351901,PHELPS,40.6709256,-99.5865622,2007,2007-04-15,Spring,8.61,2322.26,6.935101848806412,11.085424657534245,846.89,69.75419178082191,3.515205479452055,16.23317808219178,
404016099370201,PHELPS,40.6711189,-99.61760995,2007,2007-05-09,Spring,6.01,2335.44,22.435256233115844,11.085424657534245,846.89,69.75419178082191,3.515205479452055,16.23317808219178,
404020099355301,PHELPS,40.6710839,-99.5961084,2007,2007-04-15,Spring,6.0,2326.91,9.0997859135486,11.085424657534245,846.89,69.75419178082191,3.515205479452055,16.23317808219178,
404033099373001,PHELPS,40.67593911111111,-99.62515633333332,2007,2007-04-15,Spring,8.9,2339.74,19.19937009413863,11.085424657534245,846.89,69.75419178082191,3.515205479452055,16.23317808219178,
404040099383501,PHELPS,40.67796833333333,-99.64313333333334,2007,2007-04-20,Spring,10.79,2346.64,24.401276319674277,11.085424657534245,846.89,69.75419178082191,3.515205479452055,16.23317808219178,
404059099383501,PHELPS,40.68328583333333,-99.64316027777778,2007,2007-04-20,Spring,14.85,2343.11,17.878525998953627,11.085424657534245,846.89,69.75419178082191,3.515205479452055,16.23317808219178,
404102099373001,PHELPS,40.68405933333333,-99.62523716666666,2007,2007-04-15,Spring,9.85,2334.85,8.73414381838394,11.085424657534245,846.89,69.75419178082191,3.515205479452055,16.23317808219178,
08N 20W 06 AAA,PHELPS,40.68138,-99.62646,2007,2007-04-15,Spring,2.94,2336.24,11.614495792413294,11.085424657534245,846.89,69.75419178082191,3.515205479452055,16.23317808219178,
402107099262000,PHELPS,40.35080555555556,-99.43768055555556,2008,2008-04-15,Spring,201.48,2363.91,202.03452614247985,9.928142076502732,875.2,67.25486338797813,3.6044262295081966,16.340491803278688,
402110099140001,PHELPS,40.351999,-99.2329232,2008,2008-04-15,Spring,170.18,2283.76,161.55983470307928,9.928142076502732,875.2,67.25486338797813,3.6044262295081966,16.340491803278688,
402115099213100,PHELPS,40.35468888888889,-99.35943333333331,2008,2008-04-17,Spring,205.83,2345.58,204.3669747798095,9.928142076502732,875.2,67.25486338797813,3.6044262295081966,16.340491803278688,
402124099201601,PHELPS,40.3563466,-99.3403749,2008,2008-04-15,Spring,184.44,2318.47,187.43194304945968,9.928142076502732,875.2,67.25486338797813,3.6044262295081966,16.340491803278688,
402159099301600,PHELPS,40.3649,-99.50220555555556,2008,2008-04-15,Spring,182.89,2377.49,178.6638741524882,9.928142076502732,875.2,67.25486338797813,3.6044262295081966,16.340491803278688,
402200099160700,PHELPS,40.3669,-99.267175,2008,2008-04-17,Spring,150.01,2280.22,154.68688905651786,9.928142076502732,875.2,67.25486338797813,3.6044262295081966,16.340491803278688,
402233099341700,PHELPS,40.376269444444446,-99.57279166666666,2008,2008-04-15,Spring,112.29,2335.32,111.1930725933792,9.928142076502732,875.2,67.25486338797813,3.6044262295081966,16.340491803278688,
402320099231001,PHELPS,40.38914722222222,-99.38615277777778,2008,2008-04-17,Spring,217.33,2384.17,205.26770230497195,9.928142076502732,875.2,67.25486338797813,3.6044262295081966,16.340491803278688,
402326099185300,PHELPS,40.390366666666665,-99.31649722222222,2008,2008-04-17,Spring,148.92,2306.56,148.36895387434927,9.928142076502732,875.2,67.25486338797813,3.6044262295081966,16.340491803278688,
402340099353701,PHELPS,40.39445302,-99.59399869,2008,2008-04-30,Spring,24.96,2264.29,75.31863490223746,9.928142076502732,875.2,67.25486338797813,3.6044262295081966,16.340491803278688,
402342099143300,PHELPS,40.39436388888889,-99.24273333333332,2008,2008-04-09,Spring,113.77,2261.52,109.34004608033987,9.928142076502732,875.2,67.25486338797813,3.6044262295081966,16.340491803278688,
402404099383400,PHELPS,40.40166972222222,-99.64190722222224,2008,2008-04-15,Spring,88.91,2363.94,90.70911874042145,9.928142076502732,875.2,67.25486338797813,3.6044262295081966,16.340491803278688,
402406099311800,PHELPS,40.40154444444444,-99.52104166666666,2008,2008-04-15,Spring,182.43,2406.07,178.1387511664852,9.928142076502732,875.2,67.25486338797813,3.6044262295081966,16.340491803278688,
402421099112000,PHELPS,40.40549166666666,-99.18921666666668,2008,2008-04-09,Spring,58.14,2216.62,61.24824635960881,9.928142076502732,875.2,67.25486338797813,3.6044262295081966,16.340491803278688,
402423099152001,PHELPS,40.40643361111111,-99.2555336111111,2008,2008-04-15,Spring,89.61,2261.86,92.73054000404122,9.928142076502732,875.2,67.25486338797813,3.6044262295081966,16.340491803278688,
402435099262900,PHELPS,40.40768055555555,-99.44083333333332,2008,2008-04-15,Spring,209.66,2405.19,196.04678601165904,9.928142076502732,875.2,67.25486338797813,3.6044262295081966,16.340491803278688,
402458099344401,PHELPS,40.41608027777777,-99.57890388888887,2008,2008-04-15,Spring,172.36,2426.49,162.43384421185243,9.928142076502732,875.2,67.25486338797813,3.6044262295081966,16.340491803278688,
402513099164801,PHELPS,40.42006111111111,-99.27985277777778,2008,2008-04-09,Spring,74.24,2278.97,79.61536848680488,9.928142076502732,875.2,67.25486338797813,3.6044262295081966,16.340491803278688,
402524099201601,PHELPS,40.42334431,-99.33815365,2008,2008-04-29,Spring,115.17,2312.07,109.64287022133622,9.928142076502732,875.2,67.25486338797813,3.6044262295081966,16.340491803278688,
402532099235801,PHELPS,40.42582814,-99.40068743,2008,2008-04-15,Spring,118.78,2321.09,124.82550791850493,9.928142076502732,875.2,67.25486338797813,3.6044262295081966,16.340491803278688,
402532099222601,PHELPS,40.42564361111111,-99.37401277777776,2008,2008-04-15,Spring,98.05,2312.94,106.25896532536468,9.928142076502732,875.2,67.25486338797813,3.6044262295081966,16.340491803278688,
402609099350800,PHELPS,40.43199166666666,-99.58200277777776,2008,2008-04-15,Spring,175.45,2443.0,167.61585831312962,9.928142076502732,875.2,67.25486338797813,3.6044262295081966,16.340491803278688,
402630099305500,PHELPS,40.44133611111111,-99.51204166666666,2008,2008-04-15,Spring,178.18,2426.38,173.39172487569897,9.928142076502732,875.2,67.25486338797813,3.6044262295081966,16.340491803278688,
402649099350601,PHELPS,40.44692,-99.58488888888888,2008,2008-04-15,Spring,148.47,2428.0,154.52955139481875,9.928142076502732,875.2,67.25486338797813,3.6044262295081966,16.340491803278688,
402716099212401,PHELPS,40.4529071,-99.3592878,2008,2008-04-08,Spring,71.85,2307.74,73.44317559749223,9.928142076502732,875.2,67.25486338797813,3.6044262295081966,16.340491803278688,
402756099320601,PHELPS,40.46654722222223,-99.53547222222224,2008,2008-04-15,Spring,166.45,2446.36,161.90682925688546,9.928142076502732,875.2,67.25486338797813,3.6044262295081966,16.340491803278688,
402813099382100,PHELPS,40.46941944444445,-99.63914166666667,2008,2008-04-15,Spring,157.31,2473.68,154.0872184147013,9.928142076502732,875.2,67.25486338797813,3.6044262295081966,16.340491803278688,
402821099282901,PHELPS,40.47215973,-99.47068872,2008,2008-04-15,Spring,95.0,2363.91,98.8974813970662,9.928142076502732,875.2,67.25486338797813,3.6044262295081966,16.340491803278688,
402843099192001,PHELPS,40.47788889,-99.31941672,2008,2008-04-15,Spring,44.58,2311.88,32.91785465443581,9.928142076502732,875.2,67.25486338797813,3.6044262295081966,16.340491803278688,
402851099130101,PHELPS,40.4809986,-99.2168379,2008,2008-04-15,Spring,32.43,2244.15,30.511579129838942,9.928142076502732,875.2,67.25486338797813,3.6044262295081966,16.340491803278688,
402853099104601,PHELPS,40.4815796,-99.179559,2008,2008-04-15,Spring,20.0,2221.31,23.992823578367712,9.928142076502732,875.2,67.25486338797813,3.6044262295081966,16.340491803278688,
402853099152001,PHELPS,40.4816481,-99.2557469,2008,2008-04-15,Spring,28.76,2251.06,25.009229112970964,9.928142076502732,875.2,67.25486338797813,3.6044262295081966,16.340491803278688,
402853099135101,PHELPS,40.48150472222223,-99.23095833333332,2008,2008-04-15,Spring,28.81,2247.07,27.863416623558788,9.928142076502732,875.2,67.25486338797813,3.6044262295081966,16.340491803278688,
402905099115301,PHELPS,40.4848551,-99.1983097,2008,2008-04-15,Spring,34.86,2241.11,31.42605119152811,9.928142076502732,875.2,67.25486338797813,3.6044262295081966,16.340491803278688,
402906099342201,PHELPS,40.485083333333336,-99.57288888888888,2008,2008-04-15,Spring,150.52,2458.82,147.02558830979228,9.928142076502732,875.2,67.25486338797813,3.6044262295081966,16.340491803278688,
402924099235501,PHELPS,40.4901949,-99.398706,2008,2008-04-15,Spring,56.48,2336.37,55.27702574470059,9.928142076502732,875.2,67.25486338797813,3.6044262295081966,16.340491803278688,
402854099213801,PHELPS,40.48158305555556,-99.36045888888889,2008,2008-04-15,Spring,54.05,2315.4,54.09204410830812,9.928142076502732,875.2,67.25486338797813,3.6044262295081966,16.340491803278688,
402945099151900,PHELPS,40.49312395,-99.25285328,2008,2008-04-15,Spring,23.0,2243.78,23.509734789692857,9.928142076502732,875.2,67.25486338797813,3.6044262295081966,16.340491803278688,
402952099161701,PHELPS,40.49624602,-99.2746825,2008,2008-04-15,Spring,22.12,2255.28,22.903520805524344,9.928142076502732,875.2,67.25486338797813,3.6044262295081966,16.340491803278688,
403014099213701,PHELPS,40.50113773,-99.35723759,2008,2008-04-15,Spring,39.81,2325.73,37.9508180265267,9.928142076502732,875.2,67.25486338797813,3.6044262295081966,16.340491803278688,
403037099313401,PHELPS,40.5104684,-99.5262137,2008,2008-04-09,Spring,78.52,2408.97,87.37178350692149,9.928142076502732,875.2,67.25486338797813,3.6044262295081966,16.340491803278688,
403117099261901,PHELPS,40.52128889,-99.43849541,2008,2008-04-15,Spring,45.3,2375.59,44.166533068943245,9.928142076502732,875.2,67.25486338797813,3.6044262295081966,16.340491803278688,
403123099261501,PHELPS,40.52446389,-99.436875,2008,2008-04-30,Spring,44.0,2361.96,40.9007670688045,9.928142076502732,875.2,67.25486338797813,3.6044262295081966,16.340491803278688,
403124099152601,PHELPS,40.52215595,-99.25856338,2008,2008-04-15,Spring,46.42,2258.2,34.39185369116321,9.928142076502732,875.2,67.25486338797813,3.6044262295081966,16.340491803278688,
403125099295701,PHELPS,40.5247252,-99.4992246,2008,2008-04-09,Spring,67.05,2402.13,69.22979796121943,9.928142076502732,875.2,67.25486338797813,3.6044262295081966,16.340491803278688,
403132099381001,PHELPS,40.52556319,-99.63650076,2008,2008-04-30,Spring,153.43,2517.21,146.19852022728034,9.928142076502732,875.2,67.25486338797813,3.6044262295081966,16.340491803278688,
403137099330201,PHELPS,40.5263766547222,-99.5496279,2008,2008-04-15,Spring,58.22,2405.25,69.3438873971471,9.928142076502732,875.2,67.25486338797813,3.6044262295081966,16.340491803278688,
403138099190801,PHELPS,40.5255972,-99.3224515,2008,2008-04-08,Spring,23.06,2277.27,21.240433148950476,9.928142076502732,875.2,67.25486338797813,3.6044262295081966,16.340491803278688,
403138099235801,PHELPS,40.5255500233333,-99.399115,2008,2008-04-15,Spring,29.0,2328.14,28.864344790096972,9.928142076502732,875.2,67.25486338797813,3.6044262295081966,16.340491803278688,
403104099130201,PHELPS,40.5179145,-99.2173248,2008,2008-04-15,Spring,29.32,2242.62,27.397961871614665,9.928142076502732,875.2,67.25486338797813,3.6044262295081966,16.340491803278688,
403163099379201,PHELPS,40.52718414,-99.63201494,2008,2008-04-15,Spring,156.56,2519.15,142.9816675053951,9.928142076502732,875.2,67.25486338797813,3.6044262295081966,16.340491803278688,
403217099235801,PHELPS,40.53806574,-99.39982287,2008,2008-04-30,Spring,24.19,2321.45,22.972332374644,9.928142076502732,875.2,67.25486338797813,3.6044262295081966,16.340491803278688,
403217099312001,PHELPS,40.5392815,-99.5207383,2008,2008-04-15,Spring,105.0,2451.89,85.96022284674885,9.928142076502732,875.2,67.25486338797813,3.6044262295081966,16.340491803278688,
403224099261801,PHELPS,40.54167314,-99.43849253,2008,2008-04-15,Spring,22.56,2347.7,22.72551766211093,9.928142076502732,875.2,67.25486338797813,3.6044262295081966,16.340491803278688,
403230099195901,PHELPS,40.54167314,-99.3339024,2008,2008-04-15,Spring,11.51,2269.36,13.084544248103146,9.928142076502732,875.2,67.25486338797813,3.6044262295081966,16.340491803278688,
403309099250701,PHELPS,40.5543784,-99.4199673,2008,2008-04-15,Spring,13.66,2322.67,15.418017041126394,9.928142076502732,875.2,67.25486338797813,3.6044262295081966,16.340491803278688,
403309099270601,PHELPS,40.55026689,-99.45178833,2008,2008-04-15,Spring,18.1,2342.87,18.39891835446798,9.928142076502732,875.2,67.25486338797813,3.6044262295081966,16.340491803278688,
403309099281401,PHELPS,40.5521635,-99.4737128,2008,2008-04-15,Spring,18.0,2354.64,21.551621969246003,9.928142076502732,875.2,67.25486338797813,3.6044262295081966,16.340491803278688,
403322099201601,PHELPS,40.5547811,-99.3416484,2008,2008-04-15,Spring,8.76,2267.67,13.385045757361414,9.928142076502732,875.2,67.25486338797813,3.6044262295081966,16.340491803278688,
403322099210701,PHELPS,40.55622914,-99.3528114,2008,2008-04-15,Spring,21.53,2284.27,18.08031099762037,9.928142076502732,875.2,67.25486338797813,3.6044262295081966,16.340491803278688,
403322099254101,PHELPS,40.5542755,-99.4303042,2008,2008-04-15,Spring,19.62,2335.12,17.00223201540387,9.928142076502732,875.2,67.25486338797813,3.6044262295081966,16.340491803278688,
403322099264901,PHELPS,40.5543545569444,-99.4489925,2008,2008-04-15,Spring,17.12,2342.74,16.170409453947347,9.928142076502732,875.2,67.25486338797813,3.6044262295081966,16.340491803278688,
403322099272302,PHELPS,40.5545803,-99.4609332,2008,2008-04-15,Spring,20.46,2349.56,18.683268607246603,9.928142076502732,875.2,67.25486338797813,3.6044262295081966,16.340491803278688,
403322099304801,PHELPS,40.5542755075,-99.5122815,2008,2008-04-15,Spring,60.66,2411.43,59.83619332233608,9.928142076502732,875.2,67.25486338797813,3.6044262295081966,16.340491803278688,
403322099371801,PHELPS,40.5557047,-99.6247601,2008,2008-04-09,Spring,77.72,2465.78,96.32641894349172,9.928142076502732,875.2,67.25486338797813,3.6044262295081966,16.340491803278688,
403328099181202,PHELPS,40.5577906,-99.3033482,2008,2008-04-15,Spring,30.28,2272.01,27.82234804553307,9.928142076502732,875.2,67.25486338797813,3.6044262295081966,16.340491803278688,
403335099150901,PHELPS,40.55977478,-99.25286046,2008,2008-04-08,Spring,31.62,2241.29,32.491593004630055,9.928142076502732,875.2,67.25486338797813,3.6044262295081966,16.340491803278688,
403336099225701,PHELPS,40.55616214,-99.37615377,2008,2008-04-15,Spring,20.78,2296.91,18.972041981735607,9.928142076502732,875.2,67.25486338797813,3.6044262295081966,16.340491803278688,
403431099362101,PHELPS,40.5754557,-99.6058865,2008,2008-04-09,Spring,87.63,2477.16,88.37618142380953,9.928142076502732,875.2,67.25486338797813,3.6044262295081966,16.340491803278688,
403433099250001,PHELPS,40.576331,-99.4179046,2008,2008-04-15,Spring,18.6,2315.55,17.80013389553529,9.928142076502732,875.2,67.25486338797813,3.6044262295081966,16.340491803278688,
403453099141801,PHELPS,40.58307501,-99.2365144,2008,2008-04-15,Spring,53.03,2255.34,42.06820261736505,9.928142076502732,875.2,67.25486338797813,3.6044262295081966,16.340491803278688,
403453099190801,PHELPS,40.5807096794444,-99.3229107,2008,2008-04-15,Spring,40.88,2282.14,31.113667913723926,9.928142076502732,875.2,67.25486338797813,3.6044262295081966,16.340491803278688,
403454099304801,PHELPS,40.57931189,-99.51412709,2008,2008-04-15,Spring,37.72,2390.5,38.42499771752791,9.928142076502732,875.2,67.25486338797813,3.6044262295081966,16.340491803278688,
403506099350101,PHELPS,40.5833317,-99.5866221,2008,2008-04-09,Spring,99.85,2484.33,87.16193097939103,9.928142076502732,875.2,67.25486338797813,3.6044262295081966,16.340491803278688,
403507099234101,PHELPS,40.5836771413889,-99.3985091,2008,2008-04-15,Spring,14.72,2295.65,15.039722901533356,9.928142076502732,875.2,67.25486338797813,3.6044262295081966,16.340491803278688,
403507099254101,PHELPS,40.58520714,-99.42844836,2008,2008-04-08,Spring,24.32,2318.5,21.21180496670172,9.928142076502732,875.2,67.25486338797813,3.6044262295081966,16.340491803278688,
403520099201601,PHELPS,40.5886101475,-99.3416473,2008,2008-04-15,Spring,17.5,2265.95,17.67341623580972,9.928142076502732,875.2,67.25486338797813,3.6044262295081966,16.340491803278688,
403540099260001,PHELPS,40.5946306,-99.4353739,2008,2008-04-08,Spring,24.85,2323.77,22.58274569855935,9.928142076502732,875.2,67.25486338797813,3.6044262295081966,16.340491803278688,
403625099315401,PHELPS,40.60535831,-99.53303177,2008,2008-04-09,Spring,35.61,2384.53,39.42713478716651,9.928142076502732,875.2,67.25486338797813,3.6044262295081966,16.340491803278688,
403625099361001,PHELPS,40.60535831,-99.60306609,2008,2008-04-09,Spring,86.56,2454.12,85.77850803327254,9.928142076502732,875.2,67.25486338797813,3.6044262295081966,16.340491803278688,
403638099154301,PHELPS,40.60901195,-99.26298962,2008,2008-04-08,Spring,16.0,2222.0,21.176877889934676,9.928142076502732,875.2,67.25486338797813,3.6044262295081966,16.340491803278688,
403644099350001,PHELPS,40.61418514,-99.57972132,2008,2008-04-09,Spring,68.75,2418.26,67.88255991144933,9.928142076502732,875.2,67.25486338797813,3.6044262295081966,16.340491803278688,
403645099242701,PHELPS,40.61264497222222,-99.40752011111113,2008,2008-04-04,Spring,19.94,2297.96,19.210459569484996,9.928142076502732,875.2,67.25486338797813,3.6044262295081966,16.340491803278688,
403646099293301,PHELPS,40.6127772,-99.4935704,2008,2008-04-15,Spring,19.07,2354.25,24.616597592354918,9.928142076502732,875.2,67.25486338797813,3.6044262295081966,16.340491803278688,
403651099281401,PHELPS,40.613021,-99.4747929,2008,2008-04-15,Spring,41.18,2345.39,32.00250623953584,9.928142076502732,875.2,67.25486338797813,3.6044262295081966,16.340491803278688,
403710099104601,PHELPS,40.6195145,-99.17947241666668,2008,2008-04-04,Spring,13.78,2193.97,15.834174956704906,9.928142076502732,875.2,67.25486338797813,3.6044262295081966,16.340491803278688,
403730099373501,PHELPS,40.6268217,-99.6246292,2008,2008-04-15,Spring,91.7,2471.08,90.61747789684136,9.928142076502732,875.2,67.25486338797813,3.6044262295081966,16.340491803278688,
403738099181101,PHELPS,40.62740444444445,-99.30320513888888,2008,2008-04-04,Spring,16.51,2241.2,15.537396341080344,9.928142076502732,875.2,67.25486338797813,3.6044262295081966,16.340491803278688,
403739099281601,PHELPS,40.627653,-99.4742905,2008,2008-04-15,Spring,22.87,2324.54,23.231877302194945,9.928142076502732,875.2,67.25486338797813,3.6044262295081966,16.340491803278688,
403739099293601,PHELPS,40.62758555555556,-99.49344,2008,2008-04-01,Spring,31.7,2356.31,27.04061556759606,9.928142076502732,875.2,67.25486338797813,3.6044262295081966,16.340491803278688,
403822099324501,PHELPS,40.6415361,-99.5482644,2008,2008-04-15,Spring,41.48,2377.53,36.49753887588184,9.928142076502732,875.2,67.25486338797813,3.6044262295081966,16.340491803278688,
403831099173501,PHELPS,40.642178,-99.29327591666666,2008,2008-04-04,Spring,10.9,2229.47,12.211254122209237,9.928142076502732,875.2,67.25486338797813,3.6044262295081966,16.340491803278688,
403832099293501,PHELPS,40.64230694444444,-99.49321833333332,2008,2008-04-01,Spring,21.08,2322.16,19.85598564471904,9.928142076502732,875.2,67.25486338797813,3.6044262295081966,16.340491803278688,
403915099190801,PHELPS,40.6573434,-99.3214291,2008,2008-04-08,Spring,9.36,2234.03,12.121209668515752,9.928142076502732,875.2,67.25486338797813,3.6044262295081966,16.340491803278688,
403922099223301,PHELPS,40.65834351,-99.38037703,2008,2008-04-30,Spring,6.77,2253.27,6.935288118188246,9.928142076502732,875.2,67.25486338797813,3.6044262295081966,16.340491803278688,
403927099293501,PHELPS,40.65755805555556,-99.49321666666668,2008,2008-04-01,Spring,8.09,2297.65,9.319712492213275,9.928142076502732,875.2,67.25486338797813,3.6044262295081966,16.340491803278688,
403928099333601,PHELPS,40.6571948,-99.5612991,2008,2008-04-08,Spring,38.76,2355.41,22.81961731039169,9.928142076502732,875.2,67.25486338797813,3.6044262295081966,16.340491803278688,
403928099371801,PHELPS,40.655954,-99.6202609,2008,2008-04-15,Spring,84.24,2432.98,69.62094636260488,9.928142076502732,875.2,67.25486338797813,3.6044262295081966,16.340491803278688,
403941099331901,PHELPS,40.66044972,-99.55637462,2008,2008-04-15,Spring,5.61,2347.21,14.606515261745605,9.928142076502732,875.2,67.25486338797813,3.6044262295081966,16.340491803278688,
403941099342701,PHELPS,40.6636923,-99.5766538,2008,2008-04-15,Spring,8.83,2326.71,12.635546530087677,9.928142076502732,875.2,67.25486338797813,3.6044262295081966,16.340491803278688,
403946099383201,PHELPS,40.66301611111111,-99.64228555555556,2008,2008-04-01,Spring,95.4,2446.94,73.08511459373938,9.928142076502732,875.2,67.25486338797813,3.6044262295081966,16.340491803278688,
403949099293501,PHELPS,40.66383277777778,-99.49320805555556,2008,2008-04-01,Spring,4.51,2291.23,6.998433273149296,9.928142076502732,875.2,67.25486338797813,3.6044262295081966,16.340491803278688,
403954099255801,PHELPS,40.667854,-99.4364595,2008,2008-04-15,Spring,4.42,2268.93,4.383070201298502,9.928142076502732,875.2,67.25486338797813,3.6044262295081966,16.340491803278688,
403903099214301,PHELPS,40.650864722222224,-99.3618686111111,2008,2008-04-15,Spring,7.4,2248.47,7.207652682599745,9.928142076502732,875.2,67.25486338797813,3.6044262295081966,16.340491803278688,
404006099282401,PHELPS,40.66854833333333,-99.4734825,2008,2008-04-01,Spring,2.54,2280.04,3.1034629780412715,9.928142076502732,875.2,67.25486338797813,3.6044262295081966,16.340491803278688,
404007099294001,PHELPS,40.6709022,-99.4936146,2008,2008-04-15,Spring,9.61,2290.54,6.306364731288869,9.928142076502732,875.2,67.25486338797813,3.6044262295081966,16.340491803278688,
404007099351901,PHELPS,40.6709256,-99.5865622,2008,2008-04-15,Spring,9.78,2322.26,7.752131360024562,9.928142076502732,875.2,67.25486338797813,3.6044262295081966,16.340491803278688,
404016099370201,PHELPS,40.6711189,-99.61760995,2008,2008-04-30,Spring,5.83,2335.44,19.81184684001089,9.928142076502732,875.2,67.25486338797813,3.6044262295081966,16.340491803278688,
404020099355301,PHELPS,40.6710839,-99.5961084,2008,2008-04-15,Spring,6.52,2326.91,9.446399569038626,9.928142076502732,875.2,67.25486338797813,3.6044262295081966,16.340491803278688,
404033099373001,PHELPS,40.67593911111111,-99.62515633333332,2008,2008-04-04,Spring,9.75,2339.74,16.375669411170648,9.928142076502732,875.2,67.25486338797813,3.6044262295081966,16.340491803278688,
404040099383501,PHELPS,40.67796833333333,-99.64313333333334,2008,2008-04-01,Spring,11.48,2346.64,22.544351152357574,9.928142076502732,875.2,67.25486338797813,3.6044262295081966,16.340491803278688,
403959099282801,PHELPS,40.66638638888889,-99.47439194444443,2008,2008-04-15,Spring,3.25,2282.17,3.8553845831971696,9.928142076502732,875.2,67.25486338797813,3.6044262295081966,16.340491803278688,
404059099383501,PHELPS,40.68328583333333,-99.64316027777778,2008,2008-04-01,Spring,12.85,2343.11,15.834971200672868,9.928142076502732,875.2,67.25486338797813,3.6044262295081966,16.340491803278688,
404102099373001,PHELPS,40.68405933333333,-99.62523716666666,2008,2008-04-04,Spring,10.0,2334.85,7.879590804445715,9.928142076502732,875.2,67.25486338797813,3.6044262295081966,16.340491803278688,
402813099382100,PHELPS,40.46941944444445,-99.63914166666667,2008,2008-11-05,Fall,159.97,2473.68,154.0872184147013,9.928142076502732,875.2,67.25486338797813,3.6044262295081966,16.340491803278688,
402756099320601,PHELPS,40.46654722222223,-99.53547222222224,2008,2008-10-10,Fall,168.93,2446.36,161.90682925688546,9.928142076502732,875.2,67.25486338797813,3.6044262295081966,16.340491803278688,
402609099350800,PHELPS,40.43199166666666,-99.58200277777776,2008,2008-10-10,Fall,177.48,2443.0,167.61585831312962,9.928142076502732,875.2,67.25486338797813,3.6044262295081966,16.340491803278688,
402404099383400,PHELPS,40.40166972222222,-99.64190722222224,2008,2008-10-31,Fall,89.92,2363.94,90.70911874042145,9.928142076502732,875.2,67.25486338797813,3.6044262295081966,16.340491803278688,
402233099341700,PHELPS,40.376269444444446,-99.57279166666666,2008,2008-10-10,Fall,112.88,2335.32,111.1930725933792,9.928142076502732,875.2,67.25486338797813,3.6044262295081966,16.340491803278688,
402406099311800,PHELPS,40.40154444444444,-99.52104166666666,2008,2008-10-10,Fall,183.9,2406.07,178.1387511664852,9.928142076502732,875.2,67.25486338797813,3.6044262295081966,16.340491803278688,
402107099262000,PHELPS,40.35080555555556,-99.43768055555556,2008,2008-10-10,Fall,202.87,2363.91,202.03452614247985,9.928142076502732,875.2,67.25486338797813,3.6044262295081966,16.340491803278688,
402513099164801,PHELPS,40.42006111111111,-99.27985277777778,2008,2008-10-09,Fall,78.49,2278.97,79.61536848680488,9.928142076502732,875.2,67.25486338797813,3.6044262295081966,16.340491803278688,
402342099143300,PHELPS,40.39436388888889,-99.24273333333332,2008,2008-10-09,Fall,114.51,2261.52,109.34004608033987,9.928142076502732,875.2,67.25486338797813,3.6044262295081966,16.340491803278688,
402906099342201,PHELPS,40.485083333333336,-99.57288888888888,2008,2008-10-10,Fall,153.25,2458.82,147.02558830979228,9.928142076502732,875.2,67.25486338797813,3.6044262295081966,16.340491803278688,
404006099282401,PHELPS,40.66854833333333,-99.4734825,2008,2008-11-03,Fall,1.24,2280.04,3.1034629780412715,9.928142076502732,875.2,67.25486338797813,3.6044262295081966,16.340491803278688,
403927099293501,PHELPS,40.65755805555556,-99.49321666666668,2008,2008-11-03,Fall,7.71,2297.65,9.319712492213275,9.928142076502732,875.2,67.25486338797813,3.6044262295081966,16.340491803278688,
403949099293501,PHELPS,40.66383277777778,-99.49320805555556,2008,2008-11-03,Fall,4.0,2291.23,6.998433273149296,9.928142076502732,875.2,67.25486338797813,3.6044262295081966,16.340491803278688,
403832099293501,PHELPS,40.64230694444444,-99.49321833333332,2008,2008-11-03,Fall,20.57,2322.16,19.85598564471904,9.928142076502732,875.2,67.25486338797813,3.6044262295081966,16.340491803278688,
403739099293601,PHELPS,40.62758555555556,-99.49344,2008,2008-11-03,Fall,29.31,2356.31,27.04061556759606,9.928142076502732,875.2,67.25486338797813,3.6044262295081966,16.340491803278688,
404059099383501,PHELPS,40.68328583333333,-99.64316027777778,2008,2008-11-03,Fall,14.5,2343.11,15.834971200672868,9.928142076502732,875.2,67.25486338797813,3.6044262295081966,16.340491803278688,
404040099383501,PHELPS,40.67796833333333,-99.64313333333334,2008,2008-11-03,Fall,10.56,2346.64,22.544351152357574,9.928142076502732,875.2,67.25486338797813,3.6044262295081966,16.340491803278688,
403946099383201,PHELPS,40.66301611111111,-99.64228555555556,2008,2008-11-03,Fall,94.98,2446.94,73.08511459373938,9.928142076502732,875.2,67.25486338797813,3.6044262295081966,16.340491803278688,
402630099305500,PHELPS,40.44133611111111,-99.51204166666666,2008,2008-10-10,Fall,181.23,2426.38,173.39172487569897,9.928142076502732,875.2,67.25486338797813,3.6044262295081966,16.340491803278688,
404033099373001,PHELPS,40.67593911111111,-99.62515633333332,2008,2008-11-03,Fall,9.12,2339.74,16.375669411170648,9.928142076502732,875.2,67.25486338797813,3.6044262295081966,16.340491803278688,
404102099373001,PHELPS,40.68405933333333,-99.62523716666666,2008,2008-11-03,Fall,10.02,2334.85,7.879590804445715,9.928142076502732,875.2,67.25486338797813,3.6044262295081966,16.340491803278688,
403738099181101,PHELPS,40.62740444444445,-99.30320513888888,2008,2008-10-09,Fall,16.27,2241.2,15.537396341080344,9.928142076502732,875.2,67.25486338797813,3.6044262295081966,16.340491803278688,
403831099173501,PHELPS,40.642178,-99.29327591666666,2008,2008-10-09,Fall,9.62,2229.47,12.211254122209237,9.928142076502732,875.2,67.25486338797813,3.6044262295081966,16.340491803278688,
403645099242701,PHELPS,40.61264497222222,-99.40752011111113,2008,2008-10-09,Fall,20.08,2297.96,19.210459569484996,9.928142076502732,875.2,67.25486338797813,3.6044262295081966,16.340491803278688,
403710099104601,PHELPS,40.6195145,-99.17947241666668,2008,2008-10-31,Fall,12.45,2193.97,15.834174956704906,9.928142076502732,875.2,67.25486338797813,3.6044262295081966,16.340491803278688,
402435099262900,PHELPS,40.40768055555555,-99.44083333333332,2008,2008-10-31,Fall,212.34,2405.19,196.04678601165904,9.928142076502732,875.2,67.25486338797813,3.6044262295081966,16.340491803278688,
402423099152001,PHELPS,40.40643361111111,-99.2555336111111,2008,2008-10-09,Fall,90.17,2261.86,92.73054000404122,9.928142076502732,875.2,67.25486338797813,3.6044262295081966,16.340491803278688,
402532099222601,PHELPS,40.42564361111111,-99.37401277777776,2008,2008-10-10,Fall,99.93,2312.94,106.25896532536468,9.928142076502732,875.2,67.25486338797813,3.6044262295081966,16.340491803278688,
402649099350601,PHELPS,40.44692,-99.58488888888888,2008,2008-10-10,Fall,150.62,2428.0,154.52955139481875,9.928142076502732,875.2,67.25486338797813,3.6044262295081966,16.340491803278688,
402854099213801,PHELPS,40.48158305555556,-99.36045888888889,2008,2008-10-09,Fall,57.69,2315.4,54.09204410830812,9.928142076502732,875.2,67.25486338797813,3.6044262295081966,16.340491803278688,
402853099135101,PHELPS,40.48150472222223,-99.23095833333332,2008,2008-10-09,Fall,28.09,2247.07,27.863416623558788,9.928142076502732,875.2,67.25486338797813,3.6044262295081966,16.340491803278688,
402159099301600,PHELPS,40.3649,-99.50220555555556,2008,2008-10-10,Fall,185.33,2377.49,178.6638741524882,9.928142076502732,875.2,67.25486338797813,3.6044262295081966,16.340491803278688,
403903099214301,PHELPS,40.650864722222224,-99.3618686111111,2008,2008-10-09,Fall,6.72,2248.47,7.207652682599745,9.928142076502732,875.2,67.25486338797813,3.6044262295081966,16.340491803278688,
403959099282801,PHELPS,40.66638638888889,-99.47439194444443,2008,2008-10-09,Fall,4.15,2282.17,3.8553845831971696,9.928142076502732,875.2,67.25486338797813,3.6044262295081966,16.340491803278688,
402458099344401,PHELPS,40.41608027777777,-99.57890388888887,2008,2008-10-10,Fall,172.8,2426.49,162.43384421185243,9.928142076502732,875.2,67.25486338797813,3.6044262295081966,16.340491803278688,
402320099231001,PHELPS,40.38914722222222,-99.38615277777778,2008,2008-10-10,Fall,222.03,2384.17,205.26770230497195,9.928142076502732,875.2,67.25486338797813,3.6044262295081966,16.340491803278688,
402326099185300,PHELPS,40.390366666666665,-99.31649722222222,2008,2008-10-09,Fall,151.59,2306.56,148.36895387434927,9.928142076502732,875.2,67.25486338797813,3.6044262295081966,16.340491803278688,
402115099213100,PHELPS,40.35468888888889,-99.35943333333331,2008,2008-10-09,Fall,207.4,2345.58,204.3669747798095,9.928142076502732,875.2,67.25486338797813,3.6044262295081966,16.340491803278688,
402421099112000,PHELPS,40.40549166666666,-99.18921666666668,2008,2008-10-09,Fall,57.85,2216.62,61.24824635960881,9.928142076502732,875.2,67.25486338797813,3.6044262295081966,16.340491803278688,
402200099160700,PHELPS,40.3669,-99.267175,2008,2008-10-09,Fall,164.57,2280.22,154.68688905651786,9.928142076502732,875.2,67.25486338797813,3.6044262295081966,16.340491803278688,
403123099261501,PHELPS,40.52446389,-99.436875,2008,2008-10-14,Fall,41.5,2361.96,40.9007670688045,9.928142076502732,875.2,67.25486338797813,3.6044262295081966,16.340491803278688,
08N 20W 06 AAA,PHELPS,40.68138,-99.62646,2008,2008-11-05,Fall,3.2,2336.24,10.149500434312507,9.928142076502732,875.2,67.25486338797813,3.6044262295081966,16.340491803278688,
404102099373002,PHELPS,40.68405933333333,-99.62523716666666,2008,2008-11-03,Fall,7.98,2334.85,7.879590804445715,9.928142076502732,875.2,67.25486338797813,3.6044262295081966,16.340491803278688,
403738099181102,PHELPS,40.62740444444445,-99.30320513888888,2008,2008-10-09,Fall,16.2,2241.2,15.537396341080344,9.928142076502732,875.2,67.25486338797813,3.6044262295081966,16.340491803278688,
403831099173502,PHELPS,40.642178,-99.29327591666666,2008,2008-10-09,Fall,11.22,2229.47,12.211254122209237,9.928142076502732,875.2,67.25486338797813,3.6044262295081966,16.340491803278688,
403645099242702,PHELPS,40.61264497222222,-99.40752011111113,2008,2008-10-09,Fall,20.73,2297.96,19.210459569484996,9.928142076502732,875.2,67.25486338797813,3.6044262295081966,16.340491803278688,
403710099104602,PHELPS,40.6195145,-99.17947241666668,2008,2008-10-31,Fall,12.92,2193.97,15.834174956704906,9.928142076502732,875.2,67.25486338797813,3.6044262295081966,16.340491803278688,
402532099222602,PHELPS,40.42564361111111,-99.37401277777776,2008,2008-10-10,Fall,105.43,2312.94,106.25896532536468,9.928142076502732,875.2,67.25486338797813,3.6044262295081966,16.340491803278688,
402649099350602,PHELPS,40.44692,-99.58488888888888,2008,2008-10-10,Fall,151.74,2428.0,154.52955139481875,9.928142076502732,875.2,67.25486338797813,3.6044262295081966,16.340491803278688,
402854099213802,PHELPS,40.48158305555556,-99.36045888888889,2008,2008-10-09,Fall,57.97,2315.4,54.09204410830812,9.928142076502732,875.2,67.25486338797813,3.6044262295081966,16.340491803278688,
402853099135102,PHELPS,40.48150472222223,-99.23095833333332,2008,2008-10-09,Fall,27.38,2247.07,27.863416623558788,9.928142076502732,875.2,67.25486338797813,3.6044262295081966,16.340491803278688,
403903099214302,PHELPS,40.650864722222224,-99.3618686111111,2008,2008-10-09,Fall,6.91,2248.47,7.207652682599745,9.928142076502732,875.2,67.25486338797813,3.6044262295081966,16.340491803278688,
403959099282802,PHELPS,40.66638638888889,-99.47439194444443,2008,2008-10-09,Fall,4.11,2282.17,3.8553845831971696,9.928142076502732,875.2,67.25486338797813,3.6044262295081966,16.340491803278688,
402458099344402,PHELPS,40.41608027777777,-99.57890388888887,2008,2008-10-10,Fall,172.89,2426.49,162.43384421185243,9.928142076502732,875.2,67.25486338797813,3.6044262295081966,16.340491803278688,
402334099293301,PHELPS,40.392735555555554,-99.49248916666669,2008,2008-10-10,Fall,139.58,2343.83,148.5637500725701,9.928142076502732,875.2,67.25486338797813,3.6044262295081966,16.340491803278688,
402334099293302,PHELPS,40.392735555555554,-99.49248916666669,2008,2008-10-10,Fall,141.12,2343.83,148.5637500725701,9.928142076502732,875.2,67.25486338797813,3.6044262295081966,16.340491803278688,
403408099130501,PHELPS,40.56878722222223,-99.21816944444444,2008,2008-10-09,Fall,14.48,2216.56,22.30197111046393,9.928142076502732,875.2,67.25486338797813,3.6044262295081966,16.340491803278688,
403408099130502,PHELPS,40.56878722222223,-99.21816944444444,2008,2008-10-09,Fall,14.77,2216.56,22.30197111046393,9.928142076502732,875.2,67.25486338797813,3.6044262295081966,16.340491803278688,
403350099282701,PHELPS,40.56375277777777,-99.47419805555556,2008,2008-10-09,Fall,15.36,2351.95,19.52614079366669,9.928142076502732,875.2,67.25486338797813,3.6044262295081966,16.340491803278688,
403350099282702,PHELPS,40.56375277777777,-99.47419805555556,2008,2008-10-09,Fall,15.62,2351.95,19.52614079366669,9.928142076502732,875.2,67.25486338797813,3.6044262295081966,16.340491803278688,
403315099351501,PHELPS,40.554270555555554,-99.58744083333332,2008,2008-10-10,Fall,69.0,2447.59,77.81368464027942,9.928142076502732,875.2,67.25486338797813,3.6044262295081966,16.340491803278688,
403315099351502,PHELPS,40.554270555555554,-99.58744083333332,2008,2008-10-10,Fall,71.85,2447.59,77.81368464027942,9.928142076502732,875.2,67.25486338797813,3.6044262295081966,16.340491803278688,
402636099271801,PHELPS,40.44343083333333,-99.45505,2008,2008-10-10,Fall,137.44,2362.54,135.9477397972337,9.928142076502732,875.2,67.25486338797813,3.6044262295081966,16.340491803278688,
402636099271802,PHELPS,40.44343083333333,-99.45505,2008,2008-10-10,Fall,136.42,2362.54,135.9477397972337,9.928142076502732,875.2,67.25486338797813,3.6044262295081966,16.340491803278688,
402513099164801,PHELPS,40.42006111111111,-99.27985277777778,2009,2009-04-24,Spring,73.49,2278.97,79.69692973050634,9.77372602739726,654.45,68.90076712328766,3.458410958904109,15.795123287671233,
402421099112000,PHELPS,40.40549166666666,-99.18921666666668,2009,2009-04-24,Spring,56.97,2216.62,62.51136034417121,9.77372602739726,654.45,68.90076712328766,3.458410958904109,15.795123287671233,
402342099143300,PHELPS,40.39436388888889,-99.24273333333332,2009,2009-04-24,Spring,110.52,2261.52,107.09289627590778,9.77372602739726,654.45,68.90076712328766,3.458410958904109,15.795123287671233,
402423099152001,PHELPS,40.40643361111111,-99.2555336111111,2009,2009-04-24,Spring,90.36,2261.86,92.71893468918056,9.77372602739726,654.45,68.90076712328766,3.458410958904109,15.795123287671233,
402200099160700,PHELPS,40.3669,-99.267175,2009,2009-04-24,Spring,149.6,2280.22,152.4602365342165,9.77372602739726,654.45,68.90076712328766,3.458410958904109,15.795123287671233,
402532099222602,PHELPS,40.42564361111111,-99.37401277777776,2009,2009-04-24,Spring,104.26,2312.94,106.00760736881264,9.77372602739726,654.45,68.90076712328766,3.458410958904109,15.795123287671233,
402532099222601,PHELPS,40.42564361111111,-99.37401277777776,2009,2009-04-24,Spring,99.29,2312.94,106.00760736881264,9.77372602739726,654.45,68.90076712328766,3.458410958904109,15.795123287671233,
402320099231001,PHELPS,40.38914722222222,-99.38615277777778,2009,2009-04-24,Spring,222.66,2384.17,205.2308888718947,9.77372602739726,654.45,68.90076712328766,3.458410958904109,15.795123287671233,
402326099185300,PHELPS,40.390366666666665,-99.31649722222222,2009,2009-04-24,Spring,151.0,2306.56,148.28481839390548,9.77372602739726,654.45,68.90076712328766,3.458410958904109,15.795123287671233,
402115099213100,PHELPS,40.35468888888889,-99.35943333333331,2009,2009-04-24,Spring,205.92,2345.58,204.3824341627744,9.77372602739726,654.45,68.90076712328766,3.458410958904109,15.795123287671233,
402435099262900,PHELPS,40.40768055555555,-99.44083333333332,2009,2009-04-23,Spring,209.59,2405.19,194.2035192340604,9.77372602739726,654.45,68.90076712328766,3.458410958904109,15.795123287671233,
402406099311800,PHELPS,40.40154444444444,-99.52104166666666,2009,2009-04-23,Spring,182.98,2406.07,175.95644716154524,9.77372602739726,654.45,68.90076712328766,3.458410958904109,15.795123287671233,
402334099293301,PHELPS,40.392735555555554,-99.49248916666669,2009,2009-04-22,Spring,138.38,2343.83,148.31529896970105,9.77372602739726,654.45,68.90076712328766,3.458410958904109,15.795123287671233,
402334099293302,PHELPS,40.392735555555554,-99.49248916666669,2009,2009-04-22,Spring,138.65,2343.83,148.31529896970105,9.77372602739726,654.45,68.90076712328766,3.458410958904109,15.795123287671233,
402159099301600,PHELPS,40.3649,-99.50220555555556,2009,2009-04-23,Spring,183.76,2377.49,174.72889892215687,9.77372602739726,654.45,68.90076712328766,3.458410958904109,15.795123287671233,
402107099262000,PHELPS,40.35080555555556,-99.43768055555556,2009,2009-04-23,Spring,201.67,2363.91,201.5680674576608,9.77372602739726,654.45,68.90076712328766,3.458410958904109,15.795123287671233,
402609099350800,PHELPS,40.43199166666666,-99.58200277777776,2009,2009-04-23,Spring,175.8,2443.0,169.11161958672227,9.77372602739726,654.45,68.90076712328766,3.458410958904109,15.795123287671233,
402458099344401,PHELPS,40.41608027777777,-99.57890388888887,2009,2009-04-22,Spring,174.61,2426.49,168.73694939129587,9.77372602739726,654.45,68.90076712328766,3.458410958904109,15.795123287671233,
402458099344402,PHELPS,40.41608027777777,-99.57890388888887,2009,2009-04-22,Spring,174.51,2426.49,168.73694939129587,9.77372602739726,654.45,68.90076712328766,3.458410958904109,15.795123287671233,
402404099383400,PHELPS,40.40166972222222,-99.64190722222224,2009,2009-04-23,Spring,89.54,2363.94,97.0411763632047,9.77372602739726,654.45,68.90076712328766,3.458410958904109,15.795123287671233,
402233099341700,PHELPS,40.376269444444446,-99.57279166666666,2009,2009-04-23,Spring,113.0,2335.32,121.9959024864212,9.77372602739726,654.45,68.90076712328766,3.458410958904109,15.795123287671233,
402853099135101,PHELPS,40.48150472222223,-99.23095833333332,2009,2009-04-24,Spring,29.89,2247.07,28.257743521279355,9.77372602739726,654.45,68.90076712328766,3.458410958904109,15.795123287671233,
402853099135102,PHELPS,40.48150472222223,-99.23095833333332,2009,2009-04-24,Spring,29.06,2247.07,28.257743521279355,9.77372602739726,654.45,68.90076712328766,3.458410958904109,15.795123287671233,
402854099213801,PHELPS,40.48158305555556,-99.36045888888889,2009,2009-04-24,Spring,56.06,2315.4,54.10490741098301,9.77372602739726,654.45,68.90076712328766,3.458410958904109,15.795123287671233,
402854099213802,PHELPS,40.48158305555556,-99.36045888888889,2009,2009-04-24,Spring,56.12,2315.4,54.10490741098301,9.77372602739726,654.45,68.90076712328766,3.458410958904109,15.795123287671233,
402630099305500,PHELPS,40.44133611111111,-99.51204166666666,2009,2009-04-23,Spring,178.29,2426.38,171.90003433890382,9.77372602739726,654.45,68.90076712328766,3.458410958904109,15.795123287671233,
402636099271802,PHELPS,40.44343083333333,-99.45505,2009,2009-04-27,Spring,137.58,2362.54,135.98556465646317,9.77372602739726,654.45,68.90076712328766,3.458410958904109,15.795123287671233,
402636099271801,PHELPS,40.44343083333333,-99.45505,2009,2009-04-27,Spring,138.89,2362.54,135.98556465646317,9.77372602739726,654.45,68.90076712328766,3.458410958904109,15.795123287671233,
402906099342201,PHELPS,40.485083333333336,-99.57288888888888,2009,2009-04-23,Spring,150.58,2458.82,146.49751919357226,9.77372602739726,654.45,68.90076712328766,3.458410958904109,15.795123287671233,
402813099382100,PHELPS,40.46941944444445,-99.63914166666667,2009,2009-04-23,Spring,156.59,2473.68,154.06952552730246,9.77372602739726,654.45,68.90076712328766,3.458410958904109,15.795123287671233,
402756099320601,PHELPS,40.46654722222223,-99.53547222222224,2009,2009-04-23,Spring,167.0,2446.36,160.78720271517852,9.77372602739726,654.45,68.90076712328766,3.458410958904109,15.795123287671233,
402649099350602,PHELPS,40.44692,-99.58488888888888,2009,2009-04-23,Spring,151.43,2428.0,154.99831981324795,9.77372602739726,654.45,68.90076712328766,3.458410958904109,15.795123287671233,
402649099350601,PHELPS,40.44692,-99.58488888888888,2009,2009-04-23,Spring,150.4,2428.0,154.99831981324795,9.77372602739726,654.45,68.90076712328766,3.458410958904109,15.795123287671233,
403408099130502,PHELPS,40.56878722222223,-99.21816944444444,2009,2009-04-24,Spring,17.61,2216.56,20.291516688115696,9.77372602739726,654.45,68.90076712328766,3.458410958904109,15.795123287671233,
403408099130501,PHELPS,40.56878722222223,-99.21816944444444,2009,2009-04-24,Spring,17.36,2216.56,20.291516688115696,9.77372602739726,654.45,68.90076712328766,3.458410958904109,15.795123287671233,
403645099242701,PHELPS,40.61264497222222,-99.40752011111113,2009,2009-04-24,Spring,19.92,2297.96,18.8849101322115,9.77372602739726,654.45,68.90076712328766,3.458410958904109,15.795123287671233,
403645099242702,PHELPS,40.61264497222222,-99.40752011111113,2009,2009-04-24,Spring,20.45,2297.96,18.8849101322115,9.77372602739726,654.45,68.90076712328766,3.458410958904109,15.795123287671233,
403350099282702,PHELPS,40.56375277777777,-99.47419805555556,2009,2009-04-24,Spring,17.24,2351.95,18.826995371491016,9.77372602739726,654.45,68.90076712328766,3.458410958904109,15.795123287671233,
403350099282701,PHELPS,40.56375277777777,-99.47419805555556,2009,2009-04-24,Spring,17.09,2351.95,18.826995371491016,9.77372602739726,654.45,68.90076712328766,3.458410958904109,15.795123287671233,
403315099351502,PHELPS,40.554270555555554,-99.58744083333332,2009,2009-04-24,Spring,74.24,2447.59,76.24208930741234,9.77372602739726,654.45,68.90076712328766,3.458410958904109,15.795123287671233,
403315099351501,PHELPS,40.554270555555554,-99.58744083333332,2009,2009-04-24,Spring,71.27,2447.59,76.24208930741234,9.77372602739726,654.45,68.90076712328766,3.458410958904109,15.795123287671233,
403831099173501,PHELPS,40.642178,-99.29327591666666,2009,2009-04-24,Spring,11.94,2229.47,12.261103138410627,9.77372602739726,654.45,68.90076712328766,3.458410958904109,15.795123287671233,
403738099181102,PHELPS,40.62740444444445,-99.30320513888888,2009,2009-04-24,Spring,17.76,2241.2,15.583718559784028,9.77372602739726,654.45,68.90076712328766,3.458410958904109,15.795123287671233,
403738099181101,PHELPS,40.62740444444445,-99.30320513888888,2009,2009-04-24,Spring,17.85,2241.2,15.583718559784028,9.77372602739726,654.45,68.90076712328766,3.458410958904109,15.795123287671233,
403831099173502,PHELPS,40.642178,-99.29327591666666,2009,2009-04-24,Spring,12.33,2229.47,12.261103138410627,9.77372602739726,654.45,68.90076712328766,3.458410958904109,15.795123287671233,
403710099104602,PHELPS,40.6195145,-99.17947241666668,2009,2009-04-24,Spring,15.04,2193.97,17.115212062874168,9.77372602739726,654.45,68.90076712328766,3.458410958904109,15.795123287671233,
403710099104601,PHELPS,40.6195145,-99.17947241666668,2009,2009-04-24,Spring,14.65,2193.97,17.115212062874168,9.77372602739726,654.45,68.90076712328766,3.458410958904109,15.795123287671233,
403903099214301,PHELPS,40.650864722222224,-99.3618686111111,2009,2009-04-24,Spring,8.77,2248.47,8.233064016994572,9.77372602739726,654.45,68.90076712328766,3.458410958904109,15.795123287671233,
403903099214302,PHELPS,40.650864722222224,-99.3618686111111,2009,2009-04-24,Spring,8.58,2248.47,8.233064016994572,9.77372602739726,654.45,68.90076712328766,3.458410958904109,15.795123287671233,
404006099282401,PHELPS,40.66854833333333,-99.4734825,2009,2009-04-24,Spring,4.93,2280.04,4.1885386336615,9.77372602739726,654.45,68.90076712328766,3.458410958904109,15.795123287671233,
403959099282801,PHELPS,40.66638638888889,-99.47439194444443,2009,2009-04-24,Spring,6.05,2282.17,4.941066164936176,9.77372602739726,654.45,68.90076712328766,3.458410958904109,15.795123287671233,
403927099293501,PHELPS,40.65755805555556,-99.49321666666668,2009,2009-04-24,Spring,10.68,2297.65,10.669604877330984,9.77372602739726,654.45,68.90076712328766,3.458410958904109,15.795123287671233,
403949099293501,PHELPS,40.66383277777778,-99.49320805555556,2009,2009-04-24,Spring,7.53,2291.23,8.234263184766139,9.77372602739726,654.45,68.90076712328766,3.458410958904109,15.795123287671233,
403959099282802,PHELPS,40.66638638888889,-99.47439194444443,2009,2009-04-24,Spring,5.99,2282.17,4.941066164936176,9.77372602739726,654.45,68.90076712328766,3.458410958904109,15.795123287671233,
403832099293501,PHELPS,40.64230694444444,-99.49321833333332,2009,2009-04-24,Spring,23.06,2322.16,20.80224333017101,9.77372602739726,654.45,68.90076712328766,3.458410958904109,15.795123287671233,
403739099293601,PHELPS,40.62758555555556,-99.49344,2009,2009-04-24,Spring,34.61,2356.31,27.59002434912388,9.77372602739726,654.45,68.90076712328766,3.458410958904109,15.795123287671233,
404040099383501,PHELPS,40.67796833333333,-99.64313333333334,2009,2009-04-22,Spring,13.9,2346.64,24.09713126530825,9.77372602739726,654.45,68.90076712328766,3.458410958904109,15.795123287671233,
404059099383501,PHELPS,40.68328583333333,-99.64316027777778,2009,2009-04-22,Spring,16.97,2343.11,17.21774794274136,9.77372602739726,654.45,68.90076712328766,3.458410958904109,15.795123287671233,
404033099373001,PHELPS,40.67593911111111,-99.62515633333332,2009,2009-04-22,Spring,11.22,2339.74,17.924081739742487,9.77372602739726,654.45,68.90076712328766,3.458410958904109,15.795123287671233,
404102099373002,PHELPS,40.68405933333333,-99.62523716666666,2009,2009-04-22,Spring,9.6,2334.85,9.111539437743712,9.77372602739726,654.45,68.90076712328766,3.458410958904109,15.795123287671233,
404102099373001,PHELPS,40.68405933333333,-99.62523716666666,2009,2009-04-22,Spring,11.07,2334.85,9.111539437743712,9.77372602739726,654.45,68.90076712328766,3.458410958904109,15.795123287671233,
403946099383201,PHELPS,40.66301611111111,-99.64228555555556,2009,2009-04-22,Spring,98.31,2446.94,72.79048877458447,9.77372602739726,654.45,68.90076712328766,3.458410958904109,15.795123287671233,
402110099140001,PHELPS,40.351999,-99.2329232,2009,2009-04-14,Spring,169.21,2283.76,159.9172077774126,9.77372602739726,654.45,68.90076712328766,3.458410958904109,15.795123287671233,
402532099235801,PHELPS,40.42582814,-99.40068743,2009,2009-04-15,Spring,117.81,2321.09,125.00527120338796,9.77372602739726,654.45,68.90076712328766,3.458410958904109,15.795123287671233,
402124099201601,PHELPS,40.3563466,-99.3403749,2009,2009-04-14,Spring,183.68,2318.47,187.12579405073825,9.77372602739726,654.45,68.90076712328766,3.458410958904109,15.795123287671233,
403104099130201,PHELPS,40.5179145,-99.2173248,2009,2009-04-15,Spring,27.78,2242.62,26.540470460713507,9.77372602739726,654.45,68.90076712328766,3.458410958904109,15.795123287671233,
403124099152601,PHELPS,40.52215595,-99.25856338,2009,2009-04-15,Spring,45.23,2258.2,35.91873899532586,9.77372602739726,654.45,68.90076712328766,3.458410958904109,15.795123287671233,
402952099161701,PHELPS,40.49624602,-99.2746825,2009,2009-04-15,Spring,20.93,2255.28,24.08020393385915,9.77372602739726,654.45,68.90076712328766,3.458410958904109,15.795123287671233,
403037099135301,PHELPS,40.5105526386111,-99.2316379,2009,2009-04-15,Spring,20.0,2239.33,23.262925422936725,9.77372602739726,654.45,68.90076712328766,3.458410958904109,15.795123287671233,
403037099111401,PHELPS,40.5103457694444,-99.1873426,2009,2009-04-15,Spring,28.47,2237.5,28.329867592234063,9.77372602739726,654.45,68.90076712328766,3.458410958904109,15.795123287671233,
402952099114401,PHELPS,40.4961238363889,-99.1985012,2009,2009-04-15,Spring,36.35,2246.17,30.703881946144037,9.77372602739726,654.45,68.90076712328766,3.458410958904109,15.795123287671233,
402905099115301,PHELPS,40.4848551,-99.1983097,2009,2009-04-15,Spring,33.24,2241.11,30.85344511248748,9.77372602739726,654.45,68.90076712328766,3.458410958904109,15.795123287671233,
402853099104601,PHELPS,40.4815796,-99.179559,2009,2009-04-15,Spring,18.9,2221.31,26.26583877457673,9.77372602739726,654.45,68.90076712328766,3.458410958904109,15.795123287671233,
402945099151900,PHELPS,40.49312395,-99.25285328,2009,2009-04-15,Spring,21.66,2243.78,22.57984946575759,9.77372602739726,654.45,68.90076712328766,3.458410958904109,15.795123287671233,
402853099152001,PHELPS,40.4816481,-99.2557469,2009,2009-04-15,Spring,27.52,2251.06,25.15288930691782,9.77372602739726,654.45,68.90076712328766,3.458410958904109,15.795123287671233,
402851099130101,PHELPS,40.4809986,-99.2168379,2009,2009-04-15,Spring,30.91,2244.15,30.058406066390347,9.77372602739726,654.45,68.90076712328766,3.458410958904109,15.795123287671233,
403014099213701,PHELPS,40.50113773,-99.35723759,2009,2009-04-15,Spring,41.0,2325.73,35.55742574442244,9.77372602739726,654.45,68.90076712328766,3.458410958904109,15.795123287671233,
402924099235501,PHELPS,40.4901949,-99.398706,2009,2009-04-15,Spring,56.15,2336.37,54.80687679677879,9.77372602739726,654.45,68.90076712328766,3.458410958904109,15.795123287671233,
402716099212401,PHELPS,40.4529071,-99.3592878,2009,2009-04-15,Spring,71.65,2307.74,74.14466257986027,9.77372602739726,654.45,68.90076712328766,3.458410958904109,15.795123287671233,
403123099261501,PHELPS,40.52446389,-99.436875,2009,2009-04-16,Spring,44.35,2361.96,40.45909789643221,9.77372602739726,654.45,68.90076712328766,3.458410958904109,15.795123287671233,
403125099295701,PHELPS,40.5247252,-99.4992246,2009,2009-04-16,Spring,66.0,2402.13,68.45360633623189,9.77372602739726,654.45,68.90076712328766,3.458410958904109,15.795123287671233,
403037099313401,PHELPS,40.5104684,-99.5262137,2009,2009-04-16,Spring,77.46,2408.97,85.01419491765068,9.77372602739726,654.45,68.90076712328766,3.458410958904109,15.795123287671233,
402821099282901,PHELPS,40.47215973,-99.47068872,2009,2009-04-16,Spring,93.84,2363.91,98.32163459978636,9.77372602739726,654.45,68.90076712328766,3.458410958904109,15.795123287671233,
403638099154301,PHELPS,40.60901195,-99.26298962,2009,2009-04-15,Spring,13.8,2222.0,17.734574494648115,9.77372602739726,654.45,68.90076712328766,3.458410958904109,15.795123287671233,
403453099141801,PHELPS,40.58307501,-99.2365144,2009,2009-04-15,Spring,51.82,2255.34,39.351706220045685,9.77372602739726,654.45,68.90076712328766,3.458410958904109,15.795123287671233,
403328099181202,PHELPS,40.5577906,-99.3033482,2009,2009-04-15,Spring,28.95,2272.01,28.767694571589704,9.77372602739726,654.45,68.90076712328766,3.458410958904109,15.795123287671233,
403335099150901,PHELPS,40.55977478,-99.25286046,2009,2009-04-15,Spring,30.5,2241.29,31.35342702645257,9.77372602739726,654.45,68.90076712328766,3.458410958904109,15.795123287671233,
403348099114401,PHELPS,40.5613598133333,-99.1983188,2009,2009-04-15,Spring,38.98,2236.17,28.784983164600707,9.77372602739726,654.45,68.90076712328766,3.458410958904109,15.795123287671233,
403507099234101,PHELPS,40.5836771413889,-99.3985091,2009,2009-04-15,Spring,13.42,2295.65,14.25952754498526,9.77372602739726,654.45,68.90076712328766,3.458410958904109,15.795123287671233,
403520099201601,PHELPS,40.5886101475,-99.3416473,2009,2009-04-15,Spring,16.06,2265.95,17.294042719512266,9.77372602739726,654.45,68.90076712328766,3.458410958904109,15.795123287671233,
403453099190801,PHELPS,40.5807096794444,-99.3229107,2009,2009-04-15,Spring,39.41,2282.14,30.481753430333296,9.77372602739726,654.45,68.90076712328766,3.458410958904109,15.795123287671233,
403322099210701,PHELPS,40.55622914,-99.3528114,2009,2009-04-15,Spring,20.81,2284.27,17.82075177891612,9.77372602739726,654.45,68.90076712328766,3.458410958904109,15.795123287671233,
403322099201601,PHELPS,40.5547811,-99.3416484,2009,2009-04-15,Spring,7.23,2267.67,13.176075973523371,9.77372602739726,654.45,68.90076712328766,3.458410958904109,15.795123287671233,
403230099195901,PHELPS,40.54167314,-99.3339024,2009,2009-04-15,Spring,10.06,2269.36,14.973256796874978,9.77372602739726,654.45,68.90076712328766,3.458410958904109,15.795123287671233,
403138099235801,PHELPS,40.5255500233333,-99.399115,2009,2009-04-15,Spring,29.53,2328.14,29.99390542967035,9.77372602739726,654.45,68.90076712328766,3.458410958904109,15.795123287671233,
403138099190801,PHELPS,40.5255972,-99.3224515,2009,2009-04-15,Spring,21.45,2277.27,22.414936617924614,9.77372602739726,654.45,68.90076712328766,3.458410958904109,15.795123287671233,
403540099260001,PHELPS,40.5946306,-99.4353739,2009,2009-04-16,Spring,23.71,2323.77,22.447046823763355,9.77372602739726,654.45,68.90076712328766,3.458410958904109,15.795123287671233,
403507099254101,PHELPS,40.58520714,-99.42844836,2009,2009-04-16,Spring,23.0,2318.5,21.136065916844984,9.77372602739726,654.45,68.90076712328766,3.458410958904109,15.795123287671233,
403433099250001,PHELPS,40.576331,-99.4179046,2009,2009-04-16,Spring,17.32,2315.55,17.21914394440987,9.77372602739726,654.45,68.90076712328766,3.458410958904109,15.795123287671233,
403454099304801,PHELPS,40.57931189,-99.51412709,2009,2009-04-16,Spring,37.25,2390.5,38.48664553824396,9.77372602739726,654.45,68.90076712328766,3.458410958904109,15.795123287671233,
403322099304801,PHELPS,40.5542755075,-99.5122815,2009,2009-04-16,Spring,60.0,2411.43,59.33198462005295,9.77372602739726,654.45,68.90076712328766,3.458410958904109,15.795123287671233,
403322099272302,PHELPS,40.5545803,-99.4609332,2009,2009-04-16,Spring,19.25,2349.56,17.36496884301276,9.77372602739726,654.45,68.90076712328766,3.458410958904109,15.795123287671233,
403322099264901,PHELPS,40.5543545569444,-99.4489925,2009,2009-04-16,Spring,16.22,2342.74,14.952738202468996,9.77372602739726,654.45,68.90076712328766,3.458410958904109,15.795123287671233,
403322099254101,PHELPS,40.5542755,-99.4303042,2009,2009-04-16,Spring,18.5,2335.12,16.027355578410905,9.77372602739726,654.45,68.90076712328766,3.458410958904109,15.795123287671233,
403309099250701,PHELPS,40.5543784,-99.4199673,2009,2009-04-16,Spring,12.69,2322.67,14.898949528045916,9.77372602739726,654.45,68.90076712328766,3.458410958904109,15.795123287671233,
403309099270601,PHELPS,40.55026689,-99.45178833,2009,2009-04-16,Spring,16.82,2342.87,17.18636795662682,9.77372602739726,654.45,68.90076712328766,3.458410958904109,15.795123287671233,
403224099261801,PHELPS,40.54167314,-99.43849253,2009,2009-04-16,Spring,21.17,2347.7,21.66465854626596,9.77372602739726,654.45,68.90076712328766,3.458410958904109,15.795123287671233,
403309099281401,PHELPS,40.5521635,-99.4737128,2009,2009-04-16,Spring,17.46,2354.64,21.13229003408103,9.77372602739726,654.45,68.90076712328766,3.458410958904109,15.795123287671233,
403217099312001,PHELPS,40.5392815,-99.5207383,2009,2009-04-16,Spring,104.24,2451.89,84.1028795959908,9.77372602739726,654.45,68.90076712328766,3.458410958904109,15.795123287671233,
403625099315401,PHELPS,40.60535831,-99.53303177,2009,2009-04-16,Spring,35.21,2384.53,37.98509248132506,9.77372602739726,654.45,68.90076712328766,3.458410958904109,15.795123287671233,
403625099361001,PHELPS,40.60535831,-99.60306609,2009,2009-04-16,Spring,86.78,2454.12,85.88609924597856,9.77372602739726,654.45,68.90076712328766,3.458410958904109,15.795123287671233,
403431099362101,PHELPS,40.5754557,-99.6058865,2009,2009-04-16,Spring,89.0,2477.16,86.17328053242647,9.77372602739726,654.45,68.90076712328766,3.458410958904109,15.795123287671233,
403322099371801,PHELPS,40.5557047,-99.6247601,2009,2009-04-16,Spring,77.48,2465.78,92.92482257446883,9.77372602739726,654.45,68.90076712328766,3.458410958904109,15.795123287671233,
403163099379201,PHELPS,40.52718414,-99.63201494,2009,2009-04-16,Spring,156.32,2519.15,148.9515773572043,9.77372602739726,654.45,68.90076712328766,3.458410958904109,15.795123287671233,
403137099330201,PHELPS,40.5263766547222,-99.5496279,2009,2009-04-16,Spring,57.67,2405.25,71.04560591746394,9.77372602739726,654.45,68.90076712328766,3.458410958904109,15.795123287671233,
403915099190801,PHELPS,40.6573434,-99.3214291,2009,2009-04-15,Spring,8.32,2234.03,11.020757927367947,9.77372602739726,654.45,68.90076712328766,3.458410958904109,15.795123287671233,
403954099255801,PHELPS,40.667854,-99.4364595,2009,2009-04-16,Spring,2.32,2268.93,3.275410509113017,9.77372602739726,654.45,68.90076712328766,3.458410958904109,15.795123287671233,
404007099294001,PHELPS,40.6709022,-99.4936146,2009,2009-04-16,Spring,9.53,2290.54,7.002461701137279,9.77372602739726,654.45,68.90076712328766,3.458410958904109,15.795123287671233,
403902099313701,PHELPS,40.6483999,-99.5291531,2009,2009-04-16,Spring,33.85,2345.9,28.997071891398367,9.77372602739726,654.45,68.90076712328766,3.458410958904109,15.795123287671233,
403739099281601,PHELPS,40.627653,-99.4742905,2009,2009-04-16,Spring,21.57,2324.54,22.89911577778434,9.77372602739726,654.45,68.90076712328766,3.458410958904109,15.795123287671233,
403646099293301,PHELPS,40.6127772,-99.4935704,2009,2009-04-16,Spring,17.68,2354.25,24.37416914302432,9.77372602739726,654.45,68.90076712328766,3.458410958904109,15.795123287671233,
403651099281401,PHELPS,40.613021,-99.4747929,2009,2009-04-16,Spring,40.48,2345.39,31.508449269570544,9.77372602739726,654.45,68.90076712328766,3.458410958904109,15.795123287671233,
404020099355301,PHELPS,40.6710839,-99.5961084,2009,2009-04-16,Spring,6.66,2326.91,10.163138103536992,9.77372602739726,654.45,68.90076712328766,3.458410958904109,15.795123287671233,
403928099333601,PHELPS,40.6571948,-99.5612991,2009,2009-04-16,Spring,38.7,2355.41,26.18854600152668,9.77372602739726,654.45,68.90076712328766,3.458410958904109,15.795123287671233,
403941099331901,PHELPS,40.66044972,-99.55637462,2009,2009-04-16,Spring,5.67,2347.21,17.222793966313176,9.77372602739726,654.45,68.90076712328766,3.458410958904109,15.795123287671233,
403941099342701,PHELPS,40.6636923,-99.5766538,2009,2009-04-16,Spring,9.52,2326.71,14.004502910882236,9.77372602739726,654.45,68.90076712328766,3.458410958904109,15.795123287671233,
404007099351901,PHELPS,40.6709256,-99.5865622,2009,2009-04-16,Spring,9.75,2322.26,8.43415649673697,9.77372602739726,654.45,68.90076712328766,3.458410958904109,15.795123287671233,
403928099371801,PHELPS,40.655954,-99.6202609,2009,2009-04-16,Spring,84.12,2432.98,68.98490157199424,9.77372602739726,654.45,68.90076712328766,3.458410958904109,15.795123287671233,
403822099324501,PHELPS,40.6415361,-99.5482644,2009,2009-04-16,Spring,41.4,2377.53,37.142734594100446,9.77372602739726,654.45,68.90076712328766,3.458410958904109,15.795123287671233,
403730099373501,PHELPS,40.6268217,-99.6246292,2009,2009-04-16,Spring,92.0,2471.08,91.04641493919176,9.77372602739726,654.45,68.90076712328766,3.458410958904109,15.795123287671233,
403644099350001,PHELPS,40.61418514,-99.57972132,2009,2009-04-16,Spring,69.0,2418.26,67.95390319213621,9.77372602739726,654.45,68.90076712328766,3.458410958904109,15.795123287671233,
403922099223301,PHELPS,40.65834351,-99.38037703,2009,2009-04-21,Spring,6.93,2253.27,7.60001688944851,9.77372602739726,654.45,68.90076712328766,3.458410958904109,15.795123287671233,
404016099370201,PHELPS,40.6711189,-99.61760995,2009,2009-04-21,Spring,5.92,2335.44,20.999174375157377,9.77372602739726,654.45,68.90076712328766,3.458410958904109,15.795123287671233,
402524099201601,PHELPS,40.42334431,-99.33815365,2009,2009-05-06,Spring,114.53,2312.07,109.94260442540296,9.77372602739726,654.45,68.90076712328766,3.458410958904109,15.795123287671233,
403123099261501,PHELPS,40.52446389,-99.436875,2009,2009-04-21,,43.21,2361.96,40.45909789643221,9.77372602739726,654.45,68.90076712328766,3.458410958904109,15.795123287671233,
403123099261501,PHELPS,40.52446389,-99.436875,2009,2009-04-16,Spring,41.75,2361.96,40.45909789643221,9.77372602739726,654.45,68.90076712328766,3.458410958904109,15.795123287671233,
403132099381001,PHELPS,40.52556319,-99.63650076,2009,2009-04-21,Spring,153.56,2517.21,154.98312088226842,9.77372602739726,654.45,68.90076712328766,3.458410958904109,15.795123287671233,
403217099235801,PHELPS,40.53806574,-99.39982287,2009,2009-04-21,Spring,23.88,2321.45,22.92245759552912,9.77372602739726,654.45,68.90076712328766,3.458410958904109,15.795123287671233,
403014099213701,PHELPS,40.50113773,-99.35723759,2003,2003-04-10,,30.8,2325.73,32.67167112296328,11.669397260273973,498.43,59.134328767123286,3.4380273972602744,16.324191780821916,
403014099213701,PHELPS,40.50113773,-99.35723759,2006,2006-10-17,,29.26,2325.73,35.680381702922865,12.111013698630138,647.73,59.76945205479451,3.5661095890410954,16.53980821917808,
403014099213701,PHELPS,40.50113773,-99.35723759,2007,2007-04-10,,37.43,2325.73,35.37085378698871,11.085424657534245,846.89,69.75419178082191,3.515205479452055,16.23317808219178,
403014099213701,PHELPS,40.50113773,-99.35723759,2007,2007-10-10,,29.42,2325.73,35.37085378698871,11.085424657534245,846.89,69.75419178082191,3.515205479452055,16.23317808219178,
403014099213701,PHELPS,40.50113773,-99.35723759,2008,2008-04-08,,36.86,2325.73,37.9508180265267,9.928142076502732,875.2,67.25486338797813,3.6044262295081966,16.340491803278688,
403037099111401,PHELPS,40.5103457694444,-99.1873426,2006,2006-10-16,,33.09,2237.5,33.00213991772236,12.111013698630138,647.73,59.76945205479451,3.5661095890410954,16.53980821917808,
403037099111401,PHELPS,40.5103457694444,-99.1873426,2007,2007-04-09,,32.24,2237.5,30.924321309014044,11.085424657534245,846.89,69.75419178082191,3.515205479452055,16.23317808219178,
403037099111401,PHELPS,40.5103457694444,-99.1873426,2007,2007-10-09,,30.16,2237.5,30.924321309014044,11.085424657534245,846.89,69.75419178082191,3.515205479452055,16.23317808219178,
403037099111401,PHELPS,40.5103457694444,-99.1873426,2008,2008-04-07,,30.17,2237.5,29.20227190383404,9.928142076502732,875.2,67.25486338797813,3.6044262295081966,16.340491803278688,
403037099135301,PHELPS,40.5105526386111,-99.2316379,2006,2006-10-16,,21.36,2239.33,27.60850042168517,12.111013698630138,647.73,59.76945205479451,3.5661095890410954,16.53980821917808,
403037099135301,PHELPS,40.5105526386111,-99.2316379,2007,2007-04-09,,20.2,2239.33,24.246224171183364,11.085424657534245,846.89,69.75419178082191,3.515205479452055,16.23317808219178,
403037099135301,PHELPS,40.5105526386111,-99.2316379,2007,2007-10-09,,17.28,2239.33,24.246224171183364,11.085424657534245,846.89,69.75419178082191,3.515205479452055,16.23317808219178,
403037099135301,PHELPS,40.5105526386111,-99.2316379,2008,2008-04-07,,18.3,2239.33,24.26162968941078,9.928142076502732,875.2,67.25486338797813,3.6044262295081966,16.340491803278688,
403037099313401,PHELPS,40.5104684,-99.5262137,2003,2003-04-11,,73.71,2408.97,80.86842574445049,11.669397260273973,498.43,59.134328767123286,3.4380273972602744,16.324191780821916,
403037099313401,PHELPS,40.5104684,-99.5262137,2006,2006-10-17,,82.22,2408.97,88.29065072736296,12.111013698630138,647.73,59.76945205479451,3.5661095890410954,16.53980821917808,
403037099313401,PHELPS,40.5104684,-99.5262137,2007,2007-10-10,,80.45,2408.97,87.19219209001774,11.085424657534245,846.89,69.75419178082191,3.515205479452055,16.23317808219178,
402107099262000,PHELPS,40.35080555555556,-99.43768055555556,2000,2000-04-13,,201.54,2363.91,203.5397798541416,11.749371584699455,552.94,58.68125683060109,3.488169398907104,16.321967213114753,
402107099262000,PHELPS,40.35080555555556,-99.43768055555556,2000,2000-10-19,,203.23,2363.91,203.5397798541416,11.749371584699455,552.94,58.68125683060109,3.488169398907104,16.321967213114753,
402107099262000,PHELPS,40.35080555555556,-99.43768055555556,2001,2001-05-07,,201.98,2363.91,203.1698635541386,11.778054794520548,626.51,63.07638356164384,3.403150684931507,16.479589041095892,
402107099262000,PHELPS,40.35080555555556,-99.43768055555556,2001,2001-10-23,,202.07,2363.91,203.1698635541386,11.778054794520548,626.51,63.07638356164384,3.403150684931507,16.479589041095892,
402107099262000,PHELPS,40.35080555555556,-99.43768055555556,2002,2002-04-15,,200.75,2363.91,202.1096852300178,11.747835616438357,380.73,56.3613698630137,3.648383561643836,16.674520547945203,
402107099262000,PHELPS,40.35080555555556,-99.43768055555556,2003,2003-04-22,,202.29,2363.91,204.40430160101053,11.669397260273973,498.43,59.134328767123286,3.4380273972602744,16.324191780821916,
402107099262000,PHELPS,40.35080555555556,-99.43768055555556,2003,2003-10-20,,204.79,2363.91,204.40430160101053,11.669397260273973,498.43,59.134328767123286,3.4380273972602744,16.324191780821916,
402107099262000,PHELPS,40.35080555555556,-99.43768055555556,2004,2004-04-07,,202.57,2363.91,203.5756859853627,11.452868852459016,645.8100000000001,63.159699453551916,3.455382513661202,16.150901639344262,
402107099262000,PHELPS,40.35080555555556,-99.43768055555556,2005,2005-04-25,,203.14,2363.91,202.73529705582004,11.73095890410959,631.46,64.1328493150685,3.4875890410958905,16.385753424657533,
402107099262000,PHELPS,40.35080555555556,-99.43768055555556,2006,2006-04-21,,203.23,2363.91,203.8823430138813,12.111013698630138,647.73,59.76945205479451,3.5661095890410954,16.53980821917808,
402107099262000,PHELPS,40.35080555555556,-99.43768055555556,2006,2006-10-20,,203.66,2363.91,203.8823430138813,12.111013698630138,647.73,59.76945205479451,3.5661095890410954,16.53980821917808,
402107099262000,PHELPS,40.35080555555556,-99.43768055555556,2007,2007-04-19,,202.38,2363.91,203.51829969622244,11.085424657534245,846.89,69.75419178082191,3.515205479452055,16.23317808219178,
402107099262000,PHELPS,40.35080555555556,-99.43768055555556,2007,2007-10-11,,203.48,2363.91,203.51829969622244,11.085424657534245,846.89,69.75419178082191,3.515205479452055,16.23317808219178,
402110099140001,PHELPS,40.351999,-99.2329232,2006,2006-10-16,,171.17,2283.76,160.24880765828846,12.111013698630138,647.73,59.76945205479451,3.5661095890410954,16.53980821917808,
402110099140001,PHELPS,40.351999,-99.2329232,2007,2007-10-09,,171.24,2283.76,159.71366995793642,11.085424657534245,846.89,69.75419178082191,3.515205479452055,16.23317808219178,
402110099140001,PHELPS,40.351999,-99.2329232,2008,2008-04-07,,170.1,2283.76,161.55983470307928,9.928142076502732,875.2,67.25486338797813,3.6044262295081966,16.340491803278688,
402115099213100,PHELPS,40.35468888888889,-99.35943333333331,2000,2000-04-04,,206.6,2345.58,205.53660728347623,11.749371584699455,552.94,58.68125683060109,3.488169398907104,16.321967213114753,
402115099213100,PHELPS,40.35468888888889,-99.35943333333331,2000,2000-10-19,,207.9,2345.58,205.53660728347623,11.749371584699455,552.94,58.68125683060109,3.488169398907104,16.321967213114753,
402115099213100,PHELPS,40.35468888888889,-99.35943333333331,2001,2001-04-17,,206.28,2345.58,204.5788763378557,11.778054794520548,626.51,63.07638356164384,3.403150684931507,16.479589041095892,
402115099213100,PHELPS,40.35468888888889,-99.35943333333331,2001,2001-10-23,,206.05,2345.58,204.5788763378557,11.778054794520548,626.51,63.07638356164384,3.403150684931507,16.479589041095892,
402115099213100,PHELPS,40.35468888888889,-99.35943333333331,2002,2002-04-15,,205.14,2345.58,202.57746080302147,11.747835616438357,380.73,56.3613698630137,3.648383561643836,16.674520547945203,
402115099213100,PHELPS,40.35468888888889,-99.35943333333331,2003,2003-04-21,,206.66,2345.58,206.01289369327168,11.669397260273973,498.43,59.134328767123286,3.4380273972602744,16.324191780821916,
402115099213100,PHELPS,40.35468888888889,-99.35943333333331,2003,2003-10-20,,208.54,2345.58,206.01289369327168,11.669397260273973,498.43,59.134328767123286,3.4380273972602744,16.324191780821916,
402115099213100,PHELPS,40.35468888888889,-99.35943333333331,2004,2004-04-07,,209.86,2345.58,206.534966819905,11.452868852459016,645.8100000000001,63.159699453551916,3.455382513661202,16.150901639344262,
402115099213100,PHELPS,40.35468888888889,-99.35943333333331,2005,2005-04-25,,207.9,2345.58,204.84661268997027,11.73095890410959,631.46,64.1328493150685,3.4875890410958905,16.385753424657533,
402115099213100,PHELPS,40.35468888888889,-99.35943333333331,2006,2006-04-21,,207.52,2345.58,206.52642906323828,12.111013698630138,647.73,59.76945205479451,3.5661095890410954,16.53980821917808,
402115099213100,PHELPS,40.35468888888889,-99.35943333333331,2006,2006-10-20,,210.13,2345.58,206.52642906323828,12.111013698630138,647.73,59.76945205479451,3.5661095890410954,16.53980821917808,
402115099213100,PHELPS,40.35468888888889,-99.35943333333331,2007,2007-04-19,,206.6,2345.58,204.933224881656,11.085424657534245,846.89,69.75419178082191,3.515205479452055,16.23317808219178,
402115099213100,PHELPS,40.35468888888889,-99.35943333333331,2007,2007-10-11,,207.52,2345.58,204.933224881656,11.085424657534245,846.89,69.75419178082191,3.515205479452055,16.23317808219178,
402124099201601,PHELPS,40.3563466,-99.3403749,2006,2006-10-16,,185.49,2318.47,188.27847919849415,12.111013698630138,647.73,59.76945205479451,3.5661095890410954,16.53980821917808,
402124099201601,PHELPS,40.3563466,-99.3403749,2007,2007-10-09,,187.14,2318.47,188.76540410937216,11.085424657534245,846.89,69.75419178082191,3.515205479452055,16.23317808219178,
402124099201601,PHELPS,40.3563466,-99.3403749,2008,2008-04-07,,184.4,2318.47,187.43194304945968,9.928142076502732,875.2,67.25486338797813,3.6044262295081966,16.340491803278688,
402159099301600,PHELPS,40.3649,-99.50220555555556,2000,2000-04-13,,183.02,2377.49,182.3591820223973,11.749371584699455,552.94,58.68125683060109,3.488169398907104,16.321967213114753,
402159099301600,PHELPS,40.3649,-99.50220555555556,2000,2000-10-19,,184.83,2377.49,182.3591820223973,11.749371584699455,552.94,58.68125683060109,3.488169398907104,16.321967213114753,
402159099301600,PHELPS,40.3649,-99.50220555555556,2001,2001-05-07,,183.23,2377.49,182.12971161212369,11.778054794520548,626.51,63.07638356164384,3.403150684931507,16.479589041095892,
402159099301600,PHELPS,40.3649,-99.50220555555556,2001,2001-10-24,,183.39,2377.49,182.12971161212369,11.778054794520548,626.51,63.07638356164384,3.403150684931507,16.479589041095892,
402159099301600,PHELPS,40.3649,-99.50220555555556,2002,2002-04-15,,182.21,2377.49,180.2321292207864,11.747835616438357,380.73,56.3613698630137,3.648383561643836,16.674520547945203,
402159099301600,PHELPS,40.3649,-99.50220555555556,2003,2003-04-22,,183.59,2377.49,182.9449969774331,11.669397260273973,498.43,59.134328767123286,3.4380273972602744,16.324191780821916,
402159099301600,PHELPS,40.3649,-99.50220555555556,2003,2003-10-20,,185.05,2377.49,182.9449969774331,11.669397260273973,498.43,59.134328767123286,3.4380273972602744,16.324191780821916,
402159099301600,PHELPS,40.3649,-99.50220555555556,2004,2004-04-07,,183.85,2377.49,181.59195058682192,11.452868852459016,645.8100000000001,63.159699453551916,3.455382513661202,16.150901639344262,
402159099301600,PHELPS,40.3649,-99.50220555555556,2005,2005-04-25,,184.03,2377.49,181.13267373695408,11.73095890410959,631.46,64.1328493150685,3.4875890410958905,16.385753424657533,
402159099301600,PHELPS,40.3649,-99.50220555555556,2006,2006-04-21,,183.98,2377.49,185.14170879700123,12.111013698630138,647.73,59.76945205479451,3.5661095890410954,16.53980821917808,
402159099301600,PHELPS,40.3649,-99.50220555555556,2006,2006-10-20,,185.12,2377.49,185.14170879700123,12.111013698630138,647.73,59.76945205479451,3.5661095890410954,16.53980821917808,
402159099301600,PHELPS,40.3649,-99.50220555555556,2007,2007-04-16,,184.36,2377.49,182.12859906850505,11.085424657534245,846.89,69.75419178082191,3.515205479452055,16.23317808219178,
402159099301600,PHELPS,40.3649,-99.50220555555556,2007,2007-10-11,,186.18,2377.49,182.12859906850505,11.085424657534245,846.89,69.75419178082191,3.515205479452055,16.23317808219178,
402159099301600,PHELPS,40.3649,-99.50220555555556,2008,2008-04-15,,182.99,2377.49,178.6638741524882,9.928142076502732,875.2,67.25486338797813,3.6044262295081966,16.340491803278688,
402159099301600,PHELPS,40.3649,-99.50220555555556,2008,2008-10-10,,185.43,2377.49,178.6638741524882,9.928142076502732,875.2,67.25486338797813,3.6044262295081966,16.340491803278688,
402200099160700,PHELPS,40.3669,-99.267175,2000,2000-04-04,,147.0,2280.22,145.84917565167316,11.749371584699455,552.94,58.68125683060109,3.488169398907104,16.321967213114753,
402200099160700,PHELPS,40.3669,-99.267175,2000,2000-10-20,,148.44,2280.22,145.84917565167316,11.749371584699455,552.94,58.68125683060109,3.488169398907104,16.321967213114753,
402200099160700,PHELPS,40.3669,-99.267175,2001,2001-04-17,,147.22,2280.22,145.1665965337112,11.778054794520548,626.51,63.07638356164384,3.403150684931507,16.479589041095892,
402200099160700,PHELPS,40.3669,-99.267175,2001,2001-10-23,,147.4,2280.22,145.1665965337112,11.778054794520548,626.51,63.07638356164384,3.403150684931507,16.479589041095892,
402200099160700,PHELPS,40.3669,-99.267175,2002,2002-04-16,,146.77,2280.22,144.65409773954588,11.747835616438357,380.73,56.3613698630137,3.648383561643836,16.674520547945203,
402200099160700,PHELPS,40.3669,-99.267175,2003,2003-04-21,,148.24,2280.22,147.30961468513027,11.669397260273973,498.43,59.134328767123286,3.4380273972602744,16.324191780821916,
402200099160700,PHELPS,40.3669,-99.267175,2003,2003-10-20,,149.66,2280.22,147.30961468513027,11.669397260273973,498.43,59.134328767123286,3.4380273972602744,16.324191780821916,
402200099160700,PHELPS,40.3669,-99.267175,2004,2004-04-09,,149.11,2280.22,147.13843806134776,11.452868852459016,645.8100000000001,63.159699453551916,3.455382513661202,16.150901639344262,
402200099160700,PHELPS,40.3669,-99.267175,2005,2005-04-25,,149.86,2280.22,148.51799627379043,11.73095890410959,631.46,64.1328493150685,3.4875890410958905,16.385753424657533,
402200099160700,PHELPS,40.3669,-99.267175,2006,2006-04-21,,150.4,2280.22,150.22341515363684,12.111013698630138,647.73,59.76945205479451,3.5661095890410954,16.53980821917808,
402200099160700,PHELPS,40.3669,-99.267175,2006,2006-10-20,,151.19,2280.22,150.22341515363684,12.111013698630138,647.73,59.76945205479451,3.5661095890410954,16.53980821917808,
402200099160700,PHELPS,40.3669,-99.267175,2007,2007-04-19,,150.82,2280.22,150.20086629667293,11.085424657534245,846.89,69.75419178082191,3.515205479452055,16.23317808219178,
402200099160700,PHELPS,40.3669,-99.267175,2007,2007-10-12,,150.32,2280.22,150.20086629667293,11.085424657534245,846.89,69.75419178082191,3.515205479452055,16.23317808219178,
402233099341700,PHELPS,40.376269444444446,-99.57279166666666,2000,2000-04-13,,113.33,2335.32,112.05432388606168,11.749371584699455,552.94,58.68125683060109,3.488169398907104,16.321967213114753,
402233099341700,PHELPS,40.376269444444446,-99.57279166666666,2000,2000-10-19,,115.67,2335.32,112.05432388606168,11.749371584699455,552.94,58.68125683060109,3.488169398907104,16.321967213114753,
402233099341700,PHELPS,40.376269444444446,-99.57279166666666,2001,2001-05-07,,112.84,2335.32,111.38836694697564,11.778054794520548,626.51,63.07638356164384,3.403150684931507,16.479589041095892,
402233099341700,PHELPS,40.376269444444446,-99.57279166666666,2001,2001-10-24,,113.38,2335.32,111.38836694697564,11.778054794520548,626.51,63.07638356164384,3.403150684931507,16.479589041095892,
402233099341700,PHELPS,40.376269444444446,-99.57279166666666,2002,2002-04-15,,112.52,2335.32,109.56958459276134,11.747835616438357,380.73,56.3613698630137,3.648383561643836,16.674520547945203,
402233099341700,PHELPS,40.376269444444446,-99.57279166666666,2003,2003-04-22,,112.98,2335.32,111.0296739319301,11.669397260273973,498.43,59.134328767123286,3.4380273972602744,16.324191780821916,
402233099341700,PHELPS,40.376269444444446,-99.57279166666666,2003,2003-10-22,,114.26,2335.32,111.0296739319301,11.669397260273973,498.43,59.134328767123286,3.4380273972602744,16.324191780821916,
402233099341700,PHELPS,40.376269444444446,-99.57279166666666,2004,2004-04-07,,113.38,2335.32,109.42421551784189,11.452868852459016,645.8100000000001,63.159699453551916,3.455382513661202,16.150901639344262,
402233099341700,PHELPS,40.376269444444446,-99.57279166666666,2005,2005-04-25,,114.25,2335.32,109.90711024074884,11.73095890410959,631.46,64.1328493150685,3.4875890410958905,16.385753424657533,
402233099341700,PHELPS,40.376269444444446,-99.57279166666666,2006,2006-04-21,,113.56,2335.32,111.75480921176022,12.111013698630138,647.73,59.76945205479451,3.5661095890410954,16.53980821917808,
402233099341700,PHELPS,40.376269444444446,-99.57279166666666,2006,2006-10-20,,113.89,2335.32,111.75480921176022,12.111013698630138,647.73,59.76945205479451,3.5661095890410954,16.53980821917808,
402233099341700,PHELPS,40.376269444444446,-99.57279166666666,2007,2007-04-16,,113.18,2335.32,110.60355992306395,11.085424657534245,846.89,69.75419178082191,3.515205479452055,16.23317808219178,
402233099341700,PHELPS,40.376269444444446,-99.57279166666666,2007,2007-10-11,,113.19,2335.32,110.60355992306395,11.085424657534245,846.89,69.75419178082191,3.515205479452055,16.23317808219178,
402320099231001,PHELPS,40.38914722222222,-99.38615277777778,2000,2000-04-04,,217.05,2384.17,208.71656776405223,11.749371584699455,552.94,58.68125683060109,3.488169398907104,16.321967213114753,
402320099231001,PHELPS,40.38914722222222,-99.38615277777778,2000,2000-10-19,,219.14,2384.17,208.71656776405223,11.749371584699455,552.94,58.68125683060109,3.488169398907104,16.321967213114753,
402320099231001,PHELPS,40.38914722222222,-99.38615277777778,2001,2001-04-17,,217.36,2384.17,208.12326737613125,11.778054794520548,626.51,63.07638356164384,3.403150684931507,16.479589041095892,
402320099231001,PHELPS,40.38914722222222,-99.38615277777778,2001,2001-10-23,,218.46,2384.17,208.12326737613125,11.778054794520548,626.51,63.07638356164384,3.403150684931507,16.479589041095892,
402320099231001,PHELPS,40.38914722222222,-99.38615277777778,2002,2002-04-15,,216.47,2384.17,204.23137262484408,11.747835616438357,380.73,56.3613698630137,3.648383561643836,16.674520547945203,
402320099231001,PHELPS,40.38914722222222,-99.38615277777778,2003,2003-04-22,,217.86,2384.17,210.4483472927485,11.669397260273973,498.43,59.134328767123286,3.4380273972602744,16.324191780821916,
402320099231001,PHELPS,40.38914722222222,-99.38615277777778,2003,2003-10-20,,220.37,2384.17,210.4483472927485,11.669397260273973,498.43,59.134328767123286,3.4380273972602744,16.324191780821916,
402320099231001,PHELPS,40.38914722222222,-99.38615277777778,2004,2004-04-07,,218.61,2384.17,207.49074956408276,11.452868852459016,645.8100000000001,63.159699453551916,3.455382513661202,16.150901639344262,
402320099231001,PHELPS,40.38914722222222,-99.38615277777778,2005,2005-04-25,,218.82,2384.17,206.91116492291656,11.73095890410959,631.46,64.1328493150685,3.4875890410958905,16.385753424657533,
402320099231001,PHELPS,40.38914722222222,-99.38615277777778,2006,2006-04-21,,219.56,2384.17,210.67476957166997,12.111013698630138,647.73,59.76945205479451,3.5661095890410954,16.53980821917808,
402320099231001,PHELPS,40.38914722222222,-99.38615277777778,2006,2006-10-20,,223.29,2384.17,210.67476957166997,12.111013698630138,647.73,59.76945205479451,3.5661095890410954,16.53980821917808,
402320099231001,PHELPS,40.38914722222222,-99.38615277777778,2007,2007-04-19,,218.29,2384.17,207.5617939784404,11.085424657534245,846.89,69.75419178082191,3.515205479452055,16.23317808219178,
402320099231001,PHELPS,40.38914722222222,-99.38615277777778,2007,2007-10-11,,219.26,2384.17,207.5617939784404,11.085424657534245,846.89,69.75419178082191,3.515205479452055,16.23317808219178,
402326099185300,PHELPS,40.390366666666665,-99.31649722222222,2000,2000-04-04,,148.02,2306.56,148.1332119289163,11.749371584699455,552.94,58.68125683060109,3.488169398907104,16.321967213114753,
402326099185300,PHELPS,40.390366666666665,-99.31649722222222,2000,2000-10-20,,150.0,2306.56,148.1332119289163,11.749371584699455,552.94,58.68125683060109,3.488169398907104,16.321967213114753,
402326099185300,PHELPS,40.390366666666665,-99.31649722222222,2001,2001-04-17,,147.09,2306.56,145.9980136232724,11.778054794520548,626.51,63.07638356164384,3.403150684931507,16.479589041095892,
402326099185300,PHELPS,40.390366666666665,-99.31649722222222,2001,2001-10-23,,148.06,2306.56,145.9980136232724,11.778054794520548,626.51,63.07638356164384,3.403150684931507,16.479589041095892,
402326099185300,PHELPS,40.390366666666665,-99.31649722222222,2002,2002-04-16,,146.52,2306.56,145.1054173820758,11.747835616438357,380.73,56.3613698630137,3.648383561643836,16.674520547945203,
402326099185300,PHELPS,40.390366666666665,-99.31649722222222,2003,2003-04-21,,148.5,2306.56,148.44344590722963,11.669397260273973,498.43,59.134328767123286,3.4380273972602744,16.324191780821916,
402326099185300,PHELPS,40.390366666666665,-99.31649722222222,2003,2003-10-20,,150.35,2306.56,148.44344590722963,11.669397260273973,498.43,59.134328767123286,3.4380273972602744,16.324191780821916,
402326099185300,PHELPS,40.390366666666665,-99.31649722222222,2004,2004-04-07,,149.16,2306.56,147.20207127603356,11.452868852459016,645.8100000000001,63.159699453551916,3.455382513661202,16.150901639344262,
402326099185300,PHELPS,40.390366666666665,-99.31649722222222,2005,2005-04-25,,151.16,2306.56,147.97001710246326,11.73095890410959,631.46,64.1328493150685,3.4875890410958905,16.385753424657533,
402326099185300,PHELPS,40.390366666666665,-99.31649722222222,2006,2006-04-21,,150.97,2306.56,150.275527585737,12.111013698630138,647.73,59.76945205479451,3.5661095890410954,16.53980821917808,
402326099185300,PHELPS,40.390366666666665,-99.31649722222222,2006,2006-10-20,,152.03,2306.56,150.275527585737,12.111013698630138,647.73,59.76945205479451,3.5661095890410954,16.53980821917808,
402326099185300,PHELPS,40.390366666666665,-99.31649722222222,2007,2007-04-19,,150.95,2306.56,149.2114766698372,11.085424657534245,846.89,69.75419178082191,3.515205479452055,16.23317808219178,
402326099185300,PHELPS,40.390366666666665,-99.31649722222222,2007,2007-10-12,,151.61,2306.56,149.2114766698372,11.085424657534245,846.89,69.75419178082191,3.515205479452055,16.23317808219178,
402342099143300,PHELPS,40.39436388888889,-99.24273333333332,2000,2000-04-04,,109.56,2261.52,107.11752879570462,11.749371584699455,552.94,58.68125683060109,3.488169398907104,16.321967213114753,
402342099143300,PHELPS,40.39436388888889,-99.24273333333332,2000,2000-10-20,,111.76,2261.52,107.11752879570462,11.749371584699455,552.94,58.68125683060109,3.488169398907104,16.321967213114753,
402342099143300,PHELPS,40.39436388888889,-99.24273333333332,2001,2001-04-17,,109.66,2261.52,106.95225157874474,11.778054794520548,626.51,63.07638356164384,3.403150684931507,16.479589041095892,
402342099143300,PHELPS,40.39436388888889,-99.24273333333332,2001,2001-10-23,,110.89,2261.52,106.95225157874474,11.778054794520548,626.51,63.07638356164384,3.403150684931507,16.479589041095892,
402342099143300,PHELPS,40.39436388888889,-99.24273333333332,2002,2002-04-16,,109.37,2261.52,105.61686320373003,11.747835616438357,380.73,56.3613698630137,3.648383561643836,16.674520547945203,
402342099143300,PHELPS,40.39436388888889,-99.24273333333332,2003,2003-04-21,,111.62,2261.52,109.77123049805137,11.669397260273973,498.43,59.134328767123286,3.4380273972602744,16.324191780821916,
402342099143300,PHELPS,40.39436388888889,-99.24273333333332,2003,2003-10-20,,113.99,2261.52,109.77123049805137,11.669397260273973,498.43,59.134328767123286,3.4380273972602744,16.324191780821916,
402342099143300,PHELPS,40.39436388888889,-99.24273333333332,2004,2004-04-09,,112.94,2261.52,109.3506212344426,11.452868852459016,645.8100000000001,63.159699453551916,3.455382513661202,16.150901639344262,
402342099143300,PHELPS,40.39436388888889,-99.24273333333332,2005,2005-04-25,,114.22,2261.52,109.84501599404018,11.73095890410959,631.46,64.1328493150685,3.4875890410958905,16.385753424657533,
402342099143300,PHELPS,40.39436388888889,-99.24273333333332,2006,2006-04-21,,114.88,2261.52,112.40790073958075,12.111013698630138,647.73,59.76945205479451,3.5661095890410954,16.53980821917808,
402342099143300,PHELPS,40.39436388888889,-99.24273333333332,2006,2006-10-20,,115.99,2261.52,112.40790073958075,12.111013698630138,647.73,59.76945205479451,3.5661095890410954,16.53980821917808,
402342099143300,PHELPS,40.39436388888889,-99.24273333333332,2007,2007-04-19,,115.04,2261.52,111.43692845628354,11.085424657534245,846.89,69.75419178082191,3.515205479452055,16.23317808219178,
402342099143300,PHELPS,40.39436388888889,-99.24273333333332,2007,2007-10-12,,115.36,2261.52,111.43692845628354,11.085424657534245,846.89,69.75419178082191,3.515205479452055,16.23317808219178,
402404099383400,PHELPS,40.40166972222222,-99.64190722222224,2007,2007-10-11,,91.11,2363.94,92.44595786554932,11.085424657534245,846.89,69.75419178082191,3.515205479452055,16.23317808219178,
402406099311800,PHELPS,40.40154444444444,-99.52104166666666,2000,2000-04-13,,183.3,2406.07,180.68468790862,11.749371584699455,552.94,58.68125683060109,3.488169398907104,16.321967213114753,
402406099311800,PHELPS,40.40154444444444,-99.52104166666666,2000,2000-10-19,,185.07,2406.07,180.68468790862,11.749371584699455,552.94,58.68125683060109,3.488169398907104,16.321967213114753,
402406099311800,PHELPS,40.40154444444444,-99.52104166666666,2001,2001-05-07,,182.98,2406.07,180.63364957882837,11.778054794520548,626.51,63.07638356164384,3.403150684931507,16.479589041095892,
402406099311800,PHELPS,40.40154444444444,-99.52104166666666,2001,2001-10-24,,183.83,2406.07,180.63364957882837,11.778054794520548,626.51,63.07638356164384,3.403150684931507,16.479589041095892,
402406099311800,PHELPS,40.40154444444444,-99.52104166666666,2002,2002-04-15,,181.75,2406.07,177.57697275871942,11.747835616438357,380.73,56.3613698630137,3.648383561643836,16.674520547945203,
402406099311800,PHELPS,40.40154444444444,-99.52104166666666,2003,2003-04-22,,183.33,2406.07,181.31899730269456,11.669397260273973,498.43,59.134328767123286,3.4380273972602744,16.324191780821916,
402406099311800,PHELPS,40.40154444444444,-99.52104166666666,2003,2003-10-20,,185.52,2406.07,181.31899730269456,11.669397260273973,498.43,59.134328767123286,3.4380273972602744,16.324191780821916,
402406099311800,PHELPS,40.40154444444444,-99.52104166666666,2004,2004-04-07,,183.74,2406.07,179.18599742551382,11.452868852459016,645.8100000000001,63.159699453551916,3.455382513661202,16.150901639344262,
402406099311800,PHELPS,40.40154444444444,-99.52104166666666,2005,2005-04-25,,184.49,2406.07,179.71521135479978,11.73095890410959,631.46,64.1328493150685,3.4875890410958905,16.385753424657533,
402406099311800,PHELPS,40.40154444444444,-99.52104166666666,2006,2006-04-21,,184.33,2406.07,181.45984479694687,12.111013698630138,647.73,59.76945205479451,3.5661095890410954,16.53980821917808,
402406099311800,PHELPS,40.40154444444444,-99.52104166666666,2006,2006-10-20,,184.91,2406.07,181.45984479694687,12.111013698630138,647.73,59.76945205479451,3.5661095890410954,16.53980821917808,
402406099311800,PHELPS,40.40154444444444,-99.52104166666666,2007,2007-04-19,,183.58,2406.07,180.94524649572224,11.085424657534245,846.89,69.75419178082191,3.515205479452055,16.23317808219178,
402406099311800,PHELPS,40.40154444444444,-99.52104166666666,2007,2007-10-11,,184.5,2406.07,180.94524649572224,11.085424657534245,846.89,69.75419178082191,3.515205479452055,16.23317808219178,
402406099311800,PHELPS,40.40154444444444,-99.52104166666666,2008,2008-04-15,,182.53,2406.07,178.1387511664852,9.928142076502732,875.2,67.25486338797813,3.6044262295081966,16.340491803278688,
402421099112000,PHELPS,40.40549166666666,-99.18921666666668,2000,2000-04-04,,50.1,2216.62,55.1862883213576,11.749371584699455,552.94,58.68125683060109,3.488169398907104,16.321967213114753,
402421099112000,PHELPS,40.40549166666666,-99.18921666666668,2000,2000-10-20,,53.99,2216.62,55.1862883213576,11.749371584699455,552.94,58.68125683060109,3.488169398907104,16.321967213114753,
402421099112000,PHELPS,40.40549166666666,-99.18921666666668,2001,2001-04-17,,51.56,2216.62,56.93429185119252,11.778054794520548,626.51,63.07638356164384,3.403150684931507,16.479589041095892,
402421099112000,PHELPS,40.40549166666666,-99.18921666666668,2001,2001-10-23,,54.35,2216.62,56.93429185119252,11.778054794520548,626.51,63.07638356164384,3.403150684931507,16.479589041095892,
402421099112000,PHELPS,40.40549166666666,-99.18921666666668,2002,2002-04-16,,52.28,2216.62,57.224722127046526,11.747835616438357,380.73,56.3613698630137,3.648383561643836,16.674520547945203,
402421099112000,PHELPS,40.40549166666666,-99.18921666666668,2003,2003-04-21,,55.55,2216.62,59.91391246058729,11.669397260273973,498.43,59.134328767123286,3.4380273972602744,16.324191780821916,
402421099112000,PHELPS,40.40549166666666,-99.18921666666668,2003,2003-10-20,,60.17,2216.62,59.91391246058729,11.669397260273973,498.43,59.134328767123286,3.4380273972602744,16.324191780821916,
402421099112000,PHELPS,40.40549166666666,-99.18921666666668,2004,2004-04-09,,57.85,2216.62,61.919924398080745,11.452868852459016,645.8100000000001,63.159699453551916,3.455382513661202,16.150901639344262,
402421099112000,PHELPS,40.40549166666666,-99.18921666666668,2005,2005-04-25,,59.06,2216.62,63.16436931819582,11.73095890410959,631.46,64.1328493150685,3.4875890410958905,16.385753424657533,
402421099112000,PHELPS,40.40549166666666,-99.18921666666668,2006,2006-04-21,,59.88,2216.62,64.38619868576987,12.111013698630138,647.73,59.76945205479451,3.5661095890410954,16.53980821917808,
402421099112000,PHELPS,40.40549166666666,-99.18921666666668,2006,2006-10-20,,61.82,2216.62,64.38619868576987,12.111013698630138,647.73,59.76945205479451,3.5661095890410954,16.53980821917808,
402421099112000,PHELPS,40.40549166666666,-99.18921666666668,2007,2007-04-19,,60.04,2216.62,64.00629602252552,11.085424657534245,846.89,69.75419178082191,3.515205479452055,16.23317808219178,
402421099112000,PHELPS,40.40549166666666,-99.18921666666668,2007,2007-10-12,,60.49,2216.62,64.00629602252552,11.085424657534245,846.89,69.75419178082191,3.515205479452055,16.23317808219178,
402421099112000,PHELPS,40.40549166666666,-99.18921666666668,2008,2008-10-09,,57.89,2216.62,61.24824635960881,9.928142076502732,875.2,67.25486338797813,3.6044262295081966,16.340491803278688,
402435099262900,PHELPS,40.40768055555555,-99.44083333333332,2000,2000-04-13,,208.56,2405.19,200.2063398277857,11.749371584699455,552.94,58.68125683060109,3.488169398907104,16.321967213114753,
402435099262900,PHELPS,40.40768055555555,-99.44083333333332,2000,2000-10-19,,211.94,2405.19,200.2063398277857,11.749371584699455,552.94,58.68125683060109,3.488169398907104,16.321967213114753,
402435099262900,PHELPS,40.40768055555555,-99.44083333333332,2001,2001-05-07,,209.27,2405.19,200.7995640128205,11.778054794520548,626.51,63.07638356164384,3.403150684931507,16.479589041095892,
402435099262900,PHELPS,40.40768055555555,-99.44083333333332,2001,2001-10-23,,211.14,2405.19,200.7995640128205,11.778054794520548,626.51,63.07638356164384,3.403150684931507,16.479589041095892,
402435099262900,PHELPS,40.40768055555555,-99.44083333333332,2002,2002-04-15,,208.49,2405.19,197.0962447385378,11.747835616438357,380.73,56.3613698630137,3.648383561643836,16.674520547945203,
402435099262900,PHELPS,40.40768055555555,-99.44083333333332,2003,2003-04-22,,209.76,2405.19,203.0418410390579,11.669397260273973,498.43,59.134328767123286,3.4380273972602744,16.324191780821916,
402435099262900,PHELPS,40.40768055555555,-99.44083333333332,2003,2003-10-20,,212.75,2405.19,203.0418410390579,11.669397260273973,498.43,59.134328767123286,3.4380273972602744,16.324191780821916,
402435099262900,PHELPS,40.40768055555555,-99.44083333333332,2004,2004-04-07,,210.49,2405.19,200.30497800975763,11.452868852459016,645.8100000000001,63.159699453551916,3.455382513661202,16.150901639344262,
402435099262900,PHELPS,40.40768055555555,-99.44083333333332,2005,2005-04-25,,212.61,2405.19,200.4216699076902,11.73095890410959,631.46,64.1328493150685,3.4875890410958905,16.385753424657533,
402435099262900,PHELPS,40.40768055555555,-99.44083333333332,2006,2006-04-21,,211.28,2405.19,202.4896809923479,12.111013698630138,647.73,59.76945205479451,3.5661095890410954,16.53980821917808,
402435099262900,PHELPS,40.40768055555555,-99.44083333333332,2006,2006-10-20,,212.47,2405.19,202.4896809923479,12.111013698630138,647.73,59.76945205479451,3.5661095890410954,16.53980821917808,
402435099262900,PHELPS,40.40768055555555,-99.44083333333332,2007,2007-04-19,,210.79,2405.19,201.43517968887065,11.085424657534245,846.89,69.75419178082191,3.515205479452055,16.23317808219178,
402435099262900,PHELPS,40.40768055555555,-99.44083333333332,2007,2007-10-11,,212.0,2405.19,201.43517968887065,11.085424657534245,846.89,69.75419178082191,3.515205479452055,16.23317808219178,
402513099164801,PHELPS,40.42006111111111,-99.27985277777778,2000,2000-04-04,,66.17,2278.97,73.52797451890939,11.749371584699455,552.94,58.68125683060109,3.488169398907104,16.321967213114753,
402513099164801,PHELPS,40.42006111111111,-99.27985277777778,2000,2000-10-20,,72.26,2278.97,73.52797451890939,11.749371584699455,552.94,58.68125683060109,3.488169398907104,16.321967213114753,
402513099164801,PHELPS,40.42006111111111,-99.27985277777778,2001,2001-04-17,,68.1,2278.97,74.16706978909014,11.778054794520548,626.51,63.07638356164384,3.403150684931507,16.479589041095892,
402513099164801,PHELPS,40.42006111111111,-99.27985277777778,2001,2001-10-23,,70.99,2278.97,74.16706978909014,11.778054794520548,626.51,63.07638356164384,3.403150684931507,16.479589041095892,
402513099164801,PHELPS,40.42006111111111,-99.27985277777778,2002,2002-04-16,,68.08,2278.97,74.52259380169241,11.747835616438357,380.73,56.3613698630137,3.648383561643836,16.674520547945203,
402513099164801,PHELPS,40.42006111111111,-99.27985277777778,2003,2003-04-21,,72.26,2278.97,78.38396588328759,11.669397260273973,498.43,59.134328767123286,3.4380273972602744,16.324191780821916,
402513099164801,PHELPS,40.42006111111111,-99.27985277777778,2003,2003-10-20,,79.57,2278.97,78.38396588328759,11.669397260273973,498.43,59.134328767123286,3.4380273972602744,16.324191780821916,
402513099164801,PHELPS,40.42006111111111,-99.27985277777778,2004,2004-04-09,,74.07,2278.97,79.05363742732295,11.452868852459016,645.8100000000001,63.159699453551916,3.455382513661202,16.150901639344262,
402513099164801,PHELPS,40.42006111111111,-99.27985277777778,2005,2005-04-19,,75.85,2278.97,80.46598233660664,11.73095890410959,631.46,64.1328493150685,3.4875890410958905,16.385753424657533,
402513099164801,PHELPS,40.42006111111111,-99.27985277777778,2006,2006-04-21,,77.18,2278.97,82.58376389372543,12.111013698630138,647.73,59.76945205479451,3.5661095890410954,16.53980821917808,
402513099164801,PHELPS,40.42006111111111,-99.27985277777778,2006,2006-10-20,,80.43,2278.97,82.58376389372543,12.111013698630138,647.73,59.76945205479451,3.5661095890410954,16.53980821917808,
402513099164801,PHELPS,40.42006111111111,-99.27985277777778,2007,2007-04-19,,77.49,2278.97,81.17176701117063,11.085424657534245,846.89,69.75419178082191,3.515205479452055,16.23317808219178,
402513099164801,PHELPS,40.42006111111111,-99.27985277777778,2007,2007-10-12,,77.85,2278.97,81.17176701117063,11.085424657534245,846.89,69.75419178082191,3.515205479452055,16.23317808219178,
402532099235801,PHELPS,40.42582814,-99.40068743,2006,2006-10-17,,121.35,2321.09,131.4449607754889,12.111013698630138,647.73,59.76945205479451,3.5661095890410954,16.53980821917808,
402532099235801,PHELPS,40.42582814,-99.40068743,2007,2007-10-10,,120.1,2321.09,131.07126743110354,11.085424657534245,846.89,69.75419178082191,3.515205479452055,16.23317808219178,
402532099235801,PHELPS,40.42582814,-99.40068743,2008,2008-04-08,,118.7,2321.09,124.82550791850493,9.928142076502732,875.2,67.25486338797813,3.6044262295081966,16.340491803278688,
402609099350800,PHELPS,40.43199166666666,-99.58200277777776,2000,2000-04-13,,176.19,2443.0,168.02096210425208,11.749371584699455,552.94,58.68125683060109,3.488169398907104,16.321967213114753,
402609099350800,PHELPS,40.43199166666666,-99.58200277777776,2000,2000-10-19,,179.39,2443.0,168.02096210425208,11.749371584699455,552.94,58.68125683060109,3.488169398907104,16.321967213114753,
402609099350800,PHELPS,40.43199166666666,-99.58200277777776,2001,2001-05-07,,176.42,2443.0,165.1714785399282,11.778054794520548,626.51,63.07638356164384,3.403150684931507,16.479589041095892,
402609099350800,PHELPS,40.43199166666666,-99.58200277777776,2001,2001-10-24,,177.69,2443.0,165.1714785399282,11.778054794520548,626.51,63.07638356164384,3.403150684931507,16.479589041095892,
402609099350800,PHELPS,40.43199166666666,-99.58200277777776,2002,2002-04-15,,174.92,2443.0,162.43392724373692,11.747835616438357,380.73,56.3613698630137,3.648383561643836,16.674520547945203,
402609099350800,PHELPS,40.43199166666666,-99.58200277777776,2003,2003-04-22,,176.55,2443.0,169.1686493083978,11.669397260273973,498.43,59.134328767123286,3.4380273972602744,16.324191780821916,
402609099350800,PHELPS,40.43199166666666,-99.58200277777776,2003,2003-10-22,,179.37,2443.0,169.1686493083978,11.669397260273973,498.43,59.134328767123286,3.4380273972602744,16.324191780821916,
402609099350800,PHELPS,40.43199166666666,-99.58200277777776,2004,2004-04-07,,176.91,2443.0,164.9231691268024,11.452868852459016,645.8100000000001,63.159699453551916,3.455382513661202,16.150901639344262,
402609099350800,PHELPS,40.43199166666666,-99.58200277777776,2005,2005-04-25,,177.35,2443.0,165.2052648968773,11.73095890410959,631.46,64.1328493150685,3.4875890410958905,16.385753424657533,
402609099350800,PHELPS,40.43199166666666,-99.58200277777776,2006,2006-04-21,,177.68,2443.0,169.06834541521573,12.111013698630138,647.73,59.76945205479451,3.5661095890410954,16.53980821917808,
402609099350800,PHELPS,40.43199166666666,-99.58200277777776,2006,2006-10-20,,178.7,2443.0,169.06834541521573,12.111013698630138,647.73,59.76945205479451,3.5661095890410954,16.53980821917808,
402609099350800,PHELPS,40.43199166666666,-99.58200277777776,2007,2007-04-19,,176.84,2443.0,166.64015473220655,11.085424657534245,846.89,69.75419178082191,3.515205479452055,16.23317808219178,
402609099350800,PHELPS,40.43199166666666,-99.58200277777776,2007,2007-10-11,,177.73,2443.0,166.64015473220655,11.085424657534245,846.89,69.75419178082191,3.515205479452055,16.23317808219178,
402630099305500,PHELPS,40.44133611111111,-99.51204166666666,2000,2000-04-13,,176.24,2426.38,173.6080857076451,11.749371584699455,552.94,58.68125683060109,3.488169398907104,16.321967213114753,
402630099305500,PHELPS,40.44133611111111,-99.51204166666666,2000,2000-10-19,,181.49,2426.38,173.6080857076451,11.749371584699455,552.94,58.68125683060109,3.488169398907104,16.321967213114753,
402630099305500,PHELPS,40.44133611111111,-99.51204166666666,2001,2001-05-07,,177.28,2426.38,174.13571848101748,11.778054794520548,626.51,63.07638356164384,3.403150684931507,16.479589041095892,
402630099305500,PHELPS,40.44133611111111,-99.51204166666666,2001,2001-10-24,,180.05,2426.38,174.13571848101748,11.778054794520548,626.51,63.07638356164384,3.403150684931507,16.479589041095892,
402630099305500,PHELPS,40.44133611111111,-99.51204166666666,2002,2002-04-15,,175.87,2426.38,171.24040948725263,11.747835616438357,380.73,56.3613698630137,3.648383561643836,16.674520547945203,
402630099305500,PHELPS,40.44133611111111,-99.51204166666666,2003,2003-04-22,,177.97,2426.38,176.30899168704323,11.669397260273973,498.43,59.134328767123286,3.4380273972602744,16.324191780821916,
402630099305500,PHELPS,40.44133611111111,-99.51204166666666,2003,2003-10-20,,182.14,2426.38,176.30899168704323,11.669397260273973,498.43,59.134328767123286,3.4380273972602744,16.324191780821916,
402630099305500,PHELPS,40.44133611111111,-99.51204166666666,2004,2004-04-07,,178.67,2426.38,174.31696059072652,11.452868852459016,645.8100000000001,63.159699453551916,3.455382513661202,16.150901639344262,
402630099305500,PHELPS,40.44133611111111,-99.51204166666666,2005,2005-04-25,,183.34,2426.38,176.92482333391504,11.73095890410959,631.46,64.1328493150685,3.4875890410958905,16.385753424657533,
402630099305500,PHELPS,40.44133611111111,-99.51204166666666,2006,2006-04-21,,180.15,2426.38,177.06354689927974,12.111013698630138,647.73,59.76945205479451,3.5661095890410954,16.53980821917808,
402630099305500,PHELPS,40.44133611111111,-99.51204166666666,2006,2006-10-20,,181.82,2426.38,177.06354689927974,12.111013698630138,647.73,59.76945205479451,3.5661095890410954,16.53980821917808,
402630099305500,PHELPS,40.44133611111111,-99.51204166666666,2007,2007-04-19,,179.58,2426.38,176.3644557499448,11.085424657534245,846.89,69.75419178082191,3.515205479452055,16.23317808219178,
402630099305500,PHELPS,40.44133611111111,-99.51204166666666,2007,2007-10-11,,181.36,2426.38,176.3644557499448,11.085424657534245,846.89,69.75419178082191,3.515205479452055,16.23317808219178,
402716099212401,PHELPS,40.4529071,-99.3592878,2006,2006-10-17,,77.0,2307.74,77.8273654474152,12.111013698630138,647.73,59.76945205479451,3.5661095890410954,16.53980821917808,
402716099212401,PHELPS,40.4529071,-99.3592878,2007,2007-10-10,,70.68,2307.74,75.58972065442842,11.085424657534245,846.89,69.75419178082191,3.515205479452055,16.23317808219178,
402756099320601,PHELPS,40.46654722222223,-99.53547222222224,2000,2000-04-13,,163.59,2446.36,159.39779610177044,11.749371584699455,552.94,58.68125683060109,3.488169398907104,16.321967213114753,
402756099320601,PHELPS,40.46654722222223,-99.53547222222224,2000,2000-10-19,,169.13,2446.36,159.39779610177044,11.749371584699455,552.94,58.68125683060109,3.488169398907104,16.321967213114753,
402756099320601,PHELPS,40.46654722222223,-99.53547222222224,2001,2001-05-07,,163.99,2446.36,159.92356707801875,11.778054794520548,626.51,63.07638356164384,3.403150684931507,16.479589041095892,
402756099320601,PHELPS,40.46654722222223,-99.53547222222224,2001,2001-10-24,,166.03,2446.36,159.92356707801875,11.778054794520548,626.51,63.07638356164384,3.403150684931507,16.479589041095892,
402756099320601,PHELPS,40.46654722222223,-99.53547222222224,2002,2002-04-15,,162.48,2446.36,155.30714228136245,11.747835616438357,380.73,56.3613698630137,3.648383561643836,16.674520547945203,
402756099320601,PHELPS,40.46654722222223,-99.53547222222224,2003,2003-04-22,,165.15,2446.36,161.24413438579936,11.669397260273973,498.43,59.134328767123286,3.4380273972602744,16.324191780821916,
402756099320601,PHELPS,40.46654722222223,-99.53547222222224,2003,2003-10-22,,169.67,2446.36,161.24413438579936,11.669397260273973,498.43,59.134328767123286,3.4380273972602744,16.324191780821916,
402756099320601,PHELPS,40.46654722222223,-99.53547222222224,2004,2004-04-07,,166.08,2446.36,159.03886607645362,11.452868852459016,645.8100000000001,63.159699453551916,3.455382513661202,16.150901639344262,
402756099320601,PHELPS,40.46654722222223,-99.53547222222224,2005,2005-04-25,,167.32,2446.36,161.08512018276272,11.73095890410959,631.46,64.1328493150685,3.4875890410958905,16.385753424657533,
402756099320601,PHELPS,40.46654722222223,-99.53547222222224,2006,2006-04-21,,168.47,2446.36,163.97869515763136,12.111013698630138,647.73,59.76945205479451,3.5661095890410954,16.53980821917808,
402756099320601,PHELPS,40.46654722222223,-99.53547222222224,2006,2006-10-20,,170.11,2446.36,163.97869515763136,12.111013698630138,647.73,59.76945205479451,3.5661095890410954,16.53980821917808,
402756099320601,PHELPS,40.46654722222223,-99.53547222222224,2007,2007-04-19,,167.85,2446.36,163.06996766705922,11.085424657534245,846.89,69.75419178082191,3.515205479452055,16.23317808219178,
402756099320601,PHELPS,40.46654722222223,-99.53547222222224,2007,2007-10-11,,169.27,2446.36,163.06996766705922,11.085424657534245,846.89,69.75419178082191,3.515205479452055,16.23317808219178,
402813099382100,PHELPS,40.46941944444445,-99.63914166666667,2000,2000-04-13,,157.6,2473.68,155.69517398544008,11.749371584699455,552.94,58.68125683060109,3.488169398907104,16.321967213114753,
402813099382100,PHELPS,40.46941944444445,-99.63914166666667,2000,2000-10-18,,163.17,2473.68,155.69517398544008,11.749371584699455,552.94,58.68125683060109,3.488169398907104,16.321967213114753,
402813099382100,PHELPS,40.46941944444445,-99.63914166666667,2001,2001-05-07,,157.61,2473.68,154.28423557571472,11.778054794520548,626.51,63.07638356164384,3.403150684931507,16.479589041095892,
402813099382100,PHELPS,40.46941944444445,-99.63914166666667,2001,2001-10-24,,159.15,2473.68,154.28423557571472,11.778054794520548,626.51,63.07638356164384,3.403150684931507,16.479589041095892,
402813099382100,PHELPS,40.46941944444445,-99.63914166666667,2002,2002-04-15,,155.99,2473.68,151.9024962772167,11.747835616438357,380.73,56.3613698630137,3.648383561643836,16.674520547945203,
402813099382100,PHELPS,40.46941944444445,-99.63914166666667,2003,2003-04-22,,157.84,2473.68,156.8471702936979,11.669397260273973,498.43,59.134328767123286,3.4380273972602744,16.324191780821916,
402813099382100,PHELPS,40.46941944444445,-99.63914166666667,2003,2003-10-22,,162.36,2473.68,156.8471702936979,11.669397260273973,498.43,59.134328767123286,3.4380273972602744,16.324191780821916,
402813099382100,PHELPS,40.46941944444445,-99.63914166666667,2004,2004-04-07,,158.19,2473.68,154.19989693763796,11.452868852459016,645.8100000000001,63.159699453551916,3.455382513661202,16.150901639344262,
402813099382100,PHELPS,40.46941944444445,-99.63914166666667,2005,2005-04-25,,159.04,2473.68,154.38037513143516,11.73095890410959,631.46,64.1328493150685,3.4875890410958905,16.385753424657533,
402813099382100,PHELPS,40.46941944444445,-99.63914166666667,2006,2006-04-20,,160.87,2473.68,158.24874947810173,12.111013698630138,647.73,59.76945205479451,3.5661095890410954,16.53980821917808,
402813099382100,PHELPS,40.46941944444445,-99.63914166666667,2006,2006-10-20,,161.08,2473.68,158.24874947810173,12.111013698630138,647.73,59.76945205479451,3.5661095890410954,16.53980821917808,
402813099382100,PHELPS,40.46941944444445,-99.63914166666667,2007,2007-04-18,,158.11,2473.68,155.58530907588045,11.085424657534245,846.89,69.75419178082191,3.515205479452055,16.23317808219178,
402813099382100,PHELPS,40.46941944444445,-99.63914166666667,2007,2007-10-11,,159.61,2473.68,155.58530907588045,11.085424657534245,846.89,69.75419178082191,3.515205479452055,16.23317808219178,
402843099192001,PHELPS,40.47788889,-99.31941672,2003,2003-04-10,,41.32,2311.88,42.30832977926027,11.669397260273973,498.43,59.134328767123286,3.4380273972602744,16.324191780821916,
402843099192001,PHELPS,40.47788889,-99.31941672,2006,2006-10-17,,38.19,2311.88,42.750675223868846,12.111013698630138,647.73,59.76945205479451,3.5661095890410954,16.53980821917808,
402843099192001,PHELPS,40.47788889,-99.31941672,2007,2007-04-10,,41.7,2311.88,35.27025740956695,11.085424657534245,846.89,69.75419178082191,3.515205479452055,16.23317808219178,
402843099192001,PHELPS,40.47788889,-99.31941672,2007,2007-10-10,,11.3,2311.88,35.27025740956695,11.085424657534245,846.89,69.75419178082191,3.515205479452055,16.23317808219178,
402843099192001,PHELPS,40.47788889,-99.31941672,2008,2008-04-08,,11.77,2311.88,32.91785465443581,9.928142076502732,875.2,67.25486338797813,3.6044262295081966,16.340491803278688,
402853099104601,PHELPS,40.4815796,-99.179559,2003,2003-04-09,,13.01,2221.31,19.95072169416643,11.669397260273973,498.43,59.134328767123286,3.4380273972602744,16.324191780821916,
402853099104601,PHELPS,40.4815796,-99.179559,2006,2006-10-16,,18.85,2221.31,25.617176107654853,12.111013698630138,647.73,59.76945205479451,3.5661095890410954,16.53980821917808,
402853099104601,PHELPS,40.4815796,-99.179559,2007,2007-04-09,,18.39,2221.31,24.53524292885268,11.085424657534245,846.89,69.75419178082191,3.515205479452055,16.23317808219178,
402853099104601,PHELPS,40.4815796,-99.179559,2007,2007-10-09,,17.1,2221.31,24.53524292885268,11.085424657534245,846.89,69.75419178082191,3.515205479452055,16.23317808219178,
402853099104601,PHELPS,40.4815796,-99.179559,2008,2008-04-07,,16.85,2221.31,23.992823578367712,9.928142076502732,875.2,67.25486338797813,3.6044262295081966,16.340491803278688,
402853099152001,PHELPS,40.4816481,-99.2557469,2003,2003-04-09,,21.77,2251.06,24.37001179783022,11.669397260273973,498.43,59.134328767123286,3.4380273972602744,16.324191780821916,
402853099152001,PHELPS,40.4816481,-99.2557469,2006,2006-10-16,,28.04,2251.06,30.084601237853708,12.111013698630138,647.73,59.76945205479451,3.5661095890410954,16.53980821917808,
402853099152001,PHELPS,40.4816481,-99.2557469,2007,2007-04-09,,27.13,2251.06,28.11150802834432,11.085424657534245,846.89,69.75419178082191,3.515205479452055,16.23317808219178,
402853099152001,PHELPS,40.4816481,-99.2557469,2007,2007-10-09,,24.55,2251.06,28.11150802834432,11.085424657534245,846.89,69.75419178082191,3.515205479452055,16.23317808219178,
402853099152001,PHELPS,40.4816481,-99.2557469,2008,2008-04-07,,25.23,2251.06,25.009229112970964,9.928142076502732,875.2,67.25486338797813,3.6044262295081966,16.340491803278688,
402905099115301,PHELPS,40.4848551,-99.1983097,2003,2003-04-09,,27.94,2241.11,27.132961598701957,11.669397260273973,498.43,59.134328767123286,3.4380273972602744,16.324191780821916,
402905099115301,PHELPS,40.4848551,-99.1983097,2006,2006-10-16,,33.49,2241.11,32.9261310103449,12.111013698630138,647.73,59.76945205479451,3.5661095890410954,16.53980821917808,
402905099115301,PHELPS,40.4848551,-99.1983097,2007,2007-04-09,,33.48,2241.11,32.507199440282264,11.085424657534245,846.89,69.75419178082191,3.515205479452055,16.23317808219178,
402905099115301,PHELPS,40.4848551,-99.1983097,2007,2007-10-09,,31.45,2241.11,32.507199440282264,11.085424657534245,846.89,69.75419178082191,3.515205479452055,16.23317808219178,
402905099115301,PHELPS,40.4848551,-99.1983097,2008,2008-04-07,,31.54,2241.11,31.42605119152811,9.928142076502732,875.2,67.25486338797813,3.6044262295081966,16.340491803278688,
402906099342201,PHELPS,40.485083333333336,-99.57288888888888,2000,2000-04-13,,148.24,2458.82,146.8781438855271,11.749371584699455,552.94,58.68125683060109,3.488169398907104,16.321967213114753,
402906099342201,PHELPS,40.485083333333336,-99.57288888888888,2000,2000-10-19,,152.14,2458.82,146.8781438855271,11.749371584699455,552.94,58.68125683060109,3.488169398907104,16.321967213114753,
402906099342201,PHELPS,40.485083333333336,-99.57288888888888,2001,2001-05-07,,149.17,2458.82,147.20797960198496,11.778054794520548,626.51,63.07638356164384,3.403150684931507,16.479589041095892,
402906099342201,PHELPS,40.485083333333336,-99.57288888888888,2001,2001-10-24,,150.41,2458.82,147.20797960198496,11.778054794520548,626.51,63.07638356164384,3.403150684931507,16.479589041095892,
402906099342201,PHELPS,40.485083333333336,-99.57288888888888,2002,2002-04-15,,148.76,2458.82,145.20687472367268,11.747835616438357,380.73,56.3613698630137,3.648383561643836,16.674520547945203,
402906099342201,PHELPS,40.485083333333336,-99.57288888888888,2003,2003-04-22,,150.0,2458.82,148.48631150523428,11.669397260273973,498.43,59.134328767123286,3.4380273972602744,16.324191780821916,
402906099342201,PHELPS,40.485083333333336,-99.57288888888888,2003,2003-10-22,,154.11,2458.82,148.48631150523428,11.669397260273973,498.43,59.134328767123286,3.4380273972602744,16.324191780821916,
402906099342201,PHELPS,40.485083333333336,-99.57288888888888,2004,2004-04-07,,150.75,2458.82,147.03840342018324,11.452868852459016,645.8100000000001,63.159699453551916,3.455382513661202,16.150901639344262,
402906099342201,PHELPS,40.485083333333336,-99.57288888888888,2005,2005-04-25,,151.25,2458.82,147.7924969731357,11.73095890410959,631.46,64.1328493150685,3.4875890410958905,16.385753424657533,
402906099342201,PHELPS,40.485083333333336,-99.57288888888888,2006,2006-04-20,,152.56,2458.82,150.52584147370922,12.111013698630138,647.73,59.76945205479451,3.5661095890410954,16.53980821917808,
402906099342201,PHELPS,40.485083333333336,-99.57288888888888,2006,2006-10-20,,154.32,2458.82,150.52584147370922,12.111013698630138,647.73,59.76945205479451,3.5661095890410954,16.53980821917808,
402906099342201,PHELPS,40.485083333333336,-99.57288888888888,2007,2007-04-19,,152.06,2458.82,149.41725159158372,11.085424657534245,846.89,69.75419178082191,3.515205479452055,16.23317808219178,
402906099342201,PHELPS,40.485083333333336,-99.57288888888888,2007,2007-10-11,,153.18,2458.82,149.41725159158372,11.085424657534245,846.89,69.75419178082191,3.515205479452055,16.23317808219178,
402924099235501,PHELPS,40.4901949,-99.398706,2003,2003-04-10,,52.35,2336.37,53.65387833168106,11.669397260273973,498.43,59.134328767123286,3.4380273972602744,16.324191780821916,
402924099235501,PHELPS,40.4901949,-99.398706,2006,2006-10-17,,56.0,2336.37,57.73588247080901,12.111013698630138,647.73,59.76945205479451,3.5661095890410954,16.53980821917808,
402924099235501,PHELPS,40.4901949,-99.398706,2007,2007-04-10,,56.81,2336.37,56.721535074290585,11.085424657534245,846.89,69.75419178082191,3.515205479452055,16.23317808219178,
402924099235501,PHELPS,40.4901949,-99.398706,2007,2007-10-10,,52.62,2336.37,56.721535074290585,11.085424657534245,846.89,69.75419178082191,3.515205479452055,16.23317808219178,
402924099235501,PHELPS,40.4901949,-99.398706,2008,2008-04-08,,53.48,2336.37,55.27702574470059,9.928142076502732,875.2,67.25486338797813,3.6044262295081966,16.340491803278688,
402952099114401,PHELPS,40.4961238363889,-99.1985012,2006,2006-10-16,,38.02,2246.17,33.20330236120313,12.111013698630138,647.73,59.76945205479451,3.5661095890410954,16.53980821917808,
402952099114401,PHELPS,40.4961238363889,-99.1985012,2007,2007-04-09,,37.73,2246.17,32.679226069502015,11.085424657534245,846.89,69.75419178082191,3.515205479452055,16.23317808219178,
402952099114401,PHELPS,40.4961238363889,-99.1985012,2007,2007-10-09,,35.57,2246.17,32.679226069502015,11.085424657534245,846.89,69.75419178082191,3.515205479452055,16.23317808219178,
402952099114401,PHELPS,40.4961238363889,-99.1985012,2008,2008-04-07,,35.57,2246.17,31.256031616337385,9.928142076502732,875.2,67.25486338797813,3.6044262295081966,16.340491803278688,
402952099161701,PHELPS,40.49624602,-99.2746825,2003,2003-04-09,,16.14,2255.28,20.59132013154897,11.669397260273973,498.43,59.134328767123286,3.4380273972602744,16.324191780821916,
402952099161701,PHELPS,40.49624602,-99.2746825,2004,2004-04-07,,18.51,2255.28,23.041507157027837,11.452868852459016,645.8100000000001,63.159699453551916,3.455382513661202,16.150901639344262,
402952099161701,PHELPS,40.49624602,-99.2746825,2005,2005-04-12,,19.46,2255.28,24.13289953476825,11.73095890410959,631.46,64.1328493150685,3.4875890410958905,16.385753424657533,
402952099161701,PHELPS,40.49624602,-99.2746825,2006,2006-10-16,,22.48,2255.28,26.28296662948619,12.111013698630138,647.73,59.76945205479451,3.5661095890410954,16.53980821917808,
402952099161701,PHELPS,40.49624602,-99.2746825,2007,2007-04-09,,22.44,2255.28,24.08381369788107,11.085424657534245,846.89,69.75419178082191,3.515205479452055,16.23317808219178,
402952099161701,PHELPS,40.49624602,-99.2746825,2007,2007-10-09,,18.83,2255.28,24.08381369788107,11.085424657534245,846.89,69.75419178082191,3.515205479452055,16.23317808219178,
402952099161701,PHELPS,40.49624602,-99.2746825,2008,2008-04-07,,19.56,2255.28,22.903520805524344,9.928142076502732,875.2,67.25486338797813,3.6044262295081966,16.340491803278688,
403104099130201,PHELPS,40.5179145,-99.2173248,2003,2003-04-10,,24.59,2242.62,27.280827887971743,11.669397260273973,498.43,59.134328767123286,3.4380273972602744,16.324191780821916,
403104099130201,PHELPS,40.5179145,-99.2173248,2005,2005-04-13,,30.0,2242.62,30.36294315573457,11.73095890410959,631.46,64.1328493150685,3.4875890410958905,16.385753424657533,
403104099130201,PHELPS,40.5179145,-99.2173248,2006,2006-10-17,,30.47,2242.62,31.08352051105213,12.111013698630138,647.73,59.76945205479451,3.5661095890410954,16.53980821917808,
403104099130201,PHELPS,40.5179145,-99.2173248,2007,2007-04-10,,29.64,2242.62,28.04144395121797,11.085424657534245,846.89,69.75419178082191,3.515205479452055,16.23317808219178,
403104099130201,PHELPS,40.5179145,-99.2173248,2007,2007-10-10,,25.92,2242.62,28.04144395121797,11.085424657534245,846.89,69.75419178082191,3.515205479452055,16.23317808219178,
403104099130201,PHELPS,40.5179145,-99.2173248,2008,2008-04-08,,26.69,2242.62,27.397961871614665,9.928142076502732,875.2,67.25486338797813,3.6044262295081966,16.340491803278688,
403123099261501,PHELPS,40.52446389,-99.436875,2000,2000-04-12,,36.04,2361.96,32.997341423654895,11.749371584699455,552.94,58.68125683060109,3.488169398907104,16.321967213114753,
403123099261501,PHELPS,40.52446389,-99.436875,2001,2001-05-08,,36.38,2361.96,33.84318181395157,11.778054794520548,626.51,63.07638356164384,3.403150684931507,16.479589041095892,
403123099261501,PHELPS,40.52446389,-99.436875,2003,2003-04-11,,39.8,2361.96,37.195086454252255,11.669397260273973,498.43,59.134328767123286,3.4380273972602744,16.324191780821916,
403123099261501,PHELPS,40.52446389,-99.436875,2004,2004-04-29,,43.13,2361.96,39.07489488991151,11.452868852459016,645.8100000000001,63.159699453551916,3.455382513661202,16.150901639344262,
403123099261501,PHELPS,40.52446389,-99.436875,2005,2005-04-13,,42.4,2361.96,39.79185488848918,11.73095890410959,631.46,64.1328493150685,3.4875890410958905,16.385753424657533,
403123099261501,PHELPS,40.52446389,-99.436875,2006,2006-04-12,,47.72,2361.96,42.11678124456149,12.111013698630138,647.73,59.76945205479451,3.5661095890410954,16.53980821917808,
403123099261501,PHELPS,40.52446389,-99.436875,2006,2006-10-17,,43.04,2361.96,42.11678124456149,12.111013698630138,647.73,59.76945205479451,3.5661095890410954,16.53980821917808,
403123099261501,PHELPS,40.52446389,-99.436875,2007,2007-04-10,,44.21,2361.96,41.28221169528618,11.085424657534245,846.89,69.75419178082191,3.515205479452055,16.23317808219178,
403123099261501,PHELPS,40.52446389,-99.436875,2007,2007-10-10,,40.92,2361.96,41.28221169528618,11.085424657534245,846.89,69.75419178082191,3.515205479452055,16.23317808219178,
403123099261501,PHELPS,40.52446389,-99.436875,2008,2008-04-09,,42.7,2361.96,40.9007670688045,9.928142076502732,875.2,67.25486338797813,3.6044262295081966,16.340491803278688,
403125099295701,PHELPS,40.5247252,-99.4992246,2006,2006-10-17,,72.76,2402.13,71.23716060137802,12.111013698630138,647.73,59.76945205479451,3.5661095890410954,16.53980821917808,
403125099295701,PHELPS,40.5247252,-99.4992246,2007,2007-10-10,,69.41,2402.13,71.1150860548612,11.085424657534245,846.89,69.75419178082191,3.515205479452055,16.23317808219178,
403132099381001,PHELPS,40.52556319,-99.63650076,2003,2003-04-24,,152.9,2517.21,147.4967183366747,11.669397260273973,498.43,59.134328767123286,3.4380273972602744,16.324191780821916,
403132099381001,PHELPS,40.52556319,-99.63650076,2004,2004-11-01,,157.03,2517.21,149.08543053429509,11.452868852459016,645.8100000000001,63.159699453551916,3.455382513661202,16.150901639344262,
403132099381001,PHELPS,40.52556319,-99.63650076,2006,2006-05-10,,159.52,2517.21,150.52405617040384,12.111013698630138,647.73,59.76945205479451,3.5661095890410954,16.53980821917808,
403132099381001,PHELPS,40.52556319,-99.63650076,2006,2006-11-01,,157.24,2517.21,150.52405617040384,12.111013698630138,647.73,59.76945205479451,3.5661095890410954,16.53980821917808,
403132099381001,PHELPS,40.52556319,-99.63650076,2007,2007-06-01,,154.75,2517.21,154.25060384374817,11.085424657534245,846.89,69.75419178082191,3.515205479452055,16.23317808219178,
403132099381001,PHELPS,40.52556319,-99.63650076,2007,2007-07-02,,162.53,2517.21,154.25060384374817,11.085424657534245,846.89,69.75419178082191,3.515205479452055,16.23317808219178,
403132099381001,PHELPS,40.52556319,-99.63650076,2007,2007-08-01,,161.24,2517.21,154.25060384374817,11.085424657534245,846.89,69.75419178082191,3.515205479452055,16.23317808219178,
403132099381001,PHELPS,40.52556319,-99.63650076,2007,2007-09-04,,158.59,2517.21,154.25060384374817,11.085424657534245,846.89,69.75419178082191,3.515205479452055,16.23317808219178,
403132099381001,PHELPS,40.52556319,-99.63650076,2007,2007-10-01,,156.96,2517.21,154.25060384374817,11.085424657534245,846.89,69.75419178082191,3.515205479452055,16.23317808219178,
403132099381001,PHELPS,40.52556319,-99.63650076,2007,2007-11-01,,156.09,2517.21,154.25060384374817,11.085424657534245,846.89,69.75419178082191,3.515205479452055,16.23317808219178,
403137099330201,PHELPS,40.5263766547222,-99.5496279,2003,2003-04-11,,53.12,2405.25,67.83173591576974,11.669397260273973,498.43,59.134328767123286,3.4380273972602744,16.324191780821916,
403137099330201,PHELPS,40.5263766547222,-99.5496279,2004,2004-04-12,,55.06,2405.25,70.1331270240826,11.452868852459016,645.8100000000001,63.159699453551916,3.455382513661202,16.150901639344262,
403137099330201,PHELPS,40.5263766547222,-99.5496279,2005,2005-04-13,,56.23,2405.25,71.49699585406921,11.73095890410959,631.46,64.1328493150685,3.4875890410958905,16.385753424657533,
403137099330201,PHELPS,40.5263766547222,-99.5496279,2006,2006-10-17,,59.29,2405.25,75.1169455959226,12.111013698630138,647.73,59.76945205479451,3.5661095890410954,16.53980821917808,
403137099330201,PHELPS,40.5263766547222,-99.5496279,2007,2007-04-10,,55.74,2405.25,70.17018958620729,11.085424657534245,846.89,69.75419178082191,3.515205479452055,16.23317808219178,
403137099330201,PHELPS,40.5263766547222,-99.5496279,2007,2007-10-10,,57.1,2405.25,70.17018958620729,11.085424657534245,846.89,69.75419178082191,3.515205479452055,16.23317808219178,
403137099330201,PHELPS,40.5263766547222,-99.5496279,2008,2008-04-09,,55.38,2405.25,69.3438873971471,9.928142076502732,875.2,67.25486338797813,3.6044262295081966,16.340491803278688,
403138099190801,PHELPS,40.5255972,-99.3224515,2006,2006-10-17,,25.82,2277.27,25.770980199892733,12.111013698630138,647.73,59.76945205479451,3.5661095890410954,16.53980821917808,
403138099190801,PHELPS,40.5255972,-99.3224515,2007,2007-10-10,,22.42,2277.27,21.432642617947824,11.085424657534245,846.89,69.75419178082191,3.515205479452055,16.23317808219178,
403138099235801,PHELPS,40.5255500233333,-99.399115,2001,2001-05-07,,20.37,2328.14,22.58766855168946,11.778054794520548,626.51,63.07638356164384,3.403150684931507,16.479589041095892,
403138099235801,PHELPS,40.5255500233333,-99.399115,2003,2003-04-10,,22.21,2328.14,24.78812111627868,11.669397260273973,498.43,59.134328767123286,3.4380273972602744,16.324191780821916,
403138099235801,PHELPS,40.5255500233333,-99.399115,2004,2004-04-08,,24.0,2328.14,26.691940466488443,11.452868852459016,645.8100000000001,63.159699453551916,3.455382513661202,16.150901639344262,
403138099235801,PHELPS,40.5255500233333,-99.399115,2005,2005-04-13,,25.06,2328.14,28.308845306384097,11.73095890410959,631.46,64.1328493150685,3.4875890410958905,16.385753424657533,
403138099235801,PHELPS,40.5255500233333,-99.399115,2006,2006-10-17,,34.37,2328.14,32.48793188871427,12.111013698630138,647.73,59.76945205479451,3.5661095890410954,16.53980821917808,
403138099235801,PHELPS,40.5255500233333,-99.399115,2007,2007-04-10,,29.05,2328.14,30.537352173597444,11.085424657534245,846.89,69.75419178082191,3.515205479452055,16.23317808219178,
403138099235801,PHELPS,40.5255500233333,-99.399115,2007,2007-10-10,,29.05,2328.14,30.537352173597444,11.085424657534245,846.89,69.75419178082191,3.515205479452055,16.23317808219178,
403138099235801,PHELPS,40.5255500233333,-99.399115,2008,2008-04-08,,26.05,2328.14,28.864344790096972,9.928142076502732,875.2,67.25486338797813,3.6044262295081966,16.340491803278688,
403217099312001,PHELPS,40.5392815,-99.5207383,2003,2003-04-11,,97.9,2451.89,84.81677994756826,11.669397260273973,498.43,59.134328767123286,3.4380273972602744,16.324191780821916,
403217099312001,PHELPS,40.5392815,-99.5207383,2004,2004-04-12,,100.81,2451.89,87.94145360242938,11.452868852459016,645.8100000000001,63.159699453551916,3.455382513661202,16.150901639344262,
403217099312001,PHELPS,40.5392815,-99.5207383,2005,2005-04-13,,101.02,2451.89,86.52487153013963,11.73095890410959,631.46,64.1328493150685,3.4875890410958905,16.385753424657533,
403217099312001,PHELPS,40.5392815,-99.5207383,2006,2006-10-17,,102.88,2451.89,88.26318006690073,12.111013698630138,647.73,59.76945205479451,3.5661095890410954,16.53980821917808,
403217099312001,PHELPS,40.5392815,-99.5207383,2007,2007-04-10,,102.72,2451.89,87.68074278746244,11.085424657534245,846.89,69.75419178082191,3.515205479452055,16.23317808219178,
403217099312001,PHELPS,40.5392815,-99.5207383,2007,2007-10-10,,101.82,2451.89,87.68074278746244,11.085424657534245,846.89,69.75419178082191,3.515205479452055,16.23317808219178,
403217099312001,PHELPS,40.5392815,-99.5207383,2008,2008-04-09,,101.2,2451.89,85.96022284674885,9.928142076502732,875.2,67.25486338797813,3.6044262295081966,16.340491803278688,
403224099261801,PHELPS,40.54167314,-99.43849253,2003,2003-04-11,,19.14,2347.7,21.190137612806488,11.669397260273973,498.43,59.134328767123286,3.4380273972602744,16.324191780821916,
403224099261801,PHELPS,40.54167314,-99.43849253,2004,2004-04-12,,20.07,2347.7,21.984886107271656,11.452868852459016,645.8100000000001,63.159699453551916,3.455382513661202,16.150901639344262,
403224099261801,PHELPS,40.54167314,-99.43849253,2005,2005-04-13,,18.14,2347.7,20.511756282083443,11.73095890410959,631.46,64.1328493150685,3.4875890410958905,16.385753424657533,
403224099261801,PHELPS,40.54167314,-99.43849253,2006,2006-10-17,,19.98,2347.7,23.8752356360363,12.111013698630138,647.73,59.76945205479451,3.5661095890410954,16.53980821917808,
403224099261801,PHELPS,40.54167314,-99.43849253,2007,2007-04-10,,20.52,2347.7,22.257840882971117,11.085424657534245,846.89,69.75419178082191,3.515205479452055,16.23317808219178,
403224099261801,PHELPS,40.54167314,-99.43849253,2007,2007-10-10,,19.25,2347.7,22.257840882971117,11.085424657534245,846.89,69.75419178082191,3.515205479452055,16.23317808219178,
403224099261801,PHELPS,40.54167314,-99.43849253,2008,2008-04-09,,20.88,2347.7,22.72551766211093,9.928142076502732,875.2,67.25486338797813,3.6044262295081966,16.340491803278688,
403230099195901,PHELPS,40.54167314,-99.3339024,2003,2003-04-10,,6.94,2269.36,14.506444464617424,11.669397260273973,498.43,59.134328767123286,3.4380273972602744,16.324191780821916,
403230099195901,PHELPS,40.54167314,-99.3339024,2004,2004-04-08,,8.36,2269.36,15.7800902431691,11.452868852459016,645.8100000000001,63.159699453551916,3.455382513661202,16.150901639344262,
403230099195901,PHELPS,40.54167314,-99.3339024,2005,2005-04-13,,8.95,2269.36,15.947965733932971,11.73095890410959,631.46,64.1328493150685,3.4875890410958905,16.385753424657533,
403230099195901,PHELPS,40.54167314,-99.3339024,2006,2006-10-17,,6.62,2269.36,17.16062894595894,12.111013698630138,647.73,59.76945205479451,3.5661095890410954,16.53980821917808,
403230099195901,PHELPS,40.54167314,-99.3339024,2007,2007-04-10,,6.34,2269.36,12.710023318354027,11.085424657534245,846.89,69.75419178082191,3.515205479452055,16.23317808219178,
403230099195901,PHELPS,40.54167314,-99.3339024,2007,2007-10-10,,6.49,2269.36,12.710023318354027,11.085424657534245,846.89,69.75419178082191,3.515205479452055,16.23317808219178,
403230099195901,PHELPS,40.54167314,-99.3339024,2008,2008-04-08,,6.98,2269.36,13.084544248103146,9.928142076502732,875.2,67.25486338797813,3.6044262295081966,16.340491803278688,
403309099250701,PHELPS,40.5543784,-99.4199673,2003,2003-04-10,,9.69,2322.67,14.136670809483794,11.669397260273973,498.43,59.134328767123286,3.4380273972602744,16.324191780821916,
403309099250701,PHELPS,40.5543784,-99.4199673,2004,2004-04-12,,10.47,2322.67,14.984159587261551,11.452868852459016,645.8100000000001,63.159699453551916,3.455382513661202,16.150901639344262,
403309099250701,PHELPS,40.5543784,-99.4199673,2005,2005-04-13,,9.34,2322.67,13.703194996032328,11.73095890410959,631.46,64.1328493150685,3.4875890410958905,16.385753424657533,
403309099250701,PHELPS,40.5543784,-99.4199673,2006,2006-10-17,,12.29,2322.67,17.302699641960093,12.111013698630138,647.73,59.76945205479451,3.5661095890410954,16.53980821917808,
403309099250701,PHELPS,40.5543784,-99.4199673,2007,2007-04-10,,11.78,2322.67,15.498920732392708,11.085424657534245,846.89,69.75419178082191,3.515205479452055,16.23317808219178,
403309099250701,PHELPS,40.5543784,-99.4199673,2007,2007-10-10,,10.16,2322.67,15.498920732392708,11.085424657534245,846.89,69.75419178082191,3.515205479452055,16.23317808219178,
403309099250701,PHELPS,40.5543784,-99.4199673,2008,2008-04-08,,10.92,2322.67,15.418017041126394,9.928142076502732,875.2,67.25486338797813,3.6044262295081966,16.340491803278688,
403309099270601,PHELPS,40.55026689,-99.45178833,2003,2003-04-10,,14.86,2342.87,18.263509609902005,11.669397260273973,498.43,59.134328767123286,3.4380273972602744,16.324191780821916,
403309099270601,PHELPS,40.55026689,-99.45178833,2004,2004-04-12,,16.45,2342.87,18.609727745879173,11.452868852459016,645.8100000000001,63.159699453551916,3.455382513661202,16.150901639344262,
403309099270601,PHELPS,40.55026689,-99.45178833,2005,2005-04-13,,14.97,2342.87,17.967051272008042,11.73095890410959,631.46,64.1328493150685,3.4875890410958905,16.385753424657533,
403309099270601,PHELPS,40.55026689,-99.45178833,2006,2006-10-17,,14.67,2342.87,20.26262596817632,12.111013698630138,647.73,59.76945205479451,3.5661095890410954,16.53980821917808,
403309099270601,PHELPS,40.55026689,-99.45178833,2007,2007-04-10,,15.12,2342.87,18.350402472588197,11.085424657534245,846.89,69.75419178082191,3.515205479452055,16.23317808219178,
403309099270601,PHELPS,40.55026689,-99.45178833,2007,2007-10-10,,13.95,2342.87,18.350402472588197,11.085424657534245,846.89,69.75419178082191,3.515205479452055,16.23317808219178,
403309099270601,PHELPS,40.55026689,-99.45178833,2008,2008-04-08,,15.74,2342.87,18.39891835446798,9.928142076502732,875.2,67.25486338797813,3.6044262295081966,16.340491803278688,
403309099281401,PHELPS,40.5521635,-99.4737128,2003,2003-04-11,,15.84,2354.64,23.66220837134109,11.669397260273973,498.43,59.134328767123286,3.4380273972602744,16.324191780821916,
403309099281401,PHELPS,40.5521635,-99.4737128,2004,2004-04-12,,15.5,2354.64,24.022693176175657,11.452868852459016,645.8100000000001,63.159699453551916,3.455382513661202,16.150901639344262,
403309099281401,PHELPS,40.5521635,-99.4737128,2005,2005-04-13,,15.27,2354.64,23.53056896790557,11.73095890410959,631.46,64.1328493150685,3.4875890410958905,16.385753424657533,
403309099281401,PHELPS,40.5521635,-99.4737128,2006,2006-10-17,,15.03,2354.64,24.991502608754494,12.111013698630138,647.73,59.76945205479451,3.5661095890410954,16.53980821917808,
403309099281401,PHELPS,40.5521635,-99.4737128,2007,2007-04-10,,14.81,2354.64,22.21487966950348,11.085424657534245,846.89,69.75419178082191,3.515205479452055,16.23317808219178,
403309099281401,PHELPS,40.5521635,-99.4737128,2007,2007-10-10,,14.59,2354.64,22.21487966950348,11.085424657534245,846.89,69.75419178082191,3.515205479452055,16.23317808219178,
403309099281401,PHELPS,40.5521635,-99.4737128,2008,2008-04-09,,14.78,2354.64,21.551621969246003,9.928142076502732,875.2,67.25486338797813,3.6044262295081966,16.340491803278688,
403322099201601,PHELPS,40.5547811,-99.3416484,2003,2003-04-10,,7.57,2267.67,13.463915420146172,11.669397260273973,498.43,59.134328767123286,3.4380273972602744,16.324191780821916,
403322099201601,PHELPS,40.5547811,-99.3416484,2004,2004-04-08,,9.89,2267.67,15.54468194164378,11.452868852459016,645.8100000000001,63.159699453551916,3.455382513661202,16.150901639344262,
403322099201601,PHELPS,40.5547811,-99.3416484,2005,2005-04-13,,8.55,2267.67,15.423165006245853,11.73095890410959,631.46,64.1328493150685,3.4875890410958905,16.385753424657533,
403322099201601,PHELPS,40.5547811,-99.3416484,2007,2007-10-10,,4.96,2267.67,15.69549820339501,11.085424657534245,846.89,69.75419178082191,3.515205479452055,16.23317808219178,
403322099201601,PHELPS,40.5547811,-99.3416484,2008,2008-04-08,,7.04,2267.67,13.385045757361414,9.928142076502732,875.2,67.25486338797813,3.6044262295081966,16.340491803278688,
403322099210701,PHELPS,40.55622914,-99.3528114,2003,2003-04-10,,20.27,2284.27,17.365516592239157,11.669397260273973,498.43,59.134328767123286,3.4380273972602744,16.324191780821916,
403322099210701,PHELPS,40.55622914,-99.3528114,2004,2004-04-08,,22.38,2284.27,19.45733384070794,11.452868852459016,645.8100000000001,63.159699453551916,3.455382513661202,16.150901639344262,
403322099210701,PHELPS,40.55622914,-99.3528114,2005,2005-04-13,,22.0,2284.27,19.917393038763308,11.73095890410959,631.46,64.1328493150685,3.4875890410958905,16.385753424657533,
403322099210701,PHELPS,40.55622914,-99.3528114,2006,2006-10-17,,24.55,2284.27,22.04582113381567,12.111013698630138,647.73,59.76945205479451,3.5661095890410954,16.53980821917808,
403322099210701,PHELPS,40.55622914,-99.3528114,2007,2007-04-10,,23.0,2284.27,20.240301193950657,11.085424657534245,846.89,69.75419178082191,3.515205479452055,16.23317808219178,
403322099210701,PHELPS,40.55622914,-99.3528114,2007,2007-10-10,,20.39,2284.27,20.240301193950657,11.085424657534245,846.89,69.75419178082191,3.515205479452055,16.23317808219178,
403322099210701,PHELPS,40.55622914,-99.3528114,2008,2008-04-08,,20.53,2284.27,18.08031099762037,9.928142076502732,875.2,67.25486338797813,3.6044262295081966,16.340491803278688,
403322099254101,PHELPS,40.5542755,-99.4303042,2004,2004-04-12,,16.85,2335.12,17.25416172115918,11.452868852459016,645.8100000000001,63.159699453551916,3.455382513661202,16.150901639344262,
403322099264901,PHELPS,40.5543545569444,-99.4489925,2004,2004-04-12,,12.32,2342.74,16.41286153487651,11.452868852459016,645.8100000000001,63.159699453551916,3.455382513661202,16.150901639344262,
403322099272302,PHELPS,40.5545803,-99.4609332,2005,2005-04-13,,16.15,2349.56,18.86031646356403,11.73095890410959,631.46,64.1328493150685,3.4875890410958905,16.385753424657533,
403322099304801,PHELPS,40.5542755075,-99.5122815,2003,2003-04-11,,54.79,2411.43,58.00419419377114,11.669397260273973,498.43,59.134328767123286,3.4380273972602744,16.324191780821916,
403322099304801,PHELPS,40.5542755075,-99.5122815,2004,2004-04-12,,57.05,2411.43,60.3872529579585,11.452868852459016,645.8100000000001,63.159699453551916,3.455382513661202,16.150901639344262,
403322099304801,PHELPS,40.5542755075,-99.5122815,2005,2005-04-13,,57.64,2411.43,60.42835866184364,11.73095890410959,631.46,64.1328493150685,3.4875890410958905,16.385753424657533,
403322099304801,PHELPS,40.5542755075,-99.5122815,2006,2006-10-17,,60.39,2411.43,61.94934908826882,12.111013698630138,647.73,59.76945205479451,3.5661095890410954,16.53980821917808,
403322099304801,PHELPS,40.5542755075,-99.5122815,2007,2007-04-10,,59.51,2411.43,61.04622216692793,11.085424657534245,846.89,69.75419178082191,3.515205479452055,16.23317808219178,
403322099304801,PHELPS,40.5542755075,-99.5122815,2007,2007-10-10,,59.09,2411.43,61.04622216692793,11.085424657534245,846.89,69.75419178082191,3.515205479452055,16.23317808219178,
403322099304801,PHELPS,40.5542755075,-99.5122815,2008,2008-04-09,,57.95,2411.43,59.83619332233608,9.928142076502732,875.2,67.25486338797813,3.6044262295081966,16.340491803278688,
403322099371801,PHELPS,40.5557047,-99.6247601,2006,2006-10-18,,79.22,2465.78,92.93315321166118,12.111013698630138,647.73,59.76945205479451,3.5661095890410954,16.53980821917808,
403322099371801,PHELPS,40.5557047,-99.6247601,2007,2007-10-11,,76.0,2465.78,94.7527512049384,11.085424657534245,846.89,69.75419178082191,3.515205479452055,16.23317808219178,
403335099150901,PHELPS,40.55977478,-99.25286046,2006,2006-10-17,,35.39,2241.29,36.53339289375391,12.111013698630138,647.73,59.76945205479451,3.5661095890410954,16.53980821917808,
403335099150901,PHELPS,40.55977478,-99.25286046,2007,2007-10-10,,30.86,2241.29,34.33446605336081,11.085424657534245,846.89,69.75419178082191,3.515205479452055,16.23317808219178,
403348099114401,PHELPS,40.5613598133333,-99.1983188,2000,2000-05-01,,32.17,2236.17,33.53555496270718,11.749371584699455,552.94,58.68125683060109,3.488169398907104,16.321967213114753,
403348099114401,PHELPS,40.5613598133333,-99.1983188,2007,2007-04-09,,40.86,2236.17,38.53386922759445,11.085424657534245,846.89,69.75419178082191,3.515205479452055,16.23317808219178,
403348099114401,PHELPS,40.5613598133333,-99.1983188,2007,2007-10-09,,39.73,2236.17,38.53386922759445,11.085424657534245,846.89,69.75419178082191,3.515205479452055,16.23317808219178,
403348099114401,PHELPS,40.5613598133333,-99.1983188,2008,2008-04-07,,38.12,2236.17,29.640205735172128,9.928142076502732,875.2,67.25486338797813,3.6044262295081966,16.340491803278688,
403431099362101,PHELPS,40.5754557,-99.6058865,2003,2003-04-11,,77.63,2477.16,83.04678710361085,11.669397260273973,498.43,59.134328767123286,3.4380273972602744,16.324191780821916,
403431099362101,PHELPS,40.5754557,-99.6058865,2006,2006-10-18,,88.8,2477.16,90.31183480988054,12.111013698630138,647.73,59.76945205479451,3.5661095890410954,16.53980821917808,
403431099362101,PHELPS,40.5754557,-99.6058865,2007,2007-10-11,,87.65,2477.16,90.1126854299314,11.085424657534245,846.89,69.75419178082191,3.515205479452055,16.23317808219178,
403453099141801,PHELPS,40.58307501,-99.2365144,2003,2003-04-10,,60.16,2255.34,52.90695488156636,11.669397260273973,498.43,59.134328767123286,3.4380273972602744,16.324191780821916,
403453099141801,PHELPS,40.58307501,-99.2365144,2004,2004-04-08,,51.79,2255.34,47.462584800851005,11.452868852459016,645.8100000000001,63.159699453551916,3.455382513661202,16.150901639344262,
403453099141801,PHELPS,40.58307501,-99.2365144,2005,2005-04-13,,53.52,2255.34,46.4458540042531,11.73095890410959,631.46,64.1328493150685,3.4875890410958905,16.385753424657533,
403453099141801,PHELPS,40.58307501,-99.2365144,2006,2006-10-17,,54.92,2255.34,48.3352455499778,12.111013698630138,647.73,59.76945205479451,3.5661095890410954,16.53980821917808,
403453099141801,PHELPS,40.58307501,-99.2365144,2007,2007-04-10,,54.92,2255.34,47.950792869751695,11.085424657534245,846.89,69.75419178082191,3.515205479452055,16.23317808219178,
403453099141801,PHELPS,40.58307501,-99.2365144,2007,2007-10-10,,53.23,2255.34,47.950792869751695,11.085424657534245,846.89,69.75419178082191,3.515205479452055,16.23317808219178,
403453099141801,PHELPS,40.58307501,-99.2365144,2008,2008-04-08,,50.95,2255.34,42.06820261736505,9.928142076502732,875.2,67.25486338797813,3.6044262295081966,16.340491803278688,
403453099190801,PHELPS,40.5807096794444,-99.3229107,2003,2003-04-10,,37.39,2282.14,30.34971371626714,11.669397260273973,498.43,59.134328767123286,3.4380273972602744,16.324191780821916,
403453099190801,PHELPS,40.5807096794444,-99.3229107,2004,2004-04-08,,40.15,2282.14,32.85285359660336,11.452868852459016,645.8100000000001,63.159699453551916,3.455382513661202,16.150901639344262,
403453099190801,PHELPS,40.5807096794444,-99.3229107,2005,2005-04-13,,41.64,2282.14,33.752529479216754,11.73095890410959,631.46,64.1328493150685,3.4875890410958905,16.385753424657533,
403453099190801,PHELPS,40.5807096794444,-99.3229107,2006,2006-10-17,,44.38,2282.14,34.617155969131915,12.111013698630138,647.73,59.76945205479451,3.5661095890410954,16.53980821917808,
403453099190801,PHELPS,40.5807096794444,-99.3229107,2007,2007-04-10,,41.9,2282.14,34.17269135950781,11.085424657534245,846.89,69.75419178082191,3.515205479452055,16.23317808219178,
403453099190801,PHELPS,40.5807096794444,-99.3229107,2007,2007-10-10,,40.87,2282.14,34.17269135950781,11.085424657534245,846.89,69.75419178082191,3.515205479452055,16.23317808219178,
403453099190801,PHELPS,40.5807096794444,-99.3229107,2008,2008-04-08,,38.35,2282.14,31.113667913723926,9.928142076502732,875.2,67.25486338797813,3.6044262295081966,16.340491803278688,
403454099304801,PHELPS,40.57931189,-99.51412709,2003,2003-04-11,,32.31,2390.5,36.60410462107433,11.669397260273973,498.43,59.134328767123286,3.4380273972602744,16.324191780821916,
403454099304801,PHELPS,40.57931189,-99.51412709,2004,2004-04-12,,34.41,2390.5,38.39759295048645,11.452868852459016,645.8100000000001,63.159699453551916,3.455382513661202,16.150901639344262,
403454099304801,PHELPS,40.57931189,-99.51412709,2005,2005-04-14,,35.89,2390.5,39.53637321959912,11.73095890410959,631.46,64.1328493150685,3.4875890410958905,16.385753424657533,
403454099304801,PHELPS,40.57931189,-99.51412709,2006,2006-10-18,,37.57,2390.5,41.564332016345936,12.111013698630138,647.73,59.76945205479451,3.5661095890410954,16.53980821917808,
403454099304801,PHELPS,40.57931189,-99.51412709,2007,2007-04-11,,35.84,2390.5,38.72982437959944,11.085424657534245,846.89,69.75419178082191,3.515205479452055,16.23317808219178,
403454099304801,PHELPS,40.57931189,-99.51412709,2007,2007-10-11,,35.06,2390.5,38.72982437959944,11.085424657534245,846.89,69.75419178082191,3.515205479452055,16.23317808219178,
403454099304801,PHELPS,40.57931189,-99.51412709,2008,2008-04-09,,34.78,2390.5,38.42499771752791,9.928142076502732,875.2,67.25486338797813,3.6044262295081966,16.340491803278688,
403506099350101,PHELPS,40.5833317,-99.5866221,2006,2006-10-18,,102.25,2484.33,93.30698065125996,12.111013698630138,647.73,59.76945205479451,3.5661095890410954,16.53980821917808,
403506099350101,PHELPS,40.5833317,-99.5866221,2007,2007-10-11,,99.68,2484.33,91.6741643905914,11.085424657534245,846.89,69.75419178082191,3.515205479452055,16.23317808219178,
403507099234101,PHELPS,40.5836771413889,-99.3985091,2003,2003-04-10,,12.08,2295.65,13.375539327428818,11.669397260273973,498.43,59.134328767123286,3.4380273972602744,16.324191780821916,
403507099234101,PHELPS,40.5836771413889,-99.3985091,2004,2004-04-08,,13.62,2295.65,14.986046221849334,11.452868852459016,645.8100000000001,63.159699453551916,3.455382513661202,16.150901639344262,
403507099234101,PHELPS,40.5836771413889,-99.3985091,2005,2005-04-13,,13.26,2295.65,16.376876927629226,11.73095890410959,631.46,64.1328493150685,3.4875890410958905,16.385753424657533,
403507099234101,PHELPS,40.5836771413889,-99.3985091,2006,2006-10-17,,14.76,2295.65,16.876692767235486,12.111013698630138,647.73,59.76945205479451,3.5661095890410954,16.53980821917808,
403507099234101,PHELPS,40.5836771413889,-99.3985091,2007,2007-04-10,,13.61,2295.65,15.53101639113268,11.085424657534245,846.89,69.75419178082191,3.515205479452055,16.23317808219178,
403507099234101,PHELPS,40.5836771413889,-99.3985091,2007,2007-10-10,,12.7,2295.65,15.53101639113268,11.085424657534245,846.89,69.75419178082191,3.515205479452055,16.23317808219178,
403507099234101,PHELPS,40.5836771413889,-99.3985091,2008,2008-04-08,,12.45,2295.65,15.039722901533356,9.928142076502732,875.2,67.25486338797813,3.6044262295081966,16.340491803278688,
403507099254101,PHELPS,40.58520714,-99.42844836,2006,2006-10-17,,25.69,2318.5,24.26566980887584,12.111013698630138,647.73,59.76945205479451,3.5661095890410954,16.53980821917808,
403507099254101,PHELPS,40.58520714,-99.42844836,2007,2007-10-10,,23.43,2318.5,22.129365031698885,11.085424657534245,846.89,69.75419178082191,3.515205479452055,16.23317808219178,
403520099201601,PHELPS,40.5886101475,-99.3416473,2003,2003-04-10,,13.4,2265.95,15.902139571177724,11.669397260273973,498.43,59.134328767123286,3.4380273972602744,16.324191780821916,
403520099201601,PHELPS,40.5886101475,-99.3416473,2004,2004-04-08,,15.78,2265.95,18.358756577210816,11.452868852459016,645.8100000000001,63.159699453551916,3.455382513661202,16.150901639344262,
403520099201601,PHELPS,40.5886101475,-99.3416473,2005,2005-04-13,,16.81,2265.95,19.82106986739574,11.73095890410959,631.46,64.1328493150685,3.4875890410958905,16.385753424657533,
403520099201601,PHELPS,40.5886101475,-99.3416473,2006,2006-10-17,,19.23,2265.95,20.938675194716375,12.111013698630138,647.73,59.76945205479451,3.5661095890410954,16.53980821917808,
403520099201601,PHELPS,40.5886101475,-99.3416473,2007,2007-04-10,,17.47,2265.95,19.74365152760385,11.085424657534245,846.89,69.75419178082191,3.515205479452055,16.23317808219178,
403520099201601,PHELPS,40.5886101475,-99.3416473,2007,2007-10-10,,17.34,2265.95,19.74365152760385,11.085424657534245,846.89,69.75419178082191,3.515205479452055,16.23317808219178,
403520099201601,PHELPS,40.5886101475,-99.3416473,2008,2008-04-08,,14.97,2265.95,17.67341623580972,9.928142076502732,875.2,67.25486338797813,3.6044262295081966,16.340491803278688,
403540099260001,PHELPS,40.5946306,-99.4353739,2006,2006-10-17,,26.9,2323.77,26.07640618719049,12.111013698630138,647.73,59.76945205479451,3.5661095890410954,16.53980821917808,
403540099260001,PHELPS,40.5946306,-99.4353739,2007,2007-10-10,,24.82,2323.77,23.87011963632957,11.085424657534245,846.89,69.75419178082191,3.515205479452055,16.23317808219178,
403625099315401,PHELPS,40.60535831,-99.53303177,2006,2006-10-18,,38.02,2384.53,40.04471875117592,12.111013698630138,647.73,59.76945205479451,3.5661095890410954,16.53980821917808,
403625099315401,PHELPS,40.60535831,-99.53303177,2007,2007-10-11,,35.7,2384.53,39.00096337773792,11.085424657534245,846.89,69.75419178082191,3.515205479452055,16.23317808219178,
403625099361001,PHELPS,40.60535831,-99.60306609,2006,2006-10-17,,89.57,2454.12,86.96829032628649,12.111013698630138,647.73,59.76945205479451,3.5661095890410954,16.53980821917808,
403625099361001,PHELPS,40.60535831,-99.60306609,2007,2007-10-10,,88.14,2454.12,86.83078318653972,11.085424657534245,846.89,69.75419178082191,3.515205479452055,16.23317808219178,
403638099154301,PHELPS,40.60901195,-99.26298962,2006,2006-10-17,,21.0,2222.0,25.7028995147178,12.111013698630138,647.73,59.76945205479451,3.5661095890410954,16.53980821917808,
403638099154301,PHELPS,40.60901195,-99.26298962,2007,2007-10-10,,16.73,2222.0,22.625804891137427,11.085424657534245,846.89,69.75419178082191,3.515205479452055,16.23317808219178,
403644099350001,PHELPS,40.61418514,-99.57972132,2003,2003-04-11,,63.78,2418.26,63.894914578874975,11.669397260273973,498.43,59.134328767123286,3.4380273972602744,16.324191780821916,
403644099350001,PHELPS,40.61418514,-99.57972132,2006,2006-10-18,,71.0,2418.26,69.74265356857543,12.111013698630138,647.73,59.76945205479451,3.5661095890410954,16.53980821917808,
403644099350001,PHELPS,40.61418514,-99.57972132,2007,2007-10-11,,69.92,2418.26,69.15500280643802,11.085424657534245,846.89,69.75419178082191,3.515205479452055,16.23317808219178,
403645099242701,PHELPS,40.61264497222222,-99.40752011111113,2005,2005-07-21,,27.3,2297.96,25.00660475926272,11.73095890410959,631.46,64.1328493150685,3.4875890410958905,16.385753424657533,
403645099242702,PHELPS,40.61264497222222,-99.40752011111113,2005,2005-07-21,,30.54,2297.96,25.00660475926272,11.73095890410959,631.46,64.1328493150685,3.4875890410958905,16.385753424657533,
403645099242702,PHELPS,40.61264497222222,-99.40752011111113,2008,2008-04-04,,20.6,2297.96,19.210459569484996,9.928142076502732,875.2,67.25486338797813,3.6044262295081966,16.340491803278688,
403646099293301,PHELPS,40.6127772,-99.4935704,2003,2003-04-10,,17.89,2354.25,21.51264833576961,11.669397260273973,498.43,59.134328767123286,3.4380273972602744,16.324191780821916,
403646099293301,PHELPS,40.6127772,-99.4935704,2004,2004-04-12,,19.13,2354.25,22.33166007013286,11.452868852459016,645.8100000000001,63.159699453551916,3.455382513661202,16.150901639344262,
403646099293301,PHELPS,40.6127772,-99.4935704,2005,2005-04-13,,18.65,2354.25,23.546195569096493,11.73095890410959,631.46,64.1328493150685,3.4875890410958905,16.385753424657533,
403646099293301,PHELPS,40.6127772,-99.4935704,2006,2006-10-17,,17.28,2354.25,23.588409411764,12.111013698630138,647.73,59.76945205479451,3.5661095890410954,16.53980821917808,
403646099293301,PHELPS,40.6127772,-99.4935704,2007,2007-04-10,,17.54,2354.25,23.24385202089945,11.085424657534245,846.89,69.75419178082191,3.515205479452055,16.23317808219178,
403646099293301,PHELPS,40.6127772,-99.4935704,2007,2007-10-10,,17.18,2354.25,23.24385202089945,11.085424657534245,846.89,69.75419178082191,3.515205479452055,16.23317808219178,
403646099293301,PHELPS,40.6127772,-99.4935704,2008,2008-04-08,,19.47,2354.25,24.616597592354918,9.928142076502732,875.2,67.25486338797813,3.6044262295081966,16.340491803278688,
403651099281401,PHELPS,40.613021,-99.4747929,2003,2003-04-10,,39.4,2345.39,31.85642087430115,11.669397260273973,498.43,59.134328767123286,3.4380273972602744,16.324191780821916,
403651099281401,PHELPS,40.613021,-99.4747929,2005,2005-04-13,,40.9,2345.39,33.476283186146915,11.73095890410959,631.46,64.1328493150685,3.4875890410958905,16.385753424657533,
403651099281401,PHELPS,40.613021,-99.4747929,2006,2006-10-17,,43.93,2345.39,33.3806937382823,12.111013698630138,647.73,59.76945205479451,3.5661095890410954,16.53980821917808,
403651099281401,PHELPS,40.613021,-99.4747929,2007,2007-04-10,,40.8,2345.39,33.89595543270217,11.085424657534245,846.89,69.75419178082191,3.515205479452055,16.23317808219178,
403651099281401,PHELPS,40.613021,-99.4747929,2007,2007-10-10,,41.11,2345.39,33.89595543270217,11.085424657534245,846.89,69.75419178082191,3.515205479452055,16.23317808219178,
403651099281401,PHELPS,40.613021,-99.4747929,2008,2008-04-08,,38.61,2345.39,32.00250623953584,9.928142076502732,875.2,67.25486338797813,3.6044262295081966,16.340491803278688,
403710099104601,PHELPS,40.6195145,-99.17947241666668,2005,2005-06-06,,18.14,2193.97,22.95641680463878,11.73095890410959,631.46,64.1328493150685,3.4875890410958905,16.385753424657533,
403710099104602,PHELPS,40.6195145,-99.17947241666668,2005,2005-06-06,,17.98,2193.97,22.95641680463878,11.73095890410959,631.46,64.1328493150685,3.4875890410958905,16.385753424657533,
403710099104602,PHELPS,40.6195145,-99.17947241666668,2008,2008-04-04,,14.15,2193.97,15.834174956704906,9.928142076502732,875.2,67.25486338797813,3.6044262295081966,16.340491803278688,
403730099373501,PHELPS,40.6268217,-99.6246292,2003,2003-04-11,,84.85,2471.08,84.00200809872211,11.669397260273973,498.43,59.134328767123286,3.4380273972602744,16.324191780821916,
403730099373501,PHELPS,40.6268217,-99.6246292,2004,2004-04-12,,86.83,2471.08,86.0260573661183,11.452868852459016,645.8100000000001,63.159699453551916,3.455382513661202,16.150901639344262,
403730099373501,PHELPS,40.6268217,-99.6246292,2005,2005-04-13,,87.44,2471.08,86.03758836504224,11.73095890410959,631.46,64.1328493150685,3.4875890410958905,16.385753424657533,
403730099373501,PHELPS,40.6268217,-99.6246292,2006,2006-10-17,,90.65,2471.08,87.80449856851979,12.111013698630138,647.73,59.76945205479451,3.5661095890410954,16.53980821917808,
403730099373501,PHELPS,40.6268217,-99.6246292,2007,2007-04-10,,89.46,2471.08,90.13530635567932,11.085424657534245,846.89,69.75419178082191,3.515205479452055,16.23317808219178,
403730099373501,PHELPS,40.6268217,-99.6246292,2007,2007-10-10,,89.65,2471.08,90.13530635567932,11.085424657534245,846.89,69.75419178082191,3.515205479452055,16.23317808219178,
403730099373501,PHELPS,40.6268217,-99.6246292,2008,2008-04-09,,89.53,2471.08,90.61747789684136,9.928142076502732,875.2,67.25486338797813,3.6044262295081966,16.340491803278688,
403738099181101,PHELPS,40.62740444444445,-99.30320513888888,2005,2005-06-06,,20.6,2241.2,18.963471687083445,11.73095890410959,631.46,64.1328493150685,3.4875890410958905,16.385753424657533,
403738099181102,PHELPS,40.62740444444445,-99.30320513888888,2005,2005-06-06,,20.5,2241.2,18.963471687083445,11.73095890410959,631.46,64.1328493150685,3.4875890410958905,16.385753424657533,
403738099181102,PHELPS,40.62740444444445,-99.30320513888888,2008,2008-04-04,,16.46,2241.2,15.537396341080344,9.928142076502732,875.2,67.25486338797813,3.6044262295081966,16.340491803278688,
403739099293601,PHELPS,40.62758555555556,-99.49344,2007,2007-10-09,,27.37,2356.31,26.36981605252988,11.085424657534245,846.89,69.75419178082191,3.515205479452055,16.23317808219178,
403822099324501,PHELPS,40.6415361,-99.5482644,2003,2003-04-10,,35.88,2377.53,33.455560094961726,11.669397260273973,498.43,59.134328767123286,3.4380273972602744,16.324191780821916,
403822099324501,PHELPS,40.6415361,-99.5482644,2004,2004-04-12,,36.58,2377.53,34.49206106179744,11.452868852459016,645.8100000000001,63.159699453551916,3.455382513661202,16.150901639344262,
403822099324501,PHELPS,40.6415361,-99.5482644,2005,2005-04-13,,38.09,2377.53,34.66503199155065,11.73095890410959,631.46,64.1328493150685,3.4875890410958905,16.385753424657533,
403822099324501,PHELPS,40.6415361,-99.5482644,2006,2006-10-17,,39.05,2377.53,37.291028606470896,12.111013698630138,647.73,59.76945205479451,3.5661095890410954,16.53980821917808,
403822099324501,PHELPS,40.6415361,-99.5482644,2007,2007-04-10,,37.38,2377.53,36.1043191759398,11.085424657534245,846.89,69.75419178082191,3.515205479452055,16.23317808219178,
403822099324501,PHELPS,40.6415361,-99.5482644,2007,2007-10-10,,37.63,2377.53,36.1043191759398,11.085424657534245,846.89,69.75419178082191,3.515205479452055,16.23317808219178,
403822099324501,PHELPS,40.6415361,-99.5482644,2008,2008-04-08,,38.61,2377.53,36.49753887588184,9.928142076502732,875.2,67.25486338797813,3.6044262295081966,16.340491803278688,
403831099173501,PHELPS,40.642178,-99.29327591666666,2005,2005-06-06,,13.59,2229.47,16.38601243087635,11.73095890410959,631.46,64.1328493150685,3.4875890410958905,16.385753424657533,
403831099173502,PHELPS,40.642178,-99.29327591666666,2005,2005-06-06,,13.92,2229.47,16.38601243087635,11.73095890410959,631.46,64.1328493150685,3.4875890410958905,16.385753424657533,
403831099173502,PHELPS,40.642178,-99.29327591666666,2008,2008-04-04,,11.25,2229.47,12.211254122209237,9.928142076502732,875.2,67.25486338797813,3.6044262295081966,16.340491803278688,
403832099293501,PHELPS,40.64230694444444,-99.49321833333332,2007,2007-10-09,,21.04,2322.16,20.26677994752164,11.085424657534245,846.89,69.75419178082191,3.515205479452055,16.23317808219178,
403902099313701,PHELPS,40.6483999,-99.5291531,2006,2006-10-17,,35.62,2345.9,27.74015773862375,12.111013698630138,647.73,59.76945205479451,3.5661095890410954,16.53980821917808,
403902099313701,PHELPS,40.6483999,-99.5291531,2007,2007-04-10,,34.88,2345.9,28.004423891130912,11.085424657534245,846.89,69.75419178082191,3.515205479452055,16.23317808219178,
403902099313701,PHELPS,40.6483999,-99.5291531,2007,2007-10-10,,33.42,2345.9,28.004423891130912,11.085424657534245,846.89,69.75419178082191,3.515205479452055,16.23317808219178,
403902099313701,PHELPS,40.6483999,-99.5291531,2008,2008-04-08,,34.19,2345.9,27.227513572807727,9.928142076502732,875.2,67.25486338797813,3.6044262295081966,16.340491803278688,
403915099190801,PHELPS,40.6573434,-99.3214291,2003,2003-04-10,,9.12,2234.03,13.551712507537044,11.669397260273973,498.43,59.134328767123286,3.4380273972602744,16.324191780821916,
403915099190801,PHELPS,40.6573434,-99.3214291,2006,2006-10-17,,10.78,2234.03,14.893122491149288,12.111013698630138,647.73,59.76945205479451,3.5661095890410954,16.53980821917808,
403915099190801,PHELPS,40.6573434,-99.3214291,2007,2007-10-10,,9.5,2234.03,11.884631688854078,11.085424657534245,846.89,69.75419178082191,3.515205479452055,16.23317808219178,
403927099293501,PHELPS,40.65755805555556,-99.49321666666668,2007,2007-10-09,,8.67,2297.65,10.067321302036984,11.085424657534245,846.89,69.75419178082191,3.515205479452055,16.23317808219178,
403928099333601,PHELPS,40.6571948,-99.5612991,2006,2006-04-12,,39.0,2355.41,27.072610098551515,12.111013698630138,647.73,59.76945205479451,3.5661095890410954,16.53980821917808,
403928099333601,PHELPS,40.6571948,-99.5612991,2006,2006-10-17,,39.71,2355.41,27.072610098551515,12.111013698630138,647.73,59.76945205479451,3.5661095890410954,16.53980821917808,
403928099333601,PHELPS,40.6571948,-99.5612991,2007,2007-10-10,,38.0,2355.41,24.19617081705555,11.085424657534245,846.89,69.75419178082191,3.515205479452055,16.23317808219178,
403928099371801,PHELPS,40.655954,-99.6202609,2003,2003-04-10,,80.55,2432.98,66.89543588900395,11.669397260273973,498.43,59.134328767123286,3.4380273972602744,16.324191780821916,
403928099371801,PHELPS,40.655954,-99.6202609,2004,2004-04-12,,81.97,2432.98,68.48630470018198,11.452868852459016,645.8100000000001,63.159699453551916,3.455382513661202,16.150901639344262,
403928099371801,PHELPS,40.655954,-99.6202609,2005,2005-04-13,,82.24,2432.98,66.62306691569876,11.73095890410959,631.46,64.1328493150685,3.4875890410958905,16.385753424657533,
403928099371801,PHELPS,40.655954,-99.6202609,2006,2006-10-17,,83.33,2432.98,63.82687480112983,12.111013698630138,647.73,59.76945205479451,3.5661095890410954,16.53980821917808,
403928099371801,PHELPS,40.655954,-99.6202609,2007,2007-04-10,,82.33,2432.98,70.48205505386849,11.085424657534245,846.89,69.75419178082191,3.515205479452055,16.23317808219178,
403928099371801,PHELPS,40.655954,-99.6202609,2007,2007-10-10,,82.65,2432.98,70.48205505386849,11.085424657534245,846.89,69.75419178082191,3.515205479452055,16.23317808219178,
403928099371801,PHELPS,40.655954,-99.6202609,2008,2008-04-08,,82.57,2432.98,69.62094636260488,9.928142076502732,875.2,67.25486338797813,3.6044262295081966,16.340491803278688,
403941099331901,PHELPS,40.66044972,-99.55637462,2003,2003-04-10,,3.41,2347.21,13.211404250564826,11.669397260273973,498.43,59.134328767123286,3.4380273972602744,16.324191780821916,
403941099331901,PHELPS,40.66044972,-99.55637462,2004,2004-04-12,,4.4,2347.21,14.649868485496482,11.452868852459016,645.8100000000001,63.159699453551916,3.455382513661202,16.150901639344262,
403941099331901,PHELPS,40.66044972,-99.55637462,2005,2005-04-13,,3.35,2347.21,10.133521005606088,11.73095890410959,631.46,64.1328493150685,3.4875890410958905,16.385753424657533,
403941099331901,PHELPS,40.66044972,-99.55637462,2006,2006-04-12,,5.62,2347.21,16.49779021348395,12.111013698630138,647.73,59.76945205479451,3.5661095890410954,16.53980821917808,
403941099331901,PHELPS,40.66044972,-99.55637462,2006,2006-10-17,,4.32,2347.21,16.49779021348395,12.111013698630138,647.73,59.76945205479451,3.5661095890410954,16.53980821917808,
403941099331901,PHELPS,40.66044972,-99.55637462,2007,2007-04-10,,3.44,2347.21,14.860469447134031,11.085424657534245,846.89,69.75419178082191,3.515205479452055,16.23317808219178,
403941099331901,PHELPS,40.66044972,-99.55637462,2007,2007-10-10,,3.61,2347.21,14.860469447134031,11.085424657534245,846.89,69.75419178082191,3.515205479452055,16.23317808219178,
403941099331901,PHELPS,40.66044972,-99.55637462,2008,2008-04-08,,3.6,2347.21,14.606515261745605,9.928142076502732,875.2,67.25486338797813,3.6044262295081966,16.340491803278688,
403941099342701,PHELPS,40.6636923,-99.5766538,2003,2003-04-10,,6.24,2326.71,11.120001845809565,11.669397260273973,498.43,59.134328767123286,3.4380273972602744,16.324191780821916,
403941099342701,PHELPS,40.6636923,-99.5766538,2004,2004-04-12,,7.34,2326.71,12.495237600522293,11.452868852459016,645.8100000000001,63.159699453551916,3.455382513661202,16.150901639344262,
403941099342701,PHELPS,40.6636923,-99.5766538,2005,2005-04-13,,6.93,2326.71,11.131895324234474,11.73095890410959,631.46,64.1328493150685,3.4875890410958905,16.385753424657533,
403941099342701,PHELPS,40.6636923,-99.5766538,2006,2006-10-17,,8.29,2326.71,13.998984704130017,12.111013698630138,647.73,59.76945205479451,3.5661095890410954,16.53980821917808,
403941099342701,PHELPS,40.6636923,-99.5766538,2007,2007-04-10,,6.48,2326.71,12.06405631287585,11.085424657534245,846.89,69.75419178082191,3.515205479452055,16.23317808219178,
403941099342701,PHELPS,40.6636923,-99.5766538,2007,2007-10-10,,6.21,2326.71,12.06405631287585,11.085424657534245,846.89,69.75419178082191,3.515205479452055,16.23317808219178,
403941099342701,PHELPS,40.6636923,-99.5766538,2008,2008-04-08,,6.31,2326.71,12.635546530087677,9.928142076502732,875.2,67.25486338797813,3.6044262295081966,16.340491803278688,
403946099383201,PHELPS,40.66301611111111,-99.64228555555556,2007,2007-10-09,,95.15,2446.94,70.71637534401108,11.085424657534245,846.89,69.75419178082191,3.515205479452055,16.23317808219178,
403949099293501,PHELPS,40.66383277777778,-99.49320805555556,2007,2007-10-09,,4.96,2291.23,7.5581570508456,11.085424657534245,846.89,69.75419178082191,3.515205479452055,16.23317808219178,
404006099282401,PHELPS,40.66854833333333,-99.4734825,2007,2007-10-09,,3.19,2280.04,3.835349065416407,11.085424657534245,846.89,69.75419178082191,3.515205479452055,16.23317808219178,
404007099294001,PHELPS,40.6709022,-99.4936146,2003,2003-04-10,,5.99,2290.54,7.463821320500927,11.669397260273973,498.43,59.134328767123286,3.4380273972602744,16.324191780821916,
404007099294001,PHELPS,40.6709022,-99.4936146,2004,2004-04-12,,6.63,2290.54,8.311657624497771,11.452868852459016,645.8100000000001,63.159699453551916,3.455382513661202,16.150901639344262,
404007099294001,PHELPS,40.6709022,-99.4936146,2005,2005-04-13,,5.9,2290.54,8.073327646745545,11.73095890410959,631.46,64.1328493150685,3.4875890410958905,16.385753424657533,
404007099294001,PHELPS,40.6709022,-99.4936146,2006,2006-10-17,,7.85,2290.54,9.370974975030268,12.111013698630138,647.73,59.76945205479451,3.5661095890410954,16.53980821917808,
404007099294001,PHELPS,40.6709022,-99.4936146,2007,2007-04-10,,6.0,2290.54,6.190546897971725,11.085424657534245,846.89,69.75419178082191,3.515205479452055,16.23317808219178,
404007099294001,PHELPS,40.6709022,-99.4936146,2007,2007-10-10,,8.19,2290.54,6.190546897971725,11.085424657534245,846.89,69.75419178082191,3.515205479452055,16.23317808219178,
404007099294001,PHELPS,40.6709022,-99.4936146,2008,2008-04-08,,7.19,2290.54,6.306364731288869,9.928142076502732,875.2,67.25486338797813,3.6044262295081966,16.340491803278688,
404007099351901,PHELPS,40.6709256,-99.5865622,2003,2003-04-10,,6.07,2322.26,8.304515316900035,11.669397260273973,498.43,59.134328767123286,3.4380273972602744,16.324191780821916,
404007099351901,PHELPS,40.6709256,-99.5865622,2004,2004-04-12,,7.93,2322.26,9.91673043057129,11.452868852459016,645.8100000000001,63.159699453551916,3.455382513661202,16.150901639344262,
404007099351901,PHELPS,40.6709256,-99.5865622,2005,2005-04-13,,7.31,2322.26,8.06691036449596,11.73095890410959,631.46,64.1328493150685,3.4875890410958905,16.385753424657533,
404007099351901,PHELPS,40.6709256,-99.5865622,2006,2006-10-17,,7.91,2322.26,9.470746177794684,12.111013698630138,647.73,59.76945205479451,3.5661095890410954,16.53980821917808,
404007099351901,PHELPS,40.6709256,-99.5865622,2007,2007-04-10,,5.9,2322.26,6.935101848806412,11.085424657534245,846.89,69.75419178082191,3.515205479452055,16.23317808219178,
404007099351901,PHELPS,40.6709256,-99.5865622,2007,2007-10-10,,7.2,2322.26,6.935101848806412,11.085424657534245,846.89,69.75419178082191,3.515205479452055,16.23317808219178,
404007099351901,PHELPS,40.6709256,-99.5865622,2008,2008-04-08,,7.07,2322.26,7.752131360024562,9.928142076502732,875.2,67.25486338797813,3.6044262295081966,16.340491803278688,
404020099355301,PHELPS,40.6710839,-99.5961084,2003,2003-04-10,,4.11,2326.91,12.050111011340096,11.669397260273973,498.43,59.134328767123286,3.4380273972602744,16.324191780821916,
404020099355301,PHELPS,40.6710839,-99.5961084,2004,2004-04-12,,5.58,2326.91,13.579564462826584,11.452868852459016,645.8100000000001,63.159699453551916,3.455382513661202,16.150901639344262,
404020099355301,PHELPS,40.6710839,-99.5961084,2005,2005-04-13,,4.74,2326.91,11.166399569495445,11.73095890410959,631.46,64.1328493150685,3.4875890410958905,16.385753424657533,
404020099355301,PHELPS,40.6710839,-99.5961084,2006,2006-10-17,,5.63,2326.91,12.394512251273657,12.111013698630138,647.73,59.76945205479451,3.5661095890410954,16.53980821917808,
404020099355301,PHELPS,40.6710839,-99.5961084,2007,2007-04-10,,4.52,2326.91,9.0997859135486,11.085424657534245,846.89,69.75419178082191,3.515205479452055,16.23317808219178,
404020099355301,PHELPS,40.6710839,-99.5961084,2007,2007-10-10,,5.22,2326.91,9.0997859135486,11.085424657534245,846.89,69.75419178082191,3.515205479452055,16.23317808219178,
404020099355301,PHELPS,40.6710839,-99.5961084,2008,2008-04-08,,5.04,2326.91,9.446399569038626,9.928142076502732,875.2,67.25486338797813,3.6044262295081966,16.340491803278688,
404033099373001,PHELPS,40.67593911111111,-99.62515633333332,2005,2005-07-21,,17.74,2339.74,24.09304562410189,11.73095890410959,631.46,64.1328493150685,3.4875890410958905,16.385753424657533,
404040099383501,PHELPS,40.67796833333333,-99.64313333333334,2007,2007-10-09,,10.97,2346.64,24.401276319674277,11.085424657534245,846.89,69.75419178082191,3.515205479452055,16.23317808219178,
404059099383501,PHELPS,40.68328583333333,-99.64316027777778,2007,2007-10-09,,14.93,2343.11,17.878525998953627,11.085424657534245,846.89,69.75419178082191,3.515205479452055,16.23317808219178,
404102099373001,PHELPS,40.68405933333333,-99.62523716666666,2005,2005-07-21,,11.76,2334.85,17.976581519450615,11.73095890410959,631.46,64.1328493150685,3.4875890410958905,16.385753424657533,
404102099373002,PHELPS,40.68405933333333,-99.62523716666666,2005,2005-07-21,,20.49,2334.85,17.976581519450615,11.73095890410959,631.46,64.1328493150685,3.4875890410958905,16.385753424657533,
404102099373002,PHELPS,40.68405933333333,-99.62523716666666,2008,2008-04-04,,8.31,2334.85,7.879590804445715,9.928142076502732,875.2,67.25486338797813,3.6044262295081966,16.340491803278688,
402513099164801,PHELPS,40.42006111111111,-99.27985277777778,2011,2011-04-18,Spring,71.47,2278.97,76.51430952461592,10.774520547945205,719.81,64.5308493150685,3.4391506849315068,15.93164383561644,
402421099112000,PHELPS,40.40549166666666,-99.18921666666668,2011,2011-04-18,Spring,53.37,2216.62,58.86751140361064,10.774520547945205,719.81,64.5308493150685,3.4391506849315068,15.93164383561644,
402342099143300,PHELPS,40.39436388888889,-99.24273333333332,2011,2011-04-18,Spring,110.23,2261.52,105.11564177383276,10.774520547945205,719.81,64.5308493150685,3.4391506849315068,15.93164383561644,
402423099152001,PHELPS,40.40643361111111,-99.2555336111111,2011,2011-04-18,Spring,85.6,2261.86,88.71151781086893,10.774520547945205,719.81,64.5308493150685,3.4391506849315068,15.93164383561644,
402200099160700,PHELPS,40.3669,-99.267175,2011,2011-04-18,Spring,148.88,2280.22,146.6861231257413,10.774520547945205,719.81,64.5308493150685,3.4391506849315068,15.93164383561644,
402532099222601,PHELPS,40.42564361111111,-99.37401277777776,2011,2011-04-18,Spring,93.77,2312.94,101.50383731084666,10.774520547945205,719.81,64.5308493150685,3.4391506849315068,15.93164383561644,
402532099222602,PHELPS,40.42564361111111,-99.37401277777776,2011,2011-04-18,Spring,98.83,2312.94,101.50383731084666,10.774520547945205,719.81,64.5308493150685,3.4391506849315068,15.93164383561644,
402320099231001,PHELPS,40.38914722222222,-99.38615277777778,2011,2011-04-18,Spring,216.31,2384.17,202.1525247653381,10.774520547945205,719.81,64.5308493150685,3.4391506849315068,15.93164383561644,
402326099185300,PHELPS,40.390366666666665,-99.31649722222222,2011,2011-04-18,Spring,147.76,2306.56,145.62162281464072,10.774520547945205,719.81,64.5308493150685,3.4391506849315068,15.93164383561644,
402115099213100,PHELPS,40.35468888888889,-99.35943333333331,2011,2011-04-18,Spring,204.54,2345.58,202.37290148070176,10.774520547945205,719.81,64.5308493150685,3.4391506849315068,15.93164383561644,
402435099262900,PHELPS,40.40768055555555,-99.44083333333332,2011,2011-04-21,Spring,208.12,2405.19,193.06423964921103,10.774520547945205,719.81,64.5308493150685,3.4391506849315068,15.93164383561644,
402406099311800,PHELPS,40.40154444444444,-99.52104166666666,2011,2011-04-21,Spring,181.13,2406.07,174.61194002004663,10.774520547945205,719.81,64.5308493150685,3.4391506849315068,15.93164383561644,
402334099293301,PHELPS,40.392735555555554,-99.49248916666669,2011,2011-04-18,Spring,137.0,2343.83,146.16094759203384,10.774520547945205,719.81,64.5308493150685,3.4391506849315068,15.93164383561644,
402334099293302,PHELPS,40.392735555555554,-99.49248916666669,2011,2011-04-18,Spring,137.19,2343.83,146.16094759203384,10.774520547945205,719.81,64.5308493150685,3.4391506849315068,15.93164383561644,
402159099301600,PHELPS,40.3649,-99.50220555555556,2011,2011-04-21,Spring,179.26,2377.49,172.71349004475044,10.774520547945205,719.81,64.5308493150685,3.4391506849315068,15.93164383561644,
402107099262000,PHELPS,40.35080555555556,-99.43768055555556,2011,2011-04-21,Spring,200.34,2363.91,200.1749510639241,10.774520547945205,719.81,64.5308493150685,3.4391506849315068,15.93164383561644,
402609099350800,PHELPS,40.43199166666666,-99.58200277777776,2011,2011-04-21,Spring,174.7,2443.0,166.02572514426862,10.774520547945205,719.81,64.5308493150685,3.4391506849315068,15.93164383561644,
402756099270601,PHELPS,40.46631944,-99.4548306,2000,2000-04-25,,83.78,2351.9,92.98523201012516,11.749371584699455,552.94,58.68125683060109,3.488169398907104,16.321967213114753,
402835099281401,PHELPS,40.47235556,-99.4740667,2000,2000-04-25,,90.1,2369.23,93.4954125438739,11.749371584699455,552.94,58.68125683060109,3.488169398907104,16.321967213114753,
402835099281401,PHELPS,40.47235556,-99.4740667,2005,2005-04-13,,96.0,2369.23,102.30910770171818,11.73095890410959,631.46,64.1328493150685,3.4875890410958905,16.385753424657533,
402919099104601,PHELPS,40.4886216022222,-99.1795852,2006,2006-10-16,,26.59,2229.35,27.710568986215375,12.111013698630138,647.73,59.76945205479451,3.5661095890410954,16.53980821917808,
402919099104601,PHELPS,40.4886216022222,-99.1795852,2007,2007-04-09,,26.17,2229.35,26.401714525936494,11.085424657534245,846.89,69.75419178082191,3.515205479452055,16.23317808219178,
403322099254102,PHELPS,40.554275,-99.4303056,2000,2000-04-25,,15.17,2335.12,14.351030795499277,11.749371584699455,552.94,58.68125683060109,3.488169398907104,16.321967213114753,
403322099254102,PHELPS,40.554275,-99.4303056,2005,2005-04-13,,12.72,2335.12,14.721036925724928,11.73095890410959,631.46,64.1328493150685,3.4875890410958905,16.385753424657533,
403322099254102,PHELPS,40.554275,-99.4303056,2006,2006-04-12,,18.86,2335.12,18.565845634444457,12.111013698630138,647.73,59.76945205479451,3.5661095890410954,16.53980821917808,
403322099264902,PHELPS,40.55435556,-99.4489917,2000,2000-04-25,,13.41,2343.0,14.666723051962428,11.749371584699455,552.94,58.68125683060109,3.488169398907104,16.321967213114753,
403322099264902,PHELPS,40.55435556,-99.4489917,2005,2005-04-13,,13.78,2343.0,16.047475360310532,11.73095890410959,631.46,64.1328493150685,3.4875890410958905,16.385753424657533,
403322099264902,PHELPS,40.55435556,-99.4489917,2006,2006-04-12,,17.88,2343.0,18.829996883157445,12.111013698630138,647.73,59.76945205479451,3.5661095890410954,16.53980821917808,
403453099322801,PHELPS,40.58267778,-99.5435778,2000,2000-04-28,,70.36,2442.77,61.62971892360575,11.749371584699455,552.94,58.68125683060109,3.488169398907104,16.321967213114753,
403453099322801,PHELPS,40.58267778,-99.5435778,2001,2001-05-08,,71.0,2442.77,61.85479096747542,11.778054794520548,626.51,63.07638356164384,3.403150684931507,16.479589041095892,
403518099235901,PHELPS,40.58844167,-99.3996972,2002,2002-08-27,,18.1,2299.02,14.271245056767846,11.747835616438357,380.73,56.3613698630137,3.648383561643836,16.674520547945203,
403540099260002,PHELPS,40.5944542,-99.4337128,2006,2006-04-12,,27.92,2322.58,25.968613232657617,12.111013698630138,647.73,59.76945205479451,3.5661095890410954,16.53980821917808,
403954099335301,PHELPS,40.6640455,-99.5668126,2000,2000-04-25,Spring,11.75,2327.34,14.487982455428996,11.749371584699455,552.94,58.68125683060109,3.488169398907104,16.321967213114753,
403954099335301,PHELPS,40.6640455,-99.5668126,2001,2001-05-07,Spring,10.86,2327.34,14.01915094030129,11.778054794520548,626.51,63.07638356164384,3.403150684931507,16.479589041095892,
404007099250701,PHELPS,40.67069444,-99.4177056,2000,2000-04-25,,5.83,2261.69,6.067651208024095,11.749371584699455,552.94,58.68125683060109,3.488169398907104,16.321967213114753,
404007099250701,PHELPS,40.67069444,-99.4177056,2001,2001-05-07,,5.38,2261.69,5.831101657466732,11.778054794520548,626.51,63.07638356164384,3.403150684931507,16.479589041095892,
404007099252401,PHELPS,40.6706222,-99.4270139,2000,2000-04-25,,6.0,2267.06,5.491436619922697,11.749371584699455,552.94,58.68125683060109,3.488169398907104,16.321967213114753,
404007099252401,PHELPS,40.6706222,-99.4270139,2001,2001-05-07,,6.11,2267.06,5.468670062375179,11.778054794520548,626.51,63.07638356164384,3.403150684931507,16.479589041095892,
404007099252401,PHELPS,40.6706222,-99.4270139,2008,2008-04-08,,1.54,2267.06,3.617378318489739,9.928142076502732,875.2,67.25486338797813,3.6044262295081966,16.340491803278688,
402458099344401,PHELPS,40.41608027777777,-99.57890388888887,2011,2011-04-18,Spring,170.63,2426.49,162.43773740411103,10.774520547945205,719.81,64.5308493150685,3.4391506849315068,15.93164383561644,
402458099344402,PHELPS,40.41608027777777,-99.57890388888887,2011,2011-04-18,Spring,170.7,2426.49,162.43773740411103,10.774520547945205,719.81,64.5308493150685,3.4391506849315068,15.93164383561644,
402404099383400,PHELPS,40.40166972222222,-99.64190722222224,2011,2011-04-21,Spring,86.94,2363.94,88.93646460705548,10.774520547945205,719.81,64.5308493150685,3.4391506849315068,15.93164383561644,
402233099341700,PHELPS,40.376269444444446,-99.57279166666666,2011,2011-04-21,Spring,111.49,2335.32,110.1507693119135,10.774520547945205,719.81,64.5308493150685,3.4391506849315068,15.93164383561644,
402110099140001,PHELPS,40.351999,-99.2329232,2011,2011-04-18,Spring,167.67,2283.76,152.65434179489793,10.774520547945205,719.81,64.5308493150685,3.4391506849315068,15.93164383561644,
402532099235801,PHELPS,40.42582814,-99.40068743,2011,2011-04-19,Spring,114.09,2321.09,123.94568493417988,10.774520547945205,719.81,64.5308493150685,3.4391506849315068,15.93164383561644,
402124099201601,PHELPS,40.3563466,-99.3403749,2011,2011-04-18,Spring,181.84,2318.47,185.9691974720536,10.774520547945205,719.81,64.5308493150685,3.4391506849315068,15.93164383561644,
403104099130201,PHELPS,40.5179145,-99.2173248,2011,2011-04-19,Spring,25.39,2242.62,24.57776385019736,10.774520547945205,719.81,64.5308493150685,3.4391506849315068,15.93164383561644,
403124099152601,PHELPS,40.52215595,-99.25856338,2011,2011-04-19,Spring,42.52,2258.2,31.313162139724277,10.774520547945205,719.81,64.5308493150685,3.4391506849315068,15.93164383561644,
402952099161701,PHELPS,40.49624602,-99.2746825,2011,2011-04-18,Spring,18.32,2255.28,22.83372360371754,10.774520547945205,719.81,64.5308493150685,3.4391506849315068,15.93164383561644,
403037099135301,PHELPS,40.5105526386111,-99.2316379,2011,2011-04-18,Spring,17.29,2239.33,21.88130256086894,10.774520547945205,719.81,64.5308493150685,3.4391506849315068,15.93164383561644,
403037099111401,PHELPS,40.5103457694444,-99.1873426,2011,2011-04-18,Spring,28.58,2237.5,27.213032690461134,10.774520547945205,719.81,64.5308493150685,3.4391506849315068,15.93164383561644,
402952099114401,PHELPS,40.4961238363889,-99.1985012,2011,2011-04-18,Spring,34.2,2246.17,28.93660631680058,10.774520547945205,719.81,64.5308493150685,3.4391506849315068,15.93164383561644,
402905099115301,PHELPS,40.4848551,-99.1983097,2011,2011-04-18,Spring,30.15,2241.11,28.39129972441223,10.774520547945205,719.81,64.5308493150685,3.4391506849315068,15.93164383561644,
402919099104601,PHELPS,40.4886216022222,-99.1795852,2011,2011-04-18,Spring,22.12,2229.35,23.79056262131724,10.774520547945205,719.81,64.5308493150685,3.4391506849315068,15.93164383561644,
402853099104601,PHELPS,40.4815796,-99.179559,2011,2011-04-18,Spring,15.16,2221.31,23.018746262163766,10.774520547945205,719.81,64.5308493150685,3.4391506849315068,15.93164383561644,
402945099151900,PHELPS,40.49312395,-99.25285328,2011,2011-04-18,Spring,17.25,2243.78,19.91878822717086,10.774520547945205,719.81,64.5308493150685,3.4391506849315068,15.93164383561644,
402853099152001,PHELPS,40.4816481,-99.2557469,2011,2011-04-18,Spring,23.82,2251.06,22.04499447388383,10.774520547945205,719.81,64.5308493150685,3.4391506849315068,15.93164383561644,
402851099130101,PHELPS,40.4809986,-99.2168379,2011,2011-04-18,Spring,27.81,2244.15,27.3680489076558,10.774520547945205,719.81,64.5308493150685,3.4391506849315068,15.93164383561644,
403014099213701,PHELPS,40.50113773,-99.35723759,2011,2011-04-19,Spring,33.76,2325.73,34.994186476407386,10.774520547945205,719.81,64.5308493150685,3.4391506849315068,15.93164383561644,
402924099235501,PHELPS,40.4901949,-99.398706,2011,2011-04-19,Spring,50.42,2336.37,51.372007410359465,10.774520547945205,719.81,64.5308493150685,3.4391506849315068,15.93164383561644,
402716099212401,PHELPS,40.4529071,-99.3592878,2011,2011-04-19,Spring,68.05,2307.74,70.3769343282842,10.774520547945205,719.81,64.5308493150685,3.4391506849315068,15.93164383561644,
403123099261501,PHELPS,40.52446389,-99.436875,2011,2011-04-20,Spring,39.89,2361.96,37.98021078484539,10.774520547945205,719.81,64.5308493150685,3.4391506849315068,15.93164383561644,
403125099295701,PHELPS,40.5247252,-99.4992246,2011,2011-04-20,Spring,63.35,2402.13,64.07270245086073,10.774520547945205,719.81,64.5308493150685,3.4391506849315068,15.93164383561644,
403037099313401,PHELPS,40.5104684,-99.5262137,2011,2011-04-20,Spring,75.09,2408.97,84.03559951044535,10.774520547945205,719.81,64.5308493150685,3.4391506849315068,15.93164383561644,
402821099282901,PHELPS,40.47215973,-99.47068872,2011,2011-04-20,Spring,91.88,2363.91,95.16058949637284,10.774520547945205,719.81,64.5308493150685,3.4391506849315068,15.93164383561644,
403638099154301,PHELPS,40.60901195,-99.26298962,2011,2011-04-19,Spring,13.43,2222.0,17.508113181185767,10.774520547945205,719.81,64.5308493150685,3.4391506849315068,15.93164383561644,
403453099141801,PHELPS,40.58307501,-99.2365144,2011,2011-04-19,Spring,48.19,2255.34,32.937556728791904,10.774520547945205,719.81,64.5308493150685,3.4391506849315068,15.93164383561644,
403328099181202,PHELPS,40.5577906,-99.3033482,2011,2011-04-19,Spring,28.44,2272.01,25.76589989415105,10.774520547945205,719.81,64.5308493150685,3.4391506849315068,15.93164383561644,
403335099150901,PHELPS,40.55977478,-99.25286046,2011,2011-04-19,Spring,29.44,2241.29,28.48467990276499,10.774520547945205,719.81,64.5308493150685,3.4391506849315068,15.93164383561644,
403348099114401,PHELPS,40.5613598133333,-99.1983188,2011,2011-04-18,Spring,35.23,2236.17,26.005019203950507,10.774520547945205,719.81,64.5308493150685,3.4391506849315068,15.93164383561644,
403507099234101,PHELPS,40.5836771413889,-99.3985091,2011,2011-04-19,Spring,9.34,2295.65,11.87508068514916,10.774520547945205,719.81,64.5308493150685,3.4391506849315068,15.93164383561644,
403520099201601,PHELPS,40.5886101475,-99.3416473,2011,2011-04-19,Spring,11.45,2265.95,13.542967644016166,10.774520547945205,719.81,64.5308493150685,3.4391506849315068,15.93164383561644,
403453099190801,PHELPS,40.5807096794444,-99.3229107,2011,2011-04-19,Spring,34.8,2282.14,23.917537197212784,10.774520547945205,719.81,64.5308493150685,3.4391506849315068,15.93164383561644,
403322099210701,PHELPS,40.55622914,-99.3528114,2011,2011-04-19,Spring,19.14,2284.27,15.763381016030593,10.774520547945205,719.81,64.5308493150685,3.4391506849315068,15.93164383561644,
403322099201601,PHELPS,40.5547811,-99.3416484,2011,2011-04-19,Spring,5.74,2267.67,13.984481523085702,10.774520547945205,719.81,64.5308493150685,3.4391506849315068,15.93164383561644,
403138099235801,PHELPS,40.5255500233333,-99.399115,2011,2011-04-19,Spring,23.25,2328.14,26.01115063671055,10.774520547945205,719.81,64.5308493150685,3.4391506849315068,15.93164383561644,
403138099190801,PHELPS,40.5255972,-99.3224515,2011,2011-04-19,Spring,22.59,2277.27,23.627368605561017,10.774520547945205,719.81,64.5308493150685,3.4391506849315068,15.93164383561644,
403540099260001,PHELPS,40.5946306,-99.4353739,2011,2011-04-20,Spring,22.03,2323.77,18.919741126523483,10.774520547945205,719.81,64.5308493150685,3.4391506849315068,15.93164383561644,
403507099254101,PHELPS,40.58520714,-99.42844836,2011,2011-04-20,Spring,21.3,2318.5,17.886259270226073,10.774520547945205,719.81,64.5308493150685,3.4391506849315068,15.93164383561644,
403433099250001,PHELPS,40.576331,-99.4179046,2011,2011-04-20,Spring,15.72,2315.55,14.7953516694444,10.774520547945205,719.81,64.5308493150685,3.4391506849315068,15.93164383561644,
403454099304801,PHELPS,40.57931189,-99.51412709,2011,2011-04-20,Spring,32.44,2390.5,35.1222384715623,10.774520547945205,719.81,64.5308493150685,3.4391506849315068,15.93164383561644,
403322099304801,PHELPS,40.5542755075,-99.5122815,2011,2011-04-20,Spring,54.37,2411.43,53.409233419478326,10.774520547945205,719.81,64.5308493150685,3.4391506849315068,15.93164383561644,
403322099272302,PHELPS,40.5545803,-99.4609332,2011,2011-04-20,Spring,14.67,2349.56,14.969176224618415,10.774520547945205,719.81,64.5308493150685,3.4391506849315068,15.93164383561644,
403322099264901,PHELPS,40.5543545569444,-99.4489925,2011,2011-04-20,Spring,12.25,2342.74,13.160301318206937,10.774520547945205,719.81,64.5308493150685,3.4391506849315068,15.93164383561644,
403322099254101,PHELPS,40.5542755,-99.4303042,2011,2011-04-20,Spring,15.02,2335.12,13.674159290966754,10.774520547945205,719.81,64.5308493150685,3.4391506849315068,15.93164383561644,
403309099250701,PHELPS,40.5543784,-99.4199673,2011,2011-04-20,Spring,9.27,2322.67,13.219898766127889,10.774520547945205,719.81,64.5308493150685,3.4391506849315068,15.93164383561644,
403224099261801,PHELPS,40.54167314,-99.43849253,2011,2011-04-20,Spring,19.3,2347.7,20.59126876655567,10.774520547945205,719.81,64.5308493150685,3.4391506849315068,15.93164383561644,
403309099281401,PHELPS,40.5521635,-99.4737128,2011,2011-04-20,Spring,13.52,2354.64,19.197325801148004,10.774520547945205,719.81,64.5308493150685,3.4391506849315068,15.93164383561644,
403217099312001,PHELPS,40.5392815,-99.5207383,2011,2011-04-20,Spring,96.9,2451.89,74.73376488780143,10.774520547945205,719.81,64.5308493150685,3.4391506849315068,15.93164383561644,
403625099315401,PHELPS,40.60535831,-99.53303177,2011,2011-04-20,Spring,32.11,2384.53,35.15193430498933,10.774520547945205,719.81,64.5308493150685,3.4391506849315068,15.93164383561644,
403625099361001,PHELPS,40.60535831,-99.60306609,2011,2011-04-20,Spring,85.32,2454.12,77.35989120180527,10.774520547945205,719.81,64.5308493150685,3.4391506849315068,15.93164383561644,
403558099371801,PHELPS,40.5994522,-99.622055,2011,2011-04-20,Spring,70.66,2483.53,79.97078111557735,10.774520547945205,719.81,64.5308493150685,3.4391506849315068,15.93164383561644,
403431099362101,PHELPS,40.5754557,-99.6058865,2011,2011-04-20,Spring,87.1,2477.16,81.00197174737201,10.774520547945205,719.81,64.5308493150685,3.4391506849315068,15.93164383561644,
403322099371801,PHELPS,40.5557047,-99.6247601,2011,2011-04-20,Spring,75.65,2465.78,90.50407532596998,10.774520547945205,719.81,64.5308493150685,3.4391506849315068,15.93164383561644,
403137099330201,PHELPS,40.5263766547222,-99.5496279,2011,2011-04-20,Spring,52.92,2405.25,70.83382809813426,10.774520547945205,719.81,64.5308493150685,3.4391506849315068,15.93164383561644,
403915099190801,PHELPS,40.6573434,-99.3214291,2011,2011-04-19,Spring,8.07,2234.03,10.851243803674937,10.774520547945205,719.81,64.5308493150685,3.4391506849315068,15.93164383561644,
403954099255801,PHELPS,40.667854,-99.4364595,2011,2011-04-20,Spring,1.05,2268.93,3.0694488264301905,10.774520547945205,719.81,64.5308493150685,3.4391506849315068,15.93164383561644,
404007099294001,PHELPS,40.6709022,-99.4936146,2011,2011-04-20,Spring,6.05,2290.54,4.847760174758626,10.774520547945205,719.81,64.5308493150685,3.4391506849315068,15.93164383561644,
403902099313701,PHELPS,40.6483999,-99.5291531,2011,2011-04-20,Spring,32.73,2345.9,25.928394660030445,10.774520547945205,719.81,64.5308493150685,3.4391506849315068,15.93164383561644,
403739099281601,PHELPS,40.627653,-99.4742905,2011,2011-04-20,Spring,19.42,2324.54,20.09926136067842,10.774520547945205,719.81,64.5308493150685,3.4391506849315068,15.93164383561644,
403646099293301,PHELPS,40.6127772,-99.4935704,2011,2011-04-20,Spring,17.59,2354.25,23.778949738271123,10.774520547945205,719.81,64.5308493150685,3.4391506849315068,15.93164383561644,
403651099281401,PHELPS,40.613021,-99.4747929,2011,2011-04-20,Spring,34.86,2345.39,25.669136942198808,10.774520547945205,719.81,64.5308493150685,3.4391506849315068,15.93164383561644,
404020099355301,PHELPS,40.6710839,-99.5961084,2011,2011-04-20,Spring,3.84,2326.91,9.23993094482519,10.774520547945205,719.81,64.5308493150685,3.4391506849315068,15.93164383561644,
403928099333601,PHELPS,40.6571948,-99.5612991,2011,2011-04-20,Spring,37.53,2355.41,22.94136771251671,10.774520547945205,719.81,64.5308493150685,3.4391506849315068,15.93164383561644,
403941099331901,PHELPS,40.66044972,-99.55637462,2011,2011-04-20,Spring,2.75,2347.21,16.4829302744796,10.774520547945205,719.81,64.5308493150685,3.4391506849315068,15.93164383561644,
403941099342701,PHELPS,40.6636923,-99.5766538,2011,2011-04-20,Spring,5.48,2326.71,13.04102633861966,10.774520547945205,719.81,64.5308493150685,3.4391506849315068,15.93164383561644,
404007099351901,PHELPS,40.6709256,-99.5865622,2011,2011-04-20,Spring,5.71,2322.26,7.454075619563302,10.774520547945205,719.81,64.5308493150685,3.4391506849315068,15.93164383561644,
403928099371801,PHELPS,40.655954,-99.6202609,2011,2011-04-20,Spring,81.33,2432.98,61.14728423794236,10.774520547945205,719.81,64.5308493150685,3.4391506849315068,15.93164383561644,
403822099324501,PHELPS,40.6415361,-99.5482644,2011,2011-04-20,Spring,37.2,2377.53,32.62118181029785,10.774520547945205,719.81,64.5308493150685,3.4391506849315068,15.93164383561644,
403730099373501,PHELPS,40.6268217,-99.6246292,2011,2011-04-20,Spring,88.03,2471.08,83.82499582458529,10.774520547945205,719.81,64.5308493150685,3.4391506849315068,15.93164383561644,
402853099135101,PHELPS,40.48150472222223,-99.23095833333332,2011,2011-04-28,Spring,27.26,2247.07,25.552869208114963,10.774520547945205,719.81,64.5308493150685,3.4391506849315068,15.93164383561644,
402853099135102,PHELPS,40.48150472222223,-99.23095833333332,2011,2011-04-28,Spring,27.32,2247.07,25.552869208114963,10.774520547945205,719.81,64.5308493150685,3.4391506849315068,15.93164383561644,
402854099213801,PHELPS,40.48158305555556,-99.36045888888889,2011,2011-04-28,Spring,50.4,2315.4,49.51496191204306,10.774520547945205,719.81,64.5308493150685,3.4391506849315068,15.93164383561644,
402854099213802,PHELPS,40.48158305555556,-99.36045888888889,2011,2011-04-28,Spring,50.55,2315.4,49.51496191204306,10.774520547945205,719.81,64.5308493150685,3.4391506849315068,15.93164383561644,
402630099305500,PHELPS,40.44133611111111,-99.51204166666666,2011,2011-04-21,Spring,176.35,2426.38,170.45407900412246,10.774520547945205,719.81,64.5308493150685,3.4391506849315068,15.93164383561644,
402636099271801,PHELPS,40.44343083333333,-99.45505,2011,2011-04-28,Spring,133.33,2362.54,132.22510798644507,10.774520547945205,719.81,64.5308493150685,3.4391506849315068,15.93164383561644,
402636099271802,PHELPS,40.44343083333333,-99.45505,2011,2011-04-28,Spring,132.21,2362.54,132.22510798644507,10.774520547945205,719.81,64.5308493150685,3.4391506849315068,15.93164383561644,
402906099342201,PHELPS,40.485083333333336,-99.57288888888888,2011,2011-04-21,Spring,149.48,2458.82,144.62814441512663,10.774520547945205,719.81,64.5308493150685,3.4391506849315068,15.93164383561644,
402813099382100,PHELPS,40.46941944444445,-99.63914166666667,2011,2011-04-21,Spring,154.83,2473.68,150.28082825241984,10.774520547945205,719.81,64.5308493150685,3.4391506849315068,15.93164383561644,
402756099320601,PHELPS,40.46654722222223,-99.53547222222224,2011,2011-04-21,Spring,165.04,2446.36,159.30298336499098,10.774520547945205,719.81,64.5308493150685,3.4391506849315068,15.93164383561644,
402649099350601,PHELPS,40.44692,-99.58488888888888,2011,2011-04-27,Spring,147.23,2428.0,151.76020248835167,10.774520547945205,719.81,64.5308493150685,3.4391506849315068,15.93164383561644,
402649099350602,PHELPS,40.44692,-99.58488888888888,2011,2011-04-27,Spring,148.11,2428.0,151.76020248835167,10.774520547945205,719.81,64.5308493150685,3.4391506849315068,15.93164383561644,
403408099130501,PHELPS,40.56878722222223,-99.21816944444444,2011,2011-04-28,Spring,12.27,2216.56,16.367547530503504,10.774520547945205,719.81,64.5308493150685,3.4391506849315068,15.93164383561644,
403408099130502,PHELPS,40.56878722222223,-99.21816944444444,2011,2011-04-28,Spring,12.11,2216.56,16.367547530503504,10.774520547945205,719.81,64.5308493150685,3.4391506849315068,15.93164383561644,
403645099242701,PHELPS,40.61264497222222,-99.40752011111113,2011,2011-04-28,Spring,16.42,2297.96,15.840347214733626,10.774520547945205,719.81,64.5308493150685,3.4391506849315068,15.93164383561644,
403645099242702,PHELPS,40.61264497222222,-99.40752011111113,2011,2011-04-28,Spring,17.16,2297.96,15.840347214733626,10.774520547945205,719.81,64.5308493150685,3.4391506849315068,15.93164383561644,
403350099282701,PHELPS,40.56375277777777,-99.47419805555556,2011,2011-04-28,Spring,12.22,2351.95,14.267863005157302,10.774520547945205,719.81,64.5308493150685,3.4391506849315068,15.93164383561644,
403350099282702,PHELPS,40.56375277777777,-99.47419805555556,2011,2011-04-28,Spring,12.48,2351.95,14.267863005157302,10.774520547945205,719.81,64.5308493150685,3.4391506849315068,15.93164383561644,
403315099351501,PHELPS,40.554270555555554,-99.58744083333332,2011,2011-04-27,Spring,67.99,2447.59,71.92545092324762,10.774520547945205,719.81,64.5308493150685,3.4391506849315068,15.93164383561644,
403315099351502,PHELPS,40.554270555555554,-99.58744083333332,2011,2011-04-27,Spring,69.99,2447.59,71.92545092324762,10.774520547945205,719.81,64.5308493150685,3.4391506849315068,15.93164383561644,
403738099181101,PHELPS,40.62740444444445,-99.30320513888888,2011,2011-04-28,Spring,14.52,2241.2,12.760383534196722,10.774520547945205,719.81,64.5308493150685,3.4391506849315068,15.93164383561644,
403738099181102,PHELPS,40.62740444444445,-99.30320513888888,2011,2011-04-28,Spring,14.44,2241.2,12.760383534196722,10.774520547945205,719.81,64.5308493150685,3.4391506849315068,15.93164383561644,
403831099173501,PHELPS,40.642178,-99.29327591666666,2011,2011-04-28,Spring,9.58,2229.47,10.475454554903786,10.774520547945205,719.81,64.5308493150685,3.4391506849315068,15.93164383561644,
403831099173502,PHELPS,40.642178,-99.29327591666666,2011,2011-04-28,Spring,9.92,2229.47,10.475454554903786,10.774520547945205,719.81,64.5308493150685,3.4391506849315068,15.93164383561644,
403710099104601,PHELPS,40.6195145,-99.17947241666668,2011,2011-04-28,Spring,13.68,2193.97,15.761478519283784,10.774520547945205,719.81,64.5308493150685,3.4391506849315068,15.93164383561644,
403710099104602,PHELPS,40.6195145,-99.17947241666668,2011,2011-04-28,Spring,13.92,2193.97,15.761478519283784,10.774520547945205,719.81,64.5308493150685,3.4391506849315068,15.93164383561644,
403903099214301,PHELPS,40.650864722222224,-99.3618686111111,2011,2011-04-28,Spring,6.29,2248.47,6.320177671112576,10.774520547945205,719.81,64.5308493150685,3.4391506849315068,15.93164383561644,
403903099214302,PHELPS,40.650864722222224,-99.3618686111111,2011,2011-04-28,Spring,6.37,2248.47,6.320177671112576,10.774520547945205,719.81,64.5308493150685,3.4391506849315068,15.93164383561644,
404006099282401,PHELPS,40.66854833333333,-99.4734825,2011,2011-04-21,Spring,1.94,2280.04,2.5696987007612373,10.774520547945205,719.81,64.5308493150685,3.4391506849315068,15.93164383561644,
403927099293501,PHELPS,40.65755805555556,-99.49321666666668,2011,2011-04-21,Spring,7.37,2297.65,8.66932937972717,10.774520547945205,719.81,64.5308493150685,3.4391506849315068,15.93164383561644,
403949099293501,PHELPS,40.66383277777778,-99.49320805555556,2011,2011-04-21,Spring,3.97,2291.23,6.220746467409712,10.774520547945205,719.81,64.5308493150685,3.4391506849315068,15.93164383561644,
403959099282801,PHELPS,40.66638638888889,-99.47439194444443,2011,2011-04-21,Spring,2.85,2282.17,3.1766697847332703,10.774520547945205,719.81,64.5308493150685,3.4391506849315068,15.93164383561644,
403959099282802,PHELPS,40.66638638888889,-99.47439194444443,2011,2011-04-21,Spring,2.95,2282.17,3.1766697847332703,10.774520547945205,719.81,64.5308493150685,3.4391506849315068,15.93164383561644,
403832099293501,PHELPS,40.64230694444444,-99.49321833333332,2011,2011-04-21,Spring,19.44,2322.16,18.532178883394,10.774520547945205,719.81,64.5308493150685,3.4391506849315068,15.93164383561644,
403739099293601,PHELPS,40.62758555555556,-99.49344,2011,2011-04-21,Spring,30.63,2356.31,25.646278838225637,10.774520547945205,719.81,64.5308493150685,3.4391506849315068,15.93164383561644,
404033099373001,PHELPS,40.67593911111111,-99.62515633333332,2011,2011-04-21,Spring,8.25,2339.74,14.288021407716723,10.774520547945205,719.81,64.5308493150685,3.4391506849315068,15.93164383561644,
404040099383501,PHELPS,40.67796833333333,-99.64313333333334,2011,2011-04-21,Spring,10.21,2346.64,20.637761665250093,10.774520547945205,719.81,64.5308493150685,3.4391506849315068,15.93164383561644,
404059099383501,PHELPS,40.68328583333333,-99.64316027777778,2011,2011-04-21,Spring,12.44,2343.11,14.340218419380744,10.774520547945205,719.81,64.5308493150685,3.4391506849315068,15.93164383561644,
404102099373001,PHELPS,40.68405933333333,-99.62523716666666,2011,2011-04-21,Spring,8.07,2334.85,6.435864279949673,10.774520547945205,719.81,64.5308493150685,3.4391506849315068,15.93164383561644,
404102099373002,PHELPS,40.68405933333333,-99.62523716666666,2011,2011-04-21,Spring,6.49,2334.85,6.435864279949673,10.774520547945205,719.81,64.5308493150685,3.4391506849315068,15.93164383561644,
403946099383201,PHELPS,40.66301611111111,-99.64228555555556,2011,2011-04-21,Spring,93.79,2446.94,69.53573691132009,10.774520547945205,719.81,64.5308493150685,3.4391506849315068,15.93164383561644,
402334099293302,PHELPS,40.392735555555554,-99.49248916666669,2008,2008-05-27,Spring,138.78,2343.83,148.5637500725701,9.928142076502732,875.2,67.25486338797813,3.6044262295081966,16.340491803278688,
402334099293302,PHELPS,40.392735555555554,-99.49248916666669,2010,2010-10-07,Fall,139.03,2343.83,147.4542630831203,10.826602739726027,732.57,68.62682191780821,3.4420821917808215,16.382575342465753,
402334099293301,PHELPS,40.392735555555554,-99.49248916666669,2008,2008-05-27,Spring,138.98,2343.83,148.5637500725701,9.928142076502732,875.2,67.25486338797813,3.6044262295081966,16.340491803278688,
402334099293301,PHELPS,40.392735555555554,-99.49248916666669,2010,2010-10-07,Fall,138.76,2343.83,147.4542630831203,10.826602739726027,732.57,68.62682191780821,3.4420821917808215,16.382575342465753,
08N 20W 06 AAA,PHELPS,40.68138,-99.62646,2011,2011-05-02,Spring,3.44,2336.24,8.698561170344652,10.774520547945205,719.81,64.5308493150685,3.4391506849315068,15.93164383561644,
402340099353701,PHELPS,40.39445302,-99.59399869,2011,2011-05-09,Spring,24.62,2264.29,75.42283225182292,10.774520547945205,719.81,64.5308493150685,3.4391506849315068,15.93164383561644,
402524099201601,PHELPS,40.42334431,-99.33815365,2011,2011-05-09,Spring,112.01,2312.07,107.17284714520387,10.774520547945205,719.81,64.5308493150685,3.4391506849315068,15.93164383561644,
403123099261501,PHELPS,40.52446389,-99.436875,2011,2011-05-09,,42.04,2361.96,37.98021078484539,10.774520547945205,719.81,64.5308493150685,3.4391506849315068,15.93164383561644,
403132099381001,PHELPS,40.52556319,-99.63650076,2011,2011-05-09,Spring,150.99,2517.21,136.15490726311216,10.774520547945205,719.81,64.5308493150685,3.4391506849315068,15.93164383561644,
403217099235801,PHELPS,40.53806574,-99.39982287,2011,2011-05-09,Spring,22.35,2321.45,20.519077154611587,10.774520547945205,719.81,64.5308493150685,3.4391506849315068,15.93164383561644,
403922099223301,PHELPS,40.65834351,-99.38037703,2011,2011-05-09,Spring,7.2,2253.27,6.759815303461955,10.774520547945205,719.81,64.5308493150685,3.4391506849315068,15.93164383561644,
404016099370201,PHELPS,40.6711189,-99.61760995,2011,2011-05-09,Spring,4.89,2335.44,17.345751871234917,10.774520547945205,719.81,64.5308493150685,3.4391506849315068,15.93164383561644,
402513099164801,PHELPS,40.42006111111111,-99.27985277777778,2011,2011-10-31,Fall,73.62,2278.97,76.51430952461592,10.774520547945205,719.81,64.5308493150685,3.4391506849315068,15.93164383561644,
402421099112000,PHELPS,40.40549166666666,-99.18921666666668,2011,2011-11-07,Fall,55.09,2216.62,58.86751140361064,10.774520547945205,719.81,64.5308493150685,3.4391506849315068,15.93164383561644,
402342099143300,PHELPS,40.39436388888889,-99.24273333333332,2011,2011-10-31,Fall,110.42,2261.52,105.11564177383276,10.774520547945205,719.81,64.5308493150685,3.4391506849315068,15.93164383561644,
402423099152001,PHELPS,40.40643361111111,-99.2555336111111,2011,2011-10-26,Fall,86.38,2261.86,88.71151781086893,10.774520547945205,719.81,64.5308493150685,3.4391506849315068,15.93164383561644,
402200099160700,PHELPS,40.3669,-99.267175,2011,2011-10-31,Fall,147.98,2280.22,146.6861231257413,10.774520547945205,719.81,64.5308493150685,3.4391506849315068,15.93164383561644,
402532099222601,PHELPS,40.42564361111111,-99.37401277777776,2011,2011-10-26,Fall,94.93,2312.94,101.50383731084666,10.774520547945205,719.81,64.5308493150685,3.4391506849315068,15.93164383561644,
402532099222602,PHELPS,40.42564361111111,-99.37401277777776,2011,2011-10-26,Fall,100.05,2312.94,101.50383731084666,10.774520547945205,719.81,64.5308493150685,3.4391506849315068,15.93164383561644,
402320099231001,PHELPS,40.38914722222222,-99.38615277777778,2011,2011-10-31,Fall,216.92,2384.17,202.1525247653381,10.774520547945205,719.81,64.5308493150685,3.4391506849315068,15.93164383561644,
402326099185300,PHELPS,40.390366666666665,-99.31649722222222,2011,2011-10-31,Fall,147.78,2306.56,145.62162281464072,10.774520547945205,719.81,64.5308493150685,3.4391506849315068,15.93164383561644,
402115099213100,PHELPS,40.35468888888889,-99.35943333333331,2011,2011-10-31,Fall,204.68,2345.58,202.37290148070176,10.774520547945205,719.81,64.5308493150685,3.4391506849315068,15.93164383561644,
402435099262900,PHELPS,40.40768055555555,-99.44083333333332,2011,2011-11-04,Fall,208.21,2405.19,193.06423964921103,10.774520547945205,719.81,64.5308493150685,3.4391506849315068,15.93164383561644,
402406099311800,PHELPS,40.40154444444444,-99.52104166666666,2011,2011-11-04,Fall,181.81,2406.07,174.61194002004663,10.774520547945205,719.81,64.5308493150685,3.4391506849315068,15.93164383561644,
402334099293301,PHELPS,40.392735555555554,-99.49248916666669,2011,2011-10-26,Fall,137.69,2343.83,146.16094759203384,10.774520547945205,719.81,64.5308493150685,3.4391506849315068,15.93164383561644,
402334099293302,PHELPS,40.392735555555554,-99.49248916666669,2011,2011-10-26,Fall,137.79,2343.83,146.16094759203384,10.774520547945205,719.81,64.5308493150685,3.4391506849315068,15.93164383561644,
402159099301600,PHELPS,40.3649,-99.50220555555556,2011,2011-11-04,Fall,182.85,2377.49,172.71349004475044,10.774520547945205,719.81,64.5308493150685,3.4391506849315068,15.93164383561644,
402107099262000,PHELPS,40.35080555555556,-99.43768055555556,2011,2011-11-04,Fall,200.95,2363.91,200.1749510639241,10.774520547945205,719.81,64.5308493150685,3.4391506849315068,15.93164383561644,
402609099350800,PHELPS,40.43199166666666,-99.58200277777776,2011,2011-11-04,Fall,175.32,2443.0,166.02572514426862,10.774520547945205,719.81,64.5308493150685,3.4391506849315068,15.93164383561644,
402458099344401,PHELPS,40.41608027777777,-99.57890388888887,2011,2011-10-26,Fall,171.36,2426.49,162.43773740411103,10.774520547945205,719.81,64.5308493150685,3.4391506849315068,15.93164383561644,
402458099344402,PHELPS,40.41608027777777,-99.57890388888887,2011,2011-10-26,Fall,171.44,2426.49,162.43773740411103,10.774520547945205,719.81,64.5308493150685,3.4391506849315068,15.93164383561644,
402404099383400,PHELPS,40.40166972222222,-99.64190722222224,2011,2011-11-04,Fall,87.66,2363.94,88.93646460705548,10.774520547945205,719.81,64.5308493150685,3.4391506849315068,15.93164383561644,
402233099341700,PHELPS,40.376269444444446,-99.57279166666666,2011,2011-11-04,Fall,111.65,2335.32,110.1507693119135,10.774520547945205,719.81,64.5308493150685,3.4391506849315068,15.93164383561644,
402853099135101,PHELPS,40.48150472222223,-99.23095833333332,2011,2011-10-25,Fall,25.94,2247.07,25.552869208114963,10.774520547945205,719.81,64.5308493150685,3.4391506849315068,15.93164383561644,
402853099135102,PHELPS,40.48150472222223,-99.23095833333332,2011,2011-10-25,Fall,24.9,2247.07,25.552869208114963,10.774520547945205,719.81,64.5308493150685,3.4391506849315068,15.93164383561644,
402854099213801,PHELPS,40.48158305555556,-99.36045888888889,2011,2011-10-26,Fall,50.68,2315.4,49.51496191204306,10.774520547945205,719.81,64.5308493150685,3.4391506849315068,15.93164383561644,
402854099213802,PHELPS,40.48158305555556,-99.36045888888889,2011,2011-10-26,Fall,50.77,2315.4,49.51496191204306,10.774520547945205,719.81,64.5308493150685,3.4391506849315068,15.93164383561644,
402630099305500,PHELPS,40.44133611111111,-99.51204166666666,2011,2011-11-04,Fall,177.46,2426.38,170.45407900412246,10.774520547945205,719.81,64.5308493150685,3.4391506849315068,15.93164383561644,
402636099271801,PHELPS,40.44343083333333,-99.45505,2011,2011-10-26,Fall,134.39,2362.54,132.22510798644507,10.774520547945205,719.81,64.5308493150685,3.4391506849315068,15.93164383561644,
402636099271802,PHELPS,40.44343083333333,-99.45505,2011,2011-10-26,Fall,133.18,2362.54,132.22510798644507,10.774520547945205,719.81,64.5308493150685,3.4391506849315068,15.93164383561644,
402906099342201,PHELPS,40.485083333333336,-99.57288888888888,2011,2011-11-04,Fall,149.86,2458.82,144.62814441512663,10.774520547945205,719.81,64.5308493150685,3.4391506849315068,15.93164383561644,
402813099382100,PHELPS,40.46941944444445,-99.63914166666667,2011,2011-11-04,Fall,156.34,2473.68,150.28082825241984,10.774520547945205,719.81,64.5308493150685,3.4391506849315068,15.93164383561644,
402756099320601,PHELPS,40.46654722222223,-99.53547222222224,2011,2011-11-04,Fall,165.12,2446.36,159.30298336499098,10.774520547945205,719.81,64.5308493150685,3.4391506849315068,15.93164383561644,
402649099350601,PHELPS,40.44692,-99.58488888888888,2011,2011-10-26,Fall,148.63,2428.0,151.76020248835167,10.774520547945205,719.81,64.5308493150685,3.4391506849315068,15.93164383561644,
402649099350602,PHELPS,40.44692,-99.58488888888888,2011,2011-10-26,Fall,149.44,2428.0,151.76020248835167,10.774520547945205,719.81,64.5308493150685,3.4391506849315068,15.93164383561644,
403408099130501,PHELPS,40.56878722222223,-99.21816944444444,2011,2011-10-25,Fall,12.41,2216.56,16.367547530503504,10.774520547945205,719.81,64.5308493150685,3.4391506849315068,15.93164383561644,
403408099130502,PHELPS,40.56878722222223,-99.21816944444444,2011,2011-10-25,Fall,12.09,2216.56,16.367547530503504,10.774520547945205,719.81,64.5308493150685,3.4391506849315068,15.93164383561644,
403645099242701,PHELPS,40.61264497222222,-99.40752011111113,2011,2011-10-25,Fall,16.66,2297.96,15.840347214733626,10.774520547945205,719.81,64.5308493150685,3.4391506849315068,15.93164383561644,
403645099242702,PHELPS,40.61264497222222,-99.40752011111113,2011,2011-10-25,Fall,17.17,2297.96,15.840347214733626,10.774520547945205,719.81,64.5308493150685,3.4391506849315068,15.93164383561644,
403350099282701,PHELPS,40.56375277777777,-99.47419805555556,2011,2011-10-25,Fall,8.95,2351.95,14.267863005157302,10.774520547945205,719.81,64.5308493150685,3.4391506849315068,15.93164383561644,
403350099282702,PHELPS,40.56375277777777,-99.47419805555556,2011,2011-10-25,Fall,9.16,2351.95,14.267863005157302,10.774520547945205,719.81,64.5308493150685,3.4391506849315068,15.93164383561644,
403315099351501,PHELPS,40.554270555555554,-99.58744083333332,2011,2011-10-25,Fall,67.14,2447.59,71.92545092324762,10.774520547945205,719.81,64.5308493150685,3.4391506849315068,15.93164383561644,
403315099351502,PHELPS,40.554270555555554,-99.58744083333332,2011,2011-10-25,Fall,68.89,2447.59,71.92545092324762,10.774520547945205,719.81,64.5308493150685,3.4391506849315068,15.93164383561644,
403738099181101,PHELPS,40.62740444444445,-99.30320513888888,2011,2011-10-24,Fall,12.7,2241.2,12.760383534196722,10.774520547945205,719.81,64.5308493150685,3.4391506849315068,15.93164383561644,
403738099181102,PHELPS,40.62740444444445,-99.30320513888888,2011,2011-10-24,Fall,12.61,2241.2,12.760383534196722,10.774520547945205,719.81,64.5308493150685,3.4391506849315068,15.93164383561644,
403831099173501,PHELPS,40.642178,-99.29327591666666,2011,2011-10-24,Fall,8.3,2229.47,10.475454554903786,10.774520547945205,719.81,64.5308493150685,3.4391506849315068,15.93164383561644,
403831099173502,PHELPS,40.642178,-99.29327591666666,2011,2011-10-24,Fall,8.71,2229.47,10.475454554903786,10.774520547945205,719.81,64.5308493150685,3.4391506849315068,15.93164383561644,
403710099104601,PHELPS,40.6195145,-99.17947241666668,2011,2011-10-24,Fall,13.1,2193.97,15.761478519283784,10.774520547945205,719.81,64.5308493150685,3.4391506849315068,15.93164383561644,
403710099104602,PHELPS,40.6195145,-99.17947241666668,2011,2011-10-24,Fall,13.45,2193.97,15.761478519283784,10.774520547945205,719.81,64.5308493150685,3.4391506849315068,15.93164383561644,
403903099214301,PHELPS,40.650864722222224,-99.3618686111111,2011,2011-10-24,Fall,5.83,2248.47,6.320177671112576,10.774520547945205,719.81,64.5308493150685,3.4391506849315068,15.93164383561644,
403903099214302,PHELPS,40.650864722222224,-99.3618686111111,2011,2011-10-24,Fall,5.93,2248.47,6.320177671112576,10.774520547945205,719.81,64.5308493150685,3.4391506849315068,15.93164383561644,
404006099282401,PHELPS,40.66854833333333,-99.4734825,2011,2011-10-24,Fall,1.92,2280.04,2.5696987007612373,10.774520547945205,719.81,64.5308493150685,3.4391506849315068,15.93164383561644,
403927099293501,PHELPS,40.65755805555556,-99.49321666666668,2011,2011-10-24,Fall,7.79,2297.65,8.66932937972717,10.774520547945205,719.81,64.5308493150685,3.4391506849315068,15.93164383561644,
403949099293501,PHELPS,40.66383277777778,-99.49320805555556,2011,2011-10-24,Fall,4.13,2291.23,6.220746467409712,10.774520547945205,719.81,64.5308493150685,3.4391506849315068,15.93164383561644,
403959099282801,PHELPS,40.66638638888889,-99.47439194444443,2011,2011-10-24,Fall,3.2,2282.17,3.1766697847332703,10.774520547945205,719.81,64.5308493150685,3.4391506849315068,15.93164383561644,
403959099282802,PHELPS,40.66638638888889,-99.47439194444443,2011,2011-10-24,Fall,3.2,2282.17,3.1766697847332703,10.774520547945205,719.81,64.5308493150685,3.4391506849315068,15.93164383561644,
403832099293501,PHELPS,40.64230694444444,-99.49321833333332,2011,2011-10-24,Fall,19.11,2322.16,18.532178883394,10.774520547945205,719.81,64.5308493150685,3.4391506849315068,15.93164383561644,
403739099293601,PHELPS,40.62758555555556,-99.49344,2011,2011-10-24,Fall,28.06,2356.31,25.646278838225637,10.774520547945205,719.81,64.5308493150685,3.4391506849315068,15.93164383561644,
404033099373001,PHELPS,40.67593911111111,-99.62515633333332,2011,2011-10-25,Fall,6.32,2339.74,14.288021407716723,10.774520547945205,719.81,64.5308493150685,3.4391506849315068,15.93164383561644,
404040099383501,PHELPS,40.67796833333333,-99.64313333333334,2011,2011-10-25,Fall,7.61,2346.64,20.637761665250093,10.774520547945205,719.81,64.5308493150685,3.4391506849315068,15.93164383561644,
404059099383501,PHELPS,40.68328583333333,-99.64316027777778,2011,2011-10-25,Fall,11.84,2343.11,14.340218419380744,10.774520547945205,719.81,64.5308493150685,3.4391506849315068,15.93164383561644,
404102099373001,PHELPS,40.68405933333333,-99.62523716666666,2011,2011-10-25,Fall,7.78,2334.85,6.435864279949673,10.774520547945205,719.81,64.5308493150685,3.4391506849315068,15.93164383561644,
404102099373002,PHELPS,40.68405933333333,-99.62523716666666,2011,2011-10-25,Fall,6.02,2334.85,6.435864279949673,10.774520547945205,719.81,64.5308493150685,3.4391506849315068,15.93164383561644,
403946099383201,PHELPS,40.66301611111111,-99.64228555555556,2011,2011-10-25,Fall,91.95,2446.94,69.53573691132009,10.774520547945205,719.81,64.5308493150685,3.4391506849315068,15.93164383561644,
402107099262000,PHELPS,40.35080555555556,-99.43768055555556,2010,2010-04-19,Spring,201.56,2363.91,197.80098916292192,10.826602739726027,732.57,68.62682191780821,3.4420821917808215,16.382575342465753,
402107099262000,PHELPS,40.35080555555556,-99.43768055555556,2009,2009-10-27,Fall,202.43,2363.91,201.5680674576608,9.77372602739726,654.45,68.90076712328766,3.458410958904109,15.795123287671233,
402110099140001,PHELPS,40.351999,-99.2329232,2009,2009-10-14,Fall,169.88,2283.76,159.9172077774126,9.77372602739726,654.45,68.90076712328766,3.458410958904109,15.795123287671233,
402110099140001,PHELPS,40.351999,-99.2329232,2010,2010-04-22,Spring,168.73,2283.76,150.7770203738461,10.826602739726027,732.57,68.62682191780821,3.4420821917808215,16.382575342465753,
402115099213100,PHELPS,40.35468888888889,-99.35943333333331,2010,2010-04-19,Spring,205.57,2345.58,199.24573831192504,10.826602739726027,732.57,68.62682191780821,3.4420821917808215,16.382575342465753,
402115099213100,PHELPS,40.35468888888889,-99.35943333333331,2009,2009-10-26,Fall,208.09,2345.58,204.3824341627744,9.77372602739726,654.45,68.90076712328766,3.458410958904109,15.795123287671233,
402124099201601,PHELPS,40.3563466,-99.3403749,2009,2009-10-14,Fall,184.09,2318.47,187.12579405073825,9.77372602739726,654.45,68.90076712328766,3.458410958904109,15.795123287671233,
402124099201601,PHELPS,40.3563466,-99.3403749,2010,2010-04-22,Spring,182.8,2318.47,185.6010100726827,10.826602739726027,732.57,68.62682191780821,3.4420821917808215,16.382575342465753,
402159099301600,PHELPS,40.3649,-99.50220555555556,2010,2010-04-19,Spring,182.93,2377.49,167.50165630088517,10.826602739726027,732.57,68.62682191780821,3.4420821917808215,16.382575342465753,
402159099301600,PHELPS,40.3649,-99.50220555555556,2009,2009-10-27,Fall,183.63,2377.49,174.72889892215687,9.77372602739726,654.45,68.90076712328766,3.458410958904109,15.795123287671233,
402200099160700,PHELPS,40.3669,-99.267175,2010,2010-04-19,Spring,149.03,2280.22,145.77582314889176,10.826602739726027,732.57,68.62682191780821,3.4420821917808215,16.382575342465753,
402200099160700,PHELPS,40.3669,-99.267175,2009,2009-10-26,Fall,160.7,2280.22,152.4602365342165,9.77372602739726,654.45,68.90076712328766,3.458410958904109,15.795123287671233,
402233099341700,PHELPS,40.376269444444446,-99.57279166666666,2010,2010-04-19,Spring,112.12,2335.32,110.07960569246382,10.826602739726027,732.57,68.62682191780821,3.4420821917808215,16.382575342465753,
402233099341700,PHELPS,40.376269444444446,-99.57279166666666,2009,2009-10-27,Fall,112.82,2335.32,121.9959024864212,9.77372602739726,654.45,68.90076712328766,3.458410958904109,15.795123287671233,
402320099231001,PHELPS,40.38914722222222,-99.38615277777778,2010,2010-04-19,Spring,221.11,2384.17,194.0362699611099,10.826602739726027,732.57,68.62682191780821,3.4420821917808215,16.382575342465753,
402320099231001,PHELPS,40.38914722222222,-99.38615277777778,2009,2009-10-26,Fall,220.98,2384.17,205.2308888718947,9.77372602739726,654.45,68.90076712328766,3.458410958904109,15.795123287671233,
402326099185300,PHELPS,40.390366666666665,-99.31649722222222,2010,2010-04-19,Spring,149.28,2306.56,145.4390663318066,10.826602739726027,732.57,68.62682191780821,3.4420821917808215,16.382575342465753,
402326099185300,PHELPS,40.390366666666665,-99.31649722222222,2009,2009-10-26,Fall,150.59,2306.56,148.28481839390548,9.77372602739726,654.45,68.90076712328766,3.458410958904109,15.795123287671233,
402334099293301,PHELPS,40.392735555555554,-99.49248916666669,2010,2010-04-21,Spring,138.06,2343.83,147.4542630831203,10.826602739726027,732.57,68.62682191780821,3.4420821917808215,16.382575342465753,
402334099293301,PHELPS,40.392735555555554,-99.49248916666669,2009,2009-10-27,Fall,139.2,2343.83,148.31529896970105,9.77372602739726,654.45,68.90076712328766,3.458410958904109,15.795123287671233,
402334099293302,PHELPS,40.392735555555554,-99.49248916666669,2010,2010-04-21,Spring,138.37,2343.83,147.4542630831203,10.826602739726027,732.57,68.62682191780821,3.4420821917808215,16.382575342465753,
402334099293302,PHELPS,40.392735555555554,-99.49248916666669,2009,2009-10-27,Fall,139.07,2343.83,148.31529896970105,9.77372602739726,654.45,68.90076712328766,3.458410958904109,15.795123287671233,
402342099143300,PHELPS,40.39436388888889,-99.24273333333332,2010,2010-04-19,Spring,109.65,2261.52,104.01582760930708,10.826602739726027,732.57,68.62682191780821,3.4420821917808215,16.382575342465753,
402342099143300,PHELPS,40.39436388888889,-99.24273333333332,2009,2009-10-26,Fall,111.16,2261.52,107.09289627590778,9.77372602739726,654.45,68.90076712328766,3.458410958904109,15.795123287671233,
402404099383400,PHELPS,40.40166972222222,-99.64190722222224,2010,2010-04-19,Spring,87.86,2363.94,91.4932618019687,10.826602739726027,732.57,68.62682191780821,3.4420821917808215,16.382575342465753,
402404099383400,PHELPS,40.40166972222222,-99.64190722222224,2009,2009-10-27,Fall,89.39,2363.94,97.0411763632047,9.77372602739726,654.45,68.90076712328766,3.458410958904109,15.795123287671233,
402406099311800,PHELPS,40.40154444444444,-99.52104166666666,2010,2010-04-19,Spring,182.24,2406.07,168.4139957382016,10.826602739726027,732.57,68.62682191780821,3.4420821917808215,16.382575342465753,
402406099311800,PHELPS,40.40154444444444,-99.52104166666666,2009,2009-10-27,Fall,183.29,2406.07,175.95644716154524,9.77372602739726,654.45,68.90076712328766,3.458410958904109,15.795123287671233,
402421099112000,PHELPS,40.40549166666666,-99.18921666666668,2010,2010-04-19,Spring,56.39,2216.62,64.82270517042902,10.826602739726027,732.57,68.62682191780821,3.4420821917808215,16.382575342465753,
402421099112000,PHELPS,40.40549166666666,-99.18921666666668,2009,2009-10-26,Fall,57.92,2216.62,62.51136034417121,9.77372602739726,654.45,68.90076712328766,3.458410958904109,15.795123287671233,
402423099152001,PHELPS,40.40643361111111,-99.2555336111111,2010,2010-04-21,Spring,87.51,2261.86,91.7506561241388,10.826602739726027,732.57,68.62682191780821,3.4420821917808215,16.382575342465753,
402423099152001,PHELPS,40.40643361111111,-99.2555336111111,2009,2009-10-26,Fall,89.58,2261.86,92.71893468918056,9.77372602739726,654.45,68.90076712328766,3.458410958904109,15.795123287671233,
402435099262900,PHELPS,40.40768055555555,-99.44083333333332,2010,2010-04-19,Spring,209.63,2405.19,183.5693591795194,10.826602739726027,732.57,68.62682191780821,3.4420821917808215,16.382575342465753,
402435099262900,PHELPS,40.40768055555555,-99.44083333333332,2009,2009-10-27,Fall,210.99,2405.19,194.2035192340604,9.77372602739726,654.45,68.90076712328766,3.458410958904109,15.795123287671233,
402458099344401,PHELPS,40.41608027777777,-99.57890388888887,2010,2010-04-21,Spring,171.13,2426.49,154.83965832322554,10.826602739726027,732.57,68.62682191780821,3.4420821917808215,16.382575342465753,
402458099344401,PHELPS,40.41608027777777,-99.57890388888887,2009,2009-10-27,Fall,172.39,2426.49,168.73694939129587,9.77372602739726,654.45,68.90076712328766,3.458410958904109,15.795123287671233,
402458099344402,PHELPS,40.41608027777777,-99.57890388888887,2010,2010-04-21,Spring,171.25,2426.49,154.83965832322554,10.826602739726027,732.57,68.62682191780821,3.4420821917808215,16.382575342465753,
402513099164801,PHELPS,40.42006111111111,-99.27985277777778,2010,2010-04-19,Spring,73.92,2278.97,81.86075056465657,10.826602739726027,732.57,68.62682191780821,3.4420821917808215,16.382575342465753,
402513099164801,PHELPS,40.42006111111111,-99.27985277777778,2009,2009-10-26,Fall,77.57,2278.97,79.69692973050634,9.77372602739726,654.45,68.90076712328766,3.458410958904109,15.795123287671233,
402532099222601,PHELPS,40.42564361111111,-99.37401277777776,2010,2010-04-21,Spring,96.28,2312.94,107.86996511877832,10.826602739726027,732.57,68.62682191780821,3.4420821917808215,16.382575342465753,
402532099222601,PHELPS,40.42564361111111,-99.37401277777776,2009,2009-10-26,Fall,98.71,2312.94,106.00760736881264,9.77372602739726,654.45,68.90076712328766,3.458410958904109,15.795123287671233,
402532099222602,PHELPS,40.42564361111111,-99.37401277777776,2010,2010-04-21,Spring,101.76,2312.94,107.86996511877832,10.826602739726027,732.57,68.62682191780821,3.4420821917808215,16.382575342465753,
402532099222602,PHELPS,40.42564361111111,-99.37401277777776,2009,2009-10-26,Fall,103.86,2312.94,106.00760736881264,9.77372602739726,654.45,68.90076712328766,3.458410958904109,15.795123287671233,
402532099235801,PHELPS,40.42582814,-99.40068743,2009,2009-10-15,Fall,118.93,2321.09,125.00527120338796,9.77372602739726,654.45,68.90076712328766,3.458410958904109,15.795123287671233,
402532099235801,PHELPS,40.42582814,-99.40068743,2010,2010-04-23,Spring,117.19,2321.09,126.52140978977616,10.826602739726027,732.57,68.62682191780821,3.4420821917808215,16.382575342465753,
402609099350800,PHELPS,40.43199166666666,-99.58200277777776,2010,2010-04-19,Spring,175.56,2443.0,160.26018381546896,10.826602739726027,732.57,68.62682191780821,3.4420821917808215,16.382575342465753,
402609099350800,PHELPS,40.43199166666666,-99.58200277777776,2009,2009-10-27,Fall,177.13,2443.0,169.11161958672227,9.77372602739726,654.45,68.90076712328766,3.458410958904109,15.795123287671233,
402630099305500,PHELPS,40.44133611111111,-99.51204166666666,2010,2010-04-19,Spring,180.23,2426.38,165.77799648208017,10.826602739726027,732.57,68.62682191780821,3.4420821917808215,16.382575342465753,
402630099305500,PHELPS,40.44133611111111,-99.51204166666666,2009,2009-10-27,Fall,179.97,2426.38,171.90003433890382,9.77372602739726,654.45,68.90076712328766,3.458410958904109,15.795123287671233,
402636099271801,PHELPS,40.44343083333333,-99.45505,2010,2010-04-22,Spring,135.06,2362.54,132.8862447645292,10.826602739726027,732.57,68.62682191780821,3.4420821917808215,16.382575342465753,
402636099271801,PHELPS,40.44343083333333,-99.45505,2009,2009-10-27,Fall,137.09,2362.54,135.98556465646317,9.77372602739726,654.45,68.90076712328766,3.458410958904109,15.795123287671233,
402636099271802,PHELPS,40.44343083333333,-99.45505,2010,2010-04-22,Spring,133.94,2362.54,132.8862447645292,10.826602739726027,732.57,68.62682191780821,3.4420821917808215,16.382575342465753,
402636099271802,PHELPS,40.44343083333333,-99.45505,2009,2009-10-27,Fall,136.01,2362.54,135.98556465646317,9.77372602739726,654.45,68.90076712328766,3.458410958904109,15.795123287671233,
402649099350601,PHELPS,40.44692,-99.58488888888888,2010,2010-04-21,Spring,147.99,2428.0,152.81878617583115,10.826602739726027,732.57,68.62682191780821,3.4420821917808215,16.382575342465753,
402649099350601,PHELPS,40.44692,-99.58488888888888,2009,2009-10-27,Fall,151.29,2428.0,154.99831981324795,9.77372602739726,654.45,68.90076712328766,3.458410958904109,15.795123287671233,
402649099350602,PHELPS,40.44692,-99.58488888888888,2010,2010-04-21,Spring,149.13,2428.0,152.81878617583115,10.826602739726027,732.57,68.62682191780821,3.4420821917808215,16.382575342465753,
402649099350602,PHELPS,40.44692,-99.58488888888888,2009,2009-10-27,Fall,151.49,2428.0,154.99831981324795,9.77372602739726,654.45,68.90076712328766,3.458410958904109,15.795123287671233,
402716099212401,PHELPS,40.4529071,-99.3592878,2009,2009-10-15,Fall,74.07,2307.74,74.14466257986027,9.77372602739726,654.45,68.90076712328766,3.458410958904109,15.795123287671233,
402716099212401,PHELPS,40.4529071,-99.3592878,2010,2010-04-23,Spring,69.98,2307.74,73.87774192726623,10.826602739726027,732.57,68.62682191780821,3.4420821917808215,16.382575342465753,
402756099320601,PHELPS,40.46654722222223,-99.53547222222224,2010,2010-04-19,Spring,166.73,2446.36,154.76958487680452,10.826602739726027,732.57,68.62682191780821,3.4420821917808215,16.382575342465753,
402756099320601,PHELPS,40.46654722222223,-99.53547222222224,2009,2009-10-27,Fall,168.87,2446.36,160.78720271517852,9.77372602739726,654.45,68.90076712328766,3.458410958904109,15.795123287671233,
402813099382100,PHELPS,40.46941944444445,-99.63914166666667,2010,2010-04-19,Spring,156.01,2473.68,148.00030226232755,10.826602739726027,732.57,68.62682191780821,3.4420821917808215,16.382575342465753,
402813099382100,PHELPS,40.46941944444445,-99.63914166666667,2009,2009-10-28,Fall,158.35,2473.68,154.06952552730246,9.77372602739726,654.45,68.90076712328766,3.458410958904109,15.795123287671233,
402853099104601,PHELPS,40.4815796,-99.179559,2010,2010-04-22,Spring,16.04,2221.31,24.89423807972304,10.826602739726027,732.57,68.62682191780821,3.4420821917808215,16.382575342465753,
402853099135101,PHELPS,40.48150472222223,-99.23095833333332,2010,2010-04-21,Spring,28.57,2247.07,26.908036877858983,10.826602739726027,732.57,68.62682191780821,3.4420821917808215,16.382575342465753,
402853099135101,PHELPS,40.48150472222223,-99.23095833333332,2009,2009-10-16,Fall,28.83,2247.07,28.257743521279355,9.77372602739726,654.45,68.90076712328766,3.458410958904109,15.795123287671233,
402853099135102,PHELPS,40.48150472222223,-99.23095833333332,2010,2010-04-21,Spring,27.78,2247.07,26.908036877858983,10.826602739726027,732.57,68.62682191780821,3.4420821917808215,16.382575342465753,
402853099135102,PHELPS,40.48150472222223,-99.23095833333332,2009,2009-10-16,Fall,28.72,2247.07,28.257743521279355,9.77372602739726,654.45,68.90076712328766,3.458410958904109,15.795123287671233,
402853099152001,PHELPS,40.4816481,-99.2557469,2009,2009-10-14,Fall,25.38,2251.06,25.15288930691782,9.77372602739726,654.45,68.90076712328766,3.458410958904109,15.795123287671233,
402853099152001,PHELPS,40.4816481,-99.2557469,2010,2010-04-22,Spring,24.05,2251.06,23.795393501549,10.826602739726027,732.57,68.62682191780821,3.4420821917808215,16.382575342465753,
402854099213801,PHELPS,40.48158305555556,-99.36045888888889,2010,2010-04-21,Spring,53.05,2315.4,51.54614715566317,10.826602739726027,732.57,68.62682191780821,3.4420821917808215,16.382575342465753,
402854099213801,PHELPS,40.48158305555556,-99.36045888888889,2009,2009-10-16,Fall,56.49,2315.4,54.10490741098301,9.77372602739726,654.45,68.90076712328766,3.458410958904109,15.795123287671233,
402854099213802,PHELPS,40.48158305555556,-99.36045888888889,2010,2010-04-21,Spring,53.24,2315.4,51.54614715566317,10.826602739726027,732.57,68.62682191780821,3.4420821917808215,16.382575342465753,
402854099213802,PHELPS,40.48158305555556,-99.36045888888889,2009,2009-10-16,Fall,56.59,2315.4,54.10490741098301,9.77372602739726,654.45,68.90076712328766,3.458410958904109,15.795123287671233,
402905099115301,PHELPS,40.4848551,-99.1983097,2010,2010-04-22,Spring,30.68,2241.11,28.828748482164865,10.826602739726027,732.57,68.62682191780821,3.4420821917808215,16.382575342465753,
402906099342201,PHELPS,40.485083333333336,-99.57288888888888,2010,2010-04-19,Spring,151.09,2458.82,142.814510341871,10.826602739726027,732.57,68.62682191780821,3.4420821917808215,16.382575342465753,
402906099342201,PHELPS,40.485083333333336,-99.57288888888888,2009,2009-10-27,Fall,153.1,2458.82,146.49751919357226,9.77372602739726,654.45,68.90076712328766,3.458410958904109,15.795123287671233,
402919099104601,PHELPS,40.4886216022222,-99.1795852,2009,2009-10-14,Fall,24.56,2229.35,26.51694198396918,9.77372602739726,654.45,68.90076712328766,3.458410958904109,15.795123287671233,
402919099104601,PHELPS,40.4886216022222,-99.1795852,2010,2010-04-22,Spring,23.7,2229.35,25.1042949057552,10.826602739726027,732.57,68.62682191780821,3.4420821917808215,16.382575342465753,
402924099235501,PHELPS,40.4901949,-99.398706,2009,2009-10-15,Fall,52.47,2336.37,54.80687679677879,9.77372602739726,654.45,68.90076712328766,3.458410958904109,15.795123287671233,
402924099235501,PHELPS,40.4901949,-99.398706,2010,2010-04-23,Spring,52.53,2336.37,53.75616579911697,10.826602739726027,732.57,68.62682191780821,3.4420821917808215,16.382575342465753,
402952099114401,PHELPS,40.4961238363889,-99.1985012,2010,2010-04-22,Spring,34.77,2246.17,28.634308197348805,10.826602739726027,732.57,68.62682191780821,3.4420821917808215,16.382575342465753,
402952099161701,PHELPS,40.49624602,-99.2746825,2009,2009-10-14,Fall,19.29,2255.28,24.08020393385915,9.77372602739726,654.45,68.90076712328766,3.458410958904109,15.795123287671233,
402952099161701,PHELPS,40.49624602,-99.2746825,2010,2010-04-22,Spring,19.15,2255.28,24.505625239977093,10.826602739726027,732.57,68.62682191780821,3.4420821917808215,16.382575342465753,
403014099213701,PHELPS,40.50113773,-99.35723759,2009,2009-10-15,Fall,26.05,2325.73,35.55742574442244,9.77372602739726,654.45,68.90076712328766,3.458410958904109,15.795123287671233,
403014099213701,PHELPS,40.50113773,-99.35723759,2010,2010-04-23,Spring,34.73,2325.73,36.88735289402811,10.826602739726027,732.57,68.62682191780821,3.4420821917808215,16.382575342465753,
403037099135301,PHELPS,40.5105526386111,-99.2316379,2009,2009-10-14,Fall,18.72,2239.33,23.262925422936725,9.77372602739726,654.45,68.90076712328766,3.458410958904109,15.795123287671233,
403037099135301,PHELPS,40.5105526386111,-99.2316379,2010,2010-04-22,Spring,17.0,2239.33,22.354334184896103,10.826602739726027,732.57,68.62682191780821,3.4420821917808215,16.382575342465753,
403037099313401,PHELPS,40.5104684,-99.5262137,2009,2009-10-16,Fall,79.85,2408.97,85.01419491765068,9.77372602739726,654.45,68.90076712328766,3.458410958904109,15.795123287671233,
403037099313401,PHELPS,40.5104684,-99.5262137,2010,2010-04-26,Spring,77.64,2408.97,87.14220353180953,10.826602739726027,732.57,68.62682191780821,3.4420821917808215,16.382575342465753,
403104099130201,PHELPS,40.5179145,-99.2173248,2009,2009-10-15,Fall,27.13,2242.62,26.540470460713507,9.77372602739726,654.45,68.90076712328766,3.458410958904109,15.795123287671233,
403104099130201,PHELPS,40.5179145,-99.2173248,2010,2010-04-22,Spring,25.86,2242.62,24.696211372589094,10.826602739726027,732.57,68.62682191780821,3.4420821917808215,16.382575342465753,
403123099261501,PHELPS,40.52446389,-99.436875,2009,2009-10-16,Fall,40.48,2361.96,40.45909789643221,9.77372602739726,654.45,68.90076712328766,3.458410958904109,15.795123287671233,
403123099261501,PHELPS,40.52446389,-99.436875,2010,2010-04-26,Spring,41.17,2361.96,36.99488431931689,10.826602739726027,732.57,68.62682191780821,3.4420821917808215,16.382575342465753,
403125099295701,PHELPS,40.5247252,-99.4992246,2009,2009-10-16,Fall,69.0,2402.13,68.45360633623189,9.77372602739726,654.45,68.90076712328766,3.458410958904109,15.795123287671233,
403125099295701,PHELPS,40.5247252,-99.4992246,2010,2010-04-26,Spring,66.36,2402.13,66.4852934461529,10.826602739726027,732.57,68.62682191780821,3.4420821917808215,16.382575342465753,
403137099330201,PHELPS,40.5263766547222,-99.5496279,2009,2009-10-16,Fall,59.56,2405.25,71.04560591746394,9.77372602739726,654.45,68.90076712328766,3.458410958904109,15.795123287671233,
403137099330201,PHELPS,40.5263766547222,-99.5496279,2010,2010-04-26,Spring,55.72,2405.25,75.83546530911116,10.826602739726027,732.57,68.62682191780821,3.4420821917808215,16.382575342465753,
403138099190801,PHELPS,40.5255972,-99.3224515,2009,2009-10-15,Fall,24.0,2277.27,22.414936617924614,9.77372602739726,654.45,68.90076712328766,3.458410958904109,15.795123287671233,
403138099190801,PHELPS,40.5255972,-99.3224515,2010,2010-04-23,Spring,21.53,2277.27,24.88697665301557,10.826602739726027,732.57,68.62682191780821,3.4420821917808215,16.382575342465753,
403138099235801,PHELPS,40.5255500233333,-99.399115,2009,2009-10-15,Fall,30.11,2328.14,29.99390542967035,9.77372602739726,654.45,68.90076712328766,3.458410958904109,15.795123287671233,
403138099235801,PHELPS,40.5255500233333,-99.399115,2010,2010-04-23,Spring,25.88,2328.14,27.67178646692724,10.826602739726027,732.57,68.62682191780821,3.4420821917808215,16.382575342465753,
403217099312001,PHELPS,40.5392815,-99.5207383,2009,2009-10-16,Fall,100.51,2451.89,84.1028795959908,9.77372602739726,654.45,68.90076712328766,3.458410958904109,15.795123287671233,
403217099312001,PHELPS,40.5392815,-99.5207383,2010,2010-04-26,Spring,99.99,2451.89,75.81113089528475,10.826602739726027,732.57,68.62682191780821,3.4420821917808215,16.382575342465753,
403224099261801,PHELPS,40.54167314,-99.43849253,2009,2009-10-16,Fall,19.32,2347.7,21.66465854626596,9.77372602739726,654.45,68.90076712328766,3.458410958904109,15.795123287671233,
403309099250701,PHELPS,40.5543784,-99.4199673,2009,2009-10-15,Fall,10.73,2322.67,14.898949528045916,9.77372602739726,654.45,68.90076712328766,3.458410958904109,15.795123287671233,
403309099250701,PHELPS,40.5543784,-99.4199673,2010,2010-04-23,Spring,8.58,2322.67,13.4063926586346,10.826602739726027,732.57,68.62682191780821,3.4420821917808215,16.382575342465753,
403309099270601,PHELPS,40.55026689,-99.45178833,2009,2009-10-15,Fall,14.35,2342.87,17.18636795662682,9.77372602739726,654.45,68.90076712328766,3.458410958904109,15.795123287671233,
403309099270601,PHELPS,40.55026689,-99.45178833,2010,2010-04-23,Spring,12.27,2342.87,15.85024770004016,10.826602739726027,732.57,68.62682191780821,3.4420821917808215,16.382575342465753,
403309099281401,PHELPS,40.5521635,-99.4737128,2009,2009-10-16,Fall,14.14,2354.64,21.13229003408103,9.77372602739726,654.45,68.90076712328766,3.458410958904109,15.795123287671233,
403309099281401,PHELPS,40.5521635,-99.4737128,2010,2010-04-26,Spring,13.85,2354.64,21.44139165191397,10.826602739726027,732.57,68.62682191780821,3.4420821917808215,16.382575342465753,
403315099351501,PHELPS,40.554270555555554,-99.58744083333332,2010,2010-04-16,Spring,70.39,2447.59,77.53564529167727,10.826602739726027,732.57,68.62682191780821,3.4420821917808215,16.382575342465753,
403315099351501,PHELPS,40.554270555555554,-99.58744083333332,2009,2009-10-28,Fall,71.12,2447.59,76.24208930741234,9.77372602739726,654.45,68.90076712328766,3.458410958904109,15.795123287671233,
403315099351502,PHELPS,40.554270555555554,-99.58744083333332,2010,2010-04-16,Spring,72.34,2447.59,77.53564529167727,10.826602739726027,732.57,68.62682191780821,3.4420821917808215,16.382575342465753,
403315099351502,PHELPS,40.554270555555554,-99.58744083333332,2009,2009-10-28,Fall,73.19,2447.59,76.24208930741234,9.77372602739726,654.45,68.90076712328766,3.458410958904109,15.795123287671233,
403322099201601,PHELPS,40.5547811,-99.3416484,2009,2009-10-15,Fall,5.49,2267.67,13.176075973523371,9.77372602739726,654.45,68.90076712328766,3.458410958904109,15.795123287671233,
403322099210701,PHELPS,40.55622914,-99.3528114,2009,2009-10-15,Fall,22.78,2284.27,17.82075177891612,9.77372602739726,654.45,68.90076712328766,3.458410958904109,15.795123287671233,
403322099210701,PHELPS,40.55622914,-99.3528114,2010,2010-04-23,Spring,18.88,2284.27,19.15731446906609,10.826602739726027,732.57,68.62682191780821,3.4420821917808215,16.382575342465753,
403322099304801,PHELPS,40.5542755075,-99.5122815,2009,2009-10-16,Fall,58.26,2411.43,59.33198462005295,9.77372602739726,654.45,68.90076712328766,3.458410958904109,15.795123287671233,
403322099304801,PHELPS,40.5542755075,-99.5122815,2010,2010-04-26,Spring,56.82,2411.43,55.41974922503108,10.826602739726027,732.57,68.62682191780821,3.4420821917808215,16.382575342465753,
403322099371801,PHELPS,40.5557047,-99.6247601,2009,2009-10-16,Fall,78.0,2465.78,92.92482257446883,9.77372602739726,654.45,68.90076712328766,3.458410958904109,15.795123287671233,
403322099371801,PHELPS,40.5557047,-99.6247601,2010,2010-04-26,Spring,77.56,2465.78,96.45629785824536,10.826602739726027,732.57,68.62682191780821,3.4420821917808215,16.382575342465753,
403335099150901,PHELPS,40.55977478,-99.25286046,2009,2009-10-15,Fall,31.12,2241.29,31.35342702645257,9.77372602739726,654.45,68.90076712328766,3.458410958904109,15.795123287671233,
403335099150901,PHELPS,40.55977478,-99.25286046,2010,2010-04-23,Spring,29.8,2241.29,28.48757351877354,10.826602739726027,732.57,68.62682191780821,3.4420821917808215,16.382575342465753,
403348099114401,PHELPS,40.5613598133333,-99.1983188,2010,2010-04-22,Spring,36.63,2236.17,26.96357202194008,10.826602739726027,732.57,68.62682191780821,3.4420821917808215,16.382575342465753,
403350099282701,PHELPS,40.56375277777777,-99.47419805555556,2010,2010-04-16,Spring,12.57,2351.95,17.796498751200478,10.826602739726027,732.57,68.62682191780821,3.4420821917808215,16.382575342465753,
403350099282701,PHELPS,40.56375277777777,-99.47419805555556,2009,2009-10-16,Fall,14.41,2351.95,18.826995371491016,9.77372602739726,654.45,68.90076712328766,3.458410958904109,15.795123287671233,
403350099282702,PHELPS,40.56375277777777,-99.47419805555556,2010,2010-04-16,Spring,12.79,2351.95,17.796498751200478,10.826602739726027,732.57,68.62682191780821,3.4420821917808215,16.382575342465753,
403350099282702,PHELPS,40.56375277777777,-99.47419805555556,2009,2009-10-16,Fall,14.68,2351.95,18.826995371491016,9.77372602739726,654.45,68.90076712328766,3.458410958904109,15.795123287671233,
403408099130501,PHELPS,40.56878722222223,-99.21816944444444,2010,2010-04-21,Spring,12.49,2216.56,19.89161339150235,10.826602739726027,732.57,68.62682191780821,3.4420821917808215,16.382575342465753,
403408099130501,PHELPS,40.56878722222223,-99.21816944444444,2009,2009-10-16,Fall,13.71,2216.56,20.291516688115696,9.77372602739726,654.45,68.90076712328766,3.458410958904109,15.795123287671233,
403408099130502,PHELPS,40.56878722222223,-99.21816944444444,2010,2010-04-21,Spring,12.35,2216.56,19.89161339150235,10.826602739726027,732.57,68.62682191780821,3.4420821917808215,16.382575342465753,
403408099130502,PHELPS,40.56878722222223,-99.21816944444444,2009,2009-10-16,Fall,13.55,2216.56,20.291516688115696,9.77372602739726,654.45,68.90076712328766,3.458410958904109,15.795123287671233,
403431099362101,PHELPS,40.5754557,-99.6058865,2009,2009-10-16,Fall,88.27,2477.16,86.17328053242647,9.77372602739726,654.45,68.90076712328766,3.458410958904109,15.795123287671233,
403431099362101,PHELPS,40.5754557,-99.6058865,2010,2010-04-26,Spring,88.03,2477.16,82.92947826081372,10.826602739726027,732.57,68.62682191780821,3.4420821917808215,16.382575342465753,
403453099141801,PHELPS,40.58307501,-99.2365144,2009,2009-10-15,Fall,49.3,2255.34,39.351706220045685,9.77372602739726,654.45,68.90076712328766,3.458410958904109,15.795123287671233,
403453099141801,PHELPS,40.58307501,-99.2365144,2010,2010-04-23,Spring,48.85,2255.34,32.29492127563946,10.826602739726027,732.57,68.62682191780821,3.4420821917808215,16.382575342465753,
403453099190801,PHELPS,40.5807096794444,-99.3229107,2009,2009-10-15,Fall,39.47,2282.14,30.481753430333296,9.77372602739726,654.45,68.90076712328766,3.458410958904109,15.795123287671233,
403453099190801,PHELPS,40.5807096794444,-99.3229107,2010,2010-04-23,Spring,36.65,2282.14,24.88010587011665,10.826602739726027,732.57,68.62682191780821,3.4420821917808215,16.382575342465753,
403454099304801,PHELPS,40.57931189,-99.51412709,2009,2009-10-16,Fall,36.27,2390.5,38.48664553824396,9.77372602739726,654.45,68.90076712328766,3.458410958904109,15.795123287671233,
403454099304801,PHELPS,40.57931189,-99.51412709,2010,2010-04-26,Spring,33.88,2390.5,37.214486131991606,10.826602739726027,732.57,68.62682191780821,3.4420821917808215,16.382575342465753,
403507099234101,PHELPS,40.5836771413889,-99.3985091,2009,2009-10-15,Fall,11.77,2295.65,14.25952754498526,9.77372602739726,654.45,68.90076712328766,3.458410958904109,15.795123287671233,
403507099234101,PHELPS,40.5836771413889,-99.3985091,2010,2010-04-23,Spring,9.54,2295.65,12.125635775926224,10.826602739726027,732.57,68.62682191780821,3.4420821917808215,16.382575342465753,
403507099254101,PHELPS,40.58520714,-99.42844836,2009,2009-10-15,Fall,23.56,2318.5,21.136065916844984,9.77372602739726,654.45,68.90076712328766,3.458410958904109,15.795123287671233,
403507099254101,PHELPS,40.58520714,-99.42844836,2010,2010-04-23,Spring,20.95,2318.5,17.100072592551836,10.826602739726027,732.57,68.62682191780821,3.4420821917808215,16.382575342465753,
403520099201601,PHELPS,40.5886101475,-99.3416473,2009,2009-10-15,Fall,15.85,2265.95,17.294042719512266,9.77372602739726,654.45,68.90076712328766,3.458410958904109,15.795123287671233,
403520099201601,PHELPS,40.5886101475,-99.3416473,2010,2010-04-23,Spring,12.7,2265.95,15.390072639573356,10.826602739726027,732.57,68.62682191780821,3.4420821917808215,16.382575342465753,
403540099260001,PHELPS,40.5946306,-99.4353739,2009,2009-10-15,Fall,24.2,2323.77,22.447046823763355,9.77372602739726,654.45,68.90076712328766,3.458410958904109,15.795123287671233,
403540099260001,PHELPS,40.5946306,-99.4353739,2010,2010-04-23,Spring,22.11,2323.77,18.436934696372244,10.826602739726027,732.57,68.62682191780821,3.4420821917808215,16.382575342465753,
403625099315401,PHELPS,40.60535831,-99.53303177,2009,2009-10-16,Fall,35.73,2384.53,37.98509248132506,9.77372602739726,654.45,68.90076712328766,3.458410958904109,15.795123287671233,
403625099315401,PHELPS,40.60535831,-99.53303177,2010,2010-04-26,Spring,33.87,2384.53,36.75918730343725,10.826602739726027,732.57,68.62682191780821,3.4420821917808215,16.382575342465753,
403625099361001,PHELPS,40.60535831,-99.60306609,2009,2009-10-16,Fall,89.55,2454.12,85.88609924597856,9.77372602739726,654.45,68.90076712328766,3.458410958904109,15.795123287671233,
403625099361001,PHELPS,40.60535831,-99.60306609,2010,2010-04-26,Spring,87.03,2454.12,77.67406794164825,10.826602739726027,732.57,68.62682191780821,3.4420821917808215,16.382575342465753,
403638099154301,PHELPS,40.60901195,-99.26298962,2009,2009-10-15,Fall,13.87,2222.0,17.734574494648115,9.77372602739726,654.45,68.90076712328766,3.458410958904109,15.795123287671233,
403638099154301,PHELPS,40.60901195,-99.26298962,2010,2010-04-23,Spring,12.24,2222.0,17.552906681660005,10.826602739726027,732.57,68.62682191780821,3.4420821917808215,16.382575342465753,
403644099350001,PHELPS,40.61418514,-99.57972132,2009,2009-10-16,Fall,71.0,2418.26,67.95390319213621,9.77372602739726,654.45,68.90076712328766,3.458410958904109,15.795123287671233,
403645099242701,PHELPS,40.61264497222222,-99.40752011111113,2010,2010-04-14,Spring,17.99,2297.96,15.648459348960708,10.826602739726027,732.57,68.62682191780821,3.4420821917808215,16.382575342465753,
403645099242701,PHELPS,40.61264497222222,-99.40752011111113,2009,2009-10-16,Fall,19.92,2297.96,18.8849101322115,9.77372602739726,654.45,68.90076712328766,3.458410958904109,15.795123287671233,
403645099242702,PHELPS,40.61264497222222,-99.40752011111113,2010,2010-04-14,Spring,18.57,2297.96,15.648459348960708,10.826602739726027,732.57,68.62682191780821,3.4420821917808215,16.382575342465753,
403645099242702,PHELPS,40.61264497222222,-99.40752011111113,2009,2009-10-16,Fall,20.64,2297.96,18.8849101322115,9.77372602739726,654.45,68.90076712328766,3.458410958904109,15.795123287671233,
403646099293301,PHELPS,40.6127772,-99.4935704,2009,2009-10-15,Fall,18.24,2354.25,24.37416914302432,9.77372602739726,654.45,68.90076712328766,3.458410958904109,15.795123287671233,
403646099293301,PHELPS,40.6127772,-99.4935704,2010,2010-04-23,Spring,15.9,2354.25,23.764351673299235,10.826602739726027,732.57,68.62682191780821,3.4420821917808215,16.382575342465753,
403651099281401,PHELPS,40.613021,-99.4747929,2009,2009-10-15,Fall,40.3,2345.39,31.508449269570544,9.77372602739726,654.45,68.90076712328766,3.458410958904109,15.795123287671233,
403651099281401,PHELPS,40.613021,-99.4747929,2010,2010-04-23,Spring,37.32,2345.39,25.8029638154995,10.826602739726027,732.57,68.62682191780821,3.4420821917808215,16.382575342465753,
403710099104601,PHELPS,40.6195145,-99.17947241666668,2010,2010-04-14,Spring,12.52,2193.97,17.493049557421887,10.826602739726027,732.57,68.62682191780821,3.4420821917808215,16.382575342465753,
403710099104601,PHELPS,40.6195145,-99.17947241666668,2009,2009-10-16,Fall,14.12,2193.97,17.115212062874168,9.77372602739726,654.45,68.90076712328766,3.458410958904109,15.795123287671233,
403710099104602,PHELPS,40.6195145,-99.17947241666668,2010,2010-04-14,Spring,12.82,2193.97,17.493049557421887,10.826602739726027,732.57,68.62682191780821,3.4420821917808215,16.382575342465753,
403710099104602,PHELPS,40.6195145,-99.17947241666668,2009,2009-10-16,Fall,14.49,2193.97,17.115212062874168,9.77372602739726,654.45,68.90076712328766,3.458410958904109,15.795123287671233,
403730099373501,PHELPS,40.6268217,-99.6246292,2009,2009-10-16,Fall,90.58,2471.08,91.04641493919176,9.77372602739726,654.45,68.90076712328766,3.458410958904109,15.795123287671233,
403730099373501,PHELPS,40.6268217,-99.6246292,2010,2010-04-26,Spring,89.89,2471.08,82.65345117369405,10.826602739726027,732.57,68.62682191780821,3.4420821917808215,16.382575342465753,
403738099181101,PHELPS,40.62740444444445,-99.30320513888888,2010,2010-04-14,Spring,14.25,2241.2,12.95153678231681,10.826602739726027,732.57,68.62682191780821,3.4420821917808215,16.382575342465753,
403738099181101,PHELPS,40.62740444444445,-99.30320513888888,2009,2009-10-16,Fall,15.35,2241.2,15.583718559784028,9.77372602739726,654.45,68.90076712328766,3.458410958904109,15.795123287671233,
403738099181102,PHELPS,40.62740444444445,-99.30320513888888,2010,2010-04-14,Spring,14.18,2241.2,12.95153678231681,10.826602739726027,732.57,68.62682191780821,3.4420821917808215,16.382575342465753,
403738099181102,PHELPS,40.62740444444445,-99.30320513888888,2009,2009-10-16,Fall,15.33,2241.2,15.583718559784028,9.77372602739726,654.45,68.90076712328766,3.458410958904109,15.795123287671233,
403739099293601,PHELPS,40.62758555555556,-99.49344,2010,2010-04-16,Spring,31.79,2356.31,24.75003370832579,10.826602739726027,732.57,68.62682191780821,3.4420821917808215,16.382575342465753,
403739099293601,PHELPS,40.62758555555556,-99.49344,2009,2009-11-03,Fall,29.21,2356.31,27.59002434912388,9.77372602739726,654.45,68.90076712328766,3.458410958904109,15.795123287671233,
403822099324501,PHELPS,40.6415361,-99.5482644,2009,2009-10-15,Fall,39.17,2377.53,37.142734594100446,9.77372602739726,654.45,68.90076712328766,3.458410958904109,15.795123287671233,
403822099324501,PHELPS,40.6415361,-99.5482644,2010,2010-04-23,Spring,37.84,2377.53,32.54469920202909,10.826602739726027,732.57,68.62682191780821,3.4420821917808215,16.382575342465753,
403831099173501,PHELPS,40.642178,-99.29327591666666,2010,2010-04-14,Spring,8.8,2229.47,11.581484169752846,10.826602739726027,732.57,68.62682191780821,3.4420821917808215,16.382575342465753,
403831099173501,PHELPS,40.642178,-99.29327591666666,2009,2009-10-16,Fall,9.65,2229.47,12.261103138410627,9.77372602739726,654.45,68.90076712328766,3.458410958904109,15.795123287671233,
403831099173502,PHELPS,40.642178,-99.29327591666666,2010,2010-04-14,Spring,9.21,2229.47,11.581484169752846,10.826602739726027,732.57,68.62682191780821,3.4420821917808215,16.382575342465753,
403831099173502,PHELPS,40.642178,-99.29327591666666,2009,2009-10-16,Fall,10.06,2229.47,12.261103138410627,9.77372602739726,654.45,68.90076712328766,3.458410958904109,15.795123287671233,
403832099293501,PHELPS,40.64230694444444,-99.49321833333332,2010,2010-04-16,Spring,20.07,2322.16,18.474735121004592,10.826602739726027,732.57,68.62682191780821,3.4420821917808215,16.382575342465753,
403832099293501,PHELPS,40.64230694444444,-99.49321833333332,2009,2009-11-03,Fall,20.68,2322.16,20.80224333017101,9.77372602739726,654.45,68.90076712328766,3.458410958904109,15.795123287671233,
403902099313701,PHELPS,40.6483999,-99.5291531,2009,2009-10-15,Fall,33.75,2345.9,28.997071891398367,9.77372602739726,654.45,68.90076712328766,3.458410958904109,15.795123287671233,
403902099313701,PHELPS,40.6483999,-99.5291531,2010,2010-04-23,Spring,33.5,2345.9,25.81019974481874,10.826602739726027,732.57,68.62682191780821,3.4420821917808215,16.382575342465753,
403903099214301,PHELPS,40.650864722222224,-99.3618686111111,2010,2010-04-14,Spring,6.39,2248.47,6.600619845852102,10.826602739726027,732.57,68.62682191780821,3.4420821917808215,16.382575342465753,
403903099214301,PHELPS,40.650864722222224,-99.3618686111111,2009,2009-10-16,Fall,7.84,2248.47,8.233064016994572,9.77372602739726,654.45,68.90076712328766,3.458410958904109,15.795123287671233,
403903099214302,PHELPS,40.650864722222224,-99.3618686111111,2010,2010-04-14,Spring,6.45,2248.47,6.600619845852102,10.826602739726027,732.57,68.62682191780821,3.4420821917808215,16.382575342465753,
403903099214302,PHELPS,40.650864722222224,-99.3618686111111,2009,2009-10-16,Fall,7.88,2248.47,8.233064016994572,9.77372602739726,654.45,68.90076712328766,3.458410958904109,15.795123287671233,
403915099190801,PHELPS,40.6573434,-99.3214291,2009,2009-10-15,Fall,9.0,2234.03,11.020757927367947,9.77372602739726,654.45,68.90076712328766,3.458410958904109,15.795123287671233,
403915099190801,PHELPS,40.6573434,-99.3214291,2010,2010-04-23,Spring,7.71,2234.03,11.217147569936936,10.826602739726027,732.57,68.62682191780821,3.4420821917808215,16.382575342465753,
403927099293501,PHELPS,40.65755805555556,-99.49321666666668,2010,2010-04-16,Spring,7.62,2297.65,9.771166331062089,10.826602739726027,732.57,68.62682191780821,3.4420821917808215,16.382575342465753,
403927099293501,PHELPS,40.65755805555556,-99.49321666666668,2009,2009-11-03,Fall,7.87,2297.65,10.669604877330984,9.77372602739726,654.45,68.90076712328766,3.458410958904109,15.795123287671233,
403928099333601,PHELPS,40.6571948,-99.5612991,2009,2009-10-15,Fall,38.0,2355.41,26.18854600152668,9.77372602739726,654.45,68.90076712328766,3.458410958904109,15.795123287671233,
403928099333601,PHELPS,40.6571948,-99.5612991,2010,2010-04-23,Spring,37.59,2355.41,22.855976675833656,10.826602739726027,732.57,68.62682191780821,3.4420821917808215,16.382575342465753,
403928099371801,PHELPS,40.655954,-99.6202609,2009,2009-10-15,Fall,82.97,2432.98,68.98490157199424,9.77372602739726,654.45,68.90076712328766,3.458410958904109,15.795123287671233,
403928099371801,PHELPS,40.655954,-99.6202609,2010,2010-04-23,Spring,81.55,2432.98,60.40136495310899,10.826602739726027,732.57,68.62682191780821,3.4420821917808215,16.382575342465753,
403941099331901,PHELPS,40.66044972,-99.55637462,2009,2009-10-15,Fall,3.71,2347.21,17.222793966313176,9.77372602739726,654.45,68.90076712328766,3.458410958904109,15.795123287671233,
403941099331901,PHELPS,40.66044972,-99.55637462,2010,2010-04-23,Spring,2.92,2347.21,17.212969619686824,10.826602739726027,732.57,68.62682191780821,3.4420821917808215,16.382575342465753,
403941099342701,PHELPS,40.6636923,-99.5766538,2009,2009-10-15,Fall,6.73,2326.71,14.004502910882236,9.77372602739726,654.45,68.90076712328766,3.458410958904109,15.795123287671233,
403941099342701,PHELPS,40.6636923,-99.5766538,2010,2010-04-23,Spring,5.51,2326.71,14.487233531861191,10.826602739726027,732.57,68.62682191780821,3.4420821917808215,16.382575342465753,
403946099383201,PHELPS,40.66301611111111,-99.64228555555556,2010,2010-04-16,Spring,94.84,2446.94,61.97903722644694,10.826602739726027,732.57,68.62682191780821,3.4420821917808215,16.382575342465753,
403946099383201,PHELPS,40.66301611111111,-99.64228555555556,2009,2009-11-03,Fall,95.06,2446.94,72.79048877458447,9.77372602739726,654.45,68.90076712328766,3.458410958904109,15.795123287671233,
403949099293501,PHELPS,40.66383277777778,-99.49320805555556,2010,2010-04-16,Spring,4.14,2291.23,7.4854555891397245,10.826602739726027,732.57,68.62682191780821,3.4420821917808215,16.382575342465753,
403949099293501,PHELPS,40.66383277777778,-99.49320805555556,2009,2009-11-03,Fall,3.68,2291.23,8.234263184766139,9.77372602739726,654.45,68.90076712328766,3.458410958904109,15.795123287671233,
403959099282801,PHELPS,40.66638638888889,-99.47439194444443,2010,2010-04-16,Spring,3.02,2282.17,3.912267103988396,10.826602739726027,732.57,68.62682191780821,3.4420821917808215,16.382575342465753,
403959099282801,PHELPS,40.66638638888889,-99.47439194444443,2009,2009-10-16,Fall,3.91,2282.17,4.941066164936176,9.77372602739726,654.45,68.90076712328766,3.458410958904109,15.795123287671233,
403959099282802,PHELPS,40.66638638888889,-99.47439194444443,2010,2010-04-16,Spring,3.06,2282.17,3.912267103988396,10.826602739726027,732.57,68.62682191780821,3.4420821917808215,16.382575342465753,
403959099282802,PHELPS,40.66638638888889,-99.47439194444443,2009,2009-10-16,Fall,3.89,2282.17,4.941066164936176,9.77372602739726,654.45,68.90076712328766,3.458410958904109,15.795123287671233,
404006099282401,PHELPS,40.66854833333333,-99.4734825,2010,2010-04-16,Spring,1.82,2280.04,3.344839177560437,10.826602739726027,732.57,68.62682191780821,3.4420821917808215,16.382575342465753,
404006099282401,PHELPS,40.66854833333333,-99.4734825,2009,2009-11-03,Fall,1.64,2280.04,4.1885386336615,9.77372602739726,654.45,68.90076712328766,3.458410958904109,15.795123287671233,
404007099294001,PHELPS,40.6709022,-99.4936146,2009,2009-10-15,Fall,7.33,2290.54,7.002461701137279,9.77372602739726,654.45,68.90076712328766,3.458410958904109,15.795123287671233,
404007099294001,PHELPS,40.6709022,-99.4936146,2010,2010-04-23,Spring,6.15,2290.54,5.768737587020597,10.826602739726027,732.57,68.62682191780821,3.4420821917808215,16.382575342465753,
404007099351901,PHELPS,40.6709256,-99.5865622,2009,2009-10-15,Fall,7.1,2322.26,8.43415649673697,9.77372602739726,654.45,68.90076712328766,3.458410958904109,15.795123287671233,
404007099351901,PHELPS,40.6709256,-99.5865622,2010,2010-04-23,Spring,5.98,2322.26,9.780975411304766,10.826602739726027,732.57,68.62682191780821,3.4420821917808215,16.382575342465753,
404020099355301,PHELPS,40.6710839,-99.5961084,2009,2009-10-15,Fall,4.84,2326.91,10.163138103536992,9.77372602739726,654.45,68.90076712328766,3.458410958904109,15.795123287671233,
404020099355301,PHELPS,40.6710839,-99.5961084,2010,2010-04-23,Spring,4.0,2326.91,12.76882407662814,10.826602739726027,732.57,68.62682191780821,3.4420821917808215,16.382575342465753,
404033099373001,PHELPS,40.67593911111111,-99.62515633333332,2010,2010-04-16,Spring,8.29,2339.74,19.849464845952262,10.826602739726027,732.57,68.62682191780821,3.4420821917808215,16.382575342465753,
404033099373001,PHELPS,40.67593911111111,-99.62515633333332,2009,2009-11-03,Fall,8.19,2339.74,17.924081739742487,9.77372602739726,654.45,68.90076712328766,3.458410958904109,15.795123287671233,
404040099383501,PHELPS,40.67796833333333,-99.64313333333334,2010,2010-04-16,Spring,10.16,2346.64,26.17950616587797,10.826602739726027,732.57,68.62682191780821,3.4420821917808215,16.382575342465753,
404040099383501,PHELPS,40.67796833333333,-99.64313333333334,2009,2009-11-03,Fall,9.68,2346.64,24.09713126530825,9.77372602739726,654.45,68.90076712328766,3.458410958904109,15.795123287671233,
404059099383501,PHELPS,40.68328583333333,-99.64316027777778,2010,2010-04-16,Spring,12.72,2343.11,19.623568479911334,10.826602739726027,732.57,68.62682191780821,3.4420821917808215,16.382575342465753,
404059099383501,PHELPS,40.68328583333333,-99.64316027777778,2009,2009-11-03,Fall,11.32,2343.11,17.21774794274136,9.77372602739726,654.45,68.90076712328766,3.458410958904109,15.795123287671233,
404102099373001,PHELPS,40.68405933333333,-99.62523716666666,2010,2010-04-16,Spring,8.85,2334.85,9.985236424209058,10.826602739726027,732.57,68.62682191780821,3.4420821917808215,16.382575342465753,
404102099373001,PHELPS,40.68405933333333,-99.62523716666666,2009,2009-11-03,Fall,7.63,2334.85,9.111539437743712,9.77372602739726,654.45,68.90076712328766,3.458410958904109,15.795123287671233,
404102099373002,PHELPS,40.68405933333333,-99.62523716666666,2010,2010-04-16,Spring,7.27,2334.85,9.985236424209058,10.826602739726027,732.57,68.62682191780821,3.4420821917808215,16.382575342465753,
404102099373002,PHELPS,40.68405933333333,-99.62523716666666,2009,2009-11-03,Fall,6.64,2334.85,9.111539437743712,9.77372602739726,654.45,68.90076712328766,3.458410958904109,15.795123287671233,
08N 20W 06 AAA,PHELPS,40.68138,-99.62646,2010,2010-05-05,Spring,3.28,2336.24,12.652097993585665,10.826602739726027,732.57,68.62682191780821,3.4420821917808215,16.382575342465753,
403124099152601,PHELPS,40.52215595,-99.25856338,2009,2009-10-15,Fall,42.87,2258.2,35.91873899532586,9.77372602739726,654.45,68.90076712328766,3.458410958904109,15.795123287671233,
402945099151900,PHELPS,40.49312395,-99.25285328,2009,2009-10-14,Fall,20.28,2243.78,22.57984946575759,9.77372602739726,654.45,68.90076712328766,3.458410958904109,15.795123287671233,
402821099282901,PHELPS,40.47215973,-99.47068872,2009,2009-10-16,Fall,97.79,2363.91,98.32163459978636,9.77372602739726,654.45,68.90076712328766,3.458410958904109,15.795123287671233,
403328099181202,PHELPS,40.5577906,-99.3033482,2009,2009-10-15,Fall,31.15,2272.01,28.767694571589704,9.77372602739726,654.45,68.90076712328766,3.458410958904109,15.795123287671233,
403433099250001,PHELPS,40.576331,-99.4179046,2009,2009-10-15,Fall,17.53,2315.55,17.21914394440987,9.77372602739726,654.45,68.90076712328766,3.458410958904109,15.795123287671233,
403322099272302,PHELPS,40.5545803,-99.4609332,2009,2009-10-16,Fall,16.21,2349.56,17.36496884301276,9.77372602739726,654.45,68.90076712328766,3.458410958904109,15.795123287671233,
403322099264901,PHELPS,40.5543545569444,-99.4489925,2009,2009-10-15,Fall,13.2,2342.74,14.952738202468996,9.77372602739726,654.45,68.90076712328766,3.458410958904109,15.795123287671233,
403322099254101,PHELPS,40.5542755,-99.4303042,2009,2009-10-15,Fall,15.54,2335.12,16.027355578410905,9.77372602739726,654.45,68.90076712328766,3.458410958904109,15.795123287671233,
403163099379201,PHELPS,40.52718414,-99.63201494,2009,2009-10-16,Fall,153.93,2519.15,148.9515773572043,9.77372602739726,654.45,68.90076712328766,3.458410958904109,15.795123287671233,
403954099255801,PHELPS,40.667854,-99.4364595,2009,2009-10-15,Fall,1.19,2268.93,3.275410509113017,9.77372602739726,654.45,68.90076712328766,3.458410958904109,15.795123287671233,
403739099281601,PHELPS,40.627653,-99.4742905,2009,2009-10-15,Fall,22.63,2324.54,22.89911577778434,9.77372602739726,654.45,68.90076712328766,3.458410958904109,15.795123287671233,
403124099152601,PHELPS,40.52215595,-99.25856338,2010,2010-04-22,Spring,42.74,2258.2,30.60232588124021,10.826602739726027,732.57,68.62682191780821,3.4420821917808215,16.382575342465753,
402945099151900,PHELPS,40.49312395,-99.25285328,2010,2010-04-22,Spring,19.05,2243.78,21.49994078409527,10.826602739726027,732.57,68.62682191780821,3.4420821917808215,16.382575342465753,
402851099130101,PHELPS,40.4809986,-99.2168379,2010,2010-04-22,Spring,28.21,2244.15,28.320044184780613,10.826602739726027,732.57,68.62682191780821,3.4420821917808215,16.382575342465753,
402821099282901,PHELPS,40.47215973,-99.47068872,2010,2010-04-26,Spring,94.24,2363.91,97.9503816698262,10.826602739726027,732.57,68.62682191780821,3.4420821917808215,16.382575342465753,
403328099181202,PHELPS,40.5577906,-99.3033482,2010,2010-04-23,Spring,28.67,2272.01,26.41856178382381,10.826602739726027,732.57,68.62682191780821,3.4420821917808215,16.382575342465753,
403433099250001,PHELPS,40.576331,-99.4179046,2010,2010-04-23,Spring,13.8,2315.55,13.915384411464972,10.826602739726027,732.57,68.62682191780821,3.4420821917808215,16.382575342465753,
403322099272302,PHELPS,40.5545803,-99.4609332,2010,2010-04-26,Spring,13.78,2349.56,15.751327761308373,10.826602739726027,732.57,68.62682191780821,3.4420821917808215,16.382575342465753,
403322099264901,PHELPS,40.5543545569444,-99.4489925,2010,2010-04-23,Spring,12.78,2342.74,13.456500713784742,10.826602739726027,732.57,68.62682191780821,3.4420821917808215,16.382575342465753,
403322099254101,PHELPS,40.5542755,-99.4303042,2010,2010-04-23,Spring,14.18,2335.12,14.010226439814646,10.826602739726027,732.57,68.62682191780821,3.4420821917808215,16.382575342465753,
403558099371801,PHELPS,40.5994522,-99.622055,2010,2010-04-26,Spring,70.77,2483.53,81.20404267609376,10.826602739726027,732.57,68.62682191780821,3.4420821917808215,16.382575342465753,
403954099255801,PHELPS,40.667854,-99.4364595,2010,2010-04-23,Spring,1.05,2268.93,3.597484657678896,10.826602739726027,732.57,68.62682191780821,3.4420821917808215,16.382575342465753,
403739099281601,PHELPS,40.627653,-99.4742905,2010,2010-04-23,Spring,19.7,2324.54,20.1538865970093,10.826602739726027,732.57,68.62682191780821,3.4420821917808215,16.382575342465753,
402340099353701,PHELPS,40.39445302,-99.59399869,2010,2010-05-03,Spring,24.61,2264.29,80.12880500776238,10.826602739726027,732.57,68.62682191780821,3.4420821917808215,16.382575342465753,
402524099201601,PHELPS,40.42334431,-99.33815365,2010,2010-05-03,Spring,114.02,2312.07,109.35618294893496,10.826602739726027,732.57,68.62682191780821,3.4420821917808215,16.382575342465753,
403132099381001,PHELPS,40.52556319,-99.63650076,2009,2009-07-01,,158.73,2517.21,154.98312088226842,9.77372602739726,654.45,68.90076712328766,3.458410958904109,15.795123287671233,
403132099381001,PHELPS,40.52556319,-99.63650076,2009,2009-08-05,,163.75,2517.21,154.98312088226842,9.77372602739726,654.45,68.90076712328766,3.458410958904109,15.795123287671233,
403132099381001,PHELPS,40.52556319,-99.63650076,2009,2009-09-01,,163.62,2517.21,154.98312088226842,9.77372602739726,654.45,68.90076712328766,3.458410958904109,15.795123287671233,
403132099381001,PHELPS,40.52556319,-99.63650076,2009,2009-11-03,Fall,157.17,2517.21,154.98312088226842,9.77372602739726,654.45,68.90076712328766,3.458410958904109,15.795123287671233,
403132099381001,PHELPS,40.52556319,-99.63650076,2010,2010-04-09,Spring,155.4,2517.21,146.5501405037891,10.826602739726027,732.57,68.62682191780821,3.4420821917808215,16.382575342465753,
403132099381001,PHELPS,40.52556319,-99.63650076,2010,2010-05-03,,155.51,2517.21,146.5501405037891,10.826602739726027,732.57,68.62682191780821,3.4420821917808215,16.382575342465753,
403132099381001,PHELPS,40.52556319,-99.63650076,2010,2010-06-01,,154.92,2517.21,146.5501405037891,10.826602739726027,732.57,68.62682191780821,3.4420821917808215,16.382575342465753,
403954099255801,PHELPS,40.667854,-99.4364595,2012,2012-04-18,Spring,1.12,2268.93,3.9505049767202554,13.358688524590164,358.44,54.12587431693989,3.549207650273224,17.25153005464481,
403941099331901,PHELPS,40.66044972,-99.55637462,2012,2012-04-18,Spring,1.61,2347.21,17.657453484900145,13.358688524590164,358.44,54.12587431693989,3.549207650273224,17.25153005464481,
403322099201601,PHELPS,40.5547811,-99.3416484,2012,2012-04-18,Spring,2.69,2267.67,12.919435115650316,13.358688524590164,358.44,54.12587431693989,3.549207650273224,17.25153005464481,
404020099355301,PHELPS,40.6710839,-99.5961084,2012,2012-04-18,Spring,3.47,2326.91,11.030363458814472,13.358688524590164,358.44,54.12587431693989,3.549207650273224,17.25153005464481,
403941099342701,PHELPS,40.6636923,-99.5766538,2012,2012-04-18,Spring,3.69,2326.71,14.209493580770404,13.358688524590164,358.44,54.12587431693989,3.549207650273224,17.25153005464481,
404007099351901,PHELPS,40.6709256,-99.5865622,2012,2012-04-18,Spring,5.82,2322.26,8.925292068416653,13.358688524590164,358.44,54.12587431693989,3.549207650273224,17.25153005464481,
404007099294001,PHELPS,40.6709022,-99.4936146,2012,2012-04-18,Spring,6.3,2290.54,7.2295113671212095,13.358688524590164,358.44,54.12587431693989,3.549207650273224,17.25153005464481,
404006099282401,PHELPS,40.66854833333333,-99.4734825,2012,2012-05-14,Spring,2.41,2280.04,4.104063480653078,13.358688524590164,358.44,54.12587431693989,3.549207650273224,17.25153005464481,
403959099282802,PHELPS,40.66638638888889,-99.47439194444443,2012,2012-05-14,Spring,3.65,2282.17,4.693671505585983,13.358688524590164,358.44,54.12587431693989,3.549207650273224,17.25153005464481,
403959099282801,PHELPS,40.66638638888889,-99.47439194444443,2012,2012-05-14,Spring,3.7,2282.17,4.693671505585983,13.358688524590164,358.44,54.12587431693989,3.549207650273224,17.25153005464481,
403949099293501,PHELPS,40.66383277777778,-99.49320805555556,2012,2012-05-14,Spring,4.41,2291.23,8.453007400873846,13.358688524590164,358.44,54.12587431693989,3.549207650273224,17.25153005464481,
403903099214301,PHELPS,40.650864722222224,-99.3618686111111,2012,2012-05-14,Spring,5.46,2248.47,6.506979994538436,13.358688524590164,358.44,54.12587431693989,3.549207650273224,17.25153005464481,
403903099214302,PHELPS,40.650864722222224,-99.3618686111111,2012,2012-05-14,Spring,5.88,2248.47,6.506979994538436,13.358688524590164,358.44,54.12587431693989,3.549207650273224,17.25153005464481,
404033099373001,PHELPS,40.67593911111111,-99.62515633333332,2012,2012-05-14,Spring,7.2,2339.74,18.2296516456598,13.358688524590164,358.44,54.12587431693989,3.549207650273224,17.25153005464481,
404102099373002,PHELPS,40.68405933333333,-99.62523716666666,2012,2012-05-14,Spring,7.56,2334.85,9.37835060280261,13.358688524590164,358.44,54.12587431693989,3.549207650273224,17.25153005464481,
403927099293501,PHELPS,40.65755805555556,-99.49321666666668,2012,2012-05-14,Spring,7.7,2297.65,10.501654397004296,13.358688524590164,358.44,54.12587431693989,3.549207650273224,17.25153005464481,
403831099173501,PHELPS,40.642178,-99.29327591666666,2012,2012-05-14,Spring,8.36,2229.47,11.2257956981667,13.358688524590164,358.44,54.12587431693989,3.549207650273224,17.25153005464481,
403831099173502,PHELPS,40.642178,-99.29327591666666,2012,2012-05-14,Spring,8.46,2229.47,11.2257956981667,13.358688524590164,358.44,54.12587431693989,3.549207650273224,17.25153005464481,
404040099383501,PHELPS,40.67796833333333,-99.64313333333334,2012,2012-05-14,Spring,9.06,2346.64,25.85842408640288,13.358688524590164,358.44,54.12587431693989,3.549207650273224,17.25153005464481,
404102099373001,PHELPS,40.68405933333333,-99.62523716666666,2012,2012-05-14,Spring,9.73,2334.85,9.37835060280261,13.358688524590164,358.44,54.12587431693989,3.549207650273224,17.25153005464481,
403350099282701,PHELPS,40.56375277777777,-99.47419805555556,2012,2012-05-15,Spring,10.89,2351.95,16.950787739452196,13.358688524590164,358.44,54.12587431693989,3.549207650273224,17.25153005464481,
403350099282702,PHELPS,40.56375277777777,-99.47419805555556,2012,2012-05-15,Spring,11.35,2351.95,16.950787739452196,13.358688524590164,358.44,54.12587431693989,3.549207650273224,17.25153005464481,
403408099130501,PHELPS,40.56878722222223,-99.21816944444444,2012,2012-05-15,Spring,12.03,2216.56,21.460348121696605,13.358688524590164,358.44,54.12587431693989,3.549207650273224,17.25153005464481,
403408099130502,PHELPS,40.56878722222223,-99.21816944444444,2012,2012-05-15,Spring,12.31,2216.56,21.460348121696605,13.358688524590164,358.44,54.12587431693989,3.549207650273224,17.25153005464481,
403738099181101,PHELPS,40.62740444444445,-99.30320513888888,2012,2012-05-14,Spring,12.47,2241.2,12.181535670109,13.358688524590164,358.44,54.12587431693989,3.549207650273224,17.25153005464481,
403738099181102,PHELPS,40.62740444444445,-99.30320513888888,2012,2012-05-14,Spring,12.51,2241.2,12.181535670109,13.358688524590164,358.44,54.12587431693989,3.549207650273224,17.25153005464481,
403710099104601,PHELPS,40.6195145,-99.17947241666668,2012,2012-05-14,Spring,12.51,2193.97,18.235826659905705,13.358688524590164,358.44,54.12587431693989,3.549207650273224,17.25153005464481,
403710099104602,PHELPS,40.6195145,-99.17947241666668,2012,2012-05-14,Spring,12.94,2193.97,18.235826659905705,13.358688524590164,358.44,54.12587431693989,3.549207650273224,17.25153005464481,
404059099383501,PHELPS,40.68328583333333,-99.64316027777778,2012,2012-05-14,Spring,14.45,2343.11,19.60915160925152,13.358688524590164,358.44,54.12587431693989,3.549207650273224,17.25153005464481,
403645099242702,PHELPS,40.61264497222222,-99.40752011111113,2012,2012-05-14,Spring,16.92,2297.96,15.4805954149619,13.358688524590164,358.44,54.12587431693989,3.549207650273224,17.25153005464481,
403645099242701,PHELPS,40.61264497222222,-99.40752011111113,2012,2012-05-14,Spring,17.41,2297.96,15.4805954149619,13.358688524590164,358.44,54.12587431693989,3.549207650273224,17.25153005464481,
403832099293501,PHELPS,40.64230694444444,-99.49321833333332,2012,2012-05-14,Spring,19.17,2322.16,18.908895943592945,13.358688524590164,358.44,54.12587431693989,3.549207650273224,17.25153005464481,
402853099135102,PHELPS,40.48150472222223,-99.23095833333332,2012,2012-05-14,Spring,26.16,2247.07,27.1680709751212,13.358688524590164,358.44,54.12587431693989,3.549207650273224,17.25153005464481,
402853099135101,PHELPS,40.48150472222223,-99.23095833333332,2012,2012-05-14,Spring,26.43,2247.07,27.1680709751212,13.358688524590164,358.44,54.12587431693989,3.549207650273224,17.25153005464481,
403739099293601,PHELPS,40.62758555555556,-99.49344,2012,2012-05-14,Spring,31.66,2356.31,25.383918235233395,13.358688524590164,358.44,54.12587431693989,3.549207650273224,17.25153005464481,
402854099213801,PHELPS,40.48158305555556,-99.36045888888889,2012,2012-05-14,Spring,50.31,2315.4,48.7076363647256,13.358688524590164,358.44,54.12587431693989,3.549207650273224,17.25153005464481,
402854099213802,PHELPS,40.48158305555556,-99.36045888888889,2012,2012-05-14,Spring,50.61,2315.4,48.7076363647256,13.358688524590164,358.44,54.12587431693989,3.549207650273224,17.25153005464481,
402421099112000,PHELPS,40.40549166666666,-99.18921666666668,2012,2012-04-23,Spring,53.4,2216.62,63.459073705906185,13.358688524590164,358.44,54.12587431693989,3.549207650273224,17.25153005464481,
403315099351501,PHELPS,40.554270555555554,-99.58744083333332,2012,2012-05-15,Spring,66.68,2447.59,73.49985955129814,13.358688524590164,358.44,54.12587431693989,3.549207650273224,17.25153005464481,
403315099351502,PHELPS,40.554270555555554,-99.58744083333332,2012,2012-05-15,Spring,69.02,2447.59,73.49985955129814,13.358688524590164,358.44,54.12587431693989,3.549207650273224,17.25153005464481,
402513099164801,PHELPS,40.42006111111111,-99.27985277777778,2012,2012-04-23,Spring,70.93,2278.97,79.24868255448516,13.358688524590164,358.44,54.12587431693989,3.549207650273224,17.25153005464481,
402423099152001,PHELPS,40.40643361111111,-99.2555336111111,2012,2012-05-14,Spring,84.22,2261.86,89.48918145792291,13.358688524590164,358.44,54.12587431693989,3.549207650273224,17.25153005464481,
402404099383400,PHELPS,40.40166972222222,-99.64190722222224,2012,2012-04-24,Spring,85.56,2363.94,88.99125810029959,13.358688524590164,358.44,54.12587431693989,3.549207650273224,17.25153005464481,
403946099383201,PHELPS,40.66301611111111,-99.64228555555556,2012,2012-05-14,Spring,92.27,2446.94,61.73562795842255,13.358688524590164,358.44,54.12587431693989,3.549207650273224,17.25153005464481,
402532099222601,PHELPS,40.42564361111111,-99.37401277777776,2012,2012-05-14,Spring,93.08,2312.94,106.66994357322808,13.358688524590164,358.44,54.12587431693989,3.549207650273224,17.25153005464481,
403507099234101,PHELPS,40.5836771413889,-99.3985091,2012,2012-04-18,Spring,7.05,2295.65,12.213258172934374,13.358688524590164,358.44,54.12587431693989,3.549207650273224,17.25153005464481,
403309099250701,PHELPS,40.5543784,-99.4199673,2012,2012-04-18,Spring,7.26,2322.67,12.610308929078082,13.358688524590164,358.44,54.12587431693989,3.549207650273224,17.25153005464481,
403322099254101,PHELPS,40.5542755,-99.4303042,2012,2012-04-18,Spring,8.46,2335.12,12.71276363189277,13.358688524590164,358.44,54.12587431693989,3.549207650273224,17.25153005464481,
403520099201601,PHELPS,40.5886101475,-99.3416473,2012,2012-04-18,Spring,9.91,2265.95,15.293266778159284,13.358688524590164,358.44,54.12587431693989,3.549207650273224,17.25153005464481,
403322099272302,PHELPS,40.5545803,-99.4609332,2012,2012-04-18,Spring,10.5,2349.56,15.804707343689918,13.358688524590164,358.44,54.12587431693989,3.549207650273224,17.25153005464481,
403322099264901,PHELPS,40.5543545569444,-99.4489925,2012,2012-04-18,Spring,10.64,2342.74,14.11669311690137,13.358688524590164,358.44,54.12587431693989,3.549207650273224,17.25153005464481,
403638099154301,PHELPS,40.60901195,-99.26298962,2012,2012-04-18,Spring,11.97,2222.0,17.679876556031108,13.358688524590164,358.44,54.12587431693989,3.549207650273224,17.25153005464481,
403433099250001,PHELPS,40.576331,-99.4179046,2012,2012-04-18,Spring,12.5,2315.55,15.100597286561896,13.358688524590164,358.44,54.12587431693989,3.549207650273224,17.25153005464481,
403309099281401,PHELPS,40.5521635,-99.4737128,2012,2012-04-18,Spring,13.24,2354.64,19.72170477561207,13.358688524590164,358.44,54.12587431693989,3.549207650273224,17.25153005464481,
402532099222602,PHELPS,40.42564361111111,-99.37401277777776,2012,2012-05-14,Spring,98.5,2312.94,106.66994357322808,13.358688524590164,358.44,54.12587431693989,3.549207650273224,17.25153005464481,
402342099143300,PHELPS,40.39436388888889,-99.24273333333332,2012,2012-04-23,Spring,108.12,2261.52,102.92407500758657,13.358688524590164,358.44,54.12587431693989,3.549207650273224,17.25153005464481,
402233099341700,PHELPS,40.376269444444446,-99.57279166666666,2012,2012-04-24,Spring,110.39,2335.32,108.78041026203626,13.358688524590164,358.44,54.12587431693989,3.549207650273224,17.25153005464481,
402636099271802,PHELPS,40.44343083333333,-99.45505,2012,2012-05-14,Spring,130.53,2362.54,130.17844851846633,13.358688524590164,358.44,54.12587431693989,3.549207650273224,17.25153005464481,
402636099271801,PHELPS,40.44343083333333,-99.45505,2012,2012-05-14,Spring,131.49,2362.54,130.17844851846633,13.358688524590164,358.44,54.12587431693989,3.549207650273224,17.25153005464481,
402334099293301,PHELPS,40.392735555555554,-99.49248916666669,2012,2012-05-14,Spring,135.86,2343.83,150.6690905845422,13.358688524590164,358.44,54.12587431693989,3.549207650273224,17.25153005464481,
402334099293302,PHELPS,40.392735555555554,-99.49248916666669,2012,2012-05-14,Spring,136.42,2343.83,150.6690905845422,13.358688524590164,358.44,54.12587431693989,3.549207650273224,17.25153005464481,
402649099350601,PHELPS,40.44692,-99.58488888888888,2012,2012-05-14,Spring,146.17,2428.0,150.40659200461815,13.358688524590164,358.44,54.12587431693989,3.549207650273224,17.25153005464481,
402326099185300,PHELPS,40.390366666666665,-99.31649722222222,2012,2012-04-23,Spring,146.54,2306.56,142.85072659189257,13.358688524590164,358.44,54.12587431693989,3.549207650273224,17.25153005464481,
402200099160700,PHELPS,40.3669,-99.267175,2012,2012-04-23,Spring,146.96,2280.22,144.87025460781112,13.358688524590164,358.44,54.12587431693989,3.549207650273224,17.25153005464481,
402649099350602,PHELPS,40.44692,-99.58488888888888,2012,2012-05-14,Spring,147.26,2428.0,150.40659200461815,13.358688524590164,358.44,54.12587431693989,3.549207650273224,17.25153005464481,
402906099342201,PHELPS,40.485083333333336,-99.57288888888888,2012,2012-04-24,Spring,147.63,2458.82,138.03662902872364,13.358688524590164,358.44,54.12587431693989,3.549207650273224,17.25153005464481,
402813099382100,PHELPS,40.46941944444445,-99.63914166666667,2012,2012-04-24,Spring,153.75,2473.68,143.29405496657665,13.358688524590164,358.44,54.12587431693989,3.549207650273224,17.25153005464481,
402756099320601,PHELPS,40.46654722222223,-99.53547222222224,2012,2012-04-24,Spring,162.73,2446.36,150.59656488062916,13.358688524590164,358.44,54.12587431693989,3.549207650273224,17.25153005464481,
402458099344401,PHELPS,40.41608027777777,-99.57890388888887,2012,2012-05-14,Spring,169.67,2426.49,153.34425539072885,13.358688524590164,358.44,54.12587431693989,3.549207650273224,17.25153005464481,
402458099344402,PHELPS,40.41608027777777,-99.57890388888887,2012,2012-05-14,Spring,169.8,2426.49,153.34425539072885,13.358688524590164,358.44,54.12587431693989,3.549207650273224,17.25153005464481,
402609099350800,PHELPS,40.43199166666666,-99.58200277777776,2012,2012-04-24,Spring,173.36,2443.0,158.2833349599036,13.358688524590164,358.44,54.12587431693989,3.549207650273224,17.25153005464481,
402630099305500,PHELPS,40.44133611111111,-99.51204166666666,2012,2012-04-24,Spring,174.62,2426.38,161.32495738180648,13.358688524590164,358.44,54.12587431693989,3.549207650273224,17.25153005464481,
402406099311800,PHELPS,40.40154444444444,-99.52104166666666,2012,2012-04-24,Spring,180.26,2406.07,167.41594438027778,13.358688524590164,358.44,54.12587431693989,3.549207650273224,17.25153005464481,
402159099301600,PHELPS,40.3649,-99.50220555555556,2012,2012-04-24,Spring,181.58,2377.49,167.48355095641543,13.358688524590164,358.44,54.12587431693989,3.549207650273224,17.25153005464481,
402107099262000,PHELPS,40.35080555555556,-99.43768055555556,2012,2012-04-24,Spring,199.47,2363.91,196.3423368227006,13.358688524590164,358.44,54.12587431693989,3.549207650273224,17.25153005464481,
402115099213100,PHELPS,40.35468888888889,-99.35943333333331,2012,2012-04-24,Spring,203.17,2345.58,197.0089304011965,13.358688524590164,358.44,54.12587431693989,3.549207650273224,17.25153005464481,
402435099262900,PHELPS,40.40768055555555,-99.44083333333332,2012,2012-04-23,Spring,206.41,2405.19,182.53365767340736,13.358688524590164,358.44,54.12587431693989,3.549207650273224,17.25153005464481,
402320099231001,PHELPS,40.38914722222222,-99.38615277777778,2012,2012-04-23,Spring,214.62,2384.17,191.06549069551767,13.358688524590164,358.44,54.12587431693989,3.549207650273224,17.25153005464481,
402340099353701,PHELPS,40.39445302,-99.59399869,2012,2012-03-28,Spring,24.35,2264.29,79.16838733018996,13.358688524590164,358.44,54.12587431693989,3.549207650273224,17.25153005464481,
402524099201601,PHELPS,40.42334431,-99.33815365,2012,2012-03-28,Spring,110.51,2312.07,106.23558959964944,13.358688524590164,358.44,54.12587431693989,3.549207650273224,17.25153005464481,
402802099285801,PHELPS,40.46775,-99.48183333,2012,2012-03-28,Spring,99.3,2376.84,106.01090367487278,13.358688524590164,358.44,54.12587431693989,3.549207650273224,17.25153005464481,
403132099381001,PHELPS,40.52556319,-99.63650076,2012,2012-03-28,Spring,150.55,2517.21,131.02451421148825,13.358688524590164,358.44,54.12587431693989,3.549207650273224,17.25153005464481,
403217099235801,PHELPS,40.53806574,-99.39982287,2012,2012-03-28,Spring,19.18,2321.45,19.375155167167257,13.358688524590164,358.44,54.12587431693989,3.549207650273224,17.25153005464481,
403922099223301,PHELPS,40.65834351,-99.38037703,2012,2012-03-28,Spring,6.9,2253.27,6.833127377655032,13.358688524590164,358.44,54.12587431693989,3.549207650273224,17.25153005464481,
404016099370201,PHELPS,40.6711189,-99.61760995,2012,2012-03-28,Spring,5.02,2335.44,21.049223182451048,13.358688524590164,358.44,54.12587431693989,3.549207650273224,17.25153005464481,
402853099104601,PHELPS,40.4815796,-99.179559,2012,2012-04-17,Spring,14.88,2221.31,24.96330736170495,13.358688524590164,358.44,54.12587431693989,3.549207650273224,17.25153005464481,
403037099135301,PHELPS,40.5105526386111,-99.2316379,2012,2012-04-17,Spring,16.39,2239.33,22.127370959470557,13.358688524590164,358.44,54.12587431693989,3.549207650273224,17.25153005464481,
403322099210701,PHELPS,40.55622914,-99.3528114,2012,2012-04-18,Spring,16.49,2284.27,16.348394257218473,13.358688524590164,358.44,54.12587431693989,3.549207650273224,17.25153005464481,
403224099261801,PHELPS,40.54167314,-99.43849253,2012,2012-04-18,Spring,16.84,2347.7,20.21927627077426,13.358688524590164,358.44,54.12587431693989,3.549207650273224,17.25153005464481,
403646099293301,PHELPS,40.6127772,-99.4935704,2012,2012-04-18,Spring,17.01,2354.25,23.947345708019323,13.358688524590164,358.44,54.12587431693989,3.549207650273224,17.25153005464481,
402952099161701,PHELPS,40.49624602,-99.2746825,2012,2012-04-17,Spring,17.44,2255.28,22.11229645371614,13.358688524590164,358.44,54.12587431693989,3.549207650273224,17.25153005464481,
402945099151900,PHELPS,40.49312395,-99.25285328,2012,2012-04-17,Spring,18.28,2243.78,22.15522764352314,13.358688524590164,358.44,54.12587431693989,3.549207650273224,17.25153005464481,
403507099254101,PHELPS,40.58520714,-99.42844836,2012,2012-04-18,Spring,18.81,2318.5,19.109100772963505,13.358688524590164,358.44,54.12587431693989,3.549207650273224,17.25153005464481,
403739099281601,PHELPS,40.627653,-99.4742905,2012,2012-04-18,Spring,19.18,2324.54,22.650139235079784,13.358688524590164,358.44,54.12587431693989,3.549207650273224,17.25153005464481,
403138099190801,PHELPS,40.5255972,-99.3224515,2012,2012-04-18,Spring,19.49,2277.27,22.297029184751697,13.358688524590164,358.44,54.12587431693989,3.549207650273224,17.25153005464481,
403540099260001,PHELPS,40.5946306,-99.4353739,2012,2012-04-18,Spring,20.76,2323.77,20.97001256636158,13.358688524590164,358.44,54.12587431693989,3.549207650273224,17.25153005464481,
403138099235801,PHELPS,40.5255500233333,-99.399115,2012,2012-04-18,Spring,21.05,2328.14,26.396357349280844,13.358688524590164,358.44,54.12587431693989,3.549207650273224,17.25153005464481,
402919099104601,PHELPS,40.4886216022222,-99.1795852,2012,2012-04-17,Spring,22.55,2229.35,26.31159632910032,13.358688524590164,358.44,54.12587431693989,3.549207650273224,17.25153005464481,
402853099152001,PHELPS,40.4816481,-99.2557469,2012,2012-04-17,Spring,22.95,2251.06,26.55358391384695,13.358688524590164,358.44,54.12587431693989,3.549207650273224,17.25153005464481,
403104099130201,PHELPS,40.5179145,-99.2173248,2012,2012-04-18,Spring,24.93,2242.62,26.71691002819517,13.358688524590164,358.44,54.12587431693989,3.549207650273224,17.25153005464481,
403328099181202,PHELPS,40.5577906,-99.3033482,2012,2012-04-18,Spring,27.0,2272.01,26.59676710643049,13.358688524590164,358.44,54.12587431693989,3.549207650273224,17.25153005464481,
402851099130101,PHELPS,40.4809986,-99.2168379,2012,2012-04-17,Spring,27.13,2244.15,29.49821454122863,13.358688524590164,358.44,54.12587431693989,3.549207650273224,17.25153005464481,
403037099111401,PHELPS,40.5103457694444,-99.1873426,2012,2012-04-17,Spring,27.52,2237.5,29.765178047367197,13.358688524590164,358.44,54.12587431693989,3.549207650273224,17.25153005464481,
402905099115301,PHELPS,40.4848551,-99.1983097,2012,2012-04-17,Spring,29.54,2241.11,31.382791077435098,13.358688524590164,358.44,54.12587431693989,3.549207650273224,17.25153005464481,
403454099304801,PHELPS,40.57931189,-99.51412709,2012,2012-04-20,Spring,31.06,2390.5,36.87775264530005,13.358688524590164,358.44,54.12587431693989,3.549207650273224,17.25153005464481,
403902099313701,PHELPS,40.6483999,-99.5291531,2012,2012-04-18,Spring,31.42,2345.9,28.34042299167805,13.358688524590164,358.44,54.12587431693989,3.549207650273224,17.25153005464481,
403014099213701,PHELPS,40.50113773,-99.35723759,2012,2012-04-18,Spring,31.6,2325.73,32.45567832721138,13.358688524590164,358.44,54.12587431693989,3.549207650273224,17.25153005464481,
403625099315401,PHELPS,40.60535831,-99.53303177,2012,2012-04-20,Spring,33.1,2384.53,39.92617096387655,13.358688524590164,358.44,54.12587431693989,3.549207650273224,17.25153005464481,
402952099114401,PHELPS,40.4961238363889,-99.1985012,2012,2012-04-17,Spring,33.6,2246.17,32.2168649718258,13.358688524590164,358.44,54.12587431693989,3.549207650273224,17.25153005464481,
403453099190801,PHELPS,40.5807096794444,-99.3229107,2012,2012-04-18,Spring,33.71,2282.14,27.77203314110804,13.358688524590164,358.44,54.12587431693989,3.549207650273224,17.25153005464481,
403123099261501,PHELPS,40.52446389,-99.436875,2012,2012-04-18,Spring,34.96,2361.96,35.214506156233035,13.358688524590164,358.44,54.12587431693989,3.549207650273224,17.25153005464481,
403928099333601,PHELPS,40.6571948,-99.5612991,2012,2012-04-18,Spring,35.42,2355.41,25.411682797103783,13.358688524590164,358.44,54.12587431693989,3.549207650273224,17.25153005464481,
403651099281401,PHELPS,40.613021,-99.4747929,2012,2012-04-18,Spring,35.68,2345.39,30.36711704996073,13.358688524590164,358.44,54.12587431693989,3.549207650273224,17.25153005464481,
403348099114401,PHELPS,40.5613598133333,-99.1983188,2012,2012-04-17,Spring,35.86,2236.17,31.662399448470342,13.358688524590164,358.44,54.12587431693989,3.549207650273224,17.25153005464481,
403822099324501,PHELPS,40.6415361,-99.5482644,2012,2012-04-18,Spring,37.18,2377.53,36.662095248107576,13.358688524590164,358.44,54.12587431693989,3.549207650273224,17.25153005464481,
08N 20W 06 AAA,PHELPS,40.68138,-99.62646,2012,2012-05-01,Spring,4.82,2336.24,12.047359830805789,13.358688524590164,358.44,54.12587431693989,3.549207650273224,17.25153005464481,
402110099140001,PHELPS,40.351999,-99.2329232,2012,2012-10-15,Fall,169.44,2283.76,156.39987035472896,13.358688524590164,358.44,54.12587431693989,3.549207650273224,17.25153005464481,
402124099201601,PHELPS,40.3563466,-99.3403749,2012,2012-10-15,Fall,184.59,2318.47,184.11357927186828,13.358688524590164,358.44,54.12587431693989,3.549207650273224,17.25153005464481,
403104099130201,PHELPS,40.5179145,-99.2173248,2012,2012-10-16,Fall,31.63,2242.62,26.71691002819517,13.358688524590164,358.44,54.12587431693989,3.549207650273224,17.25153005464481,
402952099161701,PHELPS,40.49624602,-99.2746825,2012,2012-10-15,Fall,22.53,2255.28,22.11229645371614,13.358688524590164,358.44,54.12587431693989,3.549207650273224,17.25153005464481,
403037099135301,PHELPS,40.5105526386111,-99.2316379,2012,2012-10-15,Fall,24.0,2239.33,22.127370959470557,13.358688524590164,358.44,54.12587431693989,3.549207650273224,17.25153005464481,
403037099111401,PHELPS,40.5103457694444,-99.1873426,2012,2012-10-15,Fall,32.0,2237.5,29.765178047367197,13.358688524590164,358.44,54.12587431693989,3.549207650273224,17.25153005464481,
402952099114401,PHELPS,40.4961238363889,-99.1985012,2012,2012-10-15,Fall,39.62,2246.17,32.2168649718258,13.358688524590164,358.44,54.12587431693989,3.549207650273224,17.25153005464481,
402905099115301,PHELPS,40.4848551,-99.1983097,2012,2012-10-15,Fall,36.0,2241.11,31.382791077435098,13.358688524590164,358.44,54.12587431693989,3.549207650273224,17.25153005464481,
402919099104601,PHELPS,40.4886216022222,-99.1795852,2012,2012-10-15,Fall,29.0,2229.35,26.31159632910032,13.358688524590164,358.44,54.12587431693989,3.549207650273224,17.25153005464481,
402853099104601,PHELPS,40.4815796,-99.179559,2012,2012-10-15,Fall,21.67,2221.31,24.96330736170495,13.358688524590164,358.44,54.12587431693989,3.549207650273224,17.25153005464481,
402945099151900,PHELPS,40.49312395,-99.25285328,2012,2012-10-15,Fall,24.41,2243.78,22.15522764352314,13.358688524590164,358.44,54.12587431693989,3.549207650273224,17.25153005464481,
402853099152001,PHELPS,40.4816481,-99.2557469,2012,2012-10-15,Fall,30.32,2251.06,26.55358391384695,13.358688524590164,358.44,54.12587431693989,3.549207650273224,17.25153005464481,
402851099130101,PHELPS,40.4809986,-99.2168379,2012,2012-10-15,Fall,32.63,2244.15,29.49821454122863,13.358688524590164,358.44,54.12587431693989,3.549207650273224,17.25153005464481,
403014099213701,PHELPS,40.50113773,-99.35723759,2012,2012-10-16,Fall,29.0,2325.73,32.45567832721138,13.358688524590164,358.44,54.12587431693989,3.549207650273224,17.25153005464481,
402924099235501,PHELPS,40.4901949,-99.398706,2012,2012-10-16,Fall,55.52,2336.37,52.37219571428836,13.358688524590164,358.44,54.12587431693989,3.549207650273224,17.25153005464481,
402716099212401,PHELPS,40.4529071,-99.3592878,2012,2012-10-16,Fall,73.69,2307.74,72.05533223625801,13.358688524590164,358.44,54.12587431693989,3.549207650273224,17.25153005464481,
403123099261501,PHELPS,40.52446389,-99.436875,2012,2012-10-17,Fall,39.1,2361.96,35.214506156233035,13.358688524590164,358.44,54.12587431693989,3.549207650273224,17.25153005464481,
403125099295701,PHELPS,40.5247252,-99.4992246,2012,2012-10-17,Fall,65.24,2402.13,64.31923136306125,13.358688524590164,358.44,54.12587431693989,3.549207650273224,17.25153005464481,
402821099282901,PHELPS,40.47215973,-99.47068872,2012,2012-10-17,Fall,94.39,2363.91,95.03840596288892,13.358688524590164,358.44,54.12587431693989,3.549207650273224,17.25153005464481,
403638099154301,PHELPS,40.60901195,-99.26298962,2012,2012-10-16,Fall,16.38,2222.0,17.679876556031108,13.358688524590164,358.44,54.12587431693989,3.549207650273224,17.25153005464481,
403453099141801,PHELPS,40.58307501,-99.2365144,2012,2012-10-16,Fall,50.14,2255.34,37.25927269190776,13.358688524590164,358.44,54.12587431693989,3.549207650273224,17.25153005464481,
403328099181202,PHELPS,40.5577906,-99.3033482,2012,2012-10-16,Fall,31.53,2272.01,26.59676710643049,13.358688524590164,358.44,54.12587431693989,3.549207650273224,17.25153005464481,
403348099114401,PHELPS,40.5613598133333,-99.1983188,2012,2012-10-15,Fall,41.31,2236.17,31.662399448470342,13.358688524590164,358.44,54.12587431693989,3.549207650273224,17.25153005464481,
403507099234101,PHELPS,40.5836771413889,-99.3985091,2012,2012-10-16,Fall,14.57,2295.65,12.213258172934374,13.358688524590164,358.44,54.12587431693989,3.549207650273224,17.25153005464481,
403520099201601,PHELPS,40.5886101475,-99.3416473,2012,2012-10-16,Fall,17.8,2265.95,15.293266778159284,13.358688524590164,358.44,54.12587431693989,3.549207650273224,17.25153005464481,
403453099190801,PHELPS,40.5807096794444,-99.3229107,2012,2012-10-16,Fall,41.21,2282.14,27.77203314110804,13.358688524590164,358.44,54.12587431693989,3.549207650273224,17.25153005464481,
403322099210701,PHELPS,40.55622914,-99.3528114,2012,2012-10-16,Fall,23.78,2284.27,16.348394257218473,13.358688524590164,358.44,54.12587431693989,3.549207650273224,17.25153005464481,
403322099201601,PHELPS,40.5547811,-99.3416484,2012,2012-10-16,Fall,7.05,2267.67,12.919435115650316,13.358688524590164,358.44,54.12587431693989,3.549207650273224,17.25153005464481,
403138099235801,PHELPS,40.5255500233333,-99.399115,2012,2012-10-16,Fall,31.44,2328.14,26.396357349280844,13.358688524590164,358.44,54.12587431693989,3.549207650273224,17.25153005464481,
403138099190801,PHELPS,40.5255972,-99.3224515,2012,2012-10-16,Fall,25.0,2277.27,22.297029184751697,13.358688524590164,358.44,54.12587431693989,3.549207650273224,17.25153005464481,
403540099260001,PHELPS,40.5946306,-99.4353739,2012,2012-10-16,Fall,25.44,2323.77,20.97001256636158,13.358688524590164,358.44,54.12587431693989,3.549207650273224,17.25153005464481,
403507099254101,PHELPS,40.58520714,-99.42844836,2012,2012-10-16,Fall,23.82,2318.5,19.109100772963505,13.358688524590164,358.44,54.12587431693989,3.549207650273224,17.25153005464481,
403433099250001,PHELPS,40.576331,-99.4179046,2012,2012-10-16,Fall,18.52,2315.55,15.100597286561896,13.358688524590164,358.44,54.12587431693989,3.549207650273224,17.25153005464481,
403454099304801,PHELPS,40.57931189,-99.51412709,2012,2012-10-17,Fall,37.41,2390.5,36.87775264530005,13.358688524590164,358.44,54.12587431693989,3.549207650273224,17.25153005464481,
403322099304801,PHELPS,40.5542755075,-99.5122815,2012,2012-10-17,Fall,57.8,2411.43,55.60718047136186,13.358688524590164,358.44,54.12587431693989,3.549207650273224,17.25153005464481,
403322099272302,PHELPS,40.5545803,-99.4609332,2012,2012-10-17,Fall,20.01,2349.56,15.804707343689918,13.358688524590164,358.44,54.12587431693989,3.549207650273224,17.25153005464481,
403322099264901,PHELPS,40.5543545569444,-99.4489925,2012,2012-10-16,Fall,13.9,2342.74,14.11669311690137,13.358688524590164,358.44,54.12587431693989,3.549207650273224,17.25153005464481,
403309099250701,PHELPS,40.5543784,-99.4199673,2012,2012-10-16,Fall,13.92,2322.67,12.610308929078082,13.358688524590164,358.44,54.12587431693989,3.549207650273224,17.25153005464481,
403224099261801,PHELPS,40.54167314,-99.43849253,2012,2012-10-17,Fall,24.18,2347.7,20.21927627077426,13.358688524590164,358.44,54.12587431693989,3.549207650273224,17.25153005464481,
403309099281401,PHELPS,40.5521635,-99.4737128,2012,2012-10-17,Fall,16.11,2354.64,19.72170477561207,13.358688524590164,358.44,54.12587431693989,3.549207650273224,17.25153005464481,
403217099312001,PHELPS,40.5392815,-99.5207383,2012,2012-10-17,Fall,100.76,2451.89,79.27924537289677,13.358688524590164,358.44,54.12587431693989,3.549207650273224,17.25153005464481,
403625099315401,PHELPS,40.60535831,-99.53303177,2012,2012-10-17,Fall,45.66,2384.53,39.92617096387655,13.358688524590164,358.44,54.12587431693989,3.549207650273224,17.25153005464481,
403625099361001,PHELPS,40.60535831,-99.60306609,2012,2012-10-17,Fall,85.06,2454.12,80.50072729457835,13.358688524590164,358.44,54.12587431693989,3.549207650273224,17.25153005464481,
403558099371801,PHELPS,40.5994522,-99.622055,2012,2012-10-17,Fall,72.6,2483.53,79.2175097796473,13.358688524590164,358.44,54.12587431693989,3.549207650273224,17.25153005464481,
403431099362101,PHELPS,40.5754557,-99.6058865,2012,2012-10-17,Fall,86.58,2477.16,81.56959894306031,13.358688524590164,358.44,54.12587431693989,3.549207650273224,17.25153005464481,
403322099371801,PHELPS,40.5557047,-99.6247601,2012,2012-10-17,Fall,75.26,2465.78,86.07810465382464,13.358688524590164,358.44,54.12587431693989,3.549207650273224,17.25153005464481,
403137099330201,PHELPS,40.5263766547222,-99.5496279,2012,2012-10-17,Fall,59.26,2405.25,68.4927993216374,13.358688524590164,358.44,54.12587431693989,3.549207650273224,17.25153005464481,
403915099190801,PHELPS,40.6573434,-99.3214291,2012,2012-10-16,Fall,10.5,2234.03,12.584059011374258,13.358688524590164,358.44,54.12587431693989,3.549207650273224,17.25153005464481,
404007099294001,PHELPS,40.6709022,-99.4936146,2012,2012-10-16,Fall,10.61,2290.54,7.2295113671212095,13.358688524590164,358.44,54.12587431693989,3.549207650273224,17.25153005464481,
403902099313701,PHELPS,40.6483999,-99.5291531,2012,2012-10-16,Fall,34.77,2345.9,28.34042299167805,13.358688524590164,358.44,54.12587431693989,3.549207650273224,17.25153005464481,
403739099281601,PHELPS,40.627653,-99.4742905,2012,2012-10-16,Fall,24.67,2324.54,22.650139235079784,13.358688524590164,358.44,54.12587431693989,3.549207650273224,17.25153005464481,
403646099293301,PHELPS,40.6127772,-99.4935704,2012,2012-10-16,Fall,18.67,2354.25,23.947345708019323,13.358688524590164,358.44,54.12587431693989,3.549207650273224,17.25153005464481,
403651099281401,PHELPS,40.613021,-99.4747929,2012,2012-10-16,Fall,43.65,2345.39,30.36711704996073,13.358688524590164,358.44,54.12587431693989,3.549207650273224,17.25153005464481,
404020099355301,PHELPS,40.6710839,-99.5961084,2012,2012-10-16,Fall,9.83,2326.91,11.030363458814472,13.358688524590164,358.44,54.12587431693989,3.549207650273224,17.25153005464481,
403928099333601,PHELPS,40.6571948,-99.5612991,2012,2012-10-16,Fall,38.83,2355.41,25.411682797103783,13.358688524590164,358.44,54.12587431693989,3.549207650273224,17.25153005464481,
403941099331901,PHELPS,40.66044972,-99.55637462,2012,2012-10-16,Fall,9.1,2347.21,17.657453484900145,13.358688524590164,358.44,54.12587431693989,3.549207650273224,17.25153005464481,
403941099342701,PHELPS,40.6636923,-99.5766538,2012,2012-10-16,Fall,12.53,2326.71,14.209493580770404,13.358688524590164,358.44,54.12587431693989,3.549207650273224,17.25153005464481,
404007099351901,PHELPS,40.6709256,-99.5865622,2012,2012-10-16,Fall,10.78,2322.26,8.925292068416653,13.358688524590164,358.44,54.12587431693989,3.549207650273224,17.25153005464481,
403928099371801,PHELPS,40.655954,-99.6202609,2012,2012-10-16,Fall,84.44,2432.98,64.90416480395821,13.358688524590164,358.44,54.12587431693989,3.549207650273224,17.25153005464481,
403822099324501,PHELPS,40.6415361,-99.5482644,2012,2012-10-16,Fall,43.58,2377.53,36.662095248107576,13.358688524590164,358.44,54.12587431693989,3.549207650273224,17.25153005464481,
403730099373501,PHELPS,40.6268217,-99.6246292,2012,2012-10-17,Fall,92.59,2471.08,85.64525357764713,13.358688524590164,358.44,54.12587431693989,3.549207650273224,17.25153005464481,
403453099141801,PHELPS,40.58307501,-99.2365144,2012,2012-04-18,Spring,47.78,2255.34,37.25927269190776,13.358688524590164,358.44,54.12587431693989,3.549207650273224,17.25153005464481,
402924099235501,PHELPS,40.4901949,-99.398706,2012,2012-04-18,Spring,48.31,2336.37,52.37219571428836,13.358688524590164,358.44,54.12587431693989,3.549207650273224,17.25153005464481,
403137099330201,PHELPS,40.5263766547222,-99.5496279,2012,2012-04-18,Spring,50.9,2405.25,68.4927993216374,13.358688524590164,358.44,54.12587431693989,3.549207650273224,17.25153005464481,
403322099304801,PHELPS,40.5542755075,-99.5122815,2012,2012-04-18,Spring,52.42,2411.43,55.60718047136186,13.358688524590164,358.44,54.12587431693989,3.549207650273224,17.25153005464481,
403125099295701,PHELPS,40.5247252,-99.4992246,2012,2012-04-18,Spring,60.65,2402.13,64.31923136306125,13.358688524590164,358.44,54.12587431693989,3.549207650273224,17.25153005464481,
402716099212401,PHELPS,40.4529071,-99.3592878,2012,2012-04-18,Spring,66.89,2307.74,72.05533223625801,13.358688524590164,358.44,54.12587431693989,3.549207650273224,17.25153005464481,
403558099371801,PHELPS,40.5994522,-99.622055,2012,2012-04-18,Spring,71.13,2483.53,79.2175097796473,13.358688524590164,358.44,54.12587431693989,3.549207650273224,17.25153005464481,
403037099313401,PHELPS,40.5104684,-99.5262137,2012,2012-04-18,Spring,72.55,2408.97,83.06405152350807,13.358688524590164,358.44,54.12587431693989,3.549207650273224,17.25153005464481,
403322099371801,PHELPS,40.5557047,-99.6247601,2012,2012-04-20,Spring,74.44,2465.78,86.07810465382464,13.358688524590164,358.44,54.12587431693989,3.549207650273224,17.25153005464481,
403928099371801,PHELPS,40.655954,-99.6202609,2012,2012-04-18,Spring,80.25,2432.98,64.90416480395821,13.358688524590164,358.44,54.12587431693989,3.549207650273224,17.25153005464481,
403431099362101,PHELPS,40.5754557,-99.6058865,2012,2012-04-20,Spring,85.0,2477.16,81.56959894306031,13.358688524590164,358.44,54.12587431693989,3.549207650273224,17.25153005464481,
403730099373501,PHELPS,40.6268217,-99.6246292,2012,2012-04-18,Spring,88.0,2471.08,85.64525357764713,13.358688524590164,358.44,54.12587431693989,3.549207650273224,17.25153005464481,
403625099361001,PHELPS,40.60535831,-99.60306609,2012,2012-04-18,Spring,88.02,2454.12,80.50072729457835,13.358688524590164,358.44,54.12587431693989,3.549207650273224,17.25153005464481,
402821099282901,PHELPS,40.47215973,-99.47068872,2012,2012-04-18,Spring,88.91,2363.91,95.03840596288892,13.358688524590164,358.44,54.12587431693989,3.549207650273224,17.25153005464481,
403217099312001,PHELPS,40.5392815,-99.5207383,2012,2012-04-18,Spring,95.01,2451.89,79.27924537289677,13.358688524590164,358.44,54.12587431693989,3.549207650273224,17.25153005464481,
402110099140001,PHELPS,40.351999,-99.2329232,2012,2012-04-17,Spring,166.78,2283.76,156.39987035472896,13.358688524590164,358.44,54.12587431693989,3.549207650273224,17.25153005464481,
402124099201601,PHELPS,40.3563466,-99.3403749,2012,2012-04-17,Spring,181.49,2318.47,184.11357927186828,13.358688524590164,358.44,54.12587431693989,3.549207650273224,17.25153005464481,
402110099140001,PHELPS,40.351999,-99.2329232,2013,2013-04-09,Spring,167.74,2283.76,152.27014791478865,11.076767123287672,506.1,60.45969863013699,3.705178082191781,16.202739726027396,
402124099201601,PHELPS,40.3563466,-99.3403749,2013,2013-04-09,Spring,182.54,2318.47,183.1964879531349,11.076767123287672,506.1,60.45969863013699,3.705178082191781,16.202739726027396,
402716099212401,PHELPS,40.4529071,-99.3592878,2013,2013-04-11,Spring,69.26,2307.74,73.84180259374146,11.076767123287672,506.1,60.45969863013699,3.705178082191781,16.202739726027396,
402853099104601,PHELPS,40.4815796,-99.179559,2013,2013-04-10,Spring,19.02,2221.31,27.28278741586861,11.076767123287672,506.1,60.45969863013699,3.705178082191781,16.202739726027396,
402853099152001,PHELPS,40.4816481,-99.2557469,2013,2013-04-11,Spring,28.37,2251.06,28.86202632516776,11.076767123287672,506.1,60.45969863013699,3.705178082191781,16.202739726027396,
402905099115301,PHELPS,40.4848551,-99.1983097,2013,2013-04-10,Spring,33.67,2241.11,31.95991152300565,11.076767123287672,506.1,60.45969863013699,3.705178082191781,16.202739726027396,
402919099104601,PHELPS,40.4886216022222,-99.1795852,2013,2013-04-10,Spring,26.7,2229.35,27.96829338418021,11.076767123287672,506.1,60.45969863013699,3.705178082191781,16.202739726027396,
402924099235501,PHELPS,40.4901949,-99.398706,2013,2013-04-11,Spring,52.61,2336.37,54.55324968421843,11.076767123287672,506.1,60.45969863013699,3.705178082191781,16.202739726027396,
402952099114401,PHELPS,40.4961238363889,-99.1985012,2013,2013-04-10,Spring,37.84,2246.17,32.25697704428051,11.076767123287672,506.1,60.45969863013699,3.705178082191781,16.202739726027396,
402952099161701,PHELPS,40.49624602,-99.2746825,2013,2013-04-11,Spring,21.58,2255.28,25.08013327024443,11.076767123287672,506.1,60.45969863013699,3.705178082191781,16.202739726027396,
403014099213701,PHELPS,40.50113773,-99.35723759,2013,2013-04-11,Spring,34.8,2325.73,37.46893704114064,11.076767123287672,506.1,60.45969863013699,3.705178082191781,16.202739726027396,
403037099111401,PHELPS,40.5103457694444,-99.1873426,2013,2013-04-10,Spring,31.33,2237.5,30.43121095852347,11.076767123287672,506.1,60.45969863013699,3.705178082191781,16.202739726027396,
403037099135301,PHELPS,40.5105526386111,-99.2316379,2013,2013-04-11,Spring,21.05,2239.33,23.601612284589944,11.076767123287672,506.1,60.45969863013699,3.705178082191781,16.202739726027396,
403037099313401,PHELPS,40.5104684,-99.5262137,2013,2013-04-12,Spring,74.24,2408.97,81.60439359506056,11.076767123287672,506.1,60.45969863013699,3.705178082191781,16.202739726027396,
403104099130201,PHELPS,40.5179145,-99.2173248,2013,2013-04-11,Spring,29.32,2242.62,27.217060975243072,11.076767123287672,506.1,60.45969863013699,3.705178082191781,16.202739726027396,
403123099261501,PHELPS,40.52446389,-99.436875,2013,2013-04-12,,38.61,2361.96,37.93255568983079,11.076767123287672,506.1,60.45969863013699,3.705178082191781,16.202739726027396,
403125099295701,PHELPS,40.5247252,-99.4992246,2013,2013-04-12,Spring,63.19,2402.13,63.90792461069049,11.076767123287672,506.1,60.45969863013699,3.705178082191781,16.202739726027396,
403137099330201,PHELPS,40.5263766547222,-99.5496279,2013,2013-04-12,Spring,53.35,2405.25,71.29558078261444,11.076767123287672,506.1,60.45969863013699,3.705178082191781,16.202739726027396,
403138099190801,PHELPS,40.5255972,-99.3224515,2013,2013-04-11,Spring,25.3,2277.27,25.38921232921021,11.076767123287672,506.1,60.45969863013699,3.705178082191781,16.202739726027396,
403138099235801,PHELPS,40.5255500233333,-99.399115,2013,2013-04-11,Spring,25.23,2328.14,27.954722270338863,11.076767123287672,506.1,60.45969863013699,3.705178082191781,16.202739726027396,
403217099312001,PHELPS,40.5392815,-99.5207383,2013,2013-04-12,Spring,96.78,2451.89,74.51989160365883,11.076767123287672,506.1,60.45969863013699,3.705178082191781,16.202739726027396,
403224099261801,PHELPS,40.54167314,-99.43849253,2013,2013-04-12,Spring,22.84,2347.7,23.7261721268322,11.076767123287672,506.1,60.45969863013699,3.705178082191781,16.202739726027396,
403309099250701,PHELPS,40.5543784,-99.4199673,2013,2013-04-12,Spring,11.67,2322.67,16.42675035541501,11.076767123287672,506.1,60.45969863013699,3.705178082191781,16.202739726027396,
403309099281401,PHELPS,40.5521635,-99.4737128,2013,2013-04-12,Spring,12.91,2354.64,21.518607148263538,11.076767123287672,506.1,60.45969863013699,3.705178082191781,16.202739726027396,
403322099201601,PHELPS,40.5547811,-99.3416484,2013,2013-04-11,Spring,7.62,2267.67,14.778836584693993,11.076767123287672,506.1,60.45969863013699,3.705178082191781,16.202739726027396,
403322099304801,PHELPS,40.5542755075,-99.5122815,2013,2013-04-12,Spring,54.61,2411.43,54.40990137663332,11.076767123287672,506.1,60.45969863013699,3.705178082191781,16.202739726027396,
403322099371801,PHELPS,40.5557047,-99.6247601,2013,2013-04-12,Spring,76.51,2465.78,93.22976192455234,11.076767123287672,506.1,60.45969863013699,3.705178082191781,16.202739726027396,
403348099114401,PHELPS,40.5613598133333,-99.1983188,2013,2013-04-10,Spring,38.66,2236.17,29.939130011292114,11.076767123287672,506.1,60.45969863013699,3.705178082191781,16.202739726027396,
403431099362101,PHELPS,40.5754557,-99.6058865,2013,2013-04-12,Spring,86.73,2477.16,83.98658949056215,11.076767123287672,506.1,60.45969863013699,3.705178082191781,16.202739726027396,
403453099141801,PHELPS,40.58307501,-99.2365144,2013,2013-04-11,Spring,48.41,2255.34,33.95862403680507,11.076767123287672,506.1,60.45969863013699,3.705178082191781,16.202739726027396,
403453099190801,PHELPS,40.5807096794444,-99.3229107,2013,2013-04-11,Spring,37.04,2282.14,25.59821657275373,11.076767123287672,506.1,60.45969863013699,3.705178082191781,16.202739726027396,
403454099304801,PHELPS,40.57931189,-99.51412709,2013,2013-04-12,Spring,34.44,2390.5,38.24457980575114,11.076767123287672,506.1,60.45969863013699,3.705178082191781,16.202739726027396,
403507099234101,PHELPS,40.5836771413889,-99.3985091,2013,2013-04-11,Spring,12.38,2295.65,14.57319837336865,11.076767123287672,506.1,60.45969863013699,3.705178082191781,16.202739726027396,
403507099254101,PHELPS,40.58520714,-99.42844836,2013,2013-04-12,Spring,24.86,2318.5,20.95898768323825,11.076767123287672,506.1,60.45969863013699,3.705178082191781,16.202739726027396,
403520099201601,PHELPS,40.5886101475,-99.3416473,2013,2013-04-11,Spring,13.76,2265.95,15.569033253004086,11.076767123287672,506.1,60.45969863013699,3.705178082191781,16.202739726027396,
403540099260001,PHELPS,40.5946306,-99.4353739,2013,2013-04-12,Spring,23.09,2323.77,21.494413642900437,11.076767123287672,506.1,60.45969863013699,3.705178082191781,16.202739726027396,
403625099361001,PHELPS,40.60535831,-99.60306609,2013,2013-04-12,Spring,85.9,2454.12,81.2406540354105,11.076767123287672,506.1,60.45969863013699,3.705178082191781,16.202739726027396,
403638099154301,PHELPS,40.60901195,-99.26298962,2013,2013-04-11,Spring,16.27,2222.0,20.24670566610832,11.076767123287672,506.1,60.45969863013699,3.705178082191781,16.202739726027396,
403646099293301,PHELPS,40.6127772,-99.4935704,2013,2013-04-11,Spring,21.02,2354.25,26.95943374044378,11.076767123287672,506.1,60.45969863013699,3.705178082191781,16.202739726027396,
403651099281401,PHELPS,40.613021,-99.4747929,2013,2013-04-11,Spring,38.8,2345.39,29.2214439717406,11.076767123287672,506.1,60.45969863013699,3.705178082191781,16.202739726027396,
403730099373501,PHELPS,40.6268217,-99.6246292,2013,2013-04-12,Spring,90.03,2471.08,85.36066788259217,11.076767123287672,506.1,60.45969863013699,3.705178082191781,16.202739726027396,
403822099324501,PHELPS,40.6415361,-99.5482644,2013,2013-04-11,Spring,40.74,2377.53,35.5137054905259,11.076767123287672,506.1,60.45969863013699,3.705178082191781,16.202739726027396,
403902099313701,PHELPS,40.6483999,-99.5291531,2013,2013-04-11,Spring,33.12,2345.9,27.379056346414885,11.076767123287672,506.1,60.45969863013699,3.705178082191781,16.202739726027396,
403915099190801,PHELPS,40.6573434,-99.3214291,2013,2013-04-11,Spring,9.73,2234.03,13.137276489324131,11.076767123287672,506.1,60.45969863013699,3.705178082191781,16.202739726027396,
403928099333601,PHELPS,40.6571948,-99.5612991,2013,2013-04-11,Spring,35.89,2355.41,23.68953278477785,11.076767123287672,506.1,60.45969863013699,3.705178082191781,16.202739726027396,
403928099371801,PHELPS,40.655954,-99.6202609,2013,2013-04-11,Spring,80.95,2432.98,59.60712614049449,11.076767123287672,506.1,60.45969863013699,3.705178082191781,16.202739726027396,
403941099331901,PHELPS,40.66044972,-99.55637462,2013,2013-04-11,Spring,4.92,2347.21,17.741751875778697,11.076767123287672,506.1,60.45969863013699,3.705178082191781,16.202739726027396,
403941099342701,PHELPS,40.6636923,-99.5766538,2013,2013-04-11,Spring,7.38,2326.71,14.348409656562144,11.076767123287672,506.1,60.45969863013699,3.705178082191781,16.202739726027396,
404007099294001,PHELPS,40.6709022,-99.4936146,2013,2013-04-11,Spring,6.32,2290.54,6.074215232808634,11.076767123287672,506.1,60.45969863013699,3.705178082191781,16.202739726027396,
404007099351901,PHELPS,40.6709256,-99.5865622,2013,2013-04-11,Spring,5.96,2322.26,8.682470164687372,11.076767123287672,506.1,60.45969863013699,3.705178082191781,16.202739726027396,
404020099355301,PHELPS,40.6710839,-99.5961084,2013,2013-04-11,Spring,6.55,2326.91,10.988067071019758,11.076767123287672,506.1,60.45969863013699,3.705178082191781,16.202739726027396,
402945099151900,PHELPS,40.49312395,-99.25285328,2013,2013-04-11,Spring,22.75,2243.78,24.25499888596043,11.076767123287672,506.1,60.45969863013699,3.705178082191781,16.202739726027396,
402851099130101,PHELPS,40.4809986,-99.2168379,2013,2013-04-10,Spring,31.1,2244.15,31.377158112897582,11.076767123287672,506.1,60.45969863013699,3.705178082191781,16.202739726027396,
403328099181202,PHELPS,40.5577906,-99.3033482,2013,2013-04-11,Spring,31.06,2272.01,26.745607915707765,11.076767123287672,506.1,60.45969863013699,3.705178082191781,16.202739726027396,
403433099250001,PHELPS,40.576331,-99.4179046,2013,2013-04-12,Spring,19.16,2315.55,17.998809982361294,11.076767123287672,506.1,60.45969863013699,3.705178082191781,16.202739726027396,
403322099272302,PHELPS,40.5545803,-99.4609332,2013,2013-04-12,Spring,17.07,2349.56,18.44049681116627,11.076767123287672,506.1,60.45969863013699,3.705178082191781,16.202739726027396,
403322099264901,PHELPS,40.5543545569444,-99.4489925,2013,2013-04-12,Spring,16.29,2342.74,18.04548466833482,11.076767123287672,506.1,60.45969863013699,3.705178082191781,16.202739726027396,
403739099281601,PHELPS,40.627653,-99.4742905,2013,2013-04-11,Spring,23.65,2324.54,23.640667183719195,11.076767123287672,506.1,60.45969863013699,3.705178082191781,16.202739726027396,
404006099282401,PHELPS,40.66854833333333,-99.4734825,2013,2013-04-30,Spring,1.98,2280.04,4.010247570638745,11.076767123287672,506.1,60.45969863013699,3.705178082191781,16.202739726027396,
403927099293501,PHELPS,40.65755805555556,-99.49321666666668,2013,2013-04-30,Spring,9.0,2297.65,10.479917748620425,11.076767123287672,506.1,60.45969863013699,3.705178082191781,16.202739726027396,
403949099293501,PHELPS,40.66383277777778,-99.49320805555556,2013,2013-04-30,Spring,4.42,2291.23,7.879795316313927,11.076767123287672,506.1,60.45969863013699,3.705178082191781,16.202739726027396,
403959099282801,PHELPS,40.66638638888889,-99.47439194444443,2013,2013-04-30,Spring,3.35,2282.17,4.488011508432961,11.076767123287672,506.1,60.45969863013699,3.705178082191781,16.202739726027396,
403959099282802,PHELPS,40.66638638888889,-99.47439194444443,2013,2013-04-30,Spring,3.35,2282.17,4.488011508432961,11.076767123287672,506.1,60.45969863013699,3.705178082191781,16.202739726027396,
403832099293501,PHELPS,40.64230694444444,-99.49321833333332,2013,2013-04-30,Spring,20.83,2322.16,19.96693792913165,11.076767123287672,506.1,60.45969863013699,3.705178082191781,16.202739726027396,
403739099293601,PHELPS,40.62758555555556,-99.49344,2013,2013-04-30,Spring,32.51,2356.31,27.16708312184416,11.076767123287672,506.1,60.45969863013699,3.705178082191781,16.202739726027396,
404033099373001,PHELPS,40.67593911111111,-99.62515633333332,2013,2013-04-30,Spring,7.96,2339.74,17.069727435959162,11.076767123287672,506.1,60.45969863013699,3.705178082191781,16.202739726027396,
404040099383501,PHELPS,40.67796833333333,-99.64313333333334,2013,2013-04-30,Spring,9.47,2346.64,25.60309368984603,11.076767123287672,506.1,60.45969863013699,3.705178082191781,16.202739726027396,
404059099383501,PHELPS,40.68328583333333,-99.64316027777778,2013,2013-04-30,Spring,15.23,2343.11,19.684939422523087,11.076767123287672,506.1,60.45969863013699,3.705178082191781,16.202739726027396,
404102099373001,PHELPS,40.68405933333333,-99.62523716666666,2013,2013-04-30,Spring,9.55,2334.85,9.08886574251265,11.076767123287672,506.1,60.45969863013699,3.705178082191781,16.202739726027396,
403946099383201,PHELPS,40.66301611111111,-99.64228555555556,2013,2013-04-30,Spring,93.49,2446.94,63.124229576978166,11.076767123287672,506.1,60.45969863013699,3.705178082191781,16.202739726027396,
402853099135101,PHELPS,40.48150472222223,-99.23095833333332,2013,2013-05-02,Spring,29.14,2247.07,30.064990815773925,11.076767123287672,506.1,60.45969863013699,3.705178082191781,16.202739726027396,
402853099135102,PHELPS,40.48150472222223,-99.23095833333332,2013,2013-05-02,Spring,31.29,2247.07,30.064990815773925,11.076767123287672,506.1,60.45969863013699,3.705178082191781,16.202739726027396,
403408099130501,PHELPS,40.56878722222223,-99.21816944444444,2013,2013-05-02,Spring,15.16,2216.56,21.414993980577847,11.076767123287672,506.1,60.45969863013699,3.705178082191781,16.202739726027396,
403408099130502,PHELPS,40.56878722222223,-99.21816944444444,2013,2013-05-02,Spring,15.08,2216.56,21.414993980577847,11.076767123287672,506.1,60.45969863013699,3.705178082191781,16.202739726027396,
403710099104601,PHELPS,40.6195145,-99.17947241666668,2013,2013-05-02,Spring,16.89,2193.97,20.926571032617517,11.076767123287672,506.1,60.45969863013699,3.705178082191781,16.202739726027396,
403710099104602,PHELPS,40.6195145,-99.17947241666668,2013,2013-05-02,Spring,17.05,2193.97,20.926571032617517,11.076767123287672,506.1,60.45969863013699,3.705178082191781,16.202739726027396,
403645099242701,PHELPS,40.61264497222222,-99.40752011111113,2013,2013-05-10,Spring,20.13,2297.96,18.50092168123001,11.076767123287672,506.1,60.45969863013699,3.705178082191781,16.202739726027396,
403645099242702,PHELPS,40.61264497222222,-99.40752011111113,2013,2013-05-10,Spring,20.88,2297.96,18.50092168123001,11.076767123287672,506.1,60.45969863013699,3.705178082191781,16.202739726027396,
403350099282702,PHELPS,40.56375277777777,-99.47419805555556,2013,2013-05-10,Spring,14.74,2351.95,18.95302943867189,11.076767123287672,506.1,60.45969863013699,3.705178082191781,16.202739726027396,
403315099351501,PHELPS,40.554270555555554,-99.58744083333332,2013,2013-05-10,Spring,68.8,2447.59,76.91090575599496,11.076767123287672,506.1,60.45969863013699,3.705178082191781,16.202739726027396,
403738099181101,PHELPS,40.62740444444445,-99.30320513888888,2013,2013-05-10,Spring,17.27,2241.2,15.76869609549759,11.076767123287672,506.1,60.45969863013699,3.705178082191781,16.202739726027396,
403738099181102,PHELPS,40.62740444444445,-99.30320513888888,2013,2013-05-10,Spring,17.2,2241.2,15.76869609549759,11.076767123287672,506.1,60.45969863013699,3.705178082191781,16.202739726027396,
403831099173501,PHELPS,40.642178,-99.29327591666666,2013,2013-05-10,Spring,12.08,2229.47,14.444293381943226,11.076767123287672,506.1,60.45969863013699,3.705178082191781,16.202739726027396,
403831099173502,PHELPS,40.642178,-99.29327591666666,2013,2013-05-10,Spring,12.33,2229.47,14.444293381943226,11.076767123287672,506.1,60.45969863013699,3.705178082191781,16.202739726027396,
403903099214301,PHELPS,40.650864722222224,-99.3618686111111,2013,2013-05-10,Spring,8.16,2248.47,8.476673686388537,11.076767123287672,506.1,60.45969863013699,3.705178082191781,16.202739726027396,
403903099214302,PHELPS,40.650864722222224,-99.3618686111111,2013,2013-05-10,Spring,8.23,2248.47,8.476673686388537,11.076767123287672,506.1,60.45969863013699,3.705178082191781,16.202739726027396,
402513099164801,PHELPS,40.42006111111111,-99.27985277777778,2013,2013-05-13,Spring,74.23,2278.97,81.68862802319315,11.076767123287672,506.1,60.45969863013699,3.705178082191781,16.202739726027396,
402421099112000,PHELPS,40.40549166666666,-99.18921666666668,2013,2013-05-13,Spring,56.66,2216.62,64.5732428080655,11.076767123287672,506.1,60.45969863013699,3.705178082191781,16.202739726027396,
402342099143300,PHELPS,40.39436388888889,-99.24273333333332,2013,2013-05-13,Spring,111.05,2261.52,105.1922471501331,11.076767123287672,506.1,60.45969863013699,3.705178082191781,16.202739726027396,
402423099152001,PHELPS,40.40643361111111,-99.2555336111111,2013,2013-05-13,Spring,87.28,2261.86,91.81453770572412,11.076767123287672,506.1,60.45969863013699,3.705178082191781,16.202739726027396,
402200099160700,PHELPS,40.3669,-99.267175,2013,2013-05-13,Spring,148.27,2280.22,146.07552427851354,11.076767123287672,506.1,60.45969863013699,3.705178082191781,16.202739726027396,
402532099222601,PHELPS,40.42564361111111,-99.37401277777776,2013,2013-05-13,Spring,95.65,2312.94,104.72121036575192,11.076767123287672,506.1,60.45969863013699,3.705178082191781,16.202739726027396,
402532099222602,PHELPS,40.42564361111111,-99.37401277777776,2013,2013-05-13,Spring,101.22,2312.94,104.72121036575192,11.076767123287672,506.1,60.45969863013699,3.705178082191781,16.202739726027396,
402326099185300,PHELPS,40.390366666666665,-99.31649722222222,2013,2013-05-13,Spring,147.94,2306.56,143.63446609691414,11.076767123287672,506.1,60.45969863013699,3.705178082191781,16.202739726027396,
402115099213100,PHELPS,40.35468888888889,-99.35943333333331,2013,2013-05-13,Spring,204.26,2345.58,193.7798325291572,11.076767123287672,506.1,60.45969863013699,3.705178082191781,16.202739726027396,
403350099282701,PHELPS,40.56375277777777,-99.47419805555556,2013,2013-05-13,Spring,14.35,2351.95,18.95302943867189,11.076767123287672,506.1,60.45969863013699,3.705178082191781,16.202739726027396,
402435099262900,PHELPS,40.40768055555555,-99.44083333333332,2013,2013-05-14,Spring,207.49,2405.19,183.44683522897785,11.076767123287672,506.1,60.45969863013699,3.705178082191781,16.202739726027396,
402406099311800,PHELPS,40.40154444444444,-99.52104166666666,2013,2013-05-14,Spring,182.51,2406.07,170.01487202960735,11.076767123287672,506.1,60.45969863013699,3.705178082191781,16.202739726027396,
402159099301600,PHELPS,40.3649,-99.50220555555556,2013,2013-05-14,Spring,182.17,2377.49,169.64896824484907,11.076767123287672,506.1,60.45969863013699,3.705178082191781,16.202739726027396,
402107099262000,PHELPS,40.35080555555556,-99.43768055555556,2013,2013-05-14,Spring,200.09,2363.91,195.0478168860138,11.076767123287672,506.1,60.45969863013699,3.705178082191781,16.202739726027396,
402609099350800,PHELPS,40.43199166666666,-99.58200277777776,2013,2013-05-14,Spring,174.62,2443.0,160.42601196427756,11.076767123287672,506.1,60.45969863013699,3.705178082191781,16.202739726027396,
08N 20W 06 AAA,PHELPS,40.68138,-99.62646,2013,2013-05-09,Spring,6.58,2336.24,11.643866534404047,11.076767123287672,506.1,60.45969863013699,3.705178082191781,16.202739726027396,
402630099305500,PHELPS,40.44133611111111,-99.51204166666666,2013,2013-05-14,Spring,176.04,2426.38,161.6826465283554,11.076767123287672,506.1,60.45969863013699,3.705178082191781,16.202739726027396,
402906099342201,PHELPS,40.485083333333336,-99.57288888888888,2013,2013-05-14,Spring,149.36,2458.82,139.28549465158667,11.076767123287672,506.1,60.45969863013699,3.705178082191781,16.202739726027396,
402813099382100,PHELPS,40.46941944444445,-99.63914166666667,2013,2013-05-14,Spring,155.58,2473.68,147.66222103849734,11.076767123287672,506.1,60.45969863013699,3.705178082191781,16.202739726027396,
402458099344401,PHELPS,40.41608027777777,-99.57890388888887,2013,2013-05-20,Spring,170.93,2426.49,155.78720068981292,11.076767123287672,506.1,60.45969863013699,3.705178082191781,16.202739726027396,
402458099344402,PHELPS,40.41608027777777,-99.57890388888887,2013,2013-05-20,Spring,171.13,2426.49,155.78720068981292,11.076767123287672,506.1,60.45969863013699,3.705178082191781,16.202739726027396,
402233099341700,PHELPS,40.376269444444446,-99.57279166666666,2013,2013-05-20,Spring,112.66,2335.32,110.07462540052528,11.076767123287672,506.1,60.45969863013699,3.705178082191781,16.202739726027396,
402649099350601,PHELPS,40.44692,-99.58488888888888,2013,2013-05-20,Spring,147.27,2428.0,151.25833442423715,11.076767123287672,506.1,60.45969863013699,3.705178082191781,16.202739726027396,
402649099350602,PHELPS,40.44692,-99.58488888888888,2013,2013-05-20,Spring,148.36,2428.0,151.25833442423715,11.076767123287672,506.1,60.45969863013699,3.705178082191781,16.202739726027396,
402334099293301,PHELPS,40.392735555555554,-99.49248916666669,2013,2013-05-23,Spring,137.47,2343.83,150.84996323864945,11.076767123287672,506.1,60.45969863013699,3.705178082191781,16.202739726027396,
402334099293302,PHELPS,40.392735555555554,-99.49248916666669,2013,2013-05-23,Spring,137.47,2343.83,150.84996323864945,11.076767123287672,506.1,60.45969863013699,3.705178082191781,16.202739726027396,
402636099271801,PHELPS,40.44343083333333,-99.45505,2013,2013-05-23,Spring,133.37,2362.54,132.84829447151878,11.076767123287672,506.1,60.45969863013699,3.705178082191781,16.202739726027396,
402636099271802,PHELPS,40.44343083333333,-99.45505,2013,2013-05-23,Spring,133.23,2362.54,132.84829447151878,11.076767123287672,506.1,60.45969863013699,3.705178082191781,16.202739726027396,
402854099213801,PHELPS,40.48158305555556,-99.36045888888889,2013,2013-05-24,Spring,57.21,2315.4,54.455040061002,11.076767123287672,506.1,60.45969863013699,3.705178082191781,16.202739726027396,
402854099213802,PHELPS,40.48158305555556,-99.36045888888889,2013,2013-05-24,Spring,57.27,2315.4,54.455040061002,11.076767123287672,506.1,60.45969863013699,3.705178082191781,16.202739726027396,
404102099373002,PHELPS,40.68405933333333,-99.62523716666666,2013,2013-04-30,Spring,7.45,2334.85,9.08886574251265,11.076767123287672,506.1,60.45969863013699,3.705178082191781,16.202739726027396,
404016099370201,PHELPS,40.6711189,-99.61760995,2013,2013-04-16,Spring,4.93,2335.44,18.7019737603697,11.076767123287672,506.1,60.45969863013699,3.705178082191781,16.202739726027396,
403922099223301,PHELPS,40.65834351,-99.38037703,2013,2013-04-16,Spring,8.72,2253.27,9.13417919095407,11.076767123287672,506.1,60.45969863013699,3.705178082191781,16.202739726027396,
403217099235801,PHELPS,40.53806574,-99.39982287,2013,2013-04-16,Spring,24.36,2321.45,22.41801123982348,11.076767123287672,506.1,60.45969863013699,3.705178082191781,16.202739726027396,
402340099353701,PHELPS,40.39445302,-99.59399869,2013,2013-04-16,Spring,24.7,2264.29,76.83149948943614,11.076767123287672,506.1,60.45969863013699,3.705178082191781,16.202739726027396,
403123099261501,PHELPS,40.52446389,-99.436875,2013,2013-04-16,Spring,39.68,2361.96,37.93255568983079,11.076767123287672,506.1,60.45969863013699,3.705178082191781,16.202739726027396,
402802099285801,PHELPS,40.46775,-99.48183333,2013,2013-04-16,Spring,101.29,2376.84,108.81463211294016,11.076767123287672,506.1,60.45969863013699,3.705178082191781,16.202739726027396,
402524099201601,PHELPS,40.42334431,-99.33815365,2013,2013-04-16,Spring,113.48,2312.07,107.79677274817249,11.076767123287672,506.1,60.45969863013699,3.705178082191781,16.202739726027396,
403132099381001,PHELPS,40.52556319,-99.63650076,2013,2013-04-16,Spring,152.66,2517.21,136.94524604775472,11.076767123287672,506.1,60.45969863013699,3.705178082191781,16.202739726027396,
08N 20W 06 AAA,PHELPS,40.68138,-99.62646,2014,2014-05-06,Spring,7.0,2336.24,11.747417747339163,10.515890410958905,614.52,61.372684931506846,3.6656164383561647,16.403945205479452,
08N 20W 06 AAA,PHELPS,40.68138,-99.62646,2015,2015-05-05,Spring,5.68,2336.24,9.837949518131202,11.988986301369861,615.12,62.941945205479456,3.5071506849315064,16.03131506849315,
402110099140001,PHELPS,40.351999,-99.2329232,2015,2015-04-16,Spring,169.64,2283.76,154.2421571527879,11.988986301369861,615.12,62.941945205479456,3.5071506849315064,16.03131506849315,
402124099201601,PHELPS,40.3563466,-99.3403749,2015,2015-04-16,Spring,181.92,2318.47,185.87157515829523,11.988986301369861,615.12,62.941945205479456,3.5071506849315064,16.03131506849315,
402716099212401,PHELPS,40.4529071,-99.3592878,2015,2015-04-16,Spring,73.27,2307.74,77.06188374622869,11.988986301369861,615.12,62.941945205479456,3.5071506849315064,16.03131506849315,
402853099104601,PHELPS,40.4815796,-99.179559,2015,2015-04-16,Spring,22.5,2221.31,30.55128761349037,11.988986301369861,615.12,62.941945205479456,3.5071506849315064,16.03131506849315,
402853099152001,PHELPS,40.4816481,-99.2557469,2015,2015-04-16,Spring,30.89,2251.06,31.94402692968009,11.988986301369861,615.12,62.941945205479456,3.5071506849315064,16.03131506849315,
402905099115301,PHELPS,40.4848551,-99.1983097,2015,2015-04-16,Spring,36.8,2241.11,35.39745862375448,11.988986301369861,615.12,62.941945205479456,3.5071506849315064,16.03131506849315,
402919099104601,PHELPS,40.4886216022222,-99.1795852,2015,2015-04-16,Spring,29.88,2229.35,31.180398795804408,11.988986301369861,615.12,62.941945205479456,3.5071506849315064,16.03131506849315,
402924099235501,PHELPS,40.4901949,-99.398706,2015,2015-04-16,Spring,53.7,2336.37,56.64175591124802,11.988986301369861,615.12,62.941945205479456,3.5071506849315064,16.03131506849315,
402952099114401,PHELPS,40.4961238363889,-99.1985012,2015,2015-04-16,Spring,40.82,2246.17,35.61119979538239,11.988986301369861,615.12,62.941945205479456,3.5071506849315064,16.03131506849315,
402952099161701,PHELPS,40.49624602,-99.2746825,2015,2015-04-16,Spring,24.82,2255.28,28.00079384714,11.988986301369861,615.12,62.941945205479456,3.5071506849315064,16.03131506849315,
403014099213701,PHELPS,40.50113773,-99.35723759,2015,2015-04-16,Spring,37.94,2325.73,40.09830441125254,11.988986301369861,615.12,62.941945205479456,3.5071506849315064,16.03131506849315,
403037099111401,PHELPS,40.5103457694444,-99.1873426,2015,2015-04-16,Spring,35.2,2237.5,33.781173596681846,11.988986301369861,615.12,62.941945205479456,3.5071506849315064,16.03131506849315,
403037099135301,PHELPS,40.5105526386111,-99.2316379,2015,2015-04-16,Spring,22.72,2239.33,25.504520120228403,11.988986301369861,615.12,62.941945205479456,3.5071506849315064,16.03131506849315,
403037099313401,PHELPS,40.5104684,-99.5262137,2015,2015-04-20,Spring,80.42,2408.97,94.75441301108263,11.988986301369861,615.12,62.941945205479456,3.5071506849315064,16.03131506849315,
403104099130201,PHELPS,40.5179145,-99.2173248,2015,2015-04-16,Spring,31.49,2242.62,29.439907170557923,11.988986301369861,615.12,62.941945205479456,3.5071506849315064,16.03131506849315,
403123099261501,PHELPS,40.52446389,-99.436875,2015,2015-04-20,Spring,44.21,2361.96,42.69105652967506,11.988986301369861,615.12,62.941945205479456,3.5071506849315064,16.03131506849315,
403125099295701,PHELPS,40.5247252,-99.4992246,2015,2015-04-20,Spring,70.0,2402.13,71.03956060942045,11.988986301369861,615.12,62.941945205479456,3.5071506849315064,16.03131506849315,
403138099190801,PHELPS,40.5255972,-99.3224515,2015,2015-04-16,Spring,28.47,2277.27,27.67238900313001,11.988986301369861,615.12,62.941945205479456,3.5071506849315064,16.03131506849315,
403138099235801,PHELPS,40.5255500233333,-99.399115,2015,2015-04-16,Spring,29.38,2328.14,31.58794475759957,11.988986301369861,615.12,62.941945205479456,3.5071506849315064,16.03131506849315,
403217099312001,PHELPS,40.5392815,-99.5207383,2015,2015-04-20,Spring,103.35,2451.89,84.77439065968133,11.988986301369861,615.12,62.941945205479456,3.5071506849315064,16.03131506849315,
403309099250701,PHELPS,40.5543784,-99.4199673,2015,2015-04-20,Spring,14.8,2322.67,19.234187090620463,11.988986301369861,615.12,62.941945205479456,3.5071506849315064,16.03131506849315,
403309099270601,PHELPS,40.55026689,-99.45178833,2015,2015-04-20,Spring,17.08,2342.87,21.701335072710425,11.988986301369861,615.12,62.941945205479456,3.5071506849315064,16.03131506849315,
403309099281401,PHELPS,40.5521635,-99.4737128,2015,2015-04-20,Spring,12.78,2354.64,23.877973237923275,11.988986301369861,615.12,62.941945205479456,3.5071506849315064,16.03131506849315,
403322099201601,PHELPS,40.5547811,-99.3416484,2015,2015-04-16,Spring,10.03,2267.67,17.022095674662474,11.988986301369861,615.12,62.941945205479456,3.5071506849315064,16.03131506849315,
403322099304801,PHELPS,40.5542755075,-99.5122815,2015,2015-04-20,Spring,60.63,2411.43,61.193659323696615,11.988986301369861,615.12,62.941945205479456,3.5071506849315064,16.03131506849315,
403322099371801,PHELPS,40.5557047,-99.6247601,2015,2015-04-21,Spring,81.0,2465.78,96.58967464595436,11.988986301369861,615.12,62.941945205479456,3.5071506849315064,16.03131506849315,
403348099114401,PHELPS,40.5613598133333,-99.1983188,2015,2015-04-16,Spring,41.35,2236.17,31.87019890369796,11.988986301369861,615.12,62.941945205479456,3.5071506849315064,16.03131506849315,
403431099362101,PHELPS,40.5754557,-99.6058865,2015,2015-04-21,Spring,90.65,2477.16,85.74570793046996,11.988986301369861,615.12,62.941945205479456,3.5071506849315064,16.03131506849315,
403453099141801,PHELPS,40.58307501,-99.2365144,2015,2015-04-16,Spring,50.8,2255.34,36.18592342302938,11.988986301369861,615.12,62.941945205479456,3.5071506849315064,16.03131506849315,
403453099190801,PHELPS,40.5807096794444,-99.3229107,2015,2015-04-16,Spring,40.7,2282.14,28.2336933284016,11.988986301369861,615.12,62.941945205479456,3.5071506849315064,16.03131506849315,
403454099304801,PHELPS,40.57931189,-99.51412709,2015,2015-04-21,Spring,40.12,2390.5,43.48781087992924,11.988986301369861,615.12,62.941945205479456,3.5071506849315064,16.03131506849315,
403507099234101,PHELPS,40.5836771413889,-99.3985091,2015,2015-04-16,Spring,16.07,2295.65,17.802320046951206,11.988986301369861,615.12,62.941945205479456,3.5071506849315064,16.03131506849315,
403520099201601,PHELPS,40.5886101475,-99.3416473,2015,2015-04-16,Spring,17.29,2265.95,18.81157263167741,11.988986301369861,615.12,62.941945205479456,3.5071506849315064,16.03131506849315,
403540099260001,PHELPS,40.5946306,-99.4353739,2015,2015-04-20,Spring,29.4,2323.77,25.05256036947683,11.988986301369861,615.12,62.941945205479456,3.5071506849315064,16.03131506849315,
403646099293301,PHELPS,40.6127772,-99.4935704,2015,2015-04-20,Spring,21.05,2354.25,28.816697192729738,11.988986301369861,615.12,62.941945205479456,3.5071506849315064,16.03131506849315,
403651099281401,PHELPS,40.613021,-99.4747929,2015,2015-04-20,Spring,42.85,2345.39,32.28580780526893,11.988986301369861,615.12,62.941945205479456,3.5071506849315064,16.03131506849315,
403730099373501,PHELPS,40.6268217,-99.6246292,2015,2015-04-20,Spring,92.58,2471.08,87.83744245657829,11.988986301369861,615.12,62.941945205479456,3.5071506849315064,16.03131506849315,
403822099324501,PHELPS,40.6415361,-99.5482644,2015,2015-04-20,Spring,43.44,2377.53,36.924285199560565,11.988986301369861,615.12,62.941945205479456,3.5071506849315064,16.03131506849315,
403902099313701,PHELPS,40.6483999,-99.5291531,2015,2015-04-20,Spring,34.0,2345.9,28.12921564573937,11.988986301369861,615.12,62.941945205479456,3.5071506849315064,16.03131506849315,
403915099190801,PHELPS,40.6573434,-99.3214291,2015,2015-04-16,Spring,10.36,2234.03,14.121727276352532,11.988986301369861,615.12,62.941945205479456,3.5071506849315064,16.03131506849315,
403928099333601,PHELPS,40.6571948,-99.5612991,2015,2015-04-20,Spring,37.15,2355.41,24.0919298050811,11.988986301369861,615.12,62.941945205479456,3.5071506849315064,16.03131506849315,
403928099371801,PHELPS,40.655954,-99.6202609,2015,2015-04-20,Spring,82.71,2432.98,62.13697164892101,11.988986301369861,615.12,62.941945205479456,3.5071506849315064,16.03131506849315,
403941099331901,PHELPS,40.66044972,-99.55637462,2015,2015-04-20,Spring,4.79,2347.21,17.986702060379876,11.988986301369861,615.12,62.941945205479456,3.5071506849315064,16.03131506849315,
403941099342701,PHELPS,40.6636923,-99.5766538,2015,2015-04-20,Spring,7.3,2326.71,14.271665812349136,11.988986301369861,615.12,62.941945205479456,3.5071506849315064,16.03131506849315,
404007099294001,PHELPS,40.6709022,-99.4936146,2015,2015-04-20,Spring,5.61,2290.54,4.979051155796406,11.988986301369861,615.12,62.941945205479456,3.5071506849315064,16.03131506849315,
404007099351901,PHELPS,40.6709256,-99.5865622,2015,2015-04-20,Spring,5.25,2322.26,8.236347549296818,11.988986301369861,615.12,62.941945205479456,3.5071506849315064,16.03131506849315,
404020099355301,PHELPS,40.6710839,-99.5961084,2015,2015-04-20,Spring,6.05,2326.91,10.538635723473565,11.988986301369861,615.12,62.941945205479456,3.5071506849315064,16.03131506849315,
402110099140001,PHELPS,40.351999,-99.2329232,2014,2014-04-07,Spring,165.78,2283.76,152.84236669864978,10.515890410958905,614.52,61.372684931506846,3.6656164383561647,16.403945205479452,
402124099201601,PHELPS,40.3563466,-99.3403749,2014,2014-04-07,Spring,183.88,2318.47,184.5555900333476,10.515890410958905,614.52,61.372684931506846,3.6656164383561647,16.403945205479452,
402716099212401,PHELPS,40.4529071,-99.3592878,2014,2014-04-08,Spring,74.35,2307.74,75.88673821911438,10.515890410958905,614.52,61.372684931506846,3.6656164383561647,16.403945205479452,
402853099104601,PHELPS,40.4815796,-99.179559,2014,2014-04-07,Spring,21.93,2221.31,29.80605944993479,10.515890410958905,614.52,61.372684931506846,3.6656164383561647,16.403945205479452,
402853099152001,PHELPS,40.4816481,-99.2557469,2014,2014-04-07,Spring,29.65,2251.06,30.67890353263784,10.515890410958905,614.52,61.372684931506846,3.6656164383561647,16.403945205479452,
402905099115301,PHELPS,40.4848551,-99.1983097,2014,2014-04-07,Spring,36.25,2241.11,34.46445073716759,10.515890410958905,614.52,61.372684931506846,3.6656164383561647,16.403945205479452,
402919099104601,PHELPS,40.4886216022222,-99.1795852,2014,2014-04-07,Spring,29.4,2229.35,30.62353486968144,10.515890410958905,614.52,61.372684931506846,3.6656164383561647,16.403945205479452,
402924099235501,PHELPS,40.4901949,-99.398706,2014,2014-04-08,Spring,53.47,2336.37,55.74514447828523,10.515890410958905,614.52,61.372684931506846,3.6656164383561647,16.403945205479452,
402952099114401,PHELPS,40.4961238363889,-99.1985012,2014,2014-04-07,Spring,40.18,2246.17,34.83654453922399,10.515890410958905,614.52,61.372684931506846,3.6656164383561647,16.403945205479452,
402952099161701,PHELPS,40.49624602,-99.2746825,2014,2014-04-07,Spring,23.86,2255.28,27.001421529017108,10.515890410958905,614.52,61.372684931506846,3.6656164383561647,16.403945205479452,
403014099213701,PHELPS,40.50113773,-99.35723759,2014,2014-04-08,Spring,36.52,2325.73,38.357863808439255,10.515890410958905,614.52,61.372684931506846,3.6656164383561647,16.403945205479452,
403037099111401,PHELPS,40.5103457694444,-99.1873426,2014,2014-04-07,Spring,34.54,2237.5,33.367971335769205,10.515890410958905,614.52,61.372684931506846,3.6656164383561647,16.403945205479452,
403037099135301,PHELPS,40.5105526386111,-99.2316379,2014,2014-04-07,Spring,22.2,2239.33,24.90494982717702,10.515890410958905,614.52,61.372684931506846,3.6656164383561647,16.403945205479452,
403037099313401,PHELPS,40.5104684,-99.5262137,2014,2014-04-08,Spring,79.0,2408.97,87.06893380773752,10.515890410958905,614.52,61.372684931506846,3.6656164383561647,16.403945205479452,
403104099130201,PHELPS,40.5179145,-99.2173248,2014,2014-04-08,Spring,30.94,2242.62,28.96163158742597,10.515890410958905,614.52,61.372684931506846,3.6656164383561647,16.403945205479452,
403123099261501,PHELPS,40.52446389,-99.436875,2014,2014-04-08,,42.31,2361.96,41.35630013793915,10.515890410958905,614.52,61.372684931506846,3.6656164383561647,16.403945205479452,
403125099295701,PHELPS,40.5247252,-99.4992246,2014,2014-04-08,Spring,68.0,2402.13,68.61889161512907,10.515890410958905,614.52,61.372684931506846,3.6656164383561647,16.403945205479452,
403137099330201,PHELPS,40.5263766547222,-99.5496279,2014,2014-04-08,Spring,57.56,2405.25,74.58263692170452,10.515890410958905,614.52,61.372684931506846,3.6656164383561647,16.403945205479452,
403138099190801,PHELPS,40.5255972,-99.3224515,2014,2014-04-08,Spring,26.69,2277.27,26.27422133294324,10.515890410958905,614.52,61.372684931506846,3.6656164383561647,16.403945205479452,
403138099235801,PHELPS,40.5255500233333,-99.399115,2014,2014-04-08,Spring,27.8,2328.14,30.14924214199859,10.515890410958905,614.52,61.372684931506846,3.6656164383561647,16.403945205479452,
403217099312001,PHELPS,40.5392815,-99.5207383,2014,2014-04-08,Spring,101.62,2451.89,79.55271955984772,10.515890410958905,614.52,61.372684931506846,3.6656164383561647,16.403945205479452,
403309099250701,PHELPS,40.5543784,-99.4199673,2014,2014-04-08,Spring,13.5,2322.67,18.288640862162207,10.515890410958905,614.52,61.372684931506846,3.6656164383561647,16.403945205479452,
403309099281401,PHELPS,40.5521635,-99.4737128,2014,2014-04-08,Spring,12.84,2354.64,23.12176660926495,10.515890410958905,614.52,61.372684931506846,3.6656164383561647,16.403945205479452,
403322099201601,PHELPS,40.5547811,-99.3416484,2014,2014-04-08,Spring,8.4,2267.67,15.541055098017484,10.515890410958905,614.52,61.372684931506846,3.6656164383561647,16.403945205479452,
403322099304801,PHELPS,40.5542755075,-99.5122815,2014,2014-04-08,Spring,58.73,2411.43,58.40687245642926,10.515890410958905,614.52,61.372684931506846,3.6656164383561647,16.403945205479452,
403322099371801,PHELPS,40.5557047,-99.6247601,2014,2014-04-09,Spring,79.25,2465.78,94.8308188285665,10.515890410958905,614.52,61.372684931506846,3.6656164383561647,16.403945205479452,
403348099114401,PHELPS,40.5613598133333,-99.1983188,2014,2014-04-07,Spring,41.09,2236.17,32.54374621599767,10.515890410958905,614.52,61.372684931506846,3.6656164383561647,16.403945205479452,
403431099362101,PHELPS,40.5754557,-99.6058865,2014,2014-04-09,Spring,89.28,2477.16,86.16093736757063,10.515890410958905,614.52,61.372684931506846,3.6656164383561647,16.403945205479452,
403453099141801,PHELPS,40.58307501,-99.2365144,2014,2014-04-08,Spring,49.61,2255.34,35.879037048422994,10.515890410958905,614.52,61.372684931506846,3.6656164383561647,16.403945205479452,
403453099190801,PHELPS,40.5807096794444,-99.3229107,2014,2014-04-08,Spring,39.59,2282.14,28.4392401904178,10.515890410958905,614.52,61.372684931506846,3.6656164383561647,16.403945205479452,
403454099304801,PHELPS,40.57931189,-99.51412709,2014,2014-04-09,Spring,37.68,2390.5,41.14771751723436,10.515890410958905,614.52,61.372684931506846,3.6656164383561647,16.403945205479452,
403507099234101,PHELPS,40.5836771413889,-99.3985091,2014,2014-04-08,Spring,14.73,2295.65,16.382393018432587,10.515890410958905,614.52,61.372684931506846,3.6656164383561647,16.403945205479452,
403520099201601,PHELPS,40.5886101475,-99.3416473,2014,2014-04-08,Spring,16.15,2265.95,17.52018635211996,10.515890410958905,614.52,61.372684931506846,3.6656164383561647,16.403945205479452,
403540099260001,PHELPS,40.5946306,-99.4353739,2014,2014-04-08,Spring,24.86,2323.77,22.443384267007445,10.515890410958905,614.52,61.372684931506846,3.6656164383561647,16.403945205479452,
403625099361001,PHELPS,40.60535831,-99.60306609,2014,2014-04-08,Spring,88.2,2454.12,83.83689244009608,10.515890410958905,614.52,61.372684931506846,3.6656164383561647,16.403945205479452,
403638099154301,PHELPS,40.60901195,-99.26298962,2014,2014-04-08,Spring,17.73,2222.0,21.55006577643081,10.515890410958905,614.52,61.372684931506846,3.6656164383561647,16.403945205479452,
403646099293301,PHELPS,40.6127772,-99.4935704,2014,2014-04-08,Spring,22.4,2354.25,28.814070021134977,10.515890410958905,614.52,61.372684931506846,3.6656164383561647,16.403945205479452,
403651099281401,PHELPS,40.613021,-99.4747929,2014,2014-04-08,Spring,42.28,2345.39,32.001593108741815,10.515890410958905,614.52,61.372684931506846,3.6656164383561647,16.403945205479452,
403730099373501,PHELPS,40.6268217,-99.6246292,2014,2014-04-08,Spring,91.83,2471.08,87.82372835703656,10.515890410958905,614.52,61.372684931506846,3.6656164383561647,16.403945205479452,
403822099324501,PHELPS,40.6415361,-99.5482644,2014,2014-04-08,Spring,42.75,2377.53,37.9422952650452,10.515890410958905,614.52,61.372684931506846,3.6656164383561647,16.403945205479452,
403902099313701,PHELPS,40.6483999,-99.5291531,2014,2014-04-08,Spring,35.53,2345.9,29.610938321958816,10.515890410958905,614.52,61.372684931506846,3.6656164383561647,16.403945205479452,
403915099190801,PHELPS,40.6573434,-99.3214291,2014,2014-04-08,Spring,10.0,2234.03,13.25867804253954,10.515890410958905,614.52,61.372684931506846,3.6656164383561647,16.403945205479452,
403928099333601,PHELPS,40.6571948,-99.5612991,2014,2014-04-08,Spring,39.0,2355.41,25.82913735088485,10.515890410958905,614.52,61.372684931506846,3.6656164383561647,16.403945205479452,
403928099371801,PHELPS,40.655954,-99.6202609,2014,2014-04-08,Spring,83.42,2432.98,62.27931359318726,10.515890410958905,614.52,61.372684931506846,3.6656164383561647,16.403945205479452,
403941099331901,PHELPS,40.66044972,-99.55637462,2014,2014-04-08,Spring,5.81,2347.21,19.251225192534697,10.515890410958905,614.52,61.372684931506846,3.6656164383561647,16.403945205479452,
403941099342701,PHELPS,40.6636923,-99.5766538,2014,2014-04-08,Spring,8.91,2326.71,15.409105839543916,10.515890410958905,614.52,61.372684931506846,3.6656164383561647,16.403945205479452,
404007099294001,PHELPS,40.6709022,-99.4936146,2014,2014-04-08,Spring,6.93,2290.54,6.230216711260687,10.515890410958905,614.52,61.372684931506846,3.6656164383561647,16.403945205479452,
404007099351901,PHELPS,40.6709256,-99.5865622,2014,2014-04-08,Spring,6.49,2322.26,9.089443074798172,10.515890410958905,614.52,61.372684931506846,3.6656164383561647,16.403945205479452,
404020099355301,PHELPS,40.6710839,-99.5961084,2014,2014-04-08,Spring,6.92,2326.91,11.3068246606193,10.515890410958905,614.52,61.372684931506846,3.6656164383561647,16.403945205479452,
402945099151900,PHELPS,40.49312395,-99.25285328,2014,2014-04-07,Spring,24.73,2243.78,26.040332237623115,10.515890410958905,614.52,61.372684931506846,3.6656164383561647,16.403945205479452,
402851099130101,PHELPS,40.4809986,-99.2168379,2014,2014-04-07,Spring,33.22,2244.15,33.226294384865966,10.515890410958905,614.52,61.372684931506846,3.6656164383561647,16.403945205479452,
403328099181202,PHELPS,40.5577906,-99.3033482,2014,2014-04-08,Spring,33.0,2272.01,29.31633684767753,10.515890410958905,614.52,61.372684931506846,3.6656164383561647,16.403945205479452,
403433099250001,PHELPS,40.576331,-99.4179046,2014,2014-04-08,Spring,21.42,2315.55,19.2229917177331,10.515890410958905,614.52,61.372684931506846,3.6656164383561647,16.403945205479452,
403322099272302,PHELPS,40.5545803,-99.4609332,2014,2014-04-08,Spring,19.87,2349.56,20.594599656984496,10.515890410958905,614.52,61.372684931506846,3.6656164383561647,16.403945205479452,
403322099264901,PHELPS,40.5543545569444,-99.4489925,2014,2014-04-08,Spring,17.99,2342.74,20.06075814016214,10.515890410958905,614.52,61.372684931506846,3.6656164383561647,16.403945205479452,
403954099255801,PHELPS,40.667854,-99.4364595,2014,2014-04-08,Spring,4.07,2268.93,5.662882851003221,10.515890410958905,614.52,61.372684931506846,3.6656164383561647,16.403945205479452,
403739099281601,PHELPS,40.627653,-99.4742905,2014,2014-04-08,Spring,26.06,2324.54,25.597587544806444,10.515890410958905,614.52,61.372684931506846,3.6656164383561647,16.403945205479452,
404006099282401,PHELPS,40.66854833333333,-99.4734825,2014,2014-05-01,Spring,1.8,2280.04,3.3958373440425715,10.515890410958905,614.52,61.372684931506846,3.6656164383561647,16.403945205479452,
403959099282801,PHELPS,40.66638638888889,-99.47439194444443,2014,2014-05-01,Spring,2.93,2282.17,3.997289759479816,10.515890410958905,614.52,61.372684931506846,3.6656164383561647,16.403945205479452,
403959099282802,PHELPS,40.66638638888889,-99.47439194444443,2014,2014-05-01,Spring,2.93,2282.17,3.997289759479816,10.515890410958905,614.52,61.372684931506846,3.6656164383561647,16.403945205479452,
403949099293501,PHELPS,40.66383277777778,-99.49320805555556,2014,2014-05-01,Spring,4.26,2291.23,7.981778364198936,10.515890410958905,614.52,61.372684931506846,3.6656164383561647,16.403945205479452,
404102099373002,PHELPS,40.68405933333333,-99.62523716666666,2014,2014-05-01,Spring,7.69,2334.85,9.102521014694736,10.515890410958905,614.52,61.372684931506846,3.6656164383561647,16.403945205479452,
402854099213801,PHELPS,40.48158305555556,-99.36045888888889,2014,2014-05-02,Spring,55.94,2315.4,54.31416206789998,10.515890410958905,614.52,61.372684931506846,3.6656164383561647,16.403945205479452,
402854099213802,PHELPS,40.48158305555556,-99.36045888888889,2014,2014-05-02,Spring,56.17,2315.4,54.31416206789998,10.515890410958905,614.52,61.372684931506846,3.6656164383561647,16.403945205479452,
402421099112000,PHELPS,40.40549166666666,-99.18921666666668,2014,2014-04-25,Spring,59.66,2216.62,66.81334116012563,10.515890410958905,614.52,61.372684931506846,3.6656164383561647,16.403945205479452,
403315099351501,PHELPS,40.554270555555554,-99.58744083333332,2014,2014-04-24,Spring,71.32,2447.59,77.37834815266308,10.515890410958905,614.52,61.372684931506846,3.6656164383561647,16.403945205479452,
403315099351502,PHELPS,40.554270555555554,-99.58744083333332,2014,2014-04-24,Spring,73.39,2447.59,77.37834815266308,10.515890410958905,614.52,61.372684931506846,3.6656164383561647,16.403945205479452,
402513099164801,PHELPS,40.42006111111111,-99.27985277777778,2014,2014-05-01,Spring,78.97,2278.97,84.07059210710156,10.515890410958905,614.52,61.372684931506846,3.6656164383561647,16.403945205479452,
402423099152001,PHELPS,40.40643361111111,-99.2555336111111,2014,2014-04-24,Spring,90.23,2261.86,94.76791530979192,10.515890410958905,614.52,61.372684931506846,3.6656164383561647,16.403945205479452,
402404099383400,PHELPS,40.40166972222222,-99.64190722222224,2014,2014-04-17,Spring,90.55,2363.94,102.2348862596812,10.515890410958905,614.52,61.372684931506846,3.6656164383561647,16.403945205479452,
403946099383201,PHELPS,40.66301611111111,-99.64228555555556,2014,2014-05-01,Spring,95.53,2446.94,65.57157674284817,10.515890410958905,614.52,61.372684931506846,3.6656164383561647,16.403945205479452,
402532099222601,PHELPS,40.42564361111111,-99.37401277777776,2014,2014-05-02,Spring,98.07,2312.94,105.9201031271588,10.515890410958905,614.52,61.372684931506846,3.6656164383561647,16.403945205479452,
402532099222602,PHELPS,40.42564361111111,-99.37401277777776,2014,2014-05-02,Spring,102.78,2312.94,105.9201031271588,10.515890410958905,614.52,61.372684931506846,3.6656164383561647,16.403945205479452,
402342099143300,PHELPS,40.39436388888889,-99.24273333333332,2014,2014-05-01,Spring,113.25,2261.52,107.7375505105795,10.515890410958905,614.52,61.372684931506846,3.6656164383561647,16.403945205479452,
402233099341700,PHELPS,40.376269444444446,-99.57279166666666,2014,2014-05-01,Spring,115.14,2335.32,127.73727219175828,10.515890410958905,614.52,61.372684931506846,3.6656164383561647,16.403945205479452,
402636099271802,PHELPS,40.44343083333333,-99.45505,2014,2014-04-22,Spring,133.79,2362.54,134.10710335194648,10.515890410958905,614.52,61.372684931506846,3.6656164383561647,16.403945205479452,
402636099271801,PHELPS,40.44343083333333,-99.45505,2014,2014-04-22,Spring,134.69,2362.54,134.10710335194648,10.515890410958905,614.52,61.372684931506846,3.6656164383561647,16.403945205479452,
402334099293301,PHELPS,40.392735555555554,-99.49248916666669,2014,2014-04-22,Spring,138.05,2343.83,151.3380198534585,10.515890410958905,614.52,61.372684931506846,3.6656164383561647,16.403945205479452,
402334099293302,PHELPS,40.392735555555554,-99.49248916666669,2014,2014-04-22,Spring,138.49,2343.83,151.3380198534585,10.515890410958905,614.52,61.372684931506846,3.6656164383561647,16.403945205479452,
402649099350601,PHELPS,40.44692,-99.58488888888888,2014,2014-04-22,Spring,148.91,2428.0,154.30388438823718,10.515890410958905,614.52,61.372684931506846,3.6656164383561647,16.403945205479452,
402326099185300,PHELPS,40.390366666666665,-99.31649722222222,2014,2014-04-25,Spring,149.83,2306.56,144.65997555685448,10.515890410958905,614.52,61.372684931506846,3.6656164383561647,16.403945205479452,
402649099350602,PHELPS,40.44692,-99.58488888888888,2014,2014-04-22,Spring,150.0,2428.0,154.30388438823718,10.515890410958905,614.52,61.372684931506846,3.6656164383561647,16.403945205479452,
402906099342201,PHELPS,40.485083333333336,-99.57288888888888,2014,2014-05-02,Spring,150.75,2458.82,142.95088402541708,10.515890410958905,614.52,61.372684931506846,3.6656164383561647,16.403945205479452,
402200099160700,PHELPS,40.3669,-99.267175,2014,2014-05-01,Spring,150.89,2280.22,148.06964870929636,10.515890410958905,614.52,61.372684931506846,3.6656164383561647,16.403945205479452,
402813099382100,PHELPS,40.46941944444445,-99.63914166666667,2014,2014-05-02,Spring,157.66,2473.68,150.38258272861734,10.515890410958905,614.52,61.372684931506846,3.6656164383561647,16.403945205479452,
402756099320601,PHELPS,40.46654722222223,-99.53547222222224,2014,2014-05-02,Spring,166.49,2446.36,156.19747211429126,10.515890410958905,614.52,61.372684931506846,3.6656164383561647,16.403945205479452,
402458099344401,PHELPS,40.41608027777777,-99.57890388888887,2014,2014-04-22,Spring,171.77,2426.49,166.30257340188393,10.515890410958905,614.52,61.372684931506846,3.6656164383561647,16.403945205479452,
402458099344402,PHELPS,40.41608027777777,-99.57890388888887,2014,2014-04-22,Spring,171.92,2426.49,166.30257340188393,10.515890410958905,614.52,61.372684931506846,3.6656164383561647,16.403945205479452,
402609099350800,PHELPS,40.43199166666666,-99.58200277777776,2014,2014-05-02,Spring,176.19,2443.0,166.260358379346,10.515890410958905,614.52,61.372684931506846,3.6656164383561647,16.403945205479452,
402630099305500,PHELPS,40.44133611111111,-99.51204166666666,2014,2014-05-02,Spring,177.92,2426.38,167.1358184943486,10.515890410958905,614.52,61.372684931506846,3.6656164383561647,16.403945205479452,
402159099301600,PHELPS,40.3649,-99.50220555555556,2014,2014-04-17,Spring,184.08,2377.49,172.7795264201055,10.515890410958905,614.52,61.372684931506846,3.6656164383561647,16.403945205479452,
402406099311800,PHELPS,40.40154444444444,-99.52104166666666,2014,2014-04-17,Spring,184.21,2406.07,173.8093834738003,10.515890410958905,614.52,61.372684931506846,3.6656164383561647,16.403945205479452,
402107099262000,PHELPS,40.35080555555556,-99.43768055555556,2014,2014-04-17,Spring,201.56,2363.91,197.07031186842457,10.515890410958905,614.52,61.372684931506846,3.6656164383561647,16.403945205479452,
402115099213100,PHELPS,40.35468888888889,-99.35943333333331,2014,2014-04-17,Spring,205.91,2345.58,195.7587476205262,10.515890410958905,614.52,61.372684931506846,3.6656164383561647,16.403945205479452,
402435099262900,PHELPS,40.40768055555555,-99.44083333333332,2014,2014-04-17,Spring,209.17,2405.19,185.9113713001477,10.515890410958905,614.52,61.372684931506846,3.6656164383561647,16.403945205479452,
402802099285801,PHELPS,40.46775,-99.48183333,2014,2014-04-16,Spring,104.05,2376.84,112.07734987157764,10.515890410958905,614.52,61.372684931506846,3.6656164383561647,16.403945205479452,
403123099261501,PHELPS,40.52446389,-99.436875,2014,2014-04-16,Spring,43.21,2361.96,41.35630013793915,10.515890410958905,614.52,61.372684931506846,3.6656164383561647,16.403945205479452,
403132099381001,PHELPS,40.52556319,-99.63650076,2014,2014-04-16,Spring,154.32,2517.21,139.18414261167996,10.515890410958905,614.52,61.372684931506846,3.6656164383561647,16.403945205479452,
403217099235801,PHELPS,40.53806574,-99.39982287,2014,2014-04-16,Spring,26.6,2321.45,24.64852878770928,10.515890410958905,614.52,61.372684931506846,3.6656164383561647,16.403945205479452,
403927099293501,PHELPS,40.65755805555556,-99.49321666666668,2014,2014-05-01,Spring,8.58,2297.65,10.715648240987216,10.515890410958905,614.52,61.372684931506846,3.6656164383561647,16.403945205479452,
404033099373001,PHELPS,40.67593911111111,-99.62515633333332,2014,2014-05-01,Spring,8.8,2339.74,17.464219815633886,10.515890410958905,614.52,61.372684931506846,3.6656164383561647,16.403945205479452,
403903099214301,PHELPS,40.650864722222224,-99.3618686111111,2014,2014-04-24,Spring,8.94,2248.47,9.310841269960472,10.515890410958905,614.52,61.372684931506846,3.6656164383561647,16.403945205479452,
403903099214302,PHELPS,40.650864722222224,-99.3618686111111,2014,2014-04-24,Spring,9.01,2248.47,9.310841269960472,10.515890410958905,614.52,61.372684931506846,3.6656164383561647,16.403945205479452,
404102099373001,PHELPS,40.68405933333333,-99.62523716666666,2014,2014-05-01,Spring,9.52,2334.85,9.102521014694736,10.515890410958905,614.52,61.372684931506846,3.6656164383561647,16.403945205479452,
404040099383501,PHELPS,40.67796833333333,-99.64313333333334,2014,2014-05-01,Spring,10.47,2346.64,25.92009091528497,10.515890410958905,614.52,61.372684931506846,3.6656164383561647,16.403945205479452,
403831099173501,PHELPS,40.642178,-99.29327591666666,2014,2014-04-24,Spring,12.76,2229.47,15.002267898502112,10.515890410958905,614.52,61.372684931506846,3.6656164383561647,16.403945205479452,
403831099173502,PHELPS,40.642178,-99.29327591666666,2014,2014-04-24,Spring,13.1,2229.47,15.002267898502112,10.515890410958905,614.52,61.372684931506846,3.6656164383561647,16.403945205479452,
404059099383501,PHELPS,40.68328583333333,-99.64316027777778,2014,2014-05-01,Spring,15.0,2343.11,19.645572071154465,10.515890410958905,614.52,61.372684931506846,3.6656164383561647,16.403945205479452,
403408099130502,PHELPS,40.56878722222223,-99.21816944444444,2014,2014-04-24,Spring,16.6,2216.56,22.89517014740334,10.515890410958905,614.52,61.372684931506846,3.6656164383561647,16.403945205479452,
403408099130501,PHELPS,40.56878722222223,-99.21816944444444,2014,2014-04-24,Spring,16.69,2216.56,22.89517014740334,10.515890410958905,614.52,61.372684931506846,3.6656164383561647,16.403945205479452,
403710099104602,PHELPS,40.6195145,-99.17947241666668,2014,2014-04-24,Spring,17.43,2193.97,24.040882166322312,10.515890410958905,614.52,61.372684931506846,3.6656164383561647,16.403945205479452,
403350099282701,PHELPS,40.56375277777777,-99.47419805555556,2014,2014-04-24,Spring,17.78,2351.95,21.470646044459095,10.515890410958905,614.52,61.372684931506846,3.6656164383561647,16.403945205479452,
403350099282702,PHELPS,40.56375277777777,-99.47419805555556,2014,2014-04-24,Spring,18.0,2351.95,21.470646044459095,10.515890410958905,614.52,61.372684931506846,3.6656164383561647,16.403945205479452,
403738099181101,PHELPS,40.62740444444445,-99.30320513888888,2014,2014-04-24,Spring,18.49,2241.2,17.153247560224198,10.515890410958905,614.52,61.372684931506846,3.6656164383561647,16.403945205479452,
403738099181102,PHELPS,40.62740444444445,-99.30320513888888,2014,2014-04-24,Spring,18.49,2241.2,17.153247560224198,10.515890410958905,614.52,61.372684931506846,3.6656164383561647,16.403945205479452,
403645099242701,PHELPS,40.61264497222222,-99.40752011111113,2014,2014-04-24,Spring,22.85,2297.96,20.354207514721644,10.515890410958905,614.52,61.372684931506846,3.6656164383561647,16.403945205479452,
403832099293501,PHELPS,40.64230694444444,-99.49321833333332,2014,2014-05-01,Spring,23.05,2322.16,21.483480033837903,10.515890410958905,614.52,61.372684931506846,3.6656164383561647,16.403945205479452,
403645099242702,PHELPS,40.61264497222222,-99.40752011111113,2014,2014-04-24,Spring,23.16,2297.96,20.354207514721644,10.515890410958905,614.52,61.372684931506846,3.6656164383561647,16.403945205479452,
402853099135101,PHELPS,40.48150472222223,-99.23095833333332,2014,2014-04-24,Spring,30.71,2247.07,31.472088476191217,10.515890410958905,614.52,61.372684931506846,3.6656164383561647,16.403945205479452,
402853099135102,PHELPS,40.48150472222223,-99.23095833333332,2014,2014-04-24,Spring,32.19,2247.07,31.472088476191217,10.515890410958905,614.52,61.372684931506846,3.6656164383561647,16.403945205479452,
403739099293601,PHELPS,40.62758555555556,-99.49344,2014,2014-05-01,Spring,33.74,2356.31,29.000126055711164,10.515890410958905,614.52,61.372684931506846,3.6656164383561647,16.403945205479452,
403922099223301,PHELPS,40.65834351,-99.38037703,2014,2014-04-16,Spring,8.92,2253.27,9.325392426743376,10.515890410958905,614.52,61.372684931506846,3.6656164383561647,16.403945205479452,
404016099370201,PHELPS,40.6711189,-99.61760995,2014,2014-04-16,Spring,5.49,2335.44,19.14407315803232,10.515890410958905,614.52,61.372684931506846,3.6656164383561647,16.403945205479452,
402513099164801,PHELPS,40.42006111111111,-99.27985277777778,2015,2015-04-06,Spring,79.39,2278.97,85.21499560783612,11.988986301369861,615.12,62.941945205479456,3.5071506849315064,16.03131506849315,
402421099112000,PHELPS,40.40549166666666,-99.18921666666668,2015,2015-04-06,Spring,59.27,2216.62,66.05977695704024,11.988986301369861,615.12,62.941945205479456,3.5071506849315064,16.03131506849315,
402342099143300,PHELPS,40.39436388888889,-99.24273333333332,2015,2015-04-06,Spring,113.06,2261.52,109.38194290782316,11.988986301369861,615.12,62.941945205479456,3.5071506849315064,16.03131506849315,
402423099152001,PHELPS,40.40643361111111,-99.2555336111111,2015,2015-04-27,Spring,90.7,2261.86,94.62316618220544,11.988986301369861,615.12,62.941945205479456,3.5071506849315064,16.03131506849315,
402200099160700,PHELPS,40.3669,-99.267175,2015,2015-04-06,Spring,148.42,2280.22,147.80271868541965,11.988986301369861,615.12,62.941945205479456,3.5071506849315064,16.03131506849315,
402532099222601,PHELPS,40.42564361111111,-99.37401277777776,2015,2015-04-27,Spring,98.54,2312.94,107.73690396231098,11.988986301369861,615.12,62.941945205479456,3.5071506849315064,16.03131506849315,
402532099222602,PHELPS,40.42564361111111,-99.37401277777776,2015,2015-04-27,Spring,102.89,2312.94,107.73690396231098,11.988986301369861,615.12,62.941945205479456,3.5071506849315064,16.03131506849315,
402320099231001,PHELPS,40.38914722222222,-99.38615277777778,2015,2015-04-06,Spring,211.08,2384.17,201.3620704127018,11.988986301369861,615.12,62.941945205479456,3.5071506849315064,16.03131506849315,
402326099185300,PHELPS,40.390366666666665,-99.31649722222222,2015,2015-04-06,Spring,148.36,2306.56,147.79524031352574,11.988986301369861,615.12,62.941945205479456,3.5071506849315064,16.03131506849315,
402115099213100,PHELPS,40.35468888888889,-99.35943333333331,2015,2015-04-06,Spring,203.82,2345.58,201.72824416772332,11.988986301369861,615.12,62.941945205479456,3.5071506849315064,16.03131506849315,
402435099262900,PHELPS,40.40768055555555,-99.44083333333332,2015,2015-04-08,Spring,209.6,2405.19,194.58285313638677,11.988986301369861,615.12,62.941945205479456,3.5071506849315064,16.03131506849315,
402406099311800,PHELPS,40.40154444444444,-99.52104166666666,2015,2015-04-06,Spring,182.51,2406.07,175.9538746134141,11.988986301369861,615.12,62.941945205479456,3.5071506849315064,16.03131506849315,
402334099293301,PHELPS,40.392735555555554,-99.49248916666669,2015,2015-04-13,Spring,137.17,2343.83,147.14383313668384,11.988986301369861,615.12,62.941945205479456,3.5071506849315064,16.03131506849315,
402334099293302,PHELPS,40.392735555555554,-99.49248916666669,2015,2015-04-13,Spring,137.21,2343.83,147.14383313668384,11.988986301369861,615.12,62.941945205479456,3.5071506849315064,16.03131506849315,
402159099301600,PHELPS,40.3649,-99.50220555555556,2015,2015-04-06,Spring,182.25,2377.49,173.91952434670728,11.988986301369861,615.12,62.941945205479456,3.5071506849315064,16.03131506849315,
402107099262000,PHELPS,40.35080555555556,-99.43768055555556,2015,2015-04-06,Spring,199.5,2363.91,199.6928608038931,11.988986301369861,615.12,62.941945205479456,3.5071506849315064,16.03131506849315,
402609099350800,PHELPS,40.43199166666666,-99.58200277777776,2015,2015-04-08,Spring,175.63,2443.0,167.5172889928785,11.988986301369861,615.12,62.941945205479456,3.5071506849315064,16.03131506849315,
402458099344401,PHELPS,40.41608027777777,-99.57890388888887,2015,2015-04-13,Spring,171.56,2426.49,163.39223184205784,11.988986301369861,615.12,62.941945205479456,3.5071506849315064,16.03131506849315,
402458099344402,PHELPS,40.41608027777777,-99.57890388888887,2015,2015-04-13,Spring,171.61,2426.49,163.39223184205784,11.988986301369861,615.12,62.941945205479456,3.5071506849315064,16.03131506849315,
402404099383400,PHELPS,40.40166972222222,-99.64190722222224,2015,2015-04-07,Spring,88.98,2363.94,91.74698218136268,11.988986301369861,615.12,62.941945205479456,3.5071506849315064,16.03131506849315,
402233099341700,PHELPS,40.376269444444446,-99.57279166666666,2015,2015-04-08,Spring,111.86,2335.32,111.06401597533018,11.988986301369861,615.12,62.941945205479456,3.5071506849315064,16.03131506849315,
402853099135101,PHELPS,40.48150472222223,-99.23095833333332,2015,2015-04-08,Spring,31.74,2247.07,33.06127107983828,11.988986301369861,615.12,62.941945205479456,3.5071506849315064,16.03131506849315,
402853099135102,PHELPS,40.48150472222223,-99.23095833333332,2015,2015-04-08,Spring,34.16,2247.07,33.06127107983828,11.988986301369861,615.12,62.941945205479456,3.5071506849315064,16.03131506849315,
402854099213801,PHELPS,40.48158305555556,-99.36045888888889,2015,2015-04-10,Spring,57.94,2315.4,56.52893594255794,11.988986301369861,615.12,62.941945205479456,3.5071506849315064,16.03131506849315,
402854099213802,PHELPS,40.48158305555556,-99.36045888888889,2015,2015-04-10,Spring,58.04,2315.4,56.52893594255794,11.988986301369861,615.12,62.941945205479456,3.5071506849315064,16.03131506849315,
402630099305500,PHELPS,40.44133611111111,-99.51204166666666,2015,2015-04-07,Spring,177.68,2426.38,172.27429746500172,11.988986301369861,615.12,62.941945205479456,3.5071506849315064,16.03131506849315,
402636099271801,PHELPS,40.44343083333333,-99.45505,2015,2015-04-27,Spring,135.34,2362.54,134.82549352949687,11.988986301369861,615.12,62.941945205479456,3.5071506849315064,16.03131506849315,
402636099271802,PHELPS,40.44343083333333,-99.45505,2015,2015-04-27,Spring,133.31,2362.54,134.82549352949687,11.988986301369861,615.12,62.941945205479456,3.5071506849315064,16.03131506849315,
402906099342201,PHELPS,40.485083333333336,-99.57288888888888,2015,2015-04-07,Spring,151.61,2458.82,150.0912166775811,11.988986301369861,615.12,62.941945205479456,3.5071506849315064,16.03131506849315,
402813099382100,PHELPS,40.46941944444445,-99.63914166666667,2015,2015-04-07,Spring,157.03,2473.68,153.41157659241563,11.988986301369861,615.12,62.941945205479456,3.5071506849315064,16.03131506849315,
402756099320601,PHELPS,40.46654722222223,-99.53547222222224,2015,2015-04-07,Spring,168.01,2446.36,163.27119453258953,11.988986301369861,615.12,62.941945205479456,3.5071506849315064,16.03131506849315,
402649099350601,PHELPS,40.44692,-99.58488888888888,2015,2015-04-13,Spring,149.34,2428.0,154.61445031919854,11.988986301369861,615.12,62.941945205479456,3.5071506849315064,16.03131506849315,
402649099350602,PHELPS,40.44692,-99.58488888888888,2015,2015-04-13,Spring,151.64,2428.0,154.61445031919854,11.988986301369861,615.12,62.941945205479456,3.5071506849315064,16.03131506849315,
403408099130501,PHELPS,40.56878722222223,-99.21816944444444,2015,2015-04-08,Spring,17.01,2216.56,22.014960598795493,11.988986301369861,615.12,62.941945205479456,3.5071506849315064,16.03131506849315,
403408099130502,PHELPS,40.56878722222223,-99.21816944444444,2015,2015-04-08,Spring,17.49,2216.56,22.014960598795493,11.988986301369861,615.12,62.941945205479456,3.5071506849315064,16.03131506849315,
403645099242701,PHELPS,40.61264497222222,-99.40752011111113,2015,2015-04-10,Spring,23.88,2297.96,23.558402068872496,11.988986301369861,615.12,62.941945205479456,3.5071506849315064,16.03131506849315,
403645099242702,PHELPS,40.61264497222222,-99.40752011111113,2015,2015-04-10,Spring,24.42,2297.96,23.558402068872496,11.988986301369861,615.12,62.941945205479456,3.5071506849315064,16.03131506849315,
403350099282701,PHELPS,40.56375277777777,-99.47419805555556,2015,2015-04-10,Spring,20.0,2351.95,22.40316905463256,11.988986301369861,615.12,62.941945205479456,3.5071506849315064,16.03131506849315,
403350099282702,PHELPS,40.56375277777777,-99.47419805555556,2015,2015-04-10,Spring,20.2,2351.95,22.40316905463256,11.988986301369861,615.12,62.941945205479456,3.5071506849315064,16.03131506849315,
403315099351501,PHELPS,40.554270555555554,-99.58744083333332,2015,2015-04-13,Spring,72.93,2447.59,79.15821511939495,11.988986301369861,615.12,62.941945205479456,3.5071506849315064,16.03131506849315,
403315099351502,PHELPS,40.554270555555554,-99.58744083333332,2015,2015-04-13,Spring,75.23,2447.59,79.15821511939495,11.988986301369861,615.12,62.941945205479456,3.5071506849315064,16.03131506849315,
403738099181101,PHELPS,40.62740444444445,-99.30320513888888,2015,2015-04-08,Spring,19.12,2241.2,19.010597624256583,11.988986301369861,615.12,62.941945205479456,3.5071506849315064,16.03131506849315,
403738099181102,PHELPS,40.62740444444445,-99.30320513888888,2015,2015-04-08,Spring,19.05,2241.2,19.010597624256583,11.988986301369861,615.12,62.941945205479456,3.5071506849315064,16.03131506849315,
403831099173501,PHELPS,40.642178,-99.29327591666666,2015,2015-04-08,Spring,13.16,2229.47,15.894176385136069,11.988986301369861,615.12,62.941945205479456,3.5071506849315064,16.03131506849315,
403831099173502,PHELPS,40.642178,-99.29327591666666,2015,2015-04-08,Spring,13.53,2229.47,15.894176385136069,11.988986301369861,615.12,62.941945205479456,3.5071506849315064,16.03131506849315,
403710099104602,PHELPS,40.6195145,-99.17947241666668,2015,2015-04-08,Spring,17.78,2193.97,21.44564576751884,11.988986301369861,615.12,62.941945205479456,3.5071506849315064,16.03131506849315,
403903099214301,PHELPS,40.650864722222224,-99.3618686111111,2015,2015-04-08,Spring,9.48,2248.47,10.29397649758906,11.988986301369861,615.12,62.941945205479456,3.5071506849315064,16.03131506849315,
403903099214302,PHELPS,40.650864722222224,-99.3618686111111,2015,2015-04-08,Spring,9.52,2248.47,10.29397649758906,11.988986301369861,615.12,62.941945205479456,3.5071506849315064,16.03131506849315,
404006099282401,PHELPS,40.66854833333333,-99.4734825,2015,2015-04-06,Spring,1.73,2280.04,3.2854667404498823,11.988986301369861,615.12,62.941945205479456,3.5071506849315064,16.03131506849315,
403927099293501,PHELPS,40.65755805555556,-99.49321666666668,2015,2015-04-06,Spring,8.34,2297.65,10.017631252467204,11.988986301369861,615.12,62.941945205479456,3.5071506849315064,16.03131506849315,
403949099293501,PHELPS,40.66383277777778,-99.49320805555556,2015,2015-04-06,Spring,4.18,2291.23,6.944074634503214,11.988986301369861,615.12,62.941945205479456,3.5071506849315064,16.03131506849315,
403959099282801,PHELPS,40.66638638888889,-99.47439194444443,2015,2015-04-06,Spring,2.75,2282.17,3.8102957967849607,11.988986301369861,615.12,62.941945205479456,3.5071506849315064,16.03131506849315,
403959099282802,PHELPS,40.66638638888889,-99.47439194444443,2015,2015-04-06,Spring,2.79,2282.17,3.8102957967849607,11.988986301369861,615.12,62.941945205479456,3.5071506849315064,16.03131506849315,
403832099293501,PHELPS,40.64230694444444,-99.49321833333332,2015,2015-04-06,Spring,21.94,2322.16,21.580925729269858,11.988986301369861,615.12,62.941945205479456,3.5071506849315064,16.03131506849315,
403739099293601,PHELPS,40.62758555555556,-99.49344,2015,2015-04-06,Spring,34.48,2356.31,29.22328208285125,11.988986301369861,615.12,62.941945205479456,3.5071506849315064,16.03131506849315,
404033099373001,PHELPS,40.67593911111111,-99.62515633333332,2015,2015-04-06,Spring,8.06,2339.74,15.494237795514998,11.988986301369861,615.12,62.941945205479456,3.5071506849315064,16.03131506849315,
404040099383501,PHELPS,40.67796833333333,-99.64313333333334,2015,2015-04-06,Spring,9.64,2346.64,21.935921460210874,11.988986301369861,615.12,62.941945205479456,3.5071506849315064,16.03131506849315,
404059099383501,PHELPS,40.68328583333333,-99.64316027777778,2015,2015-04-06,Spring,13.2,2343.11,15.412502254032209,11.988986301369861,615.12,62.941945205479456,3.5071506849315064,16.03131506849315,
404102099373001,PHELPS,40.68405933333333,-99.62523716666666,2015,2015-04-06,Spring,8.87,2334.85,7.374250311951806,11.988986301369861,615.12,62.941945205479456,3.5071506849315064,16.03131506849315,
404102099373002,PHELPS,40.68405933333333,-99.62523716666666,2015,2015-04-06,Spring,7.12,2334.85,7.374250311951806,11.988986301369861,615.12,62.941945205479456,3.5071506849315064,16.03131506849315,
403946099383201,PHELPS,40.66301611111111,-99.64228555555556,2015,2015-04-06,Spring,94.93,2446.94,70.97521905386078,11.988986301369861,615.12,62.941945205479456,3.5071506849315064,16.03131506849315,
402340099353701,PHELPS,40.39445302,-99.59399869,2015,2015-04-07,Spring,24.81,2264.29,77.7534584392809,11.988986301369861,615.12,62.941945205479456,3.5071506849315064,16.03131506849315,
402524099201601,PHELPS,40.42334431,-99.33815365,2015,2015-04-07,Spring,121.51,2312.07,114.50275220670204,11.988986301369861,615.12,62.941945205479456,3.5071506849315064,16.03131506849315,
402802099285801,PHELPS,40.46775,-99.48183333,2015,2015-04-07,Spring,104.96,2376.84,114.07922622765253,11.988986301369861,615.12,62.941945205479456,3.5071506849315064,16.03131506849315,
403123099261501,PHELPS,40.52446389,-99.436875,2015,2015-04-07,Spring,45.21,2361.96,42.69105652967506,11.988986301369861,615.12,62.941945205479456,3.5071506849315064,16.03131506849315,
403132099381001,PHELPS,40.52556319,-99.63650076,2015,2015-04-07,Spring,155.03,2517.21,140.31992204719663,11.988986301369861,615.12,62.941945205479456,3.5071506849315064,16.03131506849315,
403217099235801,PHELPS,40.53806574,-99.39982287,2015,2015-04-07,Spring,27.88,2321.45,25.896287502724192,11.988986301369861,615.12,62.941945205479456,3.5071506849315064,16.03131506849315,
403922099223301,PHELPS,40.65834351,-99.38037703,2015,2015-04-07,Spring,9.18,2253.27,10.18079556006338,11.988986301369861,615.12,62.941945205479456,3.5071506849315064,16.03131506849315,
404016099370201,PHELPS,40.6711189,-99.61760995,2015,2015-04-09,Spring,5.19,2335.44,18.4285414360978,11.988986301369861,615.12,62.941945205479456,3.5071506849315064,16.03131506849315,
403710099104602,PHELPS,40.6195145,-99.17947241666668,2016,2016-05-09,Spring,19.14,2193.97,23.37331069317068,12.366885245901639,602.36,63.097759562841524,3.5339344262295085,16.29153005464481,
403710099104601,PHELPS,40.6195145,-99.17947241666668,2016,2016-05-09,Spring,19.38,2193.97,23.37331069317068,12.366885245901639,602.36,63.097759562841524,3.5339344262295085,16.29153005464481,
403408099130501,PHELPS,40.56878722222223,-99.21816944444444,2016,2016-05-09,Spring,19.59,2216.56,26.46141574563016,12.366885245901639,602.36,63.097759562841524,3.5339344262295085,16.29153005464481,
403350099282701,PHELPS,40.56375277777777,-99.47419805555556,2016,2016-05-09,Spring,19.61,2351.95,23.16782449277596,12.366885245901639,602.36,63.097759562841524,3.5339344262295085,16.29153005464481,
403350099282702,PHELPS,40.56375277777777,-99.47419805555556,2016,2016-05-09,Spring,19.71,2351.95,23.16782449277596,12.366885245901639,602.36,63.097759562841524,3.5339344262295085,16.29153005464481,
403408099130502,PHELPS,40.56878722222223,-99.21816944444444,2016,2016-05-09,Spring,20.05,2216.56,26.46141574563016,12.366885245901639,602.36,63.097759562841524,3.5339344262295085,16.29153005464481,
403738099181102,PHELPS,40.62740444444445,-99.30320513888888,2016,2016-05-09,Spring,21.97,2241.2,20.008144699247243,12.366885245901639,602.36,63.097759562841524,3.5339344262295085,16.29153005464481,
403738099181101,PHELPS,40.62740444444445,-99.30320513888888,2016,2016-05-09,Spring,22.08,2241.2,20.008144699247243,12.366885245901639,602.36,63.097759562841524,3.5339344262295085,16.29153005464481,
403832099293501,PHELPS,40.64230694444444,-99.49321833333332,2016,2016-05-10,Spring,23.03,2322.16,21.49742488121622,12.366885245901639,602.36,63.097759562841524,3.5339344262295085,16.29153005464481,
403645099242701,PHELPS,40.61264497222222,-99.40752011111113,2016,2016-05-09,Spring,25.53,2297.96,22.31785448512164,12.366885245901639,602.36,63.097759562841524,3.5339344262295085,16.29153005464481,
403645099242702,PHELPS,40.61264497222222,-99.40752011111113,2016,2016-05-09,Spring,25.93,2297.96,22.31785448512164,12.366885245901639,602.36,63.097759562841524,3.5339344262295085,16.29153005464481,
403739099293601,PHELPS,40.62758555555556,-99.49344,2016,2016-05-10,Spring,34.62,2356.31,28.76886380159918,12.366885245901639,602.36,63.097759562841524,3.5339344262295085,16.29153005464481,
402853099135101,PHELPS,40.48150472222223,-99.23095833333332,2016,2016-05-09,Spring,35.31,2247.07,34.87004886224926,12.366885245901639,602.36,63.097759562841524,3.5339344262295085,16.29153005464481,
402853099135102,PHELPS,40.48150472222223,-99.23095833333332,2016,2016-05-09,Spring,35.93,2247.07,34.87004886224926,12.366885245901639,602.36,63.097759562841524,3.5339344262295085,16.29153005464481,
404020099355301,PHELPS,40.6710839,-99.5961084,2016,2016-04-21,Spring,6.93,2326.91,12.732470436075548,12.366885245901639,602.36,63.097759562841524,3.5339344262295085,16.29153005464481,
403941099342701,PHELPS,40.6636923,-99.5766538,2016,2016-04-21,Spring,7.13,2326.71,15.35814341953363,12.366885245901639,602.36,63.097759562841524,3.5339344262295085,16.29153005464481,
403915099190801,PHELPS,40.6573434,-99.3214291,2016,2016-04-21,Spring,9.58,2234.03,13.76071314825406,12.366885245901639,602.36,63.097759562841524,3.5339344262295085,16.29153005464481,
403322099201601,PHELPS,40.5547811,-99.3416484,2016,2016-04-21,Spring,10.25,2267.67,18.218674980399378,12.366885245901639,602.36,63.097759562841524,3.5339344262295085,16.29153005464481,
403309099281401,PHELPS,40.5521635,-99.4737128,2016,2016-04-21,Spring,10.89,2354.64,23.90363069015037,12.366885245901639,602.36,63.097759562841524,3.5339344262295085,16.29153005464481,
403309099250701,PHELPS,40.5543784,-99.4199673,2016,2016-04-21,Spring,13.63,2322.67,18.763862916146696,12.366885245901639,602.36,63.097759562841524,3.5339344262295085,16.29153005464481,
403507099234101,PHELPS,40.5836771413889,-99.3985091,2016,2016-04-21,Spring,14.85,2295.65,17.140699362215237,12.366885245901639,602.36,63.097759562841524,3.5339344262295085,16.29153005464481,
403520099201601,PHELPS,40.5886101475,-99.3416473,2016,2016-04-21,Spring,17.96,2265.95,19.514420024296733,12.366885245901639,602.36,63.097759562841524,3.5339344262295085,16.29153005464481,
403646099293301,PHELPS,40.6127772,-99.4935704,2016,2016-04-21,Spring,20.07,2354.25,28.510836408608352,12.366885245901639,602.36,63.097759562841524,3.5339344262295085,16.29153005464481,
402853099104601,PHELPS,40.4815796,-99.179559,2016,2016-04-14,Spring,23.06,2221.31,31.51071183500198,12.366885245901639,602.36,63.097759562841524,3.5339344262295085,16.29153005464481,
403037099135301,PHELPS,40.5105526386111,-99.2316379,2016,2016-04-14,Spring,23.63,2239.33,29.04073390906401,12.366885245901639,602.36,63.097759562841524,3.5339344262295085,16.29153005464481,
402952099161701,PHELPS,40.49624602,-99.2746825,2016,2016-04-14,Spring,25.95,2255.28,31.68445766319502,12.366885245901639,602.36,63.097759562841524,3.5339344262295085,16.29153005464481,
403540099260001,PHELPS,40.5946306,-99.4353739,2016,2016-04-21,Spring,27.74,2323.77,23.851423911990548,12.366885245901639,602.36,63.097759562841524,3.5339344262295085,16.29153005464481,
403138099190801,PHELPS,40.5255972,-99.3224515,2016,2016-04-21,Spring,28.0,2277.27,29.634357194570857,12.366885245901639,602.36,63.097759562841524,3.5339344262295085,16.29153005464481,
403138099235801,PHELPS,40.5255500233333,-99.399115,2016,2016-04-21,Spring,28.82,2328.14,31.34620076529727,12.366885245901639,602.36,63.097759562841524,3.5339344262295085,16.29153005464481,
402919099104601,PHELPS,40.4886216022222,-99.1795852,2016,2016-04-14,Spring,30.64,2229.35,32.14311791883518,12.366885245901639,602.36,63.097759562841524,3.5339344262295085,16.29153005464481,
402853099152001,PHELPS,40.4816481,-99.2557469,2016,2016-04-14,Spring,31.38,2251.06,33.321913691373055,12.366885245901639,602.36,63.097759562841524,3.5339344262295085,16.29153005464481,
403104099130201,PHELPS,40.5179145,-99.2173248,2016,2016-04-21,Spring,32.63,2242.62,31.6334436388829,12.366885245901639,602.36,63.097759562841524,3.5339344262295085,16.29153005464481,
403902099313701,PHELPS,40.6483999,-99.5291531,2016,2016-04-21,Spring,32.73,2345.9,27.62177598163849,12.366885245901639,602.36,63.097759562841524,3.5339344262295085,16.29153005464481,
403928099333601,PHELPS,40.6571948,-99.5612991,2016,2016-04-21,Spring,34.54,2355.41,23.38573570714605,12.366885245901639,602.36,63.097759562841524,3.5339344262295085,16.29153005464481,
403037099111401,PHELPS,40.5103457694444,-99.1873426,2016,2016-04-14,Spring,35.97,2237.5,34.70560447248103,12.366885245901639,602.36,63.097759562841524,3.5339344262295085,16.29153005464481,
402905099115301,PHELPS,40.4848551,-99.1983097,2016,2016-04-14,Spring,37.68,2241.11,35.999082293020514,12.366885245901639,602.36,63.097759562841524,3.5339344262295085,16.29153005464481,
403651099281401,PHELPS,40.613021,-99.4747929,2016,2016-04-21,Spring,41.21,2345.39,31.0401248417759,12.366885245901639,602.36,63.097759562841524,3.5339344262295085,16.29153005464481,
402952099114401,PHELPS,40.4961238363889,-99.1985012,2016,2016-04-14,Spring,41.95,2246.17,36.25174711151608,12.366885245901639,602.36,63.097759562841524,3.5339344262295085,16.29153005464481,
403453099190801,PHELPS,40.5807096794444,-99.3229107,2016,2016-04-21,Spring,42.03,2282.14,30.150156800870548,12.366885245901639,602.36,63.097759562841524,3.5339344262295085,16.29153005464481,
403348099114401,PHELPS,40.5613598133333,-99.1983188,2016,2016-04-14,Spring,42.25,2236.17,34.065091933328,12.366885245901639,602.36,63.097759562841524,3.5339344262295085,16.29153005464481,
403822099324501,PHELPS,40.6415361,-99.5482644,2016,2016-04-21,Spring,43.19,2377.53,36.5327141230274,12.366885245901639,602.36,63.097759562841524,3.5339344262295085,16.29153005464481,
403123099261501,PHELPS,40.52446389,-99.436875,2016,2016-04-21,Spring,44.21,2361.96,41.6979913750226,12.366885245901639,602.36,63.097759562841524,3.5339344262295085,16.29153005464481,
403453099141801,PHELPS,40.58307501,-99.2365144,2016,2016-04-21,Spring,52.2,2255.34,39.51402924911032,12.366885245901639,602.36,63.097759562841524,3.5339344262295085,16.29153005464481,
402924099235501,PHELPS,40.4901949,-99.398706,2016,2016-04-21,Spring,53.82,2336.37,56.42264792582541,12.366885245901639,602.36,63.097759562841524,3.5339344262295085,16.29153005464481,
403137099330201,PHELPS,40.5263766547222,-99.5496279,2016,2016-04-21,Spring,60.16,2405.25,78.59951150717198,12.366885245901639,602.36,63.097759562841524,3.5339344262295085,16.29153005464481,
403322099304801,PHELPS,40.5542755075,-99.5122815,2016,2016-04-21,Spring,61.41,2411.43,61.46979522627061,12.366885245901639,602.36,63.097759562841524,3.5339344262295085,16.29153005464481,
403125099295701,PHELPS,40.5247252,-99.4992246,2016,2016-04-21,Spring,70.67,2402.13,71.00550029434969,12.366885245901639,602.36,63.097759562841524,3.5339344262295085,16.29153005464481,
402716099212401,PHELPS,40.4529071,-99.3592878,2016,2016-04-21,Spring,74.14,2307.74,78.14873698482378,12.366885245901639,602.36,63.097759562841524,3.5339344262295085,16.29153005464481,
403037099313401,PHELPS,40.5104684,-99.5262137,2016,2016-04-21,Spring,81.5,2408.97,90.2304556908371,12.366885245901639,602.36,63.097759562841524,3.5339344262295085,16.29153005464481,
403928099371801,PHELPS,40.655954,-99.6202609,2016,2016-04-21,Spring,82.33,2432.98,61.15463812388544,12.366885245901639,602.36,63.097759562841524,3.5339344262295085,16.29153005464481,
403322099371801,PHELPS,40.5557047,-99.6247601,2016,2016-04-21,Spring,82.4,2465.78,98.38785067177812,12.366885245901639,602.36,63.097759562841524,3.5339344262295085,16.29153005464481,
403431099362101,PHELPS,40.5754557,-99.6058865,2016,2016-04-21,Spring,92.16,2477.16,87.81633081971003,12.366885245901639,602.36,63.097759562841524,3.5339344262295085,16.29153005464481,
403730099373501,PHELPS,40.6268217,-99.6246292,2016,2016-04-21,Spring,94.44,2471.08,87.83825818595159,12.366885245901639,602.36,63.097759562841524,3.5339344262295085,16.29153005464481,
403959099282802,PHELPS,40.66638638888889,-99.47439194444443,2015,2015-10-08,Fall,3.61,2282.17,3.8102957967849607,11.988986301369861,615.12,62.941945205479456,3.5071506849315064,16.03131506849315,
403959099282801,PHELPS,40.66638638888889,-99.47439194444443,2015,2015-10-08,Fall,3.64,2282.17,3.8102957967849607,11.988986301369861,615.12,62.941945205479456,3.5071506849315064,16.03131506849315,
403949099293501,PHELPS,40.66383277777778,-99.49320805555556,2015,2015-10-08,Fall,4.94,2291.23,6.944074634503214,11.988986301369861,615.12,62.941945205479456,3.5071506849315064,16.03131506849315,
404102099373002,PHELPS,40.68405933333333,-99.62523716666666,2015,2015-10-08,Fall,6.7,2334.85,7.374250311951806,11.988986301369861,615.12,62.941945205479456,3.5071506849315064,16.03131506849315,
404102099373001,PHELPS,40.68405933333333,-99.62523716666666,2015,2015-10-08,Fall,8.13,2334.85,7.374250311951806,11.988986301369861,615.12,62.941945205479456,3.5071506849315064,16.03131506849315,
404033099373001,PHELPS,40.67593911111111,-99.62515633333332,2015,2015-10-08,Fall,8.27,2339.74,15.494237795514998,11.988986301369861,615.12,62.941945205479456,3.5071506849315064,16.03131506849315,
404040099383501,PHELPS,40.67796833333333,-99.64313333333334,2015,2015-10-08,Fall,9.51,2346.64,21.935921460210874,11.988986301369861,615.12,62.941945205479456,3.5071506849315064,16.03131506849315,
403927099293501,PHELPS,40.65755805555556,-99.49321666666668,2015,2015-10-08,Fall,9.87,2297.65,10.017631252467204,11.988986301369861,615.12,62.941945205479456,3.5071506849315064,16.03131506849315,
403903099214301,PHELPS,40.650864722222224,-99.3618686111111,2015,2015-10-08,Fall,10.94,2248.47,10.29397649758906,11.988986301369861,615.12,62.941945205479456,3.5071506849315064,16.03131506849315,
403903099214302,PHELPS,40.650864722222224,-99.3618686111111,2015,2015-10-08,Fall,10.95,2248.47,10.29397649758906,11.988986301369861,615.12,62.941945205479456,3.5071506849315064,16.03131506849315,
404059099383501,PHELPS,40.68328583333333,-99.64316027777778,2015,2015-10-08,Fall,12.12,2343.11,15.412502254032209,11.988986301369861,615.12,62.941945205479456,3.5071506849315064,16.03131506849315,
403831099173501,PHELPS,40.642178,-99.29327591666666,2015,2015-10-13,Fall,15.14,2229.47,15.894176385136069,11.988986301369861,615.12,62.941945205479456,3.5071506849315064,16.03131506849315,
402340099353701,PHELPS,40.39445302,-99.59399869,2016,2016-04-11,Spring,24.7,2264.29,77.32951393213493,12.366885245901639,602.36,63.097759562841524,3.5339344262295085,16.29153005464481,
402524099201601,PHELPS,40.42334431,-99.33815365,2016,2016-04-11,Spring,117.9,2312.07,112.187992905277,12.366885245901639,602.36,63.097759562841524,3.5339344262295085,16.29153005464481,
402802099285801,PHELPS,40.46775,-99.48183333,2016,2016-04-12,Spring,106.07,2376.84,114.14163734708376,12.366885245901639,602.36,63.097759562841524,3.5339344262295085,16.29153005464481,
403132099381001,PHELPS,40.52556319,-99.63650076,2016,2016-04-12,Spring,156.62,2517.21,140.65891352540368,12.366885245901639,602.36,63.097759562841524,3.5339344262295085,16.29153005464481,
403217099235801,PHELPS,40.53806574,-99.39982287,2016,2016-04-12,Spring,27.21,2321.45,25.45928467121873,12.366885245901639,602.36,63.097759562841524,3.5339344262295085,16.29153005464481,
403922099223301,PHELPS,40.65834351,-99.38037703,2016,2016-04-12,Spring,8.95,2253.27,9.38482730948516,12.366885245901639,602.36,63.097759562841524,3.5339344262295085,16.29153005464481,
404016099370201,PHELPS,40.6711189,-99.61760995,2016,2016-04-12,Spring,5.43,2335.44,20.110781750644684,12.366885245901639,602.36,63.097759562841524,3.5339344262295085,16.29153005464481,
403217099312001,PHELPS,40.5392815,-99.5207383,2016,2016-04-21,Spring,104.2,2451.89,81.672677975657,12.366885245901639,602.36,63.097759562841524,3.5339344262295085,16.29153005464481,
402110099140001,PHELPS,40.351999,-99.2329232,2016,2016-04-14,Spring,169.68,2283.76,154.0236384669695,12.366885245901639,602.36,63.097759562841524,3.5339344262295085,16.29153005464481,
402124099201601,PHELPS,40.3563466,-99.3403749,2016,2016-04-14,Spring,182.28,2318.47,183.04079170765212,12.366885245901639,602.36,63.097759562841524,3.5339344262295085,16.29153005464481,
404006099282401,PHELPS,40.66854833333333,-99.4734825,2016,2016-05-10,Spring,3.28,2280.04,4.558915130896689,12.366885245901639,602.36,63.097759562841524,3.5339344262295085,16.29153005464481,
403959099282801,PHELPS,40.66638638888889,-99.47439194444443,2016,2016-05-10,Spring,4.68,2282.17,5.226787138298593,12.366885245901639,602.36,63.097759562841524,3.5339344262295085,16.29153005464481,
403959099282802,PHELPS,40.66638638888889,-99.47439194444443,2016,2016-05-10,Spring,4.71,2282.17,5.226787138298593,12.366885245901639,602.36,63.097759562841524,3.5339344262295085,16.29153005464481,
403949099293501,PHELPS,40.66383277777778,-99.49320805555556,2016,2016-05-10,Spring,6.68,2291.23,8.484337694660509,12.366885245901639,602.36,63.097759562841524,3.5339344262295085,16.29153005464481,
404033099373001,PHELPS,40.67593911111111,-99.62515633333332,2016,2016-05-10,Spring,7.04,2339.74,18.508319716095137,12.366885245901639,602.36,63.097759562841524,3.5339344262295085,16.29153005464481,
404102099373002,PHELPS,40.68405933333333,-99.62523716666666,2016,2016-05-10,Spring,7.81,2334.85,10.551627250192016,12.366885245901639,602.36,63.097759562841524,3.5339344262295085,16.29153005464481,
403903099214302,PHELPS,40.650864722222224,-99.3618686111111,2016,2016-05-09,Spring,9.29,2248.47,9.449599081842042,12.366885245901639,602.36,63.097759562841524,3.5339344262295085,16.29153005464481,
403903099214301,PHELPS,40.650864722222224,-99.3618686111111,2016,2016-05-09,Spring,9.39,2248.47,9.449599081842042,12.366885245901639,602.36,63.097759562841524,3.5339344262295085,16.29153005464481,
404040099383501,PHELPS,40.67796833333333,-99.64313333333334,2016,2016-05-10,Spring,10.02,2346.64,26.54295443965945,12.366885245901639,602.36,63.097759562841524,3.5339344262295085,16.29153005464481,
404102099373001,PHELPS,40.68405933333333,-99.62523716666666,2016,2016-05-10,Spring,10.17,2334.85,10.551627250192016,12.366885245901639,602.36,63.097759562841524,3.5339344262295085,16.29153005464481,
403927099293501,PHELPS,40.65755805555556,-99.49321666666668,2016,2016-05-10,Spring,10.31,2297.65,11.465271125013668,12.366885245901639,602.36,63.097759562841524,3.5339344262295085,16.29153005464481,
403831099173501,PHELPS,40.642178,-99.29327591666666,2016,2016-05-09,Spring,13.65,2229.47,17.112992527079285,12.366885245901639,602.36,63.097759562841524,3.5339344262295085,16.29153005464481,
403831099173502,PHELPS,40.642178,-99.29327591666666,2016,2016-05-09,Spring,14.26,2229.47,17.112992527079285,12.366885245901639,602.36,63.097759562841524,3.5339344262295085,16.29153005464481,
404059099383501,PHELPS,40.68328583333333,-99.64316027777778,2016,2016-05-10,Spring,14.88,2343.11,20.25774448606324,12.366885245901639,602.36,63.097759562841524,3.5339344262295085,16.29153005464481,
402854099213801,PHELPS,40.48158305555556,-99.36045888888889,2016,2016-05-10,Spring,59.7,2315.4,57.92087703513397,12.366885245901639,602.36,63.097759562841524,3.5339344262295085,16.29153005464481,
402854099213802,PHELPS,40.48158305555556,-99.36045888888889,2016,2016-05-10,Spring,59.71,2315.4,57.92087703513397,12.366885245901639,602.36,63.097759562841524,3.5339344262295085,16.29153005464481,
403315099351501,PHELPS,40.554270555555554,-99.58744083333332,2016,2016-05-09,Spring,76.55,2447.59,81.97794281706815,12.366885245901639,602.36,63.097759562841524,3.5339344262295085,16.29153005464481,
403315099351502,PHELPS,40.554270555555554,-99.58744083333332,2016,2016-05-09,Spring,78.42,2447.59,81.97794281706815,12.366885245901639,602.36,63.097759562841524,3.5339344262295085,16.29153005464481,
402513099164801,PHELPS,40.42006111111111,-99.27985277777778,2016,2016-05-19,Spring,81.02,2278.97,87.77950349902821,12.366885245901639,602.36,63.097759562841524,3.5339344262295085,16.29153005464481,
402404099383400,PHELPS,40.40166972222222,-99.64190722222224,2016,2016-05-19,Spring,89.29,2363.94,91.8685144116639,12.366885245901639,602.36,63.097759562841524,3.5339344262295085,16.29153005464481,
402423099152001,PHELPS,40.40643361111111,-99.2555336111111,2016,2016-05-11,Spring,94.42,2261.86,97.56527583805008,12.366885245901639,602.36,63.097759562841524,3.5339344262295085,16.29153005464481,
403946099383201,PHELPS,40.66301611111111,-99.64228555555556,2016,2016-05-10,Spring,97.18,2446.94,65.07477963805923,12.366885245901639,602.36,63.097759562841524,3.5339344262295085,16.29153005464481,
402532099222601,PHELPS,40.42564361111111,-99.37401277777776,2016,2016-05-10,Spring,101.45,2312.94,107.22973543893,12.366885245901639,602.36,63.097759562841524,3.5339344262295085,16.29153005464481,
402532099222602,PHELPS,40.42564361111111,-99.37401277777776,2016,2016-05-10,Spring,105.42,2312.94,107.22973543893,12.366885245901639,602.36,63.097759562841524,3.5339344262295085,16.29153005464481,
402233099341700,PHELPS,40.376269444444446,-99.57279166666666,2016,2016-05-19,Spring,112.26,2335.32,110.22834418178624,12.366885245901639,602.36,63.097759562841524,3.5339344262295085,16.29153005464481,
402342099143300,PHELPS,40.39436388888889,-99.24273333333332,2016,2016-05-17,Spring,114.81,2261.52,109.280937039397,12.366885245901639,602.36,63.097759562841524,3.5339344262295085,16.29153005464481,
402636099271802,PHELPS,40.44343083333333,-99.45505,2016,2016-05-10,Spring,136.08,2362.54,132.33405286606938,12.366885245901639,602.36,63.097759562841524,3.5339344262295085,16.29153005464481,
402636099271801,PHELPS,40.44343083333333,-99.45505,2016,2016-05-10,Spring,137.28,2362.54,132.33405286606938,12.366885245901639,602.36,63.097759562841524,3.5339344262295085,16.29153005464481,
402334099293302,PHELPS,40.392735555555554,-99.49248916666669,2016,2016-05-10,Spring,139.3,2343.83,150.5242995262678,12.366885245901639,602.36,63.097759562841524,3.5339344262295085,16.29153005464481,
402334099293301,PHELPS,40.392735555555554,-99.49248916666669,2016,2016-05-10,Spring,139.35,2343.83,150.5242995262678,12.366885245901639,602.36,63.097759562841524,3.5339344262295085,16.29153005464481,
403831099173502,PHELPS,40.642178,-99.29327591666666,2015,2015-10-13,Fall,15.34,2229.47,15.894176385136069,11.988986301369861,615.12,62.941945205479456,3.5071506849315064,16.03131506849315,
403710099104601,PHELPS,40.6195145,-99.17947241666668,2015,2015-10-13,Fall,18.48,2193.97,21.44564576751884,11.988986301369861,615.12,62.941945205479456,3.5071506849315064,16.03131506849315,
403710099104602,PHELPS,40.6195145,-99.17947241666668,2015,2015-10-13,Fall,18.92,2193.97,21.44564576751884,11.988986301369861,615.12,62.941945205479456,3.5071506849315064,16.03131506849315,
403408099130501,PHELPS,40.56878722222223,-99.21816944444444,2015,2015-10-14,Fall,19.08,2216.56,22.014960598795493,11.988986301369861,615.12,62.941945205479456,3.5071506849315064,16.03131506849315,
403408099130502,PHELPS,40.56878722222223,-99.21816944444444,2015,2015-10-14,Fall,19.33,2216.56,22.014960598795493,11.988986301369861,615.12,62.941945205479456,3.5071506849315064,16.03131506849315,
403350099282701,PHELPS,40.56375277777777,-99.47419805555556,2015,2015-10-08,Fall,19.8,2351.95,22.40316905463256,11.988986301369861,615.12,62.941945205479456,3.5071506849315064,16.03131506849315,
403350099282702,PHELPS,40.56375277777777,-99.47419805555556,2015,2015-10-08,Fall,19.93,2351.95,22.40316905463256,11.988986301369861,615.12,62.941945205479456,3.5071506849315064,16.03131506849315,
403738099181101,PHELPS,40.62740444444445,-99.30320513888888,2015,2015-10-13,Fall,21.24,2241.2,19.010597624256583,11.988986301369861,615.12,62.941945205479456,3.5071506849315064,16.03131506849315,
403738099181102,PHELPS,40.62740444444445,-99.30320513888888,2015,2015-10-13,Fall,21.26,2241.2,19.010597624256583,11.988986301369861,615.12,62.941945205479456,3.5071506849315064,16.03131506849315,
403832099293501,PHELPS,40.64230694444444,-99.49321833333332,2015,2015-10-08,Fall,23.75,2322.16,21.580925729269858,11.988986301369861,615.12,62.941945205479456,3.5071506849315064,16.03131506849315,
403645099242701,PHELPS,40.61264497222222,-99.40752011111113,2015,2015-10-08,Fall,26.11,2297.96,23.558402068872496,11.988986301369861,615.12,62.941945205479456,3.5071506849315064,16.03131506849315,
403645099242702,PHELPS,40.61264497222222,-99.40752011111113,2015,2015-10-08,Fall,26.5,2297.96,23.558402068872496,11.988986301369861,615.12,62.941945205479456,3.5071506849315064,16.03131506849315,
403739099293601,PHELPS,40.62758555555556,-99.49344,2015,2015-10-08,Fall,29.82,2356.31,29.22328208285125,11.988986301369861,615.12,62.941945205479456,3.5071506849315064,16.03131506849315,
402853099135101,PHELPS,40.48150472222223,-99.23095833333332,2015,2015-10-14,Fall,32.38,2247.07,33.06127107983828,11.988986301369861,615.12,62.941945205479456,3.5071506849315064,16.03131506849315,
402853099135102,PHELPS,40.48150472222223,-99.23095833333332,2015,2015-10-14,Fall,35.2,2247.07,33.06127107983828,11.988986301369861,615.12,62.941945205479456,3.5071506849315064,16.03131506849315,
402854099213801,PHELPS,40.48158305555556,-99.36045888888889,2015,2015-11-20,Fall,58.03,2315.4,56.52893594255794,11.988986301369861,615.12,62.941945205479456,3.5071506849315064,16.03131506849315,
402854099213802,PHELPS,40.48158305555556,-99.36045888888889,2015,2015-11-20,Fall,58.2,2315.4,56.52893594255794,11.988986301369861,615.12,62.941945205479456,3.5071506849315064,16.03131506849315,
402421099112000,PHELPS,40.40549166666666,-99.18921666666668,2015,2015-10-05,Fall,63.68,2216.62,66.05977695704024,11.988986301369861,615.12,62.941945205479456,3.5071506849315064,16.03131506849315,
403315099351501,PHELPS,40.554270555555554,-99.58744083333332,2015,2015-10-08,Fall,75.04,2447.59,79.15821511939495,11.988986301369861,615.12,62.941945205479456,3.5071506849315064,16.03131506849315,
403315099351502,PHELPS,40.554270555555554,-99.58744083333332,2015,2015-10-08,Fall,76.02,2447.59,79.15821511939495,11.988986301369861,615.12,62.941945205479456,3.5071506849315064,16.03131506849315,
402513099164801,PHELPS,40.42006111111111,-99.27985277777778,2015,2015-10-05,Fall,84.52,2278.97,85.21499560783612,11.988986301369861,615.12,62.941945205479456,3.5071506849315064,16.03131506849315,
402404099383400,PHELPS,40.40166972222222,-99.64190722222224,2015,2015-10-06,Fall,91.2,2363.94,91.74698218136268,11.988986301369861,615.12,62.941945205479456,3.5071506849315064,16.03131506849315,
402423099152001,PHELPS,40.40643361111111,-99.2555336111111,2015,2015-10-14,Fall,92.83,2261.86,94.62316618220544,11.988986301369861,615.12,62.941945205479456,3.5071506849315064,16.03131506849315,
403946099383201,PHELPS,40.66301611111111,-99.64228555555556,2015,2015-10-08,Fall,95.76,2446.94,70.97521905386078,11.988986301369861,615.12,62.941945205479456,3.5071506849315064,16.03131506849315,
402532099222601,PHELPS,40.42564361111111,-99.37401277777776,2015,2015-10-20,Fall,100.06,2312.94,107.73690396231098,11.988986301369861,615.12,62.941945205479456,3.5071506849315064,16.03131506849315,
402532099222602,PHELPS,40.42564361111111,-99.37401277777776,2015,2015-10-20,Fall,104.64,2312.94,107.73690396231098,11.988986301369861,615.12,62.941945205479456,3.5071506849315064,16.03131506849315,
402233099341700,PHELPS,40.376269444444446,-99.57279166666666,2015,2015-10-06,Fall,112.74,2335.32,111.06401597533018,11.988986301369861,615.12,62.941945205479456,3.5071506849315064,16.03131506849315,
402342099143300,PHELPS,40.39436388888889,-99.24273333333332,2015,2015-10-05,Fall,115.27,2261.52,109.38194290782316,11.988986301369861,615.12,62.941945205479456,3.5071506849315064,16.03131506849315,
402636099271802,PHELPS,40.44343083333333,-99.45505,2015,2015-11-20,Fall,134.67,2362.54,134.82549352949687,11.988986301369861,615.12,62.941945205479456,3.5071506849315064,16.03131506849315,
402636099271801,PHELPS,40.44343083333333,-99.45505,2015,2015-11-20,Fall,135.71,2362.54,134.82549352949687,11.988986301369861,615.12,62.941945205479456,3.5071506849315064,16.03131506849315,
402334099293301,PHELPS,40.392735555555554,-99.49248916666669,2015,2015-10-16,Fall,138.4,2343.83,147.14383313668384,11.988986301369861,615.12,62.941945205479456,3.5071506849315064,16.03131506849315,
402334099293302,PHELPS,40.392735555555554,-99.49248916666669,2015,2015-10-16,Fall,138.63,2343.83,147.14383313668384,11.988986301369861,615.12,62.941945205479456,3.5071506849315064,16.03131506849315,
402200099160700,PHELPS,40.3669,-99.267175,2015,2015-10-05,Fall,149.8,2280.22,147.80271868541965,11.988986301369861,615.12,62.941945205479456,3.5071506849315064,16.03131506849315,
402326099185300,PHELPS,40.390366666666665,-99.31649722222222,2015,2015-10-05,Fall,150.41,2306.56,147.79524031352574,11.988986301369861,615.12,62.941945205479456,3.5071506849315064,16.03131506849315,
402649099350601,PHELPS,40.44692,-99.58488888888888,2015,2015-10-16,Fall,151.39,2428.0,154.61445031919854,11.988986301369861,615.12,62.941945205479456,3.5071506849315064,16.03131506849315,
402649099350602,PHELPS,40.44692,-99.58488888888888,2015,2015-10-16,Fall,152.26,2428.0,154.61445031919854,11.988986301369861,615.12,62.941945205479456,3.5071506849315064,16.03131506849315,
402906099342201,PHELPS,40.485083333333336,-99.57288888888888,2015,2015-10-06,Fall,154.79,2458.82,150.0912166775811,11.988986301369861,615.12,62.941945205479456,3.5071506849315064,16.03131506849315,
402813099382100,PHELPS,40.46941944444445,-99.63914166666667,2015,2015-10-06,Fall,160.94,2473.68,153.41157659241563,11.988986301369861,615.12,62.941945205479456,3.5071506849315064,16.03131506849315,
402756099320601,PHELPS,40.46654722222223,-99.53547222222224,2015,2015-10-05,Fall,169.97,2446.36,163.27119453258953,11.988986301369861,615.12,62.941945205479456,3.5071506849315064,16.03131506849315,
402458099344401,PHELPS,40.41608027777777,-99.57890388888887,2015,2015-10-16,Fall,172.89,2426.49,163.39223184205784,11.988986301369861,615.12,62.941945205479456,3.5071506849315064,16.03131506849315,
402458099344402,PHELPS,40.41608027777777,-99.57890388888887,2015,2015-10-16,Fall,173.03,2426.49,163.39223184205784,11.988986301369861,615.12,62.941945205479456,3.5071506849315064,16.03131506849315,
402609099350800,PHELPS,40.43199166666666,-99.58200277777776,2015,2015-10-06,Fall,177.68,2443.0,167.5172889928785,11.988986301369861,615.12,62.941945205479456,3.5071506849315064,16.03131506849315,
402630099305500,PHELPS,40.44133611111111,-99.51204166666666,2015,2015-10-05,Fall,180.42,2426.38,172.27429746500172,11.988986301369861,615.12,62.941945205479456,3.5071506849315064,16.03131506849315,
402159099301600,PHELPS,40.3649,-99.50220555555556,2015,2015-10-05,Fall,183.72,2377.49,173.91952434670728,11.988986301369861,615.12,62.941945205479456,3.5071506849315064,16.03131506849315,
402406099311800,PHELPS,40.40154444444444,-99.52104166666666,2015,2015-10-05,Fall,184.17,2406.07,175.9538746134141,11.988986301369861,615.12,62.941945205479456,3.5071506849315064,16.03131506849315,
402107099262000,PHELPS,40.35080555555556,-99.43768055555556,2015,2015-10-05,Fall,200.99,2363.91,199.6928608038931,11.988986301369861,615.12,62.941945205479456,3.5071506849315064,16.03131506849315,
402115099213100,PHELPS,40.35468888888889,-99.35943333333331,2015,2015-10-05,Fall,204.94,2345.58,201.72824416772332,11.988986301369861,615.12,62.941945205479456,3.5071506849315064,16.03131506849315,
402435099262900,PHELPS,40.40768055555555,-99.44083333333332,2015,2015-10-05,Fall,209.19,2405.19,194.58285313638677,11.988986301369861,615.12,62.941945205479456,3.5071506849315064,16.03131506849315,
402320099231001,PHELPS,40.38914722222222,-99.38615277777778,2015,2015-10-09,Fall,216.83,2384.17,201.3620704127018,11.988986301369861,615.12,62.941945205479456,3.5071506849315064,16.03131506849315,
403954099255801,PHELPS,40.667854,-99.4364595,2016,2016-04-21,Spring,4.0,2268.93,6.107012649706236,12.366885245901639,602.36,63.097759562841524,3.5339344262295085,16.29153005464481,
403322099264901,PHELPS,40.5543545569444,-99.4489925,2016,2016-04-21,Spring,18.32,2342.74,20.541308076315183,12.366885245901639,602.36,63.097759562841524,3.5339344262295085,16.29153005464481,
403322099272302,PHELPS,40.5545803,-99.4609332,2016,2016-04-21,Spring,19.56,2349.56,21.0538065975882,12.366885245901639,602.36,63.097759562841524,3.5339344262295085,16.29153005464481,
403433099250001,PHELPS,40.576331,-99.4179046,2016,2016-04-21,Spring,20.79,2315.55,19.429415717569672,12.366885245901639,602.36,63.097759562841524,3.5339344262295085,16.29153005464481,
403739099281601,PHELPS,40.627653,-99.4742905,2016,2016-04-21,Spring,24.09,2324.54,24.73336775805629,12.366885245901639,602.36,63.097759562841524,3.5339344262295085,16.29153005464481,
402945099151900,PHELPS,40.49312395,-99.25285328,2016,2016-04-14,Spring,26.28,2243.78,29.79859726450109,12.366885245901639,602.36,63.097759562841524,3.5339344262295085,16.29153005464481,
403328099181202,PHELPS,40.5577906,-99.3033482,2016,2016-04-21,Spring,34.19,2272.01,31.72359406753177,12.366885245901639,602.36,63.097759562841524,3.5339344262295085,16.29153005464481,
402851099130101,PHELPS,40.4809986,-99.2168379,2016,2016-04-14,Spring,35.03,2244.15,35.5852424512362,12.366885245901639,602.36,63.097759562841524,3.5339344262295085,16.29153005464481,
403124099152601,PHELPS,40.52215595,-99.25856338,2016,2016-04-21,Spring,47.89,2258.2,37.19223665014867,12.366885245901639,602.36,63.097759562841524,3.5339344262295085,16.29153005464481,
404007099294001,PHELPS,40.6709022,-99.4936146,2016,2016-04-21,Spring,3.19,2290.54,5.469446823562305,12.366885245901639,602.36,63.097759562841524,3.5339344262295085,16.29153005464481,
403941099331901,PHELPS,40.66044972,-99.55637462,2016,2016-04-21,Spring,4.14,2347.21,17.45212159889209,12.366885245901639,602.36,63.097759562841524,3.5339344262295085,16.29153005464481,
402200099160700,PHELPS,40.3669,-99.267175,2016,2016-05-17,Spring,149.21,2280.22,147.7927639836326,12.366885245901639,602.36,63.097759562841524,3.5339344262295085,16.29153005464481,
402326099185300,PHELPS,40.390366666666665,-99.31649722222222,2016,2016-05-19,Spring,150.54,2306.56,146.29871586985067,12.366885245901639,602.36,63.097759562841524,3.5339344262295085,16.29153005464481,
402649099350601,PHELPS,40.44692,-99.58488888888888,2016,2016-05-10,Spring,150.91,2428.0,154.87381926639418,12.366885245901639,602.36,63.097759562841524,3.5339344262295085,16.29153005464481,
402649099350602,PHELPS,40.44692,-99.58488888888888,2016,2016-05-10,Spring,151.75,2428.0,154.87381926639418,12.366885245901639,602.36,63.097759562841524,3.5339344262295085,16.29153005464481,
402906099342201,PHELPS,40.485083333333336,-99.57288888888888,2016,2016-05-19,Spring,152.3,2458.82,144.7082030495095,12.366885245901639,602.36,63.097759562841524,3.5339344262295085,16.29153005464481,
402813099382100,PHELPS,40.46941944444445,-99.63914166666667,2016,2016-05-19,Spring,157.09,2473.68,148.75019440816573,12.366885245901639,602.36,63.097759562841524,3.5339344262295085,16.29153005464481,
402756099320601,PHELPS,40.46654722222223,-99.53547222222224,2016,2016-05-17,Spring,167.78,2446.36,157.23581383213582,12.366885245901639,602.36,63.097759562841524,3.5339344262295085,16.29153005464481,
402458099344401,PHELPS,40.41608027777777,-99.57890388888887,2016,2016-05-10,Spring,174.29,2426.49,158.20984611811207,12.366885245901639,602.36,63.097759562841524,3.5339344262295085,16.29153005464481,
402458099344402,PHELPS,40.41608027777777,-99.57890388888887,2016,2016-05-10,Spring,174.29,2426.49,158.20984611811207,12.366885245901639,602.36,63.097759562841524,3.5339344262295085,16.29153005464481,
402609099350800,PHELPS,40.43199166666666,-99.58200277777776,2016,2016-05-19,Spring,175.5,2443.0,162.69817607072252,12.366885245901639,602.36,63.097759562841524,3.5339344262295085,16.29153005464481,
402630099305500,PHELPS,40.44133611111111,-99.51204166666666,2016,2016-05-17,Spring,177.79,2426.38,166.61255114184695,12.366885245901639,602.36,63.097759562841524,3.5339344262295085,16.29153005464481,
402159099301600,PHELPS,40.3649,-99.50220555555556,2016,2016-05-17,Spring,182.94,2377.49,169.3658162193977,12.366885245901639,602.36,63.097759562841524,3.5339344262295085,16.29153005464481,
402406099311800,PHELPS,40.40154444444444,-99.52104166666666,2016,2016-05-17,Spring,183.48,2406.07,171.59482727903725,12.366885245901639,602.36,63.097759562841524,3.5339344262295085,16.29153005464481,
402107099262000,PHELPS,40.35080555555556,-99.43768055555556,2016,2016-05-17,Spring,200.05,2363.91,190.4392394393088,12.366885245901639,602.36,63.097759562841524,3.5339344262295085,16.29153005464481,
402115099213100,PHELPS,40.35468888888889,-99.35943333333331,2016,2016-05-17,Spring,204.11,2345.58,192.3532459263284,12.366885245901639,602.36,63.097759562841524,3.5339344262295085,16.29153005464481,
402421099112000,PHELPS,40.40549166666666,-99.18921666666668,2016,2016-05-17,Spring,61.13,2216.62,69.10386585563319,12.366885245901639,602.36,63.097759562841524,3.5339344262295085,16.29153005464481,
402756099320601,PHELPS,40.46654722222223,-99.53547222222224,2017,2017-04-03,Spring,168.59,2446.36,157.10806527474625,11.735479452054793,669.93,62.23112328767123,3.4706849315068493,16.177616438356164,
402406099311800,PHELPS,40.40154444444444,-99.52104166666666,2017,2017-04-03,Spring,183.89,2406.07,171.46754777037697,11.735479452054793,669.93,62.23112328767123,3.4706849315068493,16.177616438356164,
402630099305500,PHELPS,40.44133611111111,-99.51204166666666,2017,2017-04-03,Spring,178.74,2426.38,166.95854116011148,11.735479452054793,669.93,62.23112328767123,3.4706849315068493,16.177616438356164,
402435099262900,PHELPS,40.40768055555555,-99.44083333333332,2017,2017-04-03,Spring,208.62,2405.19,186.8615236087902,11.735479452054793,669.93,62.23112328767123,3.4706849315068493,16.177616438356164,
402159099301600,PHELPS,40.3649,-99.50220555555556,2017,2017-04-03,Spring,183.46,2377.49,170.24606417057507,11.735479452054793,669.93,62.23112328767123,3.4706849315068493,16.177616438356164,
402115099213100,PHELPS,40.35468888888889,-99.35943333333331,2017,2017-04-03,Spring,204.72,2345.58,198.61254168970572,11.735479452054793,669.93,62.23112328767123,3.4706849315068493,16.177616438356164,
404006099282401,PHELPS,40.66854833333333,-99.4734825,2017,2017-04-04,Spring,3.8,2280.04,5.065600463315792,11.735479452054793,669.93,62.23112328767123,3.4706849315068493,16.177616438356164,
403927099293501,PHELPS,40.65755805555556,-99.49321666666668,2017,2017-04-04,Spring,10.47,2297.65,11.90514317505589,11.735479452054793,669.93,62.23112328767123,3.4706849315068493,16.177616438356164,
403949099293501,PHELPS,40.66383277777778,-99.49320805555556,2017,2017-04-04,Spring,6.61,2291.23,9.163049737303172,11.735479452054793,669.93,62.23112328767123,3.4706849315068493,16.177616438356164,
403832099293501,PHELPS,40.64230694444444,-99.49321833333332,2017,2017-04-04,Spring,23.02,2322.16,21.603343339543287,11.735479452054793,669.93,62.23112328767123,3.4706849315068493,16.177616438356164,
403739099293601,PHELPS,40.62758555555556,-99.49344,2017,2017-04-04,Spring,34.74,2356.31,28.988286724579524,11.735479452054793,669.93,62.23112328767123,3.4706849315068493,16.177616438356164,
404059099383501,PHELPS,40.68328583333333,-99.64316027777778,2017,2017-04-04,Spring,14.63,2343.11,21.55886984735557,11.735479452054793,669.93,62.23112328767123,3.4706849315068493,16.177616438356164,
404040099383501,PHELPS,40.67796833333333,-99.64313333333334,2017,2017-04-04,Spring,12.2,2346.64,27.41600765580284,11.735479452054793,669.93,62.23112328767123,3.4706849315068493,16.177616438356164,
403946099383201,PHELPS,40.66301611111111,-99.64228555555556,2017,2017-04-04,Spring,98.06,2446.94,61.521743539900825,11.735479452054793,669.93,62.23112328767123,3.4706849315068493,16.177616438356164,
404033099373001,PHELPS,40.67593911111111,-99.62515633333332,2017,2017-04-04,Spring,9.65,2339.74,17.670648235440584,11.735479452054793,669.93,62.23112328767123,3.4706849315068493,16.177616438356164,
404102099373001,PHELPS,40.68405933333333,-99.62523716666666,2017,2017-04-04,Spring,10.31,2334.85,11.294191528094077,11.735479452054793,669.93,62.23112328767123,3.4706849315068493,16.177616438356164,
404102099373002,PHELPS,40.68405933333333,-99.62523716666666,2017,2017-04-04,Spring,8.66,2334.85,11.294191528094077,11.735479452054793,669.93,62.23112328767123,3.4706849315068493,16.177616438356164,
403959099282801,PHELPS,40.66638638888889,-99.47439194444443,2017,2017-04-04,Spring,4.8,2282.17,5.692514929856554,11.735479452054793,669.93,62.23112328767123,3.4706849315068493,16.177616438356164,
403959099282802,PHELPS,40.66638638888889,-99.47439194444443,2017,2017-04-04,Spring,4.85,2282.17,5.692514929856554,11.735479452054793,669.93,62.23112328767123,3.4706849315068493,16.177616438356164,
402423099152001,PHELPS,40.40643361111111,-99.2555336111111,2017,2017-04-05,Spring,96.09,2261.86,99.4157052615288,11.735479452054793,669.93,62.23112328767123,3.4706849315068493,16.177616438356164,
402107099262000,PHELPS,40.35080555555556,-99.43768055555556,2017,2017-04-06,Spring,201.05,2363.91,197.78273866479557,11.735479452054793,669.93,62.23112328767123,3.4706849315068493,16.177616438356164,
402513099164801,PHELPS,40.42006111111111,-99.27985277777778,2017,2017-04-06,Spring,83.46,2278.97,89.95656579783164,11.735479452054793,669.93,62.23112328767123,3.4706849315068493,16.177616438356164,
402342099143300,PHELPS,40.39436388888889,-99.24273333333332,2017,2017-04-06,Spring,116.4,2261.52,110.69524050782644,11.735479452054793,669.93,62.23112328767123,3.4706849315068493,16.177616438356164,
402853099135101,PHELPS,40.48150472222223,-99.23095833333332,2017,2017-04-06,Spring,36.23,2247.07,35.90558710743871,11.735479452054793,669.93,62.23112328767123,3.4706849315068493,16.177616438356164,
402853099135102,PHELPS,40.48150472222223,-99.23095833333332,2017,2017-04-06,Spring,38.15,2247.07,35.90558710743871,11.735479452054793,669.93,62.23112328767123,3.4706849315068493,16.177616438356164,
403408099130501,PHELPS,40.56878722222223,-99.21816944444444,2017,2017-04-06,Spring,20.61,2216.56,26.7279660454848,11.735479452054793,669.93,62.23112328767123,3.4706849315068493,16.177616438356164,
403408099130502,PHELPS,40.56878722222223,-99.21816944444444,2017,2017-04-06,Spring,20.51,2216.56,26.7279660454848,11.735479452054793,669.93,62.23112328767123,3.4706849315068493,16.177616438356164,
402320099231001,PHELPS,40.38914722222222,-99.38615277777778,2017,2017-04-06,Spring,216.54,2384.17,194.70105609117627,11.735479452054793,669.93,62.23112328767123,3.4706849315068493,16.177616438356164,
402326099185300,PHELPS,40.390366666666665,-99.31649722222222,2017,2017-04-06,Spring,152.33,2306.56,148.6156762579972,11.735479452054793,669.93,62.23112328767123,3.4706849315068493,16.177616438356164,
402421099112000,PHELPS,40.40549166666666,-99.18921666666668,2017,2017-04-06,Spring,62.46,2216.62,70.86601563288485,11.735479452054793,669.93,62.23112328767123,3.4706849315068493,16.177616438356164,
402200099160700,PHELPS,40.3669,-99.267175,2017,2017-04-06,Spring,150.02,2280.22,148.2735139981429,11.735479452054793,669.93,62.23112328767123,3.4706849315068493,16.177616438356164,
402813099382100,PHELPS,40.46941944444445,-99.63914166666667,2017,2017-04-11,Spring,158.33,2473.68,148.67877553328194,11.735479452054793,669.93,62.23112328767123,3.4706849315068493,16.177616438356164,
402609099350800,PHELPS,40.43199166666666,-99.58200277777776,2017,2017-04-11,Spring,176.59,2443.0,162.7293299273482,11.735479452054793,669.93,62.23112328767123,3.4706849315068493,16.177616438356164,
402404099383400,PHELPS,40.40166972222222,-99.64190722222224,2017,2017-04-11,Spring,89.72,2363.94,92.62988397096773,11.735479452054793,669.93,62.23112328767123,3.4706849315068493,16.177616438356164,
402233099341700,PHELPS,40.376269444444446,-99.57279166666666,2017,2017-04-11,Spring,113.38,2335.32,111.21158457671432,11.735479452054793,669.93,62.23112328767123,3.4706849315068493,16.177616438356164,
402906099342201,PHELPS,40.485083333333336,-99.57288888888888,2017,2017-04-11,Spring,153.65,2458.82,145.2284491166795,11.735479452054793,669.93,62.23112328767123,3.4706849315068493,16.177616438356164,
403738099181101,PHELPS,40.62740444444445,-99.30320513888888,2017,2017-04-12,Spring,23.06,2241.2,21.25038737383169,11.735479452054793,669.93,62.23112328767123,3.4706849315068493,16.177616438356164,
403738099181102,PHELPS,40.62740444444445,-99.30320513888888,2017,2017-04-12,Spring,22.94,2241.2,21.25038737383169,11.735479452054793,669.93,62.23112328767123,3.4706849315068493,16.177616438356164,
403831099173501,PHELPS,40.642178,-99.29327591666666,2017,2017-04-12,Spring,16.13,2229.47,19.120737605370817,11.735479452054793,669.93,62.23112328767123,3.4706849315068493,16.177616438356164,
403831099173502,PHELPS,40.642178,-99.29327591666666,2017,2017-04-12,Spring,16.37,2229.47,19.120737605370817,11.735479452054793,669.93,62.23112328767123,3.4706849315068493,16.177616438356164,
403645099242701,PHELPS,40.61264497222222,-99.40752011111113,2017,2017-04-12,Spring,25.27,2297.96,22.122248937906463,11.735479452054793,669.93,62.23112328767123,3.4706849315068493,16.177616438356164,
403645099242702,PHELPS,40.61264497222222,-99.40752011111113,2017,2017-04-12,Spring,25.87,2297.96,22.122248937906463,11.735479452054793,669.93,62.23112328767123,3.4706849315068493,16.177616438356164,
403710099104601,PHELPS,40.6195145,-99.17947241666668,2017,2017-04-12,Spring,20.36,2193.97,25.131030718291164,11.735479452054793,669.93,62.23112328767123,3.4706849315068493,16.177616438356164,
403710099104602,PHELPS,40.6195145,-99.17947241666668,2017,2017-04-12,Spring,20.48,2193.97,25.131030718291164,11.735479452054793,669.93,62.23112328767123,3.4706849315068493,16.177616438356164,
403903099214301,PHELPS,40.650864722222224,-99.3618686111111,2017,2017-04-12,Spring,12.37,2248.47,11.793075669350925,11.735479452054793,669.93,62.23112328767123,3.4706849315068493,16.177616438356164,
403903099214302,PHELPS,40.650864722222224,-99.3618686111111,2017,2017-04-12,Spring,12.13,2248.47,11.793075669350925,11.735479452054793,669.93,62.23112328767123,3.4706849315068493,16.177616438356164,
403350099282701,PHELPS,40.56375277777777,-99.47419805555556,2017,2017-04-12,Spring,22.41,2351.95,25.35250718127132,11.735479452054793,669.93,62.23112328767123,3.4706849315068493,16.177616438356164,
403350099282702,PHELPS,40.56375277777777,-99.47419805555556,2017,2017-04-12,Spring,22.51,2351.95,25.35250718127132,11.735479452054793,669.93,62.23112328767123,3.4706849315068493,16.177616438356164,
403315099351501,PHELPS,40.554270555555554,-99.58744083333332,2017,2017-04-17,Spring,76.49,2447.59,84.63720158811094,11.735479452054793,669.93,62.23112328767123,3.4706849315068493,16.177616438356164,
403315099351502,PHELPS,40.554270555555554,-99.58744083333332,2017,2017-04-17,Spring,78.56,2447.59,84.63720158811094,11.735479452054793,669.93,62.23112328767123,3.4706849315068493,16.177616438356164,
402636099271801,PHELPS,40.44343083333333,-99.45505,2017,2017-04-17,Spring,137.2,2362.54,137.564412687574,11.735479452054793,669.93,62.23112328767123,3.4706849315068493,16.177616438356164,
402458099344401,PHELPS,40.41608027777777,-99.57890388888887,2017,2017-04-18,Spring,174.87,2426.49,157.92895548313237,11.735479452054793,669.93,62.23112328767123,3.4706849315068493,16.177616438356164,
402458099344402,PHELPS,40.41608027777777,-99.57890388888887,2017,2017-04-18,Spring,174.75,2426.49,157.92895548313237,11.735479452054793,669.93,62.23112328767123,3.4706849315068493,16.177616438356164,
402334099293301,PHELPS,40.392735555555554,-99.49248916666669,2017,2017-04-18,Spring,140.3,2343.83,154.35594991952587,11.735479452054793,669.93,62.23112328767123,3.4706849315068493,16.177616438356164,
402334099293302,PHELPS,40.392735555555554,-99.49248916666669,2017,2017-04-18,Spring,140.3,2343.83,154.35594991952587,11.735479452054793,669.93,62.23112328767123,3.4706849315068493,16.177616438356164,
402636099271802,PHELPS,40.44343083333333,-99.45505,2017,2017-04-19,Spring,138.38,2362.54,137.564412687574,11.735479452054793,669.93,62.23112328767123,3.4706849315068493,16.177616438356164,
402532099222601,PHELPS,40.42564361111111,-99.37401277777776,2017,2017-04-20,Spring,103.0,2312.94,114.57810708172047,11.735479452054793,669.93,62.23112328767123,3.4706849315068493,16.177616438356164,
402532099222602,PHELPS,40.42564361111111,-99.37401277777776,2017,2017-04-20,Spring,106.96,2312.94,114.57810708172047,11.735479452054793,669.93,62.23112328767123,3.4706849315068493,16.177616438356164,
402854099213801,PHELPS,40.48158305555556,-99.36045888888889,2017,2017-04-20,Spring,60.05,2315.4,58.50973120892736,11.735479452054793,669.93,62.23112328767123,3.4706849315068493,16.177616438356164,
402854099213802,PHELPS,40.48158305555556,-99.36045888888889,2017,2017-04-20,Spring,60.05,2315.4,58.50973120892736,11.735479452054793,669.93,62.23112328767123,3.4706849315068493,16.177616438356164,
402649099350601,PHELPS,40.44692,-99.58488888888888,2017,2017-05-02,Spring,151.71,2428.0,155.43601959543972,11.735479452054793,669.93,62.23112328767123,3.4706849315068493,16.177616438356164,
402649099350602,PHELPS,40.44692,-99.58488888888888,2017,2017-05-02,Spring,151.98,2428.0,155.43601959543972,11.735479452054793,669.93,62.23112328767123,3.4706849315068493,16.177616438356164,
402110099140001,PHELPS,40.351999,-99.2329232,2017,2017-04-06,Spring,170.39,2283.76,153.64830266175005,11.735479452054793,669.93,62.23112328767123,3.4706849315068493,16.177616438356164,
402124099201601,PHELPS,40.3563466,-99.3403749,2017,2017-04-06,Spring,182.79,2318.47,185.5966216823164,11.735479452054793,669.93,62.23112328767123,3.4706849315068493,16.177616438356164,
402716099212401,PHELPS,40.4529071,-99.3592878,2017,2017-04-11,Spring,75.29,2307.74,80.17123834987017,11.735479452054793,669.93,62.23112328767123,3.4706849315068493,16.177616438356164,
402853099104601,PHELPS,40.4815796,-99.179559,2017,2017-04-07,Spring,23.89,2221.31,32.58061859187661,11.735479452054793,669.93,62.23112328767123,3.4706849315068493,16.177616438356164,
402853099152001,PHELPS,40.4816481,-99.2557469,2017,2017-04-07,Spring,32.32,2251.06,33.769400774725256,11.735479452054793,669.93,62.23112328767123,3.4706849315068493,16.177616438356164,
402905099115301,PHELPS,40.4848551,-99.1983097,2017,2017-04-07,Spring,38.21,2241.11,36.67549892107112,11.735479452054793,669.93,62.23112328767123,3.4706849315068493,16.177616438356164,
402919099104601,PHELPS,40.4886216022222,-99.1795852,2017,2017-04-07,Spring,31.44,2229.35,32.90855064628923,11.735479452054793,669.93,62.23112328767123,3.4706849315068493,16.177616438356164,
402924099235501,PHELPS,40.4901949,-99.398706,2017,2017-04-11,Spring,55.56,2336.37,58.74333540910712,11.735479452054793,669.93,62.23112328767123,3.4706849315068493,16.177616438356164,
402952099114401,PHELPS,40.4961238363889,-99.1985012,2017,2017-04-07,Spring,42.12,2246.17,36.40794119158695,11.735479452054793,669.93,62.23112328767123,3.4706849315068493,16.177616438356164,
402952099161701,PHELPS,40.49624602,-99.2746825,2017,2017-04-07,Spring,25.68,2255.28,29.29878767933491,11.735479452054793,669.93,62.23112328767123,3.4706849315068493,16.177616438356164,
403037099111401,PHELPS,40.5103457694444,-99.1873426,2017,2017-04-07,Spring,36.11,2237.5,34.652613043641935,11.735479452054793,669.93,62.23112328767123,3.4706849315068493,16.177616438356164,
403037099135301,PHELPS,40.5105526386111,-99.2316379,2017,2017-04-07,Spring,23.14,2239.33,26.934345084276057,11.735479452054793,669.93,62.23112328767123,3.4706849315068493,16.177616438356164,
403037099313401,PHELPS,40.5104684,-99.5262137,2017,2017-04-12,Spring,81.52,2408.97,91.20953327823396,11.735479452054793,669.93,62.23112328767123,3.4706849315068493,16.177616438356164,
403104099130201,PHELPS,40.5179145,-99.2173248,2017,2017-04-11,Spring,32.29,2242.62,30.42333389408608,11.735479452054793,669.93,62.23112328767123,3.4706849315068493,16.177616438356164,
403125099295701,PHELPS,40.5247252,-99.4992246,2017,2017-04-12,Spring,70.33,2402.13,71.49019919793332,11.735479452054793,669.93,62.23112328767123,3.4706849315068493,16.177616438356164,
403137099330201,PHELPS,40.5263766547222,-99.5496279,2017,2017-04-12,Spring,59.44,2405.25,80.44131183504265,11.735479452054793,669.93,62.23112328767123,3.4706849315068493,16.177616438356164,
403138099190801,PHELPS,40.5255972,-99.3224515,2017,2017-04-11,Spring,28.32,2277.27,29.18926650790932,11.735479452054793,669.93,62.23112328767123,3.4706849315068493,16.177616438356164,
403138099235801,PHELPS,40.5255500233333,-99.399115,2017,2017-04-11,Spring,29.19,2328.14,31.799832493329088,11.735479452054793,669.93,62.23112328767123,3.4706849315068493,16.177616438356164,
403217099312001,PHELPS,40.5392815,-99.5207383,2017,2017-04-12,Spring,109.52,2451.89,83.7999792910581,11.735479452054793,669.93,62.23112328767123,3.4706849315068493,16.177616438356164,
403309099250701,PHELPS,40.5543784,-99.4199673,2017,2017-04-12,Spring,14.26,2322.67,18.016053785453305,11.735479452054793,669.93,62.23112328767123,3.4706849315068493,16.177616438356164,
403309099281401,PHELPS,40.5521635,-99.4737128,2017,2017-04-12,Spring,11.19,2354.64,25.58658710914348,11.735479452054793,669.93,62.23112328767123,3.4706849315068493,16.177616438356164,
403322099201601,PHELPS,40.5547811,-99.3416484,2017,2017-04-11,Spring,10.04,2267.67,18.5520569593787,11.735479452054793,669.93,62.23112328767123,3.4706849315068493,16.177616438356164,
403322099304801,PHELPS,40.5542755075,-99.5122815,2017,2017-04-12,Spring,61.29,2411.43,63.04294485480583,11.735479452054793,669.93,62.23112328767123,3.4706849315068493,16.177616438356164,
403322099371801,PHELPS,40.5557047,-99.6247601,2017,2017-04-12,Spring,80.62,2465.78,98.04363984296144,11.735479452054793,669.93,62.23112328767123,3.4706849315068493,16.177616438356164,
403348099114401,PHELPS,40.5613598133333,-99.1983188,2017,2017-04-07,Spring,42.11,2236.17,33.58445013919601,11.735479452054793,669.93,62.23112328767123,3.4706849315068493,16.177616438356164,
403431099362101,PHELPS,40.5754557,-99.6058865,2017,2017-04-12,Spring,91.0,2477.16,90.92737609105616,11.735479452054793,669.93,62.23112328767123,3.4706849315068493,16.177616438356164,
403453099141801,PHELPS,40.58307501,-99.2365144,2017,2017-04-11,Spring,52.92,2255.34,38.63915419690656,11.735479452054793,669.93,62.23112328767123,3.4706849315068493,16.177616438356164,
403453099190801,PHELPS,40.5807096794444,-99.3229107,2017,2017-04-11,Spring,41.97,2282.14,29.78938980925787,11.735479452054793,669.93,62.23112328767123,3.4706849315068493,16.177616438356164,
403506099350101,PHELPS,40.5833317,-99.5866221,2017,2017-04-12,Spring,104.86,2484.33,89.57456374739155,11.735479452054793,669.93,62.23112328767123,3.4706849315068493,16.177616438356164,
403507099234101,PHELPS,40.5836771413889,-99.3985091,2017,2017-04-11,Spring,15.76,2295.65,17.72237962537738,11.735479452054793,669.93,62.23112328767123,3.4706849315068493,16.177616438356164,
403520099201601,PHELPS,40.5886101475,-99.3416473,2017,2017-04-11,Spring,18.78,2265.95,20.15539977433809,11.735479452054793,669.93,62.23112328767123,3.4706849315068493,16.177616438356164,
403540099260001,PHELPS,40.5946306,-99.4353739,2017,2017-04-12,Spring,28.11,2323.77,23.774445431512454,11.735479452054793,669.93,62.23112328767123,3.4706849315068493,16.177616438356164,
403646099293301,PHELPS,40.6127772,-99.4935704,2017,2017-04-12,Spring,21.4,2354.25,29.696448626321413,11.735479452054793,669.93,62.23112328767123,3.4706849315068493,16.177616438356164,
403651099281401,PHELPS,40.613021,-99.4747929,2017,2017-04-12,Spring,40.6,2345.39,30.736883493421875,11.735479452054793,669.93,62.23112328767123,3.4706849315068493,16.177616438356164,
403730099373501,PHELPS,40.6268217,-99.6246292,2017,2017-04-12,Spring,94.15,2471.08,83.35417246842779,11.735479452054793,669.93,62.23112328767123,3.4706849315068493,16.177616438356164,
403822099324501,PHELPS,40.6415361,-99.5482644,2017,2017-04-12,Spring,42.6,2377.53,36.78936808484522,11.735479452054793,669.93,62.23112328767123,3.4706849315068493,16.177616438356164,
403902099313701,PHELPS,40.6483999,-99.5291531,2017,2017-04-12,Spring,32.74,2345.9,27.756789659291755,11.735479452054793,669.93,62.23112328767123,3.4706849315068493,16.177616438356164,
403915099190801,PHELPS,40.6573434,-99.3214291,2017,2017-04-11,Spring,11.38,2234.03,15.983633779725055,11.735479452054793,669.93,62.23112328767123,3.4706849315068493,16.177616438356164,
403928099333601,PHELPS,40.6571948,-99.5612991,2017,2017-04-12,Spring,36.36,2355.41,23.637058881332987,11.735479452054793,669.93,62.23112328767123,3.4706849315068493,16.177616438356164,
403941099331901,PHELPS,40.66044972,-99.55637462,2017,2017-04-12,Spring,4.38,2347.21,18.06849224318134,11.735479452054793,669.93,62.23112328767123,3.4706849315068493,16.177616438356164,
403941099342701,PHELPS,40.6636923,-99.5766538,2017,2017-04-12,Spring,7.31,2326.71,14.298738092196784,11.735479452054793,669.93,62.23112328767123,3.4706849315068493,16.177616438356164,
404007099294001,PHELPS,40.6709022,-99.4936146,2017,2017-04-12,Spring,5.84,2290.54,6.706951562266529,11.735479452054793,669.93,62.23112328767123,3.4706849315068493,16.177616438356164,
404007099351901,PHELPS,40.6709256,-99.5865622,2017,2017-04-12,Spring,6.42,2322.26,8.787166823454932,11.735479452054793,669.93,62.23112328767123,3.4706849315068493,16.177616438356164,
404020099355301,PHELPS,40.6710839,-99.5961084,2017,2017-04-12,Spring,6.52,2326.91,10.125370171155176,11.735479452054793,669.93,62.23112328767123,3.4706849315068493,16.177616438356164,
402945099151900,PHELPS,40.49312395,-99.25285328,2017,2017-04-07,Spring,26.89,2243.78,28.763342510430995,11.735479452054793,669.93,62.23112328767123,3.4706849315068493,16.177616438356164,
402851099130101,PHELPS,40.4809986,-99.2168379,2017,2017-04-07,Spring,35.44,2244.15,36.457362903586265,11.735479452054793,669.93,62.23112328767123,3.4706849315068493,16.177616438356164,
403328099181202,PHELPS,40.5577906,-99.3033482,2017,2017-04-11,Spring,34.59,2272.01,30.391440659330588,11.735479452054793,669.93,62.23112328767123,3.4706849315068493,16.177616438356164,
403433099250001,PHELPS,40.576331,-99.4179046,2017,2017-04-12,Spring,21.92,2315.55,19.596800773278144,11.735479452054793,669.93,62.23112328767123,3.4706849315068493,16.177616438356164,
403322099272302,PHELPS,40.5545803,-99.4609332,2017,2017-04-12,Spring,21.12,2349.56,22.293950809515422,11.735479452054793,669.93,62.23112328767123,3.4706849315068493,16.177616438356164,
403322099264901,PHELPS,40.5543545569444,-99.4489925,2017,2017-04-12,Spring,18.52,2342.74,20.65452661835094,11.735479452054793,669.93,62.23112328767123,3.4706849315068493,16.177616438356164,
403322099254101,PHELPS,40.5542755,-99.4303042,2017,2017-04-12,Spring,13.54,2335.12,18.125732139272284,11.735479452054793,669.93,62.23112328767123,3.4706849315068493,16.177616438356164,
403954099255801,PHELPS,40.667854,-99.4364595,2017,2017-04-12,Spring,4.0,2268.93,6.325770427884265,11.735479452054793,669.93,62.23112328767123,3.4706849315068493,16.177616438356164,
403739099281601,PHELPS,40.627653,-99.4742905,2017,2017-04-12,Spring,23.84,2324.54,24.52131138072703,11.735479452054793,669.93,62.23112328767123,3.4706849315068493,16.177616438356164,
402340099353701,PHELPS,40.39445302,-99.59399869,2017,2017-04-20,Spring,24.79,2264.29,80.20578012648969,11.735479452054793,669.93,62.23112328767123,3.4706849315068493,16.177616438356164,
402524099201601,PHELPS,40.42334431,-99.33815365,2017,2017-04-21,Spring,119.08,2312.07,114.52814443934554,11.735479452054793,669.93,62.23112328767123,3.4706849315068493,16.177616438356164,
402802099285801,PHELPS,40.46775,-99.48183333,2017,2017-04-20,Spring,107.08,2376.84,115.71953566958132,11.735479452054793,669.93,62.23112328767123,3.4706849315068493,16.177616438356164,
403123099261501,PHELPS,40.52446389,-99.436875,2017,2017-04-20,Spring,45.25,2361.96,42.10514741297317,11.735479452054793,669.93,62.23112328767123,3.4706849315068493,16.177616438356164,
403132099381001,PHELPS,40.52556319,-99.63650076,2017,2017-04-20,Spring,156.42,2517.21,139.11824994432374,11.735479452054793,669.93,62.23112328767123,3.4706849315068493,16.177616438356164,
403217099235801,PHELPS,40.53806574,-99.39982287,2017,2017-04-20,Spring,27.29,2321.45,25.51496792728239,11.735479452054793,669.93,62.23112328767123,3.4706849315068493,16.177616438356164,
403922099223301,PHELPS,40.65834351,-99.38037703,2017,2017-04-20,Spring,9.2,2253.27,10.354602579459597,11.735479452054793,669.93,62.23112328767123,3.4706849315068493,16.177616438356164,
404016099370201,PHELPS,40.6711189,-99.61760995,2017,2017-04-20,Spring,5.72,2335.44,16.684495824442838,11.735479452054793,669.93,62.23112328767123,3.4706849315068493,16.177616438356164,
402110099140001,PHELPS,40.351999,-99.2329232,2018,2018-04-23,Spring,168.91,2283.76,152.61547660853105,10.204739726027396,794.55,68.55860273972603,3.414328767123288,15.796301369863013,
402124099201601,PHELPS,40.3563466,-99.3403749,2018,2018-04-23,Spring,182.13,2318.47,184.91362928713636,10.204739726027396,794.55,68.55860273972603,3.414328767123288,15.796301369863013,
403104099130201,PHELPS,40.5179145,-99.2173248,2018,2018-04-24,Spring,32.0,2242.62,30.427540055181197,10.204739726027396,794.55,68.55860273972603,3.414328767123288,15.796301369863013,
402952099161701,PHELPS,40.49624602,-99.2746825,2018,2018-04-23,Spring,25.21,2255.28,29.40964854373356,10.204739726027396,794.55,68.55860273972603,3.414328767123288,15.796301369863013,
403037099135301,PHELPS,40.5105526386111,-99.2316379,2018,2018-04-23,Spring,23.72,2239.33,27.338346736196737,10.204739726027396,794.55,68.55860273972603,3.414328767123288,15.796301369863013,
403037099111401,PHELPS,40.5103457694444,-99.1873426,2018,2018-04-23,Spring,35.91,2237.5,34.38093365690855,10.204739726027396,794.55,68.55860273972603,3.414328767123288,15.796301369863013,
402952099114401,PHELPS,40.4961238363889,-99.1985012,2018,2018-04-23,Spring,41.67,2246.17,36.04272306839364,10.204739726027396,794.55,68.55860273972603,3.414328767123288,15.796301369863013,
402905099115301,PHELPS,40.4848551,-99.1983097,2018,2018-04-23,Spring,37.58,2241.11,36.18675278510649,10.204739726027396,794.55,68.55860273972603,3.414328767123288,15.796301369863013,
402919099104601,PHELPS,40.4886216022222,-99.1795852,2018,2018-04-23,Spring,30.88,2229.35,32.36899012265671,10.204739726027396,794.55,68.55860273972603,3.414328767123288,15.796301369863013,
402853099104601,PHELPS,40.4815796,-99.179559,2018,2018-04-23,Spring,23.14,2221.31,31.950410206371792,10.204739726027396,794.55,68.55860273972603,3.414328767123288,15.796301369863013,
402853099152001,PHELPS,40.4816481,-99.2557469,2018,2018-04-23,Spring,31.47,2251.06,33.967175374125425,10.204739726027396,794.55,68.55860273972603,3.414328767123288,15.796301369863013,
402851099130101,PHELPS,40.4809986,-99.2168379,2018,2018-04-23,Spring,35.2,2244.15,36.50065472040831,10.204739726027396,794.55,68.55860273972603,3.414328767123288,15.796301369863013,
402924099235501,PHELPS,40.4901949,-99.398706,2018,2018-04-24,Spring,56.18,2336.37,58.98506546473018,10.204739726027396,794.55,68.55860273972603,3.414328767123288,15.796301369863013,
402716099212401,PHELPS,40.4529071,-99.3592878,2018,2018-04-24,Spring,74.7,2307.74,79.62094685842632,10.204739726027396,794.55,68.55860273972603,3.414328767123288,15.796301369863013,
403123099261501,PHELPS,40.52446389,-99.436875,2018,2018-04-17,Spring,44.75,2361.96,42.893961186395245,10.204739726027396,794.55,68.55860273972603,3.414328767123288,15.796301369863013,
403125099295701,PHELPS,40.5247252,-99.4992246,2018,2018-04-17,Spring,70.55,2402.13,70.93154945918307,10.204739726027396,794.55,68.55860273972603,3.414328767123288,15.796301369863013,
403037099313401,PHELPS,40.5104684,-99.5262137,2018,2018-04-17,Spring,81.35,2408.97,90.60679254939268,10.204739726027396,794.55,68.55860273972603,3.414328767123288,15.796301369863013,
402821099282901,PHELPS,40.47215973,-99.47068872,2018,2018-04-17,Spring,96.65,2363.91,105.22528915958658,10.204739726027396,794.55,68.55860273972603,3.414328767123288,15.796301369863013,
403638099154301,PHELPS,40.60901195,-99.26298962,2018,2018-04-24,Spring,17.65,2222.0,22.837789888863213,10.204739726027396,794.55,68.55860273972603,3.414328767123288,15.796301369863013,
403453099141801,PHELPS,40.58307501,-99.2365144,2018,2018-04-24,Spring,53.03,2255.34,37.15988183304814,10.204739726027396,794.55,68.55860273972603,3.414328767123288,15.796301369863013,
403328099181202,PHELPS,40.5577906,-99.3033482,2018,2018-04-24,Spring,34.65,2272.01,30.26901464188402,10.204739726027396,794.55,68.55860273972603,3.414328767123288,15.796301369863013,
403348099114401,PHELPS,40.5613598133333,-99.1983188,2018,2018-04-23,Spring,42.16,2236.17,33.44721931688681,10.204739726027396,794.55,68.55860273972603,3.414328767123288,15.796301369863013,
403507099234101,PHELPS,40.5836771413889,-99.3985091,2018,2018-04-24,Spring,15.73,2295.65,18.030425193629668,10.204739726027396,794.55,68.55860273972603,3.414328767123288,15.796301369863013,
403520099201601,PHELPS,40.5886101475,-99.3416473,2018,2018-04-24,Spring,18.87,2265.95,20.62221956612023,10.204739726027396,794.55,68.55860273972603,3.414328767123288,15.796301369863013,
403453099190801,PHELPS,40.5807096794444,-99.3229107,2018,2018-04-24,Spring,42.56,2282.14,30.062728536340817,10.204739726027396,794.55,68.55860273972603,3.414328767123288,15.796301369863013,
403322099201601,PHELPS,40.5547811,-99.3416484,2018,2018-04-24,Spring,12.2,2267.67,19.75167816675796,10.204739726027396,794.55,68.55860273972603,3.414328767123288,15.796301369863013,
403138099235801,PHELPS,40.5255500233333,-99.399115,2018,2018-04-24,Spring,29.39,2328.14,32.258537820807035,10.204739726027396,794.55,68.55860273972603,3.414328767123288,15.796301369863013,
403138099190801,PHELPS,40.5255972,-99.3224515,2018,2018-04-24,Spring,27.8,2277.27,29.115143991922448,10.204739726027396,794.55,68.55860273972603,3.414328767123288,15.796301369863013,
403540099260001,PHELPS,40.5946306,-99.4353739,2018,2018-04-17,Spring,28.4,2323.77,24.046778262231523,10.204739726027396,794.55,68.55860273972603,3.414328767123288,15.796301369863013,
403433099250001,PHELPS,40.576331,-99.4179046,2018,2018-04-17,Spring,22.11,2315.55,19.83088673134232,10.204739726027396,794.55,68.55860273972603,3.414328767123288,15.796301369863013,
403322099304801,PHELPS,40.5542755075,-99.5122815,2018,2018-04-17,Spring,61.24,2411.43,62.12621917304306,10.204739726027396,794.55,68.55860273972603,3.414328767123288,15.796301369863013,
403322099272302,PHELPS,40.5545803,-99.4609332,2018,2018-04-17,Spring,20.81,2349.56,21.81031783245479,10.204739726027396,794.55,68.55860273972603,3.414328767123288,15.796301369863013,
403322099264901,PHELPS,40.5543545569444,-99.4489925,2018,2018-04-17,Spring,18.5,2342.74,20.002918016552787,10.204739726027396,794.55,68.55860273972603,3.414328767123288,15.796301369863013,
403322099254101,PHELPS,40.5542755,-99.4303042,2018,2018-04-17,Spring,14.07,2335.12,18.255264327365087,10.204739726027396,794.55,68.55860273972603,3.414328767123288,15.796301369863013,
403309099250701,PHELPS,40.5543784,-99.4199673,2018,2018-04-17,Spring,14.31,2322.67,18.248367979877077,10.204739726027396,794.55,68.55860273972603,3.414328767123288,15.796301369863013,
403309099270601,PHELPS,40.55026689,-99.45178833,2018,2018-04-17,Spring,19.44,2342.87,22.167142605420366,10.204739726027396,794.55,68.55860273972603,3.414328767123288,15.796301369863013,
403309099281401,PHELPS,40.5521635,-99.4737128,2018,2018-04-17,Spring,11.26,2354.64,25.377817665423983,10.204739726027396,794.55,68.55860273972603,3.414328767123288,15.796301369863013,
403217099312001,PHELPS,40.5392815,-99.5207383,2018,2018-04-17,Spring,103.41,2451.89,81.2259912734354,10.204739726027396,794.55,68.55860273972603,3.414328767123288,15.796301369863013,
403625099361001,PHELPS,40.60535831,-99.60306609,2018,2018-04-17,Spring,90.0,2454.12,83.58066733076518,10.204739726027396,794.55,68.55860273972603,3.414328767123288,15.796301369863013,
403558099371801,PHELPS,40.5994522,-99.622055,2018,2018-04-17,Spring,70.63,2483.53,83.04015478978248,10.204739726027396,794.55,68.55860273972603,3.414328767123288,15.796301369863013,
403506099350101,PHELPS,40.5833317,-99.5866221,2018,2018-04-17,Spring,104.35,2484.33,89.84634695574574,10.204739726027396,794.55,68.55860273972603,3.414328767123288,15.796301369863013,
403431099362101,PHELPS,40.5754557,-99.6058865,2018,2018-04-17,Spring,91.8,2477.16,89.86767057749978,10.204739726027396,794.55,68.55860273972603,3.414328767123288,15.796301369863013,
403322099371801,PHELPS,40.5557047,-99.6247601,2018,2018-04-17,Spring,80.42,2465.78,96.51004389308048,10.204739726027396,794.55,68.55860273972603,3.414328767123288,15.796301369863013,
403137099330201,PHELPS,40.5263766547222,-99.5496279,2018,2018-04-17,Spring,59.56,2405.25,79.90754527271743,10.204739726027396,794.55,68.55860273972603,3.414328767123288,15.796301369863013,
403915099190801,PHELPS,40.6573434,-99.3214291,2018,2018-04-24,Spring,10.4,2234.03,15.152957950580632,10.204739726027396,794.55,68.55860273972603,3.414328767123288,15.796301369863013,
403954099255801,PHELPS,40.667854,-99.4364595,2018,2018-04-17,Spring,3.72,2268.93,6.183472041124764,10.204739726027396,794.55,68.55860273972603,3.414328767123288,15.796301369863013,
404007099294001,PHELPS,40.6709022,-99.4936146,2018,2018-04-17,Spring,5.14,2290.54,6.370613944535,10.204739726027396,794.55,68.55860273972603,3.414328767123288,15.796301369863013,
403902099313701,PHELPS,40.6483999,-99.5291531,2018,2018-04-17,Spring,33.4,2345.9,28.46358564778016,10.204739726027396,794.55,68.55860273972603,3.414328767123288,15.796301369863013,
403739099281601,PHELPS,40.627653,-99.4742905,2018,2018-04-17,Spring,24.45,2324.54,24.965212360052668,10.204739726027396,794.55,68.55860273972603,3.414328767123288,15.796301369863013,
403646099293301,PHELPS,40.6127772,-99.4935704,2018,2018-04-17,Spring,21.73,2354.25,30.0192920795152,10.204739726027396,794.55,68.55860273972603,3.414328767123288,15.796301369863013,
403651099281401,PHELPS,40.613021,-99.4747929,2018,2018-04-17,Spring,41.14,2345.39,31.171383602937567,10.204739726027396,794.55,68.55860273972603,3.414328767123288,15.796301369863013,
404020099355301,PHELPS,40.6710839,-99.5961084,2018,2018-04-17,Spring,6.73,2326.91,12.138428464576112,10.204739726027396,794.55,68.55860273972603,3.414328767123288,15.796301369863013,
403954099335301,PHELPS,40.6640455,-99.5668126,2018,2018-04-17,Spring,10.8,2327.34,14.093497443414943,10.204739726027396,794.55,68.55860273972603,3.414328767123288,15.796301369863013,
403928099333601,PHELPS,40.6571948,-99.5612991,2018,2018-04-17,Spring,36.7,2355.41,24.21868515987254,10.204739726027396,794.55,68.55860273972603,3.414328767123288,15.796301369863013,
403941099331901,PHELPS,40.66044972,-99.55637462,2018,2018-04-17,Spring,8.69,2347.21,18.89047097086605,10.204739726027396,794.55,68.55860273972603,3.414328767123288,15.796301369863013,
403941099342701,PHELPS,40.6636923,-99.5766538,2018,2018-04-17,Spring,7.63,2326.71,14.8509729400658,10.204739726027396,794.55,68.55860273972603,3.414328767123288,15.796301369863013,
404007099351901,PHELPS,40.6709256,-99.5865622,2018,2018-04-17,Spring,6.16,2322.26,9.498896329732563,10.204739726027396,794.55,68.55860273972603,3.414328767123288,15.796301369863013,
403928099371801,PHELPS,40.655954,-99.6202609,2018,2018-04-17,Spring,82.58,2432.98,60.20532389527994,10.204739726027396,794.55,68.55860273972603,3.414328767123288,15.796301369863013,
403822099324501,PHELPS,40.6415361,-99.5482644,2018,2018-04-17,Spring,43.65,2377.53,38.109928719797466,10.204739726027396,794.55,68.55860273972603,3.414328767123288,15.796301369863013,
403730099373501,PHELPS,40.6268217,-99.6246292,2018,2018-04-17,Spring,93.21,2471.08,85.07179447675546,10.204739726027396,794.55,68.55860273972603,3.414328767123288,15.796301369863013,
402340099353701,PHELPS,40.39445302,-99.59399869,2018,2018-04-24,Spring,24.75,2264.29,79.97215816623391,10.204739726027396,794.55,68.55860273972603,3.414328767123288,15.796301369863013,
402524099201601,PHELPS,40.42334431,-99.33815365,2018,2018-04-24,Spring,118.11,2312.07,113.60807643534103,10.204739726027396,794.55,68.55860273972603,3.414328767123288,15.796301369863013,
403123099261501,PHELPS,40.52446389,-99.436875,2018,2018-05-02,Spring,45.94,2361.96,42.893961186395245,10.204739726027396,794.55,68.55860273972603,3.414328767123288,15.796301369863013,
403132099381001,PHELPS,40.52556319,-99.63650076,2018,2018-04-24,Spring,156.1,2517.21,138.3280737833403,10.204739726027396,794.55,68.55860273972603,3.414328767123288,15.796301369863013,
403217099235801,PHELPS,40.53806574,-99.39982287,2018,2018-05-07,Spring,28.04,2321.45,26.10105447179516,10.204739726027396,794.55,68.55860273972603,3.414328767123288,15.796301369863013,
403922099223301,PHELPS,40.65834351,-99.38037703,2018,2018-05-07,Spring,9.1,2253.27,10.302940214519287,10.204739726027396,794.55,68.55860273972603,3.414328767123288,15.796301369863013,
404016099370201,PHELPS,40.6711189,-99.61760995,2018,2018-05-07,Spring,4.92,2335.44,20.859339707816897,10.204739726027396,794.55,68.55860273972603,3.414328767123288,15.796301369863013,
402513099164801,PHELPS,40.42006111111111,-99.27985277777778,2018,2018-04-05,Spring,82.86,2278.97,89.48021443299774,10.204739726027396,794.55,68.55860273972603,3.414328767123288,15.796301369863013,
402421099112000,PHELPS,40.40549166666666,-99.18921666666668,2018,2018-04-05,Spring,61.61,2216.62,70.03380785920264,10.204739726027396,794.55,68.55860273972603,3.414328767123288,15.796301369863013,
402423099152001,PHELPS,40.40643361111111,-99.2555336111111,2018,2018-04-09,Spring,96.38,2261.86,99.43369267216616,10.204739726027396,794.55,68.55860273972603,3.414328767123288,15.796301369863013,
402342099143300,PHELPS,40.39436388888889,-99.24273333333332,2018,2018-04-05,Spring,116.44,2261.52,110.5364163221268,10.204739726027396,794.55,68.55860273972603,3.414328767123288,15.796301369863013,
402200099160700,PHELPS,40.3669,-99.267175,2018,2018-04-05,Spring,150.01,2280.22,148.06787017578034,10.204739726027396,794.55,68.55860273972603,3.414328767123288,15.796301369863013,
402532099222601,PHELPS,40.42564361111111,-99.37401277777776,2018,2018-04-21,Spring,102.6,2312.94,114.03886549316948,10.204739726027396,794.55,68.55860273972603,3.414328767123288,15.796301369863013,
402532099222602,PHELPS,40.42564361111111,-99.37401277777776,2018,2018-04-21,Spring,106.43,2312.94,114.03886549316948,10.204739726027396,794.55,68.55860273972603,3.414328767123288,15.796301369863013,
402320099231001,PHELPS,40.38914722222222,-99.38615277777778,2018,2018-04-05,Spring,216.08,2384.17,194.35709091340465,10.204739726027396,794.55,68.55860273972603,3.414328767123288,15.796301369863013,
402326099185300,PHELPS,40.390366666666665,-99.31649722222222,2018,2018-04-05,Spring,150.13,2306.56,147.05966583528524,10.204739726027396,794.55,68.55860273972603,3.414328767123288,15.796301369863013,
402115099213100,PHELPS,40.35468888888889,-99.35943333333331,2018,2018-04-05,Spring,204.69,2345.58,198.23577531559428,10.204739726027396,794.55,68.55860273972603,3.414328767123288,15.796301369863013,
402435099262900,PHELPS,40.40768055555555,-99.44083333333332,2018,2018-04-05,Spring,208.33,2405.19,186.5749531050143,10.204739726027396,794.55,68.55860273972603,3.414328767123288,15.796301369863013,
402406099311800,PHELPS,40.40154444444444,-99.52104166666666,2018,2018-04-11,Spring,183.8,2406.07,171.4470540032528,10.204739726027396,794.55,68.55860273972603,3.414328767123288,15.796301369863013,
402334099293301,PHELPS,40.392735555555554,-99.49248916666669,2018,2018-04-12,Spring,139.88,2343.83,154.13707695572364,10.204739726027396,794.55,68.55860273972603,3.414328767123288,15.796301369863013,
402334099293302,PHELPS,40.392735555555554,-99.49248916666669,2018,2018-04-12,Spring,140.05,2343.83,154.13707695572364,10.204739726027396,794.55,68.55860273972603,3.414328767123288,15.796301369863013,
402159099301600,PHELPS,40.3649,-99.50220555555556,2018,2018-04-11,Spring,183.2,2377.49,169.8741769319518,10.204739726027396,794.55,68.55860273972603,3.414328767123288,15.796301369863013,
402107099262000,PHELPS,40.35080555555556,-99.43768055555556,2018,2018-04-05,Spring,200.48,2363.91,197.44551512099528,10.204739726027396,794.55,68.55860273972603,3.414328767123288,15.796301369863013,
402609099350800,PHELPS,40.43199166666666,-99.58200277777776,2018,2018-04-11,Spring,176.05,2443.0,162.60596466895768,10.204739726027396,794.55,68.55860273972603,3.414328767123288,15.796301369863013,
402458099344401,PHELPS,40.41608027777777,-99.57890388888887,2018,2018-04-12,Spring,174.75,2426.49,157.82857477421567,10.204739726027396,794.55,68.55860273972603,3.414328767123288,15.796301369863013,
402458099344402,PHELPS,40.41608027777777,-99.57890388888887,2018,2018-04-12,Spring,174.66,2426.49,157.82857477421567,10.204739726027396,794.55,68.55860273972603,3.414328767123288,15.796301369863013,
402404099383400,PHELPS,40.40166972222222,-99.64190722222224,2018,2018-04-11,Spring,89.24,2363.94,92.22078121839787,10.204739726027396,794.55,68.55860273972603,3.414328767123288,15.796301369863013,
402233099341700,PHELPS,40.376269444444446,-99.57279166666666,2018,2018-04-11,Spring,113.17,2335.32,110.97961438333168,10.204739726027396,794.55,68.55860273972603,3.414328767123288,15.796301369863013,
402853099135101,PHELPS,40.48150472222223,-99.23095833333332,2018,2018-04-19,Spring,37.9,2247.07,36.37073849320823,10.204739726027396,794.55,68.55860273972603,3.414328767123288,15.796301369863013,
402853099135102,PHELPS,40.48150472222223,-99.23095833333332,2018,2018-04-19,Spring,37.65,2247.07,36.37073849320823,10.204739726027396,794.55,68.55860273972603,3.414328767123288,15.796301369863013,
402854099213801,PHELPS,40.48158305555556,-99.36045888888889,2018,2018-04-21,Spring,59.76,2315.4,58.27255149131228,10.204739726027396,794.55,68.55860273972603,3.414328767123288,15.796301369863013,
402854099213802,PHELPS,40.48158305555556,-99.36045888888889,2018,2018-04-21,Spring,59.86,2315.4,58.27255149131228,10.204739726027396,794.55,68.55860273972603,3.414328767123288,15.796301369863013,
402630099305500,PHELPS,40.44133611111111,-99.51204166666666,2018,2018-04-11,Spring,178.68,2426.38,167.54443220264142,10.204739726027396,794.55,68.55860273972603,3.414328767123288,15.796301369863013,
402636099271801,PHELPS,40.44343083333333,-99.45505,2018,2018-04-21,Spring,137.02,2362.54,137.273845308463,10.204739726027396,794.55,68.55860273972603,3.414328767123288,15.796301369863013,
402636099271802,PHELPS,40.44343083333333,-99.45505,2018,2018-04-21,Spring,138.21,2362.54,137.273845308463,10.204739726027396,794.55,68.55860273972603,3.414328767123288,15.796301369863013,
402906099342201,PHELPS,40.485083333333336,-99.57288888888888,2018,2018-04-11,Spring,152.69,2458.82,144.7088763743684,10.204739726027396,794.55,68.55860273972603,3.414328767123288,15.796301369863013,
402813099382100,PHELPS,40.46941944444445,-99.63914166666667,2018,2018-04-11,Spring,157.56,2473.68,148.00570240034648,10.204739726027396,794.55,68.55860273972603,3.414328767123288,15.796301369863013,
402756099320601,PHELPS,40.46654722222223,-99.53547222222224,2018,2018-04-11,Spring,168.32,2446.36,157.1743681243693,10.204739726027396,794.55,68.55860273972603,3.414328767123288,15.796301369863013,
402649099350601,PHELPS,40.44692,-99.58488888888888,2018,2018-04-12,Spring,152.35,2428.0,155.5937843870701,10.204739726027396,794.55,68.55860273972603,3.414328767123288,15.796301369863013,
402649099350602,PHELPS,40.44692,-99.58488888888888,2018,2018-04-12,Spring,152.35,2428.0,155.5937843870701,10.204739726027396,794.55,68.55860273972603,3.414328767123288,15.796301369863013,
403408099130501,PHELPS,40.56878722222223,-99.21816944444444,2018,2018-04-11,Spring,20.26,2216.56,26.2596824885269,10.204739726027396,794.55,68.55860273972603,3.414328767123288,15.796301369863013,
403408099130502,PHELPS,40.56878722222223,-99.21816944444444,2018,2018-04-11,Spring,20.09,2216.56,26.2596824885269,10.204739726027396,794.55,68.55860273972603,3.414328767123288,15.796301369863013,
403645099242701,PHELPS,40.61264497222222,-99.40752011111113,2018,2018-04-12,Spring,25.91,2297.96,22.642665649440904,10.204739726027396,794.55,68.55860273972603,3.414328767123288,15.796301369863013,
403645099242702,PHELPS,40.61264497222222,-99.40752011111113,2018,2018-04-12,Spring,26.44,2297.96,22.642665649440904,10.204739726027396,794.55,68.55860273972603,3.414328767123288,15.796301369863013,
403350099282701,PHELPS,40.56375277777777,-99.47419805555556,2018,2018-04-12,Spring,22.87,2351.95,25.45048878393741,10.204739726027396,794.55,68.55860273972603,3.414328767123288,15.796301369863013,
403350099282702,PHELPS,40.56375277777777,-99.47419805555556,2018,2018-04-12,Spring,22.94,2351.95,25.45048878393741,10.204739726027396,794.55,68.55860273972603,3.414328767123288,15.796301369863013,
403315099351501,PHELPS,40.554270555555554,-99.58744083333332,2018,2018-04-12,Spring,76.7,2447.59,84.52654936115127,10.204739726027396,794.55,68.55860273972603,3.414328767123288,15.796301369863013,
403315099351502,PHELPS,40.554270555555554,-99.58744083333332,2018,2018-04-12,Spring,78.34,2447.59,84.52654936115127,10.204739726027396,794.55,68.55860273972603,3.414328767123288,15.796301369863013,
403831099173501,PHELPS,40.642178,-99.29327591666666,2018,2018-04-11,Spring,15.92,2229.47,18.245266481293303,10.204739726027396,794.55,68.55860273972603,3.414328767123288,15.796301369863013,
403831099173502,PHELPS,40.642178,-99.29327591666666,2018,2018-04-11,Spring,16.1,2229.47,18.245266481293303,10.204739726027396,794.55,68.55860273972603,3.414328767123288,15.796301369863013,
403738099181101,PHELPS,40.62740444444445,-99.30320513888888,2018,2018-04-11,Spring,23.3,2241.2,20.77872553804559,10.204739726027396,794.55,68.55860273972603,3.414328767123288,15.796301369863013,
403738099181102,PHELPS,40.62740444444445,-99.30320513888888,2018,2018-04-11,Spring,23.19,2241.2,20.77872553804559,10.204739726027396,794.55,68.55860273972603,3.414328767123288,15.796301369863013,
403710099104601,PHELPS,40.6195145,-99.17947241666668,2018,2018-04-11,Spring,20.11,2193.97,24.46498930951297,10.204739726027396,794.55,68.55860273972603,3.414328767123288,15.796301369863013,
403710099104602,PHELPS,40.6195145,-99.17947241666668,2018,2018-04-11,Spring,20.09,2193.97,24.46498930951297,10.204739726027396,794.55,68.55860273972603,3.414328767123288,15.796301369863013,
403903099214301,PHELPS,40.650864722222224,-99.3618686111111,2018,2018-04-11,Spring,12.45,2248.47,11.735781681843685,10.204739726027396,794.55,68.55860273972603,3.414328767123288,15.796301369863013,
403903099214302,PHELPS,40.650864722222224,-99.3618686111111,2018,2018-04-11,Spring,12.2,2248.47,11.735781681843685,10.204739726027396,794.55,68.55860273972603,3.414328767123288,15.796301369863013,
404006099282401,PHELPS,40.66854833333333,-99.4734825,2018,2018-04-16,Spring,3.82,2280.04,5.019234463226205,10.204739726027396,794.55,68.55860273972603,3.414328767123288,15.796301369863013,
403959099282801,PHELPS,40.66638638888889,-99.47439194444443,2018,2018-04-16,Spring,4.99,2282.17,5.690839615214967,10.204739726027396,794.55,68.55860273972603,3.414328767123288,15.796301369863013,
403959099282802,PHELPS,40.66638638888889,-99.47439194444443,2018,2018-04-16,Spring,5.02,2282.17,5.690839615214967,10.204739726027396,794.55,68.55860273972603,3.414328767123288,15.796301369863013,
403949099293501,PHELPS,40.66383277777778,-99.49320805555556,2018,2018-04-16,Spring,6.52,2291.23,9.048683629906556,10.204739726027396,794.55,68.55860273972603,3.414328767123288,15.796301369863013,
403927099293501,PHELPS,40.65755805555556,-99.49321666666668,2018,2018-04-16,Spring,10.45,2297.65,11.935485729676603,10.204739726027396,794.55,68.55860273972603,3.414328767123288,15.796301369863013,
403832099293501,PHELPS,40.64230694444444,-99.49321833333332,2018,2018-04-16,Spring,23.82,2322.16,22.00706547700161,10.204739726027396,794.55,68.55860273972603,3.414328767123288,15.796301369863013,
403739099293601,PHELPS,40.62758555555556,-99.49344,2018,2018-04-16,Spring,34.51,2356.31,29.258922867263404,10.204739726027396,794.55,68.55860273972603,3.414328767123288,15.796301369863013,
404059099383501,PHELPS,40.68328583333333,-99.64316027777778,2018,2018-04-16,Spring,14.72,2343.11,21.97169789491345,10.204739726027396,794.55,68.55860273972603,3.414328767123288,15.796301369863013,
404040099383501,PHELPS,40.67796833333333,-99.64313333333334,2018,2018-04-16,Spring,12.87,2346.64,28.449461191660472,10.204739726027396,794.55,68.55860273972603,3.414328767123288,15.796301369863013,
404033099373001,PHELPS,40.67593911111111,-99.62515633333332,2018,2018-04-16,Spring,10.17,2339.74,20.123138775810254,10.204739726027396,794.55,68.55860273972603,3.414328767123288,15.796301369863013,
404102099373001,PHELPS,40.68405933333333,-99.62523716666666,2018,2018-04-16,Spring,10.44,2334.85,11.976825164517733,10.204739726027396,794.55,68.55860273972603,3.414328767123288,15.796301369863013,
404102099373002,PHELPS,40.68405933333333,-99.62523716666666,2018,2018-04-16,Spring,9.05,2334.85,11.976825164517733,10.204739726027396,794.55,68.55860273972603,3.414328767123288,15.796301369863013,
403946099383201,PHELPS,40.66301611111111,-99.64228555555556,2018,2018-04-16,Spring,98.54,2446.94,64.6147201844976,10.204739726027396,794.55,68.55860273972603,3.414328767123288,15.796301369863013,
402340099353701,PHELPS,40.39445302,-99.59399869,2019,2019-04-17,Spring,24.11,2264.29,80.30805810554769,9.81704109589041,868.24,72.97915068493151,3.4735068493150685,15.89427397260274,
402524099201601,PHELPS,40.42334431,-99.33815365,2019,2019-04-17,Spring,124.9,2312.07,116.27214017398734,9.81704109589041,868.24,72.97915068493151,3.4735068493150685,15.89427397260274,
402802099285801,PHELPS,40.46775,-99.48183333,2019,2019-04-17,Spring,105.02,2376.84,111.665916002923,9.81704109589041,868.24,72.97915068493151,3.4735068493150685,15.89427397260274,
403132099381001,PHELPS,40.52556319,-99.63650076,2019,2019-04-17,Spring,154.78,2517.21,136.95571102693995,9.81704109589041,868.24,72.97915068493151,3.4735068493150685,15.89427397260274,
403217099235801,PHELPS,40.53806574,-99.39982287,2019,2019-04-18,Spring,23.39,2321.45,22.5039062110068,9.81704109589041,868.24,72.97915068493151,3.4735068493150685,15.89427397260274,
403922099223301,PHELPS,40.65834351,-99.38037703,2019,2019-04-18,Spring,6.92,2253.27,8.216769092171223,9.81704109589041,868.24,72.97915068493151,3.4735068493150685,15.89427397260274,
404016099370201,PHELPS,40.6711189,-99.61760995,2019,2019-04-18,Spring,5.28,2335.44,20.59974627850341,9.81704109589041,868.24,72.97915068493151,3.4735068493150685,15.89427397260274,
402110099140001,PHELPS,40.351999,-99.2329232,2019,2019-04-03,Spring,165.8,2283.76,150.10651843457623,9.81704109589041,868.24,72.97915068493151,3.4735068493150685,15.89427397260274,
402124099201601,PHELPS,40.3563466,-99.3403749,2019,2019-04-03,Spring,180.91,2318.47,184.04547052760765,9.81704109589041,868.24,72.97915068493151,3.4735068493150685,15.89427397260274,
402716099212401,PHELPS,40.4529071,-99.3592878,2019,2019-04-03,Spring,72.9,2307.74,78.46471011621348,9.81704109589041,868.24,72.97915068493151,3.4735068493150685,15.89427397260274,
402851099130101,PHELPS,40.4809986,-99.2168379,2019,2019-04-03,Spring,30.52,2244.15,32.56318859417248,9.81704109589041,868.24,72.97915068493151,3.4735068493150685,15.89427397260274,
402853099104601,PHELPS,40.4815796,-99.179559,2019,2019-04-03,Spring,20.85,2221.31,29.90140735508894,9.81704109589041,868.24,72.97915068493151,3.4735068493150685,15.89427397260274,
402853099152001,PHELPS,40.4816481,-99.2557469,2019,2019-04-03,Spring,27.67,2251.06,30.79960555121597,9.81704109589041,868.24,72.97915068493151,3.4735068493150685,15.89427397260274,
402905099115301,PHELPS,40.4848551,-99.1983097,2019,2019-04-03,Spring,35.14,2241.11,33.4206401800571,9.81704109589041,868.24,72.97915068493151,3.4735068493150685,15.89427397260274,
402919099104601,PHELPS,40.4886216022222,-99.1795852,2019,2019-04-03,Spring,29.44,2229.35,30.286670304286645,9.81704109589041,868.24,72.97915068493151,3.4735068493150685,15.89427397260274,
402924099235501,PHELPS,40.4901949,-99.398706,2019,2019-04-03,Spring,55.86,2336.37,57.79042820727338,9.81704109589041,868.24,72.97915068493151,3.4735068493150685,15.89427397260274,
402952099114401,PHELPS,40.4961238363889,-99.1985012,2019,2019-04-03,Spring,39.07,2246.17,33.16761832474789,9.81704109589041,868.24,72.97915068493151,3.4735068493150685,15.89427397260274,
402952099161701,PHELPS,40.49624602,-99.2746825,2019,2019-04-03,Spring,23.44,2255.28,27.09489581783889,9.81704109589041,868.24,72.97915068493151,3.4735068493150685,15.89427397260274,
403037099111401,PHELPS,40.5103457694444,-99.1873426,2019,2019-04-03,Spring,33.12,2237.5,31.73039720483256,9.81704109589041,868.24,72.97915068493151,3.4735068493150685,15.89427397260274,
403037099135301,PHELPS,40.5105526386111,-99.2316379,2019,2019-04-03,Spring,18.92,2239.33,23.66499952721678,9.81704109589041,868.24,72.97915068493151,3.4735068493150685,15.89427397260274,
403037099313401,PHELPS,40.5104684,-99.5262137,2019,2019-04-03,Spring,79.9,2408.97,88.85805064943746,9.81704109589041,868.24,72.97915068493151,3.4735068493150685,15.89427397260274,
403104099130201,PHELPS,40.5179145,-99.2173248,2019,2019-04-03,Spring,28.99,2242.62,27.31670048942981,9.81704109589041,868.24,72.97915068493151,3.4735068493150685,15.89427397260274,
403123099261501,PHELPS,40.52446389,-99.436875,2019,2019-04-03,Spring,42.04,2361.96,39.56450134402835,9.81704109589041,868.24,72.97915068493151,3.4735068493150685,15.89427397260274,
403125099295701,PHELPS,40.5247252,-99.4992246,2019,2019-04-03,Spring,69.6,2402.13,69.62881055728892,9.81704109589041,868.24,72.97915068493151,3.4735068493150685,15.89427397260274,
403137099330201,PHELPS,40.5263766547222,-99.5496279,2019,2019-04-03,Spring,57.37,2405.25,78.533915482012,9.81704109589041,868.24,72.97915068493151,3.4735068493150685,15.89427397260274,
403138099190801,PHELPS,40.5255972,-99.3224515,2019,2019-04-03,Spring,24.6,2277.27,25.67920267355153,9.81704109589041,868.24,72.97915068493151,3.4735068493150685,15.89427397260274,
403138099235801,PHELPS,40.5255500233333,-99.399115,2019,2019-04-03,Spring,27.95,2328.14,29.674691143466752,9.81704109589041,868.24,72.97915068493151,3.4735068493150685,15.89427397260274,
403217099312001,PHELPS,40.5392815,-99.5207383,2019,2019-04-03,Spring,104.2,2451.89,80.3750769888477,9.81704109589041,868.24,72.97915068493151,3.4735068493150685,15.89427397260274,
403309099250701,PHELPS,40.5543784,-99.4199673,2019,2019-04-03,Spring,10.96,2322.67,15.456206095281022,9.81704109589041,868.24,72.97915068493151,3.4735068493150685,15.89427397260274,
403309099281401,PHELPS,40.5521635,-99.4737128,2019,2019-04-03,Spring,10.93,2354.64,23.667353802767224,9.81704109589041,868.24,72.97915068493151,3.4735068493150685,15.89427397260274,
403322099201601,PHELPS,40.5547811,-99.3416484,2019,2019-04-03,Spring,1.72,2267.67,13.541037307458373,9.81704109589041,868.24,72.97915068493151,3.4735068493150685,15.89427397260274,
403322099254101,PHELPS,40.5542755,-99.4303042,2019,2019-04-03,Spring,14.02,2335.12,16.228249751020662,9.81704109589041,868.24,72.97915068493151,3.4735068493150685,15.89427397260274,
403322099264901,PHELPS,40.5543545569444,-99.4489925,2019,2019-04-03,Spring,14.89,2342.74,17.69336622527409,9.81704109589041,868.24,72.97915068493151,3.4735068493150685,15.89427397260274,
403322099272302,PHELPS,40.5545803,-99.4609332,2019,2019-04-03,Spring,16.68,2349.56,19.25622998848119,9.81704109589041,868.24,72.97915068493151,3.4735068493150685,15.89427397260274,
403322099304801,PHELPS,40.5542755075,-99.5122815,2019,2019-04-03,Spring,60.29,2411.43,60.86230335566818,9.81704109589041,868.24,72.97915068493151,3.4735068493150685,15.89427397260274,
403322099371801,PHELPS,40.5557047,-99.6247601,2019,2019-04-03,Spring,79.7,2465.78,96.71671335667396,9.81704109589041,868.24,72.97915068493151,3.4735068493150685,15.89427397260274,
403328099181202,PHELPS,40.5577906,-99.3033482,2019,2019-04-03,Spring,34.5,2272.01,29.02740186020067,9.81704109589041,868.24,72.97915068493151,3.4735068493150685,15.89427397260274,
403348099114401,PHELPS,40.5613598133333,-99.1983188,2019,2019-04-03,Spring,41.19,2236.17,31.88572492877244,9.81704109589041,868.24,72.97915068493151,3.4735068493150685,15.89427397260274,
403431099362101,PHELPS,40.5754557,-99.6058865,2019,2019-04-03,Spring,91.4,2477.16,89.82716337393043,9.81704109589041,868.24,72.97915068493151,3.4735068493150685,15.89427397260274,
403433099250001,PHELPS,40.576331,-99.4179046,2019,2019-04-03,Spring,17.32,2315.55,16.009319042463908,9.81704109589041,868.24,72.97915068493151,3.4735068493150685,15.89427397260274,
403453099141801,PHELPS,40.58307501,-99.2365144,2019,2019-04-03,Spring,53.65,2255.34,37.88127733720825,9.81704109589041,868.24,72.97915068493151,3.4735068493150685,15.89427397260274,
403453099190801,PHELPS,40.5807096794444,-99.3229107,2019,2019-04-03,Spring,41.87,2282.14,28.154425326553195,9.81704109589041,868.24,72.97915068493151,3.4735068493150685,15.89427397260274,
403506099350101,PHELPS,40.5833317,-99.5866221,2019,2019-04-03,Spring,104.6,2484.33,88.2769348092145,9.81704109589041,868.24,72.97915068493151,3.4735068493150685,15.89427397260274,
403507099234101,PHELPS,40.5836771413889,-99.3985091,2019,2019-04-03,Spring,12.4,2295.65,14.47039828432314,9.81704109589041,868.24,72.97915068493151,3.4735068493150685,15.89427397260274,
403520099201601,PHELPS,40.5886101475,-99.3416473,2019,2019-04-03,Spring,17.37,2265.95,18.080057323221176,9.81704109589041,868.24,72.97915068493151,3.4735068493150685,15.89427397260274,
403540099260001,PHELPS,40.5946306,-99.4353739,2019,2019-04-03,Spring,24.7,2323.77,20.490490174277124,9.81704109589041,868.24,72.97915068493151,3.4735068493150685,15.89427397260274,
403646099293301,PHELPS,40.6127772,-99.4935704,2019,2019-04-03,Spring,16.4,2354.25,26.48086954977544,9.81704109589041,868.24,72.97915068493151,3.4735068493150685,15.89427397260274,
403651099281401,PHELPS,40.613021,-99.4747929,2019,2019-04-03,Spring,38.43,2345.39,27.783541975115053,9.81704109589041,868.24,72.97915068493151,3.4735068493150685,15.89427397260274,
403730099373501,PHELPS,40.6268217,-99.6246292,2019,2019-04-03,Spring,75.68,2471.08,77.15960515916092,9.81704109589041,868.24,72.97915068493151,3.4735068493150685,15.89427397260274,
403739099281601,PHELPS,40.627653,-99.4742905,2019,2019-04-03,Spring,20.73,2324.54,21.982379129158414,9.81704109589041,868.24,72.97915068493151,3.4735068493150685,15.89427397260274,
403822099324501,PHELPS,40.6415361,-99.5482644,2019,2019-04-03,Spring,41.98,2377.53,37.4769506660361,9.81704109589041,868.24,72.97915068493151,3.4735068493150685,15.89427397260274,
403902099313701,PHELPS,40.6483999,-99.5291531,2019,2019-04-03,Spring,32.3,2345.9,28.29641100885097,9.81704109589041,868.24,72.97915068493151,3.4735068493150685,15.89427397260274,
403915099190801,PHELPS,40.6573434,-99.3214291,2019,2019-04-03,Spring,8.1,2234.03,13.01592348520832,9.81704109589041,868.24,72.97915068493151,3.4735068493150685,15.89427397260274,
403928099333601,PHELPS,40.6571948,-99.5612991,2019,2019-04-03,Spring,36.0,2355.41,25.677519596242757,9.81704109589041,868.24,72.97915068493151,3.4735068493150685,15.89427397260274,
403928099371801,PHELPS,40.655954,-99.6202609,2019,2019-04-03,Spring,82.08,2432.98,57.62723000163,9.81704109589041,868.24,72.97915068493151,3.4735068493150685,15.89427397260274,
403941099342701,PHELPS,40.6636923,-99.5766538,2019,2019-04-03,Spring,3.93,2326.71,14.065621340071296,9.81704109589041,868.24,72.97915068493151,3.4735068493150685,15.89427397260274,
403954099255801,PHELPS,40.667854,-99.4364595,2019,2019-04-03,Spring,3.29,2268.93,5.451314725310473,9.81704109589041,868.24,72.97915068493151,3.4735068493150685,15.89427397260274,
403954099335301,PHELPS,40.6640455,-99.5668126,2019,2019-04-03,Spring,10.5,2327.34,15.25847042924255,9.81704109589041,868.24,72.97915068493151,3.4735068493150685,15.89427397260274,
404007099294001,PHELPS,40.6709022,-99.4936146,2019,2019-04-03,Spring,4.7,2290.54,6.465760547654465,9.81704109589041,868.24,72.97915068493151,3.4735068493150685,15.89427397260274,
404007099351901,PHELPS,40.6709256,-99.5865622,2019,2019-04-03,Spring,6.39,2322.26,9.51111322340664,9.81704109589041,868.24,72.97915068493151,3.4735068493150685,15.89427397260274,
404020099355301,PHELPS,40.6710839,-99.5961084,2019,2019-04-03,Spring,6.52,2326.91,11.967451127159803,9.81704109589041,868.24,72.97915068493151,3.4735068493150685,15.89427397260274,
402513099164801,PHELPS,40.42006111111111,-99.27985277777778,2019,2019-04-02,Spring,81.26,2278.97,88.84783850178411,9.81704109589041,868.24,72.97915068493151,3.4735068493150685,15.89427397260274,
402421099112000,PHELPS,40.40549166666666,-99.18921666666668,2019,2019-04-02,Spring,61.24,2216.62,69.355106558832,9.81704109589041,868.24,72.97915068493151,3.4735068493150685,15.89427397260274,
402342099143300,PHELPS,40.39436388888889,-99.24273333333332,2019,2019-04-02,Spring,115.97,2261.52,109.83578896468768,9.81704109589041,868.24,72.97915068493151,3.4735068493150685,15.89427397260274,
402423099152001,PHELPS,40.40643361111111,-99.2555336111111,2019,2019-04-04,Spring,96.61,2261.86,99.05809361997176,9.81704109589041,868.24,72.97915068493151,3.4735068493150685,15.89427397260274,
402200099160700,PHELPS,40.3669,-99.267175,2019,2019-04-02,Spring,149.67,2280.22,147.26558156924705,9.81704109589041,868.24,72.97915068493151,3.4735068493150685,15.89427397260274,
402532099222601,PHELPS,40.42564361111111,-99.37401277777776,2019,2019-04-14,Spring,98.65,2312.94,112.3022251441957,9.81704109589041,868.24,72.97915068493151,3.4735068493150685,15.89427397260274,
402532099222602,PHELPS,40.42564361111111,-99.37401277777776,2019,2019-04-14,Spring,104.29,2312.94,112.3022251441957,9.81704109589041,868.24,72.97915068493151,3.4735068493150685,15.89427397260274,
402320099231001,PHELPS,40.38914722222222,-99.38615277777778,2019,2019-04-05,Spring,214.56,2384.17,192.40481939211236,9.81704109589041,868.24,72.97915068493151,3.4735068493150685,15.89427397260274,
402326099185300,PHELPS,40.390366666666665,-99.31649722222222,2019,2019-04-02,Spring,151.11,2306.56,147.88142843226265,9.81704109589041,868.24,72.97915068493151,3.4735068493150685,15.89427397260274,
402115099213100,PHELPS,40.35468888888889,-99.35943333333331,2019,2019-04-01,Spring,203.54,2345.58,197.0218918974573,9.81704109589041,868.24,72.97915068493151,3.4735068493150685,15.89427397260274,
402435099262900,PHELPS,40.40768055555555,-99.44083333333332,2019,2019-04-01,Spring,206.92,2405.19,184.26156283292545,9.81704109589041,868.24,72.97915068493151,3.4735068493150685,15.89427397260274,
402406099311800,PHELPS,40.40154444444444,-99.52104166666666,2019,2019-04-01,Spring,182.86,2406.07,167.767072514935,9.81704109589041,868.24,72.97915068493151,3.4735068493150685,15.89427397260274,
402334099293301,PHELPS,40.392735555555554,-99.49248916666669,2019,2019-04-24,Spring,138.98,2343.83,152.46280470408166,9.81704109589041,868.24,72.97915068493151,3.4735068493150685,15.89427397260274,
402334099293302,PHELPS,40.392735555555554,-99.49248916666669,2019,2019-04-24,Spring,139.06,2343.83,152.46280470408166,9.81704109589041,868.24,72.97915068493151,3.4735068493150685,15.89427397260274,
402159099301600,PHELPS,40.3649,-99.50220555555556,2019,2019-04-01,Spring,182.51,2377.49,169.0258495072958,9.81704109589041,868.24,72.97915068493151,3.4735068493150685,15.89427397260274,
402107099262000,PHELPS,40.35080555555556,-99.43768055555556,2019,2019-04-01,Spring,199.55,2363.91,196.3184324725816,9.81704109589041,868.24,72.97915068493151,3.4735068493150685,15.89427397260274,
402609099350800,PHELPS,40.43199166666666,-99.58200277777776,2019,2019-04-01,Spring,174.44,2443.0,160.38224658173928,9.81704109589041,868.24,72.97915068493151,3.4735068493150685,15.89427397260274,
402458099344401,PHELPS,40.41608027777777,-99.57890388888887,2019,2019-04-29,Spring,173.76,2426.49,156.0176411773475,9.81704109589041,868.24,72.97915068493151,3.4735068493150685,15.89427397260274,
402458099344402,PHELPS,40.41608027777777,-99.57890388888887,2019,2019-04-29,Spring,173.58,2426.49,156.0176411773475,9.81704109589041,868.24,72.97915068493151,3.4735068493150685,15.89427397260274,
402404099383400,PHELPS,40.40166972222222,-99.64190722222224,2019,2019-04-02,Spring,87.22,2363.94,90.95207246333412,9.81704109589041,868.24,72.97915068493151,3.4735068493150685,15.89427397260274,
402233099341700,PHELPS,40.376269444444446,-99.57279166666666,2019,2019-04-02,Spring,112.91,2335.32,110.6750203560634,9.81704109589041,868.24,72.97915068493151,3.4735068493150685,15.89427397260274,
402853099135101,PHELPS,40.48150472222223,-99.23095833333332,2019,2019-04-05,Spring,33.15,2247.07,32.180434160681365,9.81704109589041,868.24,72.97915068493151,3.4735068493150685,15.89427397260274,
402853099135102,PHELPS,40.48150472222223,-99.23095833333332,2019,2019-04-05,Spring,32.96,2247.07,32.180434160681365,9.81704109589041,868.24,72.97915068493151,3.4735068493150685,15.89427397260274,
402854099213801,PHELPS,40.48158305555556,-99.36045888888889,2019,2019-04-14,Spring,56.96,2315.4,55.78188742390306,9.81704109589041,868.24,72.97915068493151,3.4735068493150685,15.89427397260274,
402854099213802,PHELPS,40.48158305555556,-99.36045888888889,2019,2019-04-14,Spring,57.06,2315.4,55.78188742390306,9.81704109589041,868.24,72.97915068493151,3.4735068493150685,15.89427397260274,
402636099271801,PHELPS,40.44343083333333,-99.45505,2019,2019-04-25,Spring,135.08,2362.54,134.84137315872968,9.81704109589041,868.24,72.97915068493151,3.4735068493150685,15.89427397260274,
402636099271802,PHELPS,40.44343083333333,-99.45505,2019,2019-04-25,Spring,136.38,2362.54,134.84137315872968,9.81704109589041,868.24,72.97915068493151,3.4735068493150685,15.89427397260274,
402906099342201,PHELPS,40.485083333333336,-99.57288888888888,2019,2019-04-01,Spring,150.65,2458.82,142.2349934289034,9.81704109589041,868.24,72.97915068493151,3.4735068493150685,15.89427397260274,
402813099382100,PHELPS,40.46941944444445,-99.63914166666667,2019,2019-04-01,Spring,156.2,2473.68,146.37260665889454,9.81704109589041,868.24,72.97915068493151,3.4735068493150685,15.89427397260274,
402756099320601,PHELPS,40.46654722222223,-99.53547222222224,2019,2019-04-01,Spring,165.63,2446.36,151.47777415162028,9.81704109589041,868.24,72.97915068493151,3.4735068493150685,15.89427397260274,
402649099350601,PHELPS,40.44692,-99.58488888888888,2019,2019-04-25,Spring,149.82,2428.0,153.39816608049682,9.81704109589041,868.24,72.97915068493151,3.4735068493150685,15.89427397260274,
402649099350602,PHELPS,40.44692,-99.58488888888888,2019,2019-04-25,Spring,150.66,2428.0,153.39816608049682,9.81704109589041,868.24,72.97915068493151,3.4735068493150685,15.89427397260274,
403408099130501,PHELPS,40.56878722222223,-99.21816944444444,2019,2019-04-05,Spring,18.67,2216.56,25.340150682993897,9.81704109589041,868.24,72.97915068493151,3.4735068493150685,15.89427397260274,
403408099130502,PHELPS,40.56878722222223,-99.21816944444444,2019,2019-04-05,Spring,18.79,2216.56,25.340150682993897,9.81704109589041,868.24,72.97915068493151,3.4735068493150685,15.89427397260274,
403645099242701,PHELPS,40.61264497222222,-99.40752011111113,2019,2019-04-02,Spring,23.68,2297.96,19.90245280435333,9.81704109589041,868.24,72.97915068493151,3.4735068493150685,15.89427397260274,
403645099242702,PHELPS,40.61264497222222,-99.40752011111113,2019,2019-04-02,Spring,24.09,2297.96,19.90245280435333,9.81704109589041,868.24,72.97915068493151,3.4735068493150685,15.89427397260274,
403350099282701,PHELPS,40.56375277777777,-99.47419805555556,2019,2019-04-24,Spring,18.77,2351.95,22.36582224432147,9.81704109589041,868.24,72.97915068493151,3.4735068493150685,15.89427397260274,
403350099282702,PHELPS,40.56375277777777,-99.47419805555556,2019,2019-04-24,Spring,18.8,2351.95,22.36582224432147,9.81704109589041,868.24,72.97915068493151,3.4735068493150685,15.89427397260274,
403315099351501,PHELPS,40.554270555555554,-99.58744083333332,2019,2019-04-24,Spring,75.05,2447.59,83.25436068200196,9.81704109589041,868.24,72.97915068493151,3.4735068493150685,15.89427397260274,
403315099351502,PHELPS,40.554270555555554,-99.58744083333332,2019,2019-04-24,Spring,76.35,2447.59,83.25436068200196,9.81704109589041,868.24,72.97915068493151,3.4735068493150685,15.89427397260274,
403738099181101,PHELPS,40.62740444444445,-99.30320513888888,2019,2019-04-14,Spring,20.69,2241.2,18.787993766706627,9.81704109589041,868.24,72.97915068493151,3.4735068493150685,15.89427397260274,
403738099181102,PHELPS,40.62740444444445,-99.30320513888888,2019,2019-04-14,Spring,20.59,2241.2,18.787993766706627,9.81704109589041,868.24,72.97915068493151,3.4735068493150685,15.89427397260274,
403831099173501,PHELPS,40.642178,-99.29327591666666,2019,2019-04-14,Spring,12.81,2229.47,16.255458244700055,9.81704109589041,868.24,72.97915068493151,3.4735068493150685,15.89427397260274,
403831099173502,PHELPS,40.642178,-99.29327591666666,2019,2019-04-14,Spring,13.26,2229.47,16.255458244700055,9.81704109589041,868.24,72.97915068493151,3.4735068493150685,15.89427397260274,
403710099104601,PHELPS,40.6195145,-99.17947241666668,2019,2019-04-08,Spring,17.46,2193.97,22.37346904043925,9.81704109589041,868.24,72.97915068493151,3.4735068493150685,15.89427397260274,
403710099104602,PHELPS,40.6195145,-99.17947241666668,2019,2019-04-08,Spring,17.27,2193.97,22.37346904043925,9.81704109589041,868.24,72.97915068493151,3.4735068493150685,15.89427397260274,
403903099214301,PHELPS,40.650864722222224,-99.3618686111111,2019,2019-04-14,Spring,9.87,2248.47,9.318274193296563,9.81704109589041,868.24,72.97915068493151,3.4735068493150685,15.89427397260274,
403903099214302,PHELPS,40.650864722222224,-99.3618686111111,2019,2019-04-14,Spring,9.67,2248.47,9.318274193296563,9.81704109589041,868.24,72.97915068493151,3.4735068493150685,15.89427397260274,
404006099282401,PHELPS,40.66854833333333,-99.4734825,2019,2019-04-02,Spring,3.16,2280.04,4.645621256941642,9.81704109589041,868.24,72.97915068493151,3.4735068493150685,15.89427397260274,
403927099293501,PHELPS,40.65755805555556,-99.49321666666668,2019,2019-04-02,Spring,10.03,2297.65,11.463469494997698,9.81704109589041,868.24,72.97915068493151,3.4735068493150685,15.89427397260274,
403949099293501,PHELPS,40.66383277777778,-99.49320805555556,2019,2019-04-02,Spring,6.46,2291.23,8.868032679907028,9.81704109589041,868.24,72.97915068493151,3.4735068493150685,15.89427397260274,
403959099282801,PHELPS,40.66638638888889,-99.47439194444443,2019,2019-04-02,Spring,4.61,2282.17,5.252008355047044,9.81704109589041,868.24,72.97915068493151,3.4735068493150685,15.89427397260274,
403959099282802,PHELPS,40.66638638888889,-99.47439194444443,2019,2019-04-02,Spring,4.54,2282.17,5.252008355047044,9.81704109589041,868.24,72.97915068493151,3.4735068493150685,15.89427397260274,
403832099293501,PHELPS,40.64230694444444,-99.49321833333332,2019,2019-04-01,Spring,22.15,2322.16,20.42266163777942,9.81704109589041,868.24,72.97915068493151,3.4735068493150685,15.89427397260274,
403739099293601,PHELPS,40.62758555555556,-99.49344,2019,2019-04-02,Spring,32.6,2356.31,26.75779499706237,9.81704109589041,868.24,72.97915068493151,3.4735068493150685,15.89427397260274,
404033099373001,PHELPS,40.67593911111111,-99.62515633333332,2019,2019-04-02,Spring,9.2,2339.74,19.81920337327012,9.81704109589041,868.24,72.97915068493151,3.4735068493150685,15.89427397260274,
404040099383501,PHELPS,40.67796833333333,-99.64313333333334,2019,2019-04-02,Spring,11.92,2346.64,28.146301403691595,9.81704109589041,868.24,72.97915068493151,3.4735068493150685,15.89427397260274,
404059099383501,PHELPS,40.68328583333333,-99.64316027777778,2019,2019-04-02,Spring,15.3,2343.11,22.11389825721499,9.81704109589041,868.24,72.97915068493151,3.4735068493150685,15.89427397260274,
404102099373001,PHELPS,40.68405933333333,-99.62523716666666,2019,2019-04-02,Spring,10.67,2334.85,12.164466982176878,9.81704109589041,868.24,72.97915068493151,3.4735068493150685,15.89427397260274,
404102099373002,PHELPS,40.68405933333333,-99.62523716666666,2019,2019-04-02,Spring,8.64,2334.85,12.164466982176878,9.81704109589041,868.24,72.97915068493151,3.4735068493150685,15.89427397260274,
403946099383201,PHELPS,40.66301611111111,-99.64228555555556,2019,2019-04-02,Spring,97.82,2446.94,62.74792574488534,9.81704109589041,868.24,72.97915068493151,3.4735068493150685,15.89427397260274,
402835099281401,PHELPS,40.47235556,-99.4740667,2008,2008-04-09,,95.0,2369.23,99.21663512369956,9.928142076502732,875.2,67.25486338797813,3.6044262295081966,16.340491803278688,
402835099281401,PHELPS,40.47235556,-99.4740667,2008,2008-10-14,,98.11,2369.23,99.21663512369956,9.928142076502732,875.2,67.25486338797813,3.6044262295081966,16.340491803278688,
402835099281401,PHELPS,40.47235556,-99.4740667,2009,2009-04-16,,93.84,2369.23,98.67981345239404,9.77372602739726,654.45,68.90076712328766,3.458410958904109,15.795123287671233,
402835099281401,PHELPS,40.47235556,-99.4740667,2009,2009-10-16,,97.79,2369.23,98.67981345239404,9.77372602739726,654.45,68.90076712328766,3.458410958904109,15.795123287671233,
402835099281401,PHELPS,40.47235556,-99.4740667,2010,2010-04-26,,94.24,2369.23,98.12047787352914,10.826602739726027,732.57,68.62682191780821,3.4420821917808215,16.382575342465753,
402835099281401,PHELPS,40.47235556,-99.4740667,2010,2010-10-14,,95.08,2369.23,98.12047787352914,10.826602739726027,732.57,68.62682191780821,3.4420821917808215,16.382575342465753,
402835099281401,PHELPS,40.47235556,-99.4740667,2011,2011-04-20,,91.88,2369.23,95.34794510487214,10.774520547945205,719.81,64.5308493150685,3.4391506849315068,15.93164383561644,
402835099281401,PHELPS,40.47235556,-99.4740667,2011,2011-10-11,,92.26,2369.23,95.34794510487214,10.774520547945205,719.81,64.5308493150685,3.4391506849315068,15.93164383561644,
402900099150901,PHELPS,40.48334518,-99.2528722,2008,2008-04-07,,20.28,2243.11,23.80555331699428,9.928142076502732,875.2,67.25486338797813,3.6044262295081966,16.340491803278688,
402900099150901,PHELPS,40.48334518,-99.2528722,2008,2008-10-09,,18.95,2243.11,23.80555331699428,9.928142076502732,875.2,67.25486338797813,3.6044262295081966,16.340491803278688,
402900099150901,PHELPS,40.48334518,-99.2528722,2009,2009-04-15,,18.94,2243.11,23.75579519820477,9.77372602739726,654.45,68.90076712328766,3.458410958904109,15.795123287671233,
402900099150901,PHELPS,40.48334518,-99.2528722,2009,2009-10-14,,20.28,2243.11,23.75579519820477,9.77372602739726,654.45,68.90076712328766,3.458410958904109,15.795123287671233,
402900099150901,PHELPS,40.48334518,-99.2528722,2010,2010-04-22,,19.05,2243.11,22.499097548081785,10.826602739726027,732.57,68.62682191780821,3.4420821917808215,16.382575342465753,
402900099150901,PHELPS,40.48334518,-99.2528722,2010,2010-10-12,,17.45,2243.11,22.499097548081785,10.826602739726027,732.57,68.62682191780821,3.4420821917808215,16.382575342465753,
402900099150901,PHELPS,40.48334518,-99.2528722,2011,2011-04-18,,17.25,2243.11,20.69169463258706,10.774520547945205,719.81,64.5308493150685,3.4391506849315068,15.93164383561644,
402900099150901,PHELPS,40.48334518,-99.2528722,2011,2011-10-10,,16.42,2243.11,20.69169463258706,10.774520547945205,719.81,64.5308493150685,3.4391506849315068,15.93164383561644,
403322099254102,PHELPS,40.554275,-99.4303056,2008,2008-04-08,,16.84,2335.12,17.00223201540387,9.928142076502732,875.2,67.25486338797813,3.6044262295081966,16.340491803278688,
403322099254102,PHELPS,40.554275,-99.4303056,2008,2008-10-10,,16.08,2335.12,17.00223201540387,9.928142076502732,875.2,67.25486338797813,3.6044262295081966,16.340491803278688,
403322099254102,PHELPS,40.554275,-99.4303056,2009,2009-04-16,,15.72,2335.12,16.027355578410905,9.77372602739726,654.45,68.90076712328766,3.458410958904109,15.795123287671233,
403322099254102,PHELPS,40.554275,-99.4303056,2009,2009-10-15,,15.54,2335.12,16.027355578410905,9.77372602739726,654.45,68.90076712328766,3.458410958904109,15.795123287671233,
403322099254102,PHELPS,40.554275,-99.4303056,2010,2010-04-23,,14.18,2335.12,14.010226439814646,10.826602739726027,732.57,68.62682191780821,3.4420821917808215,16.382575342465753,
403322099254102,PHELPS,40.554275,-99.4303056,2010,2010-10-13,,13.07,2335.12,14.010226439814646,10.826602739726027,732.57,68.62682191780821,3.4420821917808215,16.382575342465753,
403322099254102,PHELPS,40.554275,-99.4303056,2011,2011-04-20,,15.02,2335.12,13.674159290966754,10.774520547945205,719.81,64.5308493150685,3.4391506849315068,15.93164383561644,
403322099254102,PHELPS,40.554275,-99.4303056,2011,2011-10-11,,10.15,2335.12,13.674159290966754,10.774520547945205,719.81,64.5308493150685,3.4391506849315068,15.93164383561644,
403322099264902,PHELPS,40.55435556,-99.4489917,2008,2008-04-08,,14.44,2343.0,16.170409453947347,9.928142076502732,875.2,67.25486338797813,3.6044262295081966,16.340491803278688,
403322099264902,PHELPS,40.55435556,-99.4489917,2008,2008-10-10,,13.86,2343.0,16.170409453947347,9.928142076502732,875.2,67.25486338797813,3.6044262295081966,16.340491803278688,
403322099264902,PHELPS,40.55435556,-99.4489917,2009,2009-04-16,,13.54,2343.0,14.952738202468996,9.77372602739726,654.45,68.90076712328766,3.458410958904109,15.795123287671233,
403322099264902,PHELPS,40.55435556,-99.4489917,2009,2009-10-15,,13.2,2343.0,14.952738202468996,9.77372602739726,654.45,68.90076712328766,3.458410958904109,15.795123287671233,
403322099264902,PHELPS,40.55435556,-99.4489917,2010,2010-04-23,,12.78,2343.0,13.456500713784742,10.826602739726027,732.57,68.62682191780821,3.4420821917808215,16.382575342465753,
403322099264902,PHELPS,40.55435556,-99.4489917,2010,2010-10-13,,11.22,2343.0,13.456500713784742,10.826602739726027,732.57,68.62682191780821,3.4420821917808215,16.382575342465753,
403322099264902,PHELPS,40.55435556,-99.4489917,2011,2011-04-20,,12.25,2343.0,13.160301318206937,10.774520547945205,719.81,64.5308493150685,3.4391506849315068,15.93164383561644,
403322099264902,PHELPS,40.55435556,-99.4489917,2011,2011-10-11,,10.98,2343.0,13.160301318206937,10.774520547945205,719.81,64.5308493150685,3.4391506849315068,15.93164383561644,
403810099281401,PHELPS,40.62765278,-99.4742917,2008,2008-04-08,,21.7,2324.54,23.231877302194945,9.928142076502732,875.2,67.25486338797813,3.6044262295081966,16.340491803278688,
403810099281401,PHELPS,40.62765278,-99.4742917,2008,2008-10-10,,22.3,2324.54,23.231877302194945,9.928142076502732,875.2,67.25486338797813,3.6044262295081966,16.340491803278688,
403810099281401,PHELPS,40.62765278,-99.4742917,2009,2009-04-16,,20.4,2324.54,22.89911577778434,9.77372602739726,654.45,68.90076712328766,3.458410958904109,15.795123287671233,
403810099281401,PHELPS,40.62765278,-99.4742917,2009,2009-10-15,,22.6,2324.54,22.89911577778434,9.77372602739726,654.45,68.90076712328766,3.458410958904109,15.795123287671233,
403810099281401,PHELPS,40.62765278,-99.4742917,2010,2010-04-23,,19.7,2324.54,20.1538865970093,10.826602739726027,732.57,68.62682191780821,3.4420821917808215,16.382575342465753,
403810099281401,PHELPS,40.62765278,-99.4742917,2010,2010-10-13,,19.2,2324.54,20.1538865970093,10.826602739726027,732.57,68.62682191780821,3.4420821917808215,16.382575342465753,
403810099281401,PHELPS,40.62765278,-99.4742917,2011,2011-04-20,,19.4,2324.54,20.09926136067842,10.774520547945205,719.81,64.5308493150685,3.4391506849315068,15.93164383561644,
403810099281401,PHELPS,40.62765278,-99.4742917,2011,2011-10-11,,19.28,2324.54,20.09926136067842,10.774520547945205,719.81,64.5308493150685,3.4391506849315068,15.93164383561644,
402110099140001,PHELPS,40.351999,-99.2329232,2020,2020-04-13,Spring,166.5,2283.76,151.57821856678922,11.539398907103825,434.29,62.598606557377046,3.5709562841530054,16.58270491803279,
402124099201601,PHELPS,40.3563466,-99.3403749,2020,2020-04-13,Spring,180.5,2318.47,182.7139184579855,11.539398907103825,434.29,62.598606557377046,3.5709562841530054,16.58270491803279,
402716099212401,PHELPS,40.4529071,-99.3592878,2020,2020-04-13,Spring,68.1,2307.74,74.8527678847685,11.539398907103825,434.29,62.598606557377046,3.5709562841530054,16.58270491803279,
402952099114401,PHELPS,40.4961238363889,-99.1985012,2020,2020-04-13,Spring,35.88,2246.17,32.43539568555683,11.539398907103825,434.29,62.598606557377046,3.5709562841530054,16.58270491803279,
402952099161701,PHELPS,40.49624602,-99.2746825,2020,2020-04-13,Spring,18.67,2255.28,23.0564722798038,11.539398907103825,434.29,62.598606557377046,3.5709562841530054,16.58270491803279,
403138099190801,PHELPS,40.5255972,-99.3224515,2020,2020-04-13,Spring,21.9,2277.27,21.55263938224052,11.539398907103825,434.29,62.598606557377046,3.5709562841530054,16.58270491803279,
403138099235801,PHELPS,40.5255500233333,-99.399115,2020,2020-04-13,Spring,23.8,2328.14,26.899106136293817,11.539398907103825,434.29,62.598606557377046,3.5709562841530054,16.58270491803279,
403322099201601,PHELPS,40.5547811,-99.3416484,2020,2020-04-13,Spring,2.85,2267.67,10.58127532893564,11.539398907103825,434.29,62.598606557377046,3.5709562841530054,16.58270491803279,
403348099114401,PHELPS,40.5613598133333,-99.1983188,2020,2020-04-13,Spring,37.01,2236.17,28.63506138639517,11.539398907103825,434.29,62.598606557377046,3.5709562841530054,16.58270491803279,
403453099141801,PHELPS,40.58307501,-99.2365144,2020,2020-04-13,Spring,47.97,2255.34,33.35813816817572,11.539398907103825,434.29,62.598606557377046,3.5709562841530054,16.58270491803279,
403453099190801,PHELPS,40.5807096794444,-99.3229107,2020,2020-04-13,Spring,36.26,2282.14,23.80286850983113,11.539398907103825,434.29,62.598606557377046,3.5709562841530054,16.58270491803279,
403507099234101,PHELPS,40.5836771413889,-99.3985091,2020,2020-04-13,Spring,9.91,2295.65,10.539865061173808,11.539398907103825,434.29,62.598606557377046,3.5709562841530054,16.58270491803279,
403520099201601,PHELPS,40.5886101475,-99.3416473,2020,2020-04-13,Spring,13.1,2265.95,14.060911704390248,11.539398907103825,434.29,62.598606557377046,3.5709562841530054,16.58270491803279,
403915099190801,PHELPS,40.6573434,-99.3214291,2020,2020-04-13,Spring,7.6,2234.03,11.062033513846997,11.539398907103825,434.29,62.598606557377046,3.5709562841530054,16.58270491803279,
403123099261501,PHELPS,40.52446389,-99.436875,2020,2020-04-14,Spring,37.85,2361.96,38.0231177106056,11.539398907103825,434.29,62.598606557377046,3.5709562841530054,16.58270491803279,
403125099295701,PHELPS,40.5247252,-99.4992246,2020,2020-04-14,Spring,61.9,2402.13,69.5565394192368,11.539398907103825,434.29,62.598606557377046,3.5709562841530054,16.58270491803279,
403217099312001,PHELPS,40.5392815,-99.5207383,2020,2020-04-14,Spring,98.2,2451.89,84.43975980823072,11.539398907103825,434.29,62.598606557377046,3.5709562841530054,16.58270491803279,
403309099250701,PHELPS,40.5543784,-99.4199673,2020,2020-04-14,Spring,9.38,2322.67,13.19232537945144,11.539398907103825,434.29,62.598606557377046,3.5709562841530054,16.58270491803279,
403309099281401,PHELPS,40.5521635,-99.4737128,2020,2020-04-14,Spring,10.23,2354.64,21.722104642391784,11.539398907103825,434.29,62.598606557377046,3.5709562841530054,16.58270491803279,
403322099304801,PHELPS,40.5542755075,-99.5122815,2020,2020-04-14,Spring,55.59,2411.43,59.1708820631816,11.539398907103825,434.29,62.598606557377046,3.5709562841530054,16.58270491803279,
403322099371801,PHELPS,40.5557047,-99.6247601,2020,2020-04-14,Spring,74.9,2465.78,84.66666006243868,11.539398907103825,434.29,62.598606557377046,3.5709562841530054,16.58270491803279,
403506099350101,PHELPS,40.5833317,-99.5866221,2020,2020-04-14,Spring,100.7,2484.33,87.10270936717545,11.539398907103825,434.29,62.598606557377046,3.5709562841530054,16.58270491803279,
403646099293301,PHELPS,40.6127772,-99.4935704,2020,2020-04-14,Spring,17.4,2354.25,23.60099162158689,11.539398907103825,434.29,62.598606557377046,3.5709562841530054,16.58270491803279,
403730099373501,PHELPS,40.6268217,-99.6246292,2020,2020-04-14,Spring,86.68,2471.08,82.79919707599839,11.539398907103825,434.29,62.598606557377046,3.5709562841530054,16.58270491803279,
403822099324501,PHELPS,40.6415361,-99.5482644,2020,2020-04-14,Spring,40.13,2377.53,35.805058993993725,11.539398907103825,434.29,62.598606557377046,3.5709562841530054,16.58270491803279,
403902099313701,PHELPS,40.6483999,-99.5291531,2020,2020-04-14,Spring,32.5,2345.9,27.241543701235084,11.539398907103825,434.29,62.598606557377046,3.5709562841530054,16.58270491803279,
403928099333601,PHELPS,40.6571948,-99.5612991,2020,2020-04-14,Spring,35.7,2355.41,23.072210597077834,11.539398907103825,434.29,62.598606557377046,3.5709562841530054,16.58270491803279,
403928099371801,PHELPS,40.655954,-99.6202609,2020,2020-04-14,Spring,81.18,2432.98,62.76011891507306,11.539398907103825,434.29,62.598606557377046,3.5709562841530054,16.58270491803279,
403941099331901,PHELPS,40.66044972,-99.55637462,2020,2020-04-14,Spring,4.7,2347.21,17.098634478662294,11.539398907103825,434.29,62.598606557377046,3.5709562841530054,16.58270491803279,
403941099342701,PHELPS,40.6636923,-99.5766538,2020,2020-04-14,Spring,8.09,2326.71,14.657925481684291,11.539398907103825,434.29,62.598606557377046,3.5709562841530054,16.58270491803279,
403954099335301,PHELPS,40.6640455,-99.5668126,2020,2020-04-14,Spring,11.3,2327.34,13.508365438349028,11.539398907103825,434.29,62.598606557377046,3.5709562841530054,16.58270491803279,
404007099294001,PHELPS,40.6709022,-99.4936146,2020,2020-04-14,Spring,5.9,2290.54,7.0390015998109705,11.539398907103825,434.29,62.598606557377046,3.5709562841530054,16.58270491803279,
404007099351901,PHELPS,40.6709256,-99.5865622,2020,2020-04-14,Spring,6.39,2322.26,10.057327243697806,11.539398907103825,434.29,62.598606557377046,3.5709562841530054,16.58270491803279,
404020099355301,PHELPS,40.6710839,-99.5961084,2020,2020-04-14,Spring,6.67,2326.91,13.822286097907146,11.539398907103825,434.29,62.598606557377046,3.5709562841530054,16.58270491803279,
402107099262000,PHELPS,40.35080555555556,-99.43768055555556,2020,2020-04-15,Spring,196.3,2363.91,194.65560008564947,11.539398907103825,434.29,62.598606557377046,3.5709562841530054,16.58270491803279,
402115099213100,PHELPS,40.35468888888889,-99.35943333333331,2020,2020-04-15,Spring,202.4,2345.58,196.66432728691512,11.539398907103825,434.29,62.598606557377046,3.5709562841530054,16.58270491803279,
402159099301600,PHELPS,40.3649,-99.50220555555556,2020,2020-04-15,Spring,180.9,2377.49,169.44267524739993,11.539398907103825,434.29,62.598606557377046,3.5709562841530054,16.58270491803279,
402200099160700,PHELPS,40.3669,-99.267175,2020,2020-04-15,Spring,146.82,2280.22,145.08597443511565,11.539398907103825,434.29,62.598606557377046,3.5709562841530054,16.58270491803279,
402233099341700,PHELPS,40.376269444444446,-99.57279166666666,2020,2020-04-15,Spring,111.75,2335.32,125.56691471955034,11.539398907103825,434.29,62.598606557377046,3.5709562841530054,16.58270491803279,
402320099231001,PHELPS,40.38914722222222,-99.38615277777778,2020,2020-04-23,Spring,213.37,2384.17,193.9541345420029,11.539398907103825,434.29,62.598606557377046,3.5709562841530054,16.58270491803279,
402326099185300,PHELPS,40.390366666666665,-99.31649722222222,2020,2020-04-15,Spring,149.42,2306.56,144.50455911260858,11.539398907103825,434.29,62.598606557377046,3.5709562841530054,16.58270491803279,
402334099293301,PHELPS,40.392735555555554,-99.49248916666669,2020,2020-04-23,Spring,136.85,2343.83,150.31688604568836,11.539398907103825,434.29,62.598606557377046,3.5709562841530054,16.58270491803279,
402334099293302,PHELPS,40.392735555555554,-99.49248916666669,2020,2020-04-23,Spring,137.1,2343.83,150.31688604568836,11.539398907103825,434.29,62.598606557377046,3.5709562841530054,16.58270491803279,
402342099143300,PHELPS,40.39436388888889,-99.24273333333332,2020,2020-04-15,Spring,112.97,2261.52,107.92820729060956,11.539398907103825,434.29,62.598606557377046,3.5709562841530054,16.58270491803279,
402404099383400,PHELPS,40.40166972222222,-99.64190722222224,2020,2020-04-15,Spring,85.58,2363.94,97.64671520193284,11.539398907103825,434.29,62.598606557377046,3.5709562841530054,16.58270491803279,
402406099311800,PHELPS,40.40154444444444,-99.52104166666666,2020,2020-04-15,Spring,181.25,2406.07,170.71693745804257,11.539398907103825,434.29,62.598606557377046,3.5709562841530054,16.58270491803279,
402421099112000,PHELPS,40.40549166666666,-99.18921666666668,2020,2020-04-15,Spring,57.35,2216.62,67.00759143027855,11.539398907103825,434.29,62.598606557377046,3.5709562841530054,16.58270491803279,
402423099152001,PHELPS,40.40643361111111,-99.2555336111111,2020,2020-04-22,Spring,92.61,2261.86,95.63720092807932,11.539398907103825,434.29,62.598606557377046,3.5709562841530054,16.58270491803279,
402435099262900,PHELPS,40.40768055555555,-99.44083333333332,2020,2020-04-23,Spring,205.23,2405.19,184.86944654908697,11.539398907103825,434.29,62.598606557377046,3.5709562841530054,16.58270491803279,
402458099344401,PHELPS,40.41608027777777,-99.57890388888887,2020,2020-04-21,Spring,172.4,2426.49,165.28858052601802,11.539398907103825,434.29,62.598606557377046,3.5709562841530054,16.58270491803279,
402458099344402,PHELPS,40.41608027777777,-99.57890388888887,2020,2020-04-21,Spring,172.34,2426.49,165.28858052601802,11.539398907103825,434.29,62.598606557377046,3.5709562841530054,16.58270491803279,
402513099164801,PHELPS,40.42006111111111,-99.27985277777778,2020,2020-04-15,Spring,77.61,2278.97,83.4351401212093,11.539398907103825,434.29,62.598606557377046,3.5709562841530054,16.58270491803279,
402532099222602,PHELPS,40.42564361111111,-99.37401277777776,2020,2020-05-18,Spring,100.92,2312.94,114.66650265626794,11.539398907103825,434.29,62.598606557377046,3.5709562841530054,16.58270491803279,
402609099350800,PHELPS,40.43199166666666,-99.58200277777776,2020,2020-04-15,Spring,173.09,2443.0,163.99083465694378,11.539398907103825,434.29,62.598606557377046,3.5709562841530054,16.58270491803279,
402630099305500,PHELPS,40.44133611111111,-99.51204166666666,2020,2020-04-15,Spring,174.8,2426.38,166.38357927319785,11.539398907103825,434.29,62.598606557377046,3.5709562841530054,16.58270491803279,
402636099271801,PHELPS,40.44343083333333,-99.45505,2020,2020-04-23,Spring,134.2,2362.54,135.52409461050257,11.539398907103825,434.29,62.598606557377046,3.5709562841530054,16.58270491803279,
402636099271802,PHELPS,40.44343083333333,-99.45505,2020,2020-04-23,Spring,132.89,2362.54,135.52409461050257,11.539398907103825,434.29,62.598606557377046,3.5709562841530054,16.58270491803279,
402649099350601,PHELPS,40.44692,-99.58488888888888,2020,2020-04-21,Spring,148.0,2428.0,152.76579265844373,11.539398907103825,434.29,62.598606557377046,3.5709562841530054,16.58270491803279,
402649099350602,PHELPS,40.44692,-99.58488888888888,2020,2020-04-21,Spring,148.89,2428.0,152.76579265844373,11.539398907103825,434.29,62.598606557377046,3.5709562841530054,16.58270491803279,
402756099320601,PHELPS,40.46654722222223,-99.53547222222224,2020,2020-04-15,Spring,163.96,2446.36,157.5073183305617,11.539398907103825,434.29,62.598606557377046,3.5709562841530054,16.58270491803279,
402813099382100,PHELPS,40.46941944444445,-99.63914166666667,2020,2020-04-15,Spring,153.1,2473.68,140.66432142990615,11.539398907103825,434.29,62.598606557377046,3.5709562841530054,16.58270491803279,
402853099135101,PHELPS,40.48150472222223,-99.23095833333332,2020,2020-04-15,Spring,31.72,2247.07,31.07924422267845,11.539398907103825,434.29,62.598606557377046,3.5709562841530054,16.58270491803279,
402853099135102,PHELPS,40.48150472222223,-99.23095833333332,2020,2020-04-15,Spring,31.5,2247.07,31.07924422267845,11.539398907103825,434.29,62.598606557377046,3.5709562841530054,16.58270491803279,
402854099213801,PHELPS,40.48158305555556,-99.36045888888889,2020,2020-05-04,Spring,55.99,2315.4,54.91907165661799,11.539398907103825,434.29,62.598606557377046,3.5709562841530054,16.58270491803279,
402854099213802,PHELPS,40.48158305555556,-99.36045888888889,2020,2020-05-04,Spring,57.56,2315.4,54.91907165661799,11.539398907103825,434.29,62.598606557377046,3.5709562841530054,16.58270491803279,
402906099342201,PHELPS,40.485083333333336,-99.57288888888888,2020,2020-04-15,Spring,148.1,2458.82,143.54811167810726,11.539398907103825,434.29,62.598606557377046,3.5709562841530054,16.58270491803279,
403315099351501,PHELPS,40.554270555555554,-99.58744083333332,2020,2020-05-15,Spring,71.15,2447.59,79.9006740261995,11.539398907103825,434.29,62.598606557377046,3.5709562841530054,16.58270491803279,
403315099351502,PHELPS,40.554270555555554,-99.58744083333332,2020,2020-05-15,Spring,73.79,2447.59,79.9006740261995,11.539398907103825,434.29,62.598606557377046,3.5709562841530054,16.58270491803279,
403350099282701,PHELPS,40.56375277777777,-99.47419805555556,2020,2020-05-05,Spring,17.1,2351.95,19.52352947561262,11.539398907103825,434.29,62.598606557377046,3.5709562841530054,16.58270491803279,
403350099282702,PHELPS,40.56375277777777,-99.47419805555556,2020,2020-05-05,Spring,17.18,2351.95,19.52352947561262,11.539398907103825,434.29,62.598606557377046,3.5709562841530054,16.58270491803279,
403408099130501,PHELPS,40.56878722222223,-99.21816944444444,2020,2020-04-27,Spring,14.49,2216.56,20.599195294804662,11.539398907103825,434.29,62.598606557377046,3.5709562841530054,16.58270491803279,
403408099130502,PHELPS,40.56878722222223,-99.21816944444444,2020,2020-04-27,Spring,15.11,2216.56,20.599195294804662,11.539398907103825,434.29,62.598606557377046,3.5709562841530054,16.58270491803279,
403645099242701,PHELPS,40.61264497222222,-99.40752011111113,2020,2020-05-05,Spring,19.23,2297.96,15.61984781943263,11.539398907103825,434.29,62.598606557377046,3.5709562841530054,16.58270491803279,
403645099242702,PHELPS,40.61264497222222,-99.40752011111113,2020,2020-05-05,Spring,19.97,2297.96,15.61984781943263,11.539398907103825,434.29,62.598606557377046,3.5709562841530054,16.58270491803279,
403710099104601,PHELPS,40.6195145,-99.17947241666668,2020,2020-04-27,Spring,14.0,2193.97,18.96497181159721,11.539398907103825,434.29,62.598606557377046,3.5709562841530054,16.58270491803279,
403710099104602,PHELPS,40.6195145,-99.17947241666668,2020,2020-04-27,Spring,14.41,2193.97,18.96497181159721,11.539398907103825,434.29,62.598606557377046,3.5709562841530054,16.58270491803279,
403738099181101,PHELPS,40.62740444444445,-99.30320513888888,2020,2020-05-15,Spring,16.15,2241.2,14.794919477488408,11.539398907103825,434.29,62.598606557377046,3.5709562841530054,16.58270491803279,
403738099181102,PHELPS,40.62740444444445,-99.30320513888888,2020,2020-05-05,Spring,16.09,2241.2,14.794919477488408,11.539398907103825,434.29,62.598606557377046,3.5709562841530054,16.58270491803279,
403739099293601,PHELPS,40.62758555555556,-99.49344,2020,2020-04-30,Spring,32.65,2356.31,25.573002714620976,11.539398907103825,434.29,62.598606557377046,3.5709562841530054,16.58270491803279,
403831099173501,PHELPS,40.642178,-99.29327591666666,2020,2020-04-28,Spring,10.02,2229.47,12.679755558239451,11.539398907103825,434.29,62.598606557377046,3.5709562841530054,16.58270491803279,
403831099173502,PHELPS,40.642178,-99.29327591666666,2020,2020-04-28,Spring,10.5,2229.47,12.679755558239451,11.539398907103825,434.29,62.598606557377046,3.5709562841530054,16.58270491803279,
403832099293501,PHELPS,40.64230694444444,-99.49321833333332,2020,2020-05-01,Spring,22.15,2322.16,20.068428864531032,11.539398907103825,434.29,62.598606557377046,3.5709562841530054,16.58270491803279,
403903099214301,PHELPS,40.650864722222224,-99.3618686111111,2020,2020-04-28,Spring,7.96,2248.47,8.457859832294439,11.539398907103825,434.29,62.598606557377046,3.5709562841530054,16.58270491803279,
403903099214302,PHELPS,40.650864722222224,-99.3618686111111,2020,2020-04-28,Spring,7.79,2248.47,8.457859832294439,11.539398907103825,434.29,62.598606557377046,3.5709562841530054,16.58270491803279,
403927099293501,PHELPS,40.65755805555556,-99.49321666666668,2020,2020-05-05,Spring,10.62,2297.65,11.656517320129026,11.539398907103825,434.29,62.598606557377046,3.5709562841530054,16.58270491803279,
403946099383201,PHELPS,40.66301611111111,-99.64228555555556,2020,2020-05-01,Spring,96.57,2446.94,65.09447990714538,11.539398907103825,434.29,62.598606557377046,3.5709562841530054,16.58270491803279,
403949099293501,PHELPS,40.66383277777778,-99.49320805555556,2020,2020-05-01,Spring,7.21,2291.23,9.225328840215733,11.539398907103825,434.29,62.598606557377046,3.5709562841530054,16.58270491803279,
403959099282801,PHELPS,40.66638638888889,-99.47439194444443,2020,2020-05-05,Spring,5.28,2282.17,5.812541901441977,11.539398907103825,434.29,62.598606557377046,3.5709562841530054,16.58270491803279,
403959099282802,PHELPS,40.66638638888889,-99.47439194444443,2020,2020-05-05,Spring,5.12,2282.17,5.812541901441977,11.539398907103825,434.29,62.598606557377046,3.5709562841530054,16.58270491803279,
404006099282401,PHELPS,40.66854833333333,-99.4734825,2020,2020-05-05,Spring,4.0,2280.04,5.369138191514227,11.539398907103825,434.29,62.598606557377046,3.5709562841530054,16.58270491803279,
404033099373001,PHELPS,40.67593911111111,-99.62515633333332,2020,2020-05-01,Spring,9.38,2339.74,22.47618875957389,11.539398907103825,434.29,62.598606557377046,3.5709562841530054,16.58270491803279,
404040099383501,PHELPS,40.67796833333333,-99.64313333333334,2020,2020-05-01,Spring,11.98,2346.64,27.67656783553655,11.539398907103825,434.29,62.598606557377046,3.5709562841530054,16.58270491803279,
404059099383501,PHELPS,40.68328583333333,-99.64316027777778,2020,2020-05-01,Spring,15.55,2343.11,21.323579311075218,11.539398907103825,434.29,62.598606557377046,3.5709562841530054,16.58270491803279,
404102099373001,PHELPS,40.68405933333333,-99.62523716666666,2020,2020-05-01,Spring,10.55,2334.85,13.064398292721444,11.539398907103825,434.29,62.598606557377046,3.5709562841530054,16.58270491803279,
404102099373002,PHELPS,40.68405933333333,-99.62523716666666,2020,2020-05-01,Spring,8.8,2334.85,13.064398292721444,11.539398907103825,434.29,62.598606557377046,3.5709562841530054,16.58270491803279,
403029099130401,PHELPS,40.508164,-99.217889,2020,2020-04-15,Spring,16.1,2229.8,21.562665284313965,11.539398907103825,434.29,62.598606557377046,3.5709562841530054,16.58270491803279,
403322099201601,PHELPS,40.5547811,-99.3416484,2021,2021-04-22,Spring,4.18,2267.67,11.369309516507066,11.854109589041096,675.54,63.413260273972604,3.3998082191780825,16.312,
404007099351901,PHELPS,40.6709256,-99.5865622,2021,2021-04-22,Spring,6.44,2322.26,8.920583644680264,11.854109589041096,675.54,63.413260273972604,3.3998082191780825,16.312,
403941099331901,PHELPS,40.66044972,-99.55637462,2021,2021-04-22,Spring,7.1,2347.21,17.716417074322475,11.854109589041096,675.54,63.413260273972604,3.3998082191780825,16.312,
403915099190801,PHELPS,40.6573434,-99.3214291,2021,2021-04-22,Spring,8.2,2234.03,10.27986539151954,11.854109589041096,675.54,63.413260273972604,3.3998082191780825,16.312,
404020099355301,PHELPS,40.6710839,-99.5961084,2021,2021-04-22,Spring,8.32,2326.91,11.413841566653218,11.854109589041096,675.54,63.413260273972604,3.3998082191780825,16.312,
403309099281401,PHELPS,40.5521635,-99.4737128,2021,2021-04-22,Spring,9.88,2354.64,18.94030434974916,11.854109589041096,675.54,63.413260273972604,3.3998082191780825,16.312,
403941099342701,PHELPS,40.6636923,-99.5766538,2021,2021-04-22,Spring,11.0,2326.71,15.383309884108565,11.854109589041096,675.54,63.413260273972604,3.3998082191780825,16.312,
403507099234101,PHELPS,40.5836771413889,-99.3985091,2021,2021-04-22,Spring,11.4,2295.65,12.978812595038107,11.854109589041096,675.54,63.413260273972604,3.3998082191780825,16.312,
403309099250701,PHELPS,40.5543784,-99.4199673,2021,2021-04-22,Spring,11.63,2322.67,15.837389691471827,11.854109589041096,675.54,63.413260273972604,3.3998082191780825,16.312,
403954099335301,PHELPS,40.6640455,-99.5668126,2021,2021-04-22,Spring,12.5,2327.34,14.12727590025839,11.854109589041096,675.54,63.413260273972604,3.3998082191780825,16.312,
403520099201601,PHELPS,40.5886101475,-99.3416473,2021,2021-04-22,Spring,14.72,2265.95,15.463900945607048,11.854109589041096,675.54,63.413260273972604,3.3998082191780825,16.312,
403646099293301,PHELPS,40.6127772,-99.4935704,2021,2021-04-22,Spring,16.75,2354.25,25.55105510356953,11.854109589041096,675.54,63.413260273972604,3.3998082191780825,16.312,
403037099135301,PHELPS,40.5105526386111,-99.2316379,2021,2021-04-22,Spring,18.87,2239.33,22.11544447134412,11.854109589041096,675.54,63.413260273972604,3.3998082191780825,16.312,
402853099104601,PHELPS,40.4815796,-99.179559,2021,2021-04-22,Spring,20.33,2221.31,26.05637427058344,11.854109589041096,675.54,63.413260273972604,3.3998082191780825,16.312,
402919099104601,PHELPS,40.4886216022222,-99.1795852,2021,2021-04-22,Spring,21.86,2229.35,26.059096345280256,11.854109589041096,675.54,63.413260273972604,3.3998082191780825,16.312,
402952099161701,PHELPS,40.49624602,-99.2746825,2021,2021-04-22,Spring,22.07,2255.28,24.542925637349505,11.854109589041096,675.54,63.413260273972604,3.3998082191780825,16.312,
403138099190801,PHELPS,40.5255972,-99.3224515,2021,2021-04-22,Spring,23.2,2277.27,22.59168944811942,11.854109589041096,675.54,63.413260273972604,3.3998082191780825,16.312,
403540099260001,PHELPS,40.5946306,-99.4353739,2021,2021-04-22,Spring,23.2,2323.77,20.047316533343487,11.854109589041096,675.54,63.413260273972604,3.3998082191780825,16.312,
403138099235801,PHELPS,40.5255500233333,-99.399115,2021,2021-04-22,Spring,27.0,2328.14,28.53559083309322,11.854109589041096,675.54,63.413260273972604,3.3998082191780825,16.312,
402853099152001,PHELPS,40.4816481,-99.2557469,2021,2021-04-22,Spring,27.22,2251.06,28.566029743824924,11.854109589041096,675.54,63.413260273972604,3.3998082191780825,16.312,
403104099130201,PHELPS,40.5179145,-99.2173248,2021,2021-04-22,Spring,29.27,2242.62,27.0573064139882,11.854109589041096,675.54,63.413260273972604,3.3998082191780825,16.312,
403037099111401,PHELPS,40.5103457694444,-99.1873426,2021,2021-04-22,Spring,32.72,2237.5,31.00515614401711,11.854109589041096,675.54,63.413260273972604,3.3998082191780825,16.312,
402905099115301,PHELPS,40.4848551,-99.1983097,2021,2021-04-22,Spring,34.3,2241.11,32.42459434153643,11.854109589041096,675.54,63.413260273972604,3.3998082191780825,16.312,
403928099333601,PHELPS,40.6571948,-99.5612991,2021,2021-04-22,Spring,37.0,2355.41,24.65478627124017,11.854109589041096,675.54,63.413260273972604,3.3998082191780825,16.312,
402952099114401,PHELPS,40.4961238363889,-99.1985012,2021,2021-04-22,Spring,37.47,2246.17,32.755377347433,11.854109589041096,675.54,63.413260273972604,3.3998082191780825,16.312,
403651099281401,PHELPS,40.613021,-99.4747929,2021,2021-04-22,Spring,38.0,2345.39,28.734123309327853,11.854109589041096,675.54,63.413260273972604,3.3998082191780825,16.312,
403453099190801,PHELPS,40.5807096794444,-99.3229107,2021,2021-04-22,Spring,38.12,2282.14,26.523143241608743,11.854109589041096,675.54,63.413260273972604,3.3998082191780825,16.312,
403348099114401,PHELPS,40.5613598133333,-99.1983188,2021,2021-04-22,Spring,38.66,2236.17,30.313549923952465,11.854109589041096,675.54,63.413260273972604,3.3998082191780825,16.312,
403822099324501,PHELPS,40.6415361,-99.5482644,2021,2021-04-22,Spring,42.03,2377.53,36.65760667008039,11.854109589041096,675.54,63.413260273972604,3.3998082191780825,16.312,
403123099261501,PHELPS,40.52446389,-99.436875,2021,2021-04-22,Spring,42.57,2361.96,39.75283092388077,11.854109589041096,675.54,63.413260273972604,3.3998082191780825,16.312,
403453099141801,PHELPS,40.58307501,-99.2365144,2021,2021-04-22,Spring,48.57,2255.34,35.53375380103482,11.854109589041096,675.54,63.413260273972604,3.3998082191780825,16.312,
402924099235501,PHELPS,40.4901949,-99.398706,2021,2021-04-22,Spring,51.85,2336.37,53.6137418696471,11.854109589041096,675.54,63.413260273972604,3.3998082191780825,16.312,
403322099304801,PHELPS,40.5542755075,-99.5122815,2021,2021-04-22,Spring,56.04,2411.43,57.77325778563474,11.854109589041096,675.54,63.413260273972604,3.3998082191780825,16.312,
403125099295701,PHELPS,40.5247252,-99.4992246,2021,2021-04-22,Spring,63.6,2402.13,65.18266333321809,11.854109589041096,675.54,63.413260273972604,3.3998082191780825,16.312,
402716099212401,PHELPS,40.4529071,-99.3592878,2021,2021-04-22,Spring,69.5,2307.74,71.66436952560471,11.854109589041096,675.54,63.413260273972604,3.3998082191780825,16.312,
403037099313401,PHELPS,40.5104684,-99.5262137,2021,2021-04-22,Spring,74.5,2408.97,87.358522591726,11.854109589041096,675.54,63.413260273972604,3.3998082191780825,16.312,
403322099371801,PHELPS,40.5557047,-99.6247601,2021,2021-04-22,Spring,75.7,2465.78,90.69213117959332,11.854109589041096,675.54,63.413260273972604,3.3998082191780825,16.312,
403928099371801,PHELPS,40.655954,-99.6202609,2021,2021-04-22,Spring,83.21,2432.98,63.83995958476245,11.854109589041096,675.54,63.413260273972604,3.3998082191780825,16.312,
403730099373501,PHELPS,40.6268217,-99.6246292,2021,2021-04-22,Spring,86.68,2471.08,85.8996157278996,11.854109589041096,675.54,63.413260273972604,3.3998082191780825,16.312,
403217099312001,PHELPS,40.5392815,-99.5207383,2021,2021-04-22,Spring,97.4,2451.89,81.02750147725064,11.854109589041096,675.54,63.413260273972604,3.3998082191780825,16.312,
403506099350101,PHELPS,40.5833317,-99.5866221,2021,2021-04-22,Spring,100.9,2484.33,87.74482600185209,11.854109589041096,675.54,63.413260273972604,3.3998082191780825,16.312,
402124099201601,PHELPS,40.3563466,-99.3403749,2021,2021-04-22,Spring,179.6,2318.47,182.9652632612429,11.854109589041096,675.54,63.413260273972604,3.3998082191780825,16.312,
404006099282401,PHELPS,40.66854833333333,-99.4734825,2021,2021-04-01,Spring,-2.7,2280.04,0.7145522427145973,11.854109589041096,675.54,63.413260273972604,3.3998082191780825,16.312,
403927099293501,PHELPS,40.65755805555556,-99.49321666666668,2021,2021-04-01,Spring,5.18,2297.65,8.212134407395418,11.854109589041096,675.54,63.413260273972604,3.3998082191780825,16.312,
403949099293501,PHELPS,40.66383277777778,-99.49320805555556,2021,2021-04-01,Spring,6.6,2291.23,5.7893947123891545,11.854109589041096,675.54,63.413260273972604,3.3998082191780825,16.312,
403832099293501,PHELPS,40.64230694444444,-99.49321833333332,2021,2021-04-01,Spring,18.73,2322.16,19.303213745286424,11.854109589041096,675.54,63.413260273972604,3.3998082191780825,16.312,
403739099293601,PHELPS,40.62758555555556,-99.49344,2021,2021-04-01,Spring,31.14,2356.31,27.661161056020635,11.854109589041096,675.54,63.413260273972604,3.3998082191780825,16.312,
404059099383501,PHELPS,40.68328583333333,-99.64316027777778,2021,2021-04-01,Spring,10.3,2343.11,13.958424467179302,11.854109589041096,675.54,63.413260273972604,3.3998082191780825,16.312,
404040099383501,PHELPS,40.67796833333333,-99.64313333333334,2021,2021-04-01,Spring,7.86,2346.64,20.22703071017459,11.854109589041096,675.54,63.413260273972604,3.3998082191780825,16.312,
403946099383201,PHELPS,40.66301611111111,-99.64228555555556,2021,2021-04-01,Spring,90.75,2446.94,71.28446289281916,11.854109589041096,675.54,63.413260273972604,3.3998082191780825,16.312,
404033099373001,PHELPS,40.67593911111111,-99.62515633333332,2021,2021-04-01,Spring,6.73,2339.74,15.329547531508018,11.854109589041096,675.54,63.413260273972604,3.3998082191780825,16.312,
404102099373001,PHELPS,40.68405933333333,-99.62523716666666,2021,2021-04-01,Spring,7.01,2334.85,7.594646397847812,11.854109589041096,675.54,63.413260273972604,3.3998082191780825,16.312,
404102099373002,PHELPS,40.68405933333333,-99.62523716666666,2021,2021-04-01,Spring,5.35,2334.85,7.594646397847812,11.854109589041096,675.54,63.413260273972604,3.3998082191780825,16.312,
403738099181101,PHELPS,40.62740444444445,-99.30320513888888,2021,2021-04-06,Spring,12.61,2241.2,14.05723348260882,11.854109589041096,675.54,63.413260273972604,3.3998082191780825,16.312,
403738099181102,PHELPS,40.62740444444445,-99.30320513888888,2021,2021-04-06,Spring,12.55,2241.2,14.05723348260882,11.854109589041096,675.54,63.413260273972604,3.3998082191780825,16.312,
403831099173501,PHELPS,40.642178,-99.29327591666666,2021,2021-04-06,Spring,7.1,2229.47,10.730371708585755,11.854109589041096,675.54,63.413260273972604,3.3998082191780825,16.312,
403831099173502,PHELPS,40.642178,-99.29327591666666,2021,2021-04-06,Spring,7.57,2229.47,10.730371708585755,11.854109589041096,675.54,63.413260273972604,3.3998082191780825,16.312,
403645099242701,PHELPS,40.61264497222222,-99.40752011111113,2021,2021-04-15,Spring,17.96,2297.96,18.009610861627866,11.854109589041096,675.54,63.413260273972604,3.3998082191780825,16.312,
403645099242702,PHELPS,40.61264497222222,-99.40752011111113,2021,2021-04-15,Spring,18.71,2297.96,18.009610861627866,11.854109589041096,675.54,63.413260273972604,3.3998082191780825,16.312,
403710099104601,PHELPS,40.6195145,-99.17947241666668,2021,2021-04-06,Spring,11.63,2193.97,15.641542302866975,11.854109589041096,675.54,63.413260273972604,3.3998082191780825,16.312,
403710099104602,PHELPS,40.6195145,-99.17947241666668,2021,2021-04-06,Spring,11.63,2193.97,15.641542302866975,11.854109589041096,675.54,63.413260273972604,3.3998082191780825,16.312,
402423099152001,PHELPS,40.40643361111111,-99.2555336111111,2021,2021-04-06,Spring,87.85,2261.86,92.53329605756586,11.854109589041096,675.54,63.413260273972604,3.3998082191780825,16.312,
402532099222602,PHELPS,40.42564361111111,-99.37401277777776,2021,2021-04-15,Spring,96.95,2312.94,104.23483173219743,11.854109589041096,675.54,63.413260273972604,3.3998082191780825,16.312,
402649099350601,PHELPS,40.44692,-99.58488888888888,2021,2021-04-06,Spring,142.64,2428.0,148.85518547586537,11.854109589041096,675.54,63.413260273972604,3.3998082191780825,16.312,
402649099350602,PHELPS,40.44692,-99.58488888888888,2021,2021-04-06,Spring,143.94,2428.0,148.85518547586537,11.854109589041096,675.54,63.413260273972604,3.3998082191780825,16.312,
402854099213801,PHELPS,40.48158305555556,-99.36045888888889,2021,2021-04-05,Spring,49.63,2315.4,50.62677884227635,11.854109589041096,675.54,63.413260273972604,3.3998082191780825,16.312,
402854099213802,PHELPS,40.48158305555556,-99.36045888888889,2021,2021-04-05,Spring,49.94,2315.4,50.62677884227635,11.854109589041096,675.54,63.413260273972604,3.3998082191780825,16.312,
402853099135101,PHELPS,40.48150472222223,-99.23095833333332,2021,2021-04-06,Spring,28.72,2247.07,29.18870427675962,11.854109589041096,675.54,63.413260273972604,3.3998082191780825,16.312,
402853099135102,PHELPS,40.48150472222223,-99.23095833333332,2021,2021-04-06,Spring,28.84,2247.07,29.18870427675962,11.854109589041096,675.54,63.413260273972604,3.3998082191780825,16.312,
403903099214301,PHELPS,40.650864722222224,-99.3618686111111,2021,2021-04-05,Spring,3.74,2248.47,5.938800537095286,11.854109589041096,675.54,63.413260273972604,3.3998082191780825,16.312,
403903099214302,PHELPS,40.650864722222224,-99.3618686111111,2021,2021-04-05,Spring,4.14,2248.47,5.938800537095286,11.854109589041096,675.54,63.413260273972604,3.3998082191780825,16.312,
403959099282801,PHELPS,40.66638638888889,-99.47439194444443,2021,2021-04-01,Spring,-1.39,2282.17,1.3735392011300536,11.854109589041096,675.54,63.413260273972604,3.3998082191780825,16.312,
403959099282802,PHELPS,40.66638638888889,-99.47439194444443,2021,2021-04-01,Spring,-1.22,2282.17,1.3735392011300536,11.854109589041096,675.54,63.413260273972604,3.3998082191780825,16.312,
402458099344401,PHELPS,40.41608027777777,-99.57890388888887,2021,2021-04-06,Spring,165.43,2426.49,164.79163241311457,11.854109589041096,675.54,63.413260273972604,3.3998082191780825,16.312,
402458099344402,PHELPS,40.41608027777777,-99.57890388888887,2021,2021-04-06,Spring,165.76,2426.49,164.79163241311457,11.854109589041096,675.54,63.413260273972604,3.3998082191780825,16.312,
402334099293301,PHELPS,40.392735555555554,-99.49248916666669,2021,2021-04-06,Spring,131.36,2343.83,141.78338449364523,11.854109589041096,675.54,63.413260273972604,3.3998082191780825,16.312,
402334099293302,PHELPS,40.392735555555554,-99.49248916666669,2021,2021-04-06,Spring,132.21,2343.83,141.78338449364523,11.854109589041096,675.54,63.413260273972604,3.3998082191780825,16.312,
403408099130501,PHELPS,40.56878722222223,-99.21816944444444,2021,2021-04-06,Spring,11.22,2216.56,20.970589986210204,11.854109589041096,675.54,63.413260273972604,3.3998082191780825,16.312,
403408099130502,PHELPS,40.56878722222223,-99.21816944444444,2021,2021-04-06,Spring,11.3,2216.56,20.970589986210204,11.854109589041096,675.54,63.413260273972604,3.3998082191780825,16.312,
403350099282701,PHELPS,40.56375277777777,-99.47419805555556,2021,2021-04-05,Spring,10.72,2351.95,16.085575855031266,11.854109589041096,675.54,63.413260273972604,3.3998082191780825,16.312,
403350099282702,PHELPS,40.56375277777777,-99.47419805555556,2021,2021-04-05,Spring,11.07,2351.95,16.085575855031266,11.854109589041096,675.54,63.413260273972604,3.3998082191780825,16.312,
403315099351501,PHELPS,40.554270555555554,-99.58744083333332,2021,2021-04-05,Spring,66.33,2447.59,74.37626442008987,11.854109589041096,675.54,63.413260273972604,3.3998082191780825,16.312,
403315099351502,PHELPS,40.554270555555554,-99.58744083333332,2021,2021-04-05,Spring,68.26,2447.59,74.37626442008987,11.854109589041096,675.54,63.413260273972604,3.3998082191780825,16.312,
402636099271801,PHELPS,40.44343083333333,-99.45505,2021,2021-04-06,Spring,126.39,2362.54,128.86239676080626,11.854109589041096,675.54,63.413260273972604,3.3998082191780825,16.312,
402636099271802,PHELPS,40.44343083333333,-99.45505,2021,2021-04-06,Spring,126.3,2362.54,128.86239676080626,11.854109589041096,675.54,63.413260273972604,3.3998082191780825,16.312,
402813099382100,PHELPS,40.46941944444445,-99.63914166666667,2021,2021-04-09,Spring,151.87,2473.68,148.88111839107034,11.854109589041096,675.54,63.413260273972604,3.3998082191780825,16.312,
402756099320601,PHELPS,40.46654722222223,-99.53547222222224,2021,2021-04-08,Spring,161.98,2446.36,157.6700180874571,11.854109589041096,675.54,63.413260273972604,3.3998082191780825,16.312,
402609099350800,PHELPS,40.43199166666666,-99.58200277777776,2021,2021-04-08,Spring,172.51,2443.0,165.81796068938067,11.854109589041096,675.54,63.413260273972604,3.3998082191780825,16.312,
402404099383400,PHELPS,40.40166972222222,-99.64190722222224,2021,2021-04-09,Spring,84.97,2363.94,91.91309352762887,11.854109589041096,675.54,63.413260273972604,3.3998082191780825,16.312,
402233099341700,PHELPS,40.376269444444446,-99.57279166666666,2021,2021-04-08,Spring,110.56,2335.32,118.17821604053596,11.854109589041096,675.54,63.413260273972604,3.3998082191780825,16.312,
402406099311800,PHELPS,40.40154444444444,-99.52104166666666,2021,2021-04-08,Spring,179.39,2406.07,173.8844420691417,11.854109589041096,675.54,63.413260273972604,3.3998082191780825,16.312,
402107099262000,PHELPS,40.35080555555556,-99.43768055555556,2021,2021-04-08,Spring,196.97,2363.91,197.26224697680385,11.854109589041096,675.54,63.413260273972604,3.3998082191780825,16.312,
402513099164801,PHELPS,40.42006111111111,-99.27985277777778,2021,2021-04-08,Spring,77.72,2278.97,81.63166157853219,11.854109589041096,675.54,63.413260273972604,3.3998082191780825,16.312,
402342099143300,PHELPS,40.39436388888889,-99.24273333333332,2021,2021-04-08,Spring,112.02,2261.52,106.81479951079211,11.854109589041096,675.54,63.413260273972604,3.3998082191780825,16.312,
402906099342201,PHELPS,40.485083333333336,-99.57288888888888,2021,2021-04-08,Spring,146.18,2458.82,141.87748834526266,11.854109589041096,675.54,63.413260273972604,3.3998082191780825,16.312,
402630099305500,PHELPS,40.44133611111111,-99.51204166666666,2021,2021-04-08,Spring,174.26,2426.38,168.61740590244335,11.854109589041096,675.54,63.413260273972604,3.3998082191780825,16.312,
402435099262900,PHELPS,40.40768055555555,-99.44083333333332,2021,2021-04-08,Spring,206.76,2405.19,192.88779924883684,11.854109589041096,675.54,63.413260273972604,3.3998082191780825,16.312,
402159099301600,PHELPS,40.3649,-99.50220555555556,2021,2021-04-08,Spring,179.84,2377.49,172.44507441911642,11.854109589041096,675.54,63.413260273972604,3.3998082191780825,16.312,
402320099231001,PHELPS,40.38914722222222,-99.38615277777778,2021,2021-04-13,Spring,213.24,2384.17,201.9361453931469,11.854109589041096,675.54,63.413260273972604,3.3998082191780825,16.312,
402326099185300,PHELPS,40.390366666666665,-99.31649722222222,2021,2021-04-08,Spring,146.46,2306.56,145.0488300400411,11.854109589041096,675.54,63.413260273972604,3.3998082191780825,16.312,
402115099213100,PHELPS,40.35468888888889,-99.35943333333331,2021,2021-04-08,Spring,203.17,2345.58,200.25621923959744,11.854109589041096,675.54,63.413260273972604,3.3998082191780825,16.312,
402421099112000,PHELPS,40.40549166666666,-99.18921666666668,2021,2021-04-08,Spring,58.4,2216.62,61.63756806292576,11.854109589041096,675.54,63.413260273972604,3.3998082191780825,16.312,
402200099160700,PHELPS,40.3669,-99.267175,2021,2021-04-08,Spring,146.91,2280.22,143.36494334809203,11.854109589041096,675.54,63.413260273972604,3.3998082191780825,16.312,
404016099370201,PHELPS,40.6711189,-99.61760995,2021,2021-04-22,Spring,5.27,2335.44,18.12599298102641,11.854109589041096,675.54,63.413260273972604,3.3998082191780825,16.312,
403922099223301,PHELPS,40.65834351,-99.38037703,2021,2021-04-22,Spring,6.45,2253.27,6.47671808595759,11.854109589041096,675.54,63.413260273972604,3.3998082191780825,16.312,
403217099235801,PHELPS,40.53806574,-99.39982287,2021,2021-04-22,Spring,24.06,2321.45,22.462188238635477,11.854109589041096,675.54,63.413260273972604,3.3998082191780825,16.312,
402802099285801,PHELPS,40.46775,-99.48183333,2021,2021-04-22,Spring,100.81,2376.84,108.41378053480918,11.854109589041096,675.54,63.413260273972604,3.3998082191780825,16.312,
403132099381001,PHELPS,40.52556319,-99.63650076,2021,2021-04-22,Spring,151.69,2517.21,137.2032201516335,11.854109589041096,675.54,63.413260273972604,3.3998082191780825,16.312,
402404099383400,PHELPS,40.40166972222222,-99.64190722222224,2022,2022-04-13,Spring,84.48,2363.94,93.71140503569436,11.837698630136988,392.3,54.23123287671233,3.7221917808219174,17.027561643835618,
403029099130401,PHELPS,40.508164,-99.217889,2022,2022-04-05,Spring,12.27,2229.8,16.470152988666197,11.837698630136988,392.3,54.23123287671233,3.7221917808219174,17.027561643835618,
402853099135101,PHELPS,40.48150472222223,-99.23095833333332,2022,2022-04-05,Spring,31.02,2247.07,31.89291030980888,11.837698630136988,392.3,54.23123287671233,3.7221917808219174,17.027561643835618,
402853099135102,PHELPS,40.48150472222223,-99.23095833333332,2022,2022-04-05,Spring,31.01,2247.07,31.89291030980888,11.837698630136988,392.3,54.23123287671233,3.7221917808219174,17.027561643835618,
403408099130501,PHELPS,40.56878722222223,-99.21816944444444,2022,2022-04-05,Spring,10.82,2216.56,13.434145203537046,11.837698630136988,392.3,54.23123287671233,3.7221917808219174,17.027561643835618,
403408099130502,PHELPS,40.56878722222223,-99.21816944444444,2022,2022-04-05,Spring,10.98,2216.56,13.434145203537046,11.837698630136988,392.3,54.23123287671233,3.7221917808219174,17.027561643835618,
403710099104601,PHELPS,40.6195145,-99.17947241666668,2022,2022-04-05,Spring,12.59,2193.97,16.48533576114562,11.837698630136988,392.3,54.23123287671233,3.7221917808219174,17.027561643835618,
403710099104602,PHELPS,40.6195145,-99.17947241666668,2022,2022-04-05,Spring,12.32,2193.97,16.48533576114562,11.837698630136988,392.3,54.23123287671233,3.7221917808219174,17.027561643835618,
402115099213100,PHELPS,40.35468888888889,-99.35943333333331,2022,2022-04-06,Spring,199.9,2345.58,199.8431390292331,11.837698630136988,392.3,54.23123287671233,3.7221917808219174,17.027561643835618,
402200099160700,PHELPS,40.3669,-99.267175,2022,2022-04-06,Spring,146.45,2280.22,143.86581453044332,11.837698630136988,392.3,54.23123287671233,3.7221917808219174,17.027561643835618,
402326099185300,PHELPS,40.390366666666665,-99.31649722222222,2022,2022-04-06,Spring,145.05,2306.56,145.17968274989684,11.837698630136988,392.3,54.23123287671233,3.7221917808219174,17.027561643835618,
402342099143300,PHELPS,40.39436388888889,-99.24273333333332,2022,2022-04-06,Spring,111.77,2261.52,107.46212379388407,11.837698630136988,392.3,54.23123287671233,3.7221917808219174,17.027561643835618,
402513099164801,PHELPS,40.42006111111111,-99.27985277777778,2022,2022-04-06,Spring,73.3,2278.97,82.35437545089985,11.837698630136988,392.3,54.23123287671233,3.7221917808219174,17.027561643835618,
402423099152001,PHELPS,40.40643361111111,-99.2555336111111,2022,2022-04-11,Spring,89.09,2261.86,93.85304850195716,11.837698630136988,392.3,54.23123287671233,3.7221917808219174,17.027561643835618,
402630099305500,PHELPS,40.44133611111111,-99.51204166666666,2022,2022-04-11,Spring,170.73,2426.38,167.79378879299392,11.837698630136988,392.3,54.23123287671233,3.7221917808219174,17.027561643835618,
402756099320601,PHELPS,40.46654722222223,-99.53547222222224,2022,2022-04-11,Spring,161.34,2446.36,157.03718756280605,11.837698630136988,392.3,54.23123287671233,3.7221917808219174,17.027561643835618,
402813099382100,PHELPS,40.46941944444445,-99.63914166666667,2022,2022-04-11,Spring,149.7,2473.68,149.2776784816854,11.837698630136988,392.3,54.23123287671233,3.7221917808219174,17.027561643835618,
402906099342201,PHELPS,40.485083333333336,-99.57288888888888,2022,2022-04-11,Spring,143.44,2458.82,137.34691952358847,11.837698630136988,392.3,54.23123287671233,3.7221917808219174,17.027561643835618,
402854099213801,PHELPS,40.48158305555556,-99.36045888888889,2022,2022-04-12,Spring,51.07,2315.4,53.313750039382086,11.837698630136988,392.3,54.23123287671233,3.7221917808219174,17.027561643835618,
402854099213802,PHELPS,40.48158305555556,-99.36045888888889,2022,2022-04-12,Spring,49.88,2315.4,53.313750039382086,11.837698630136988,392.3,54.23123287671233,3.7221917808219174,17.027561643835618,
403738099181101,PHELPS,40.62740444444445,-99.30320513888888,2022,2022-04-12,Spring,13.22,2241.2,14.800801140233515,11.837698630136988,392.3,54.23123287671233,3.7221917808219174,17.027561643835618,
403738099181102,PHELPS,40.62740444444445,-99.30320513888888,2022,2022-04-12,Spring,12.98,2241.2,14.800801140233515,11.837698630136988,392.3,54.23123287671233,3.7221917808219174,17.027561643835618,
403831099173501,PHELPS,40.642178,-99.29327591666666,2022,2022-04-12,Spring,8.53,2229.47,12.839678723624775,11.837698630136988,392.3,54.23123287671233,3.7221917808219174,17.027561643835618,
403831099173502,PHELPS,40.642178,-99.29327591666666,2022,2022-04-12,Spring,8.95,2229.47,12.839678723624775,11.837698630136988,392.3,54.23123287671233,3.7221917808219174,17.027561643835618,
403903099214301,PHELPS,40.650864722222224,-99.3618686111111,2022,2022-04-12,Spring,4.6,2248.47,8.370730196371747,11.837698630136988,392.3,54.23123287671233,3.7221917808219174,17.027561643835618,
403903099214302,PHELPS,40.650864722222224,-99.3618686111111,2022,2022-04-12,Spring,7.37,2248.47,8.370730196371747,11.837698630136988,392.3,54.23123287671233,3.7221917808219174,17.027561643835618,
402107099262000,PHELPS,40.35080555555556,-99.43768055555556,2022,2022-04-13,Spring,196.87,2363.91,197.48066070821557,11.837698630136988,392.3,54.23123287671233,3.7221917808219174,17.027561643835618,
402159099301600,PHELPS,40.3649,-99.50220555555556,2022,2022-04-13,Spring,179.18,2377.49,172.11494424705103,11.837698630136988,392.3,54.23123287671233,3.7221917808219174,17.027561643835618,
402233099341700,PHELPS,40.376269444444446,-99.57279166666666,2022,2022-04-13,Spring,110.38,2335.32,119.13953529467685,11.837698630136988,392.3,54.23123287671233,3.7221917808219174,17.027561643835618,
402334099293301,PHELPS,40.392735555555554,-99.49248916666669,2022,2022-04-13,Spring,130.92,2343.83,142.36915950163072,11.837698630136988,392.3,54.23123287671233,3.7221917808219174,17.027561643835618,
402334099293302,PHELPS,40.392735555555554,-99.49248916666669,2022,2022-04-13,Spring,131.32,2343.83,142.36915950163072,11.837698630136988,392.3,54.23123287671233,3.7221917808219174,17.027561643835618,
402406099311800,PHELPS,40.40154444444444,-99.52104166666666,2022,2022-04-13,Spring,177.11,2406.07,172.92232522241025,11.837698630136988,392.3,54.23123287671233,3.7221917808219174,17.027561643835618,
402435099262900,PHELPS,40.40768055555555,-99.44083333333332,2022,2022-04-13,Spring,203.85,2405.19,191.4540270709395,11.837698630136988,392.3,54.23123287671233,3.7221917808219174,17.027561643835618,
402458099344401,PHELPS,40.41608027777777,-99.57890388888887,2022,2022-04-13,Spring,168.45,2426.49,165.8060724465069,11.837698630136988,392.3,54.23123287671233,3.7221917808219174,17.027561643835618,
402458099344402,PHELPS,40.41608027777777,-99.57890388888887,2022,2022-04-13,Spring,167.52,2426.49,165.8060724465069,11.837698630136988,392.3,54.23123287671233,3.7221917808219174,17.027561643835618,
402609099350800,PHELPS,40.43199166666666,-99.58200277777776,2022,2022-04-13,Spring,169.8,2443.0,165.775897903886,11.837698630136988,392.3,54.23123287671233,3.7221917808219174,17.027561643835618,
402636099271801,PHELPS,40.44343083333333,-99.45505,2022,2022-04-13,Spring,127.79,2362.54,130.1791434699296,11.837698630136988,392.3,54.23123287671233,3.7221917808219174,17.027561643835618,
402636099271802,PHELPS,40.44343083333333,-99.45505,2022,2022-04-13,Spring,128.39,2362.54,130.1791434699296,11.837698630136988,392.3,54.23123287671233,3.7221917808219174,17.027561643835618,
402649099350601,PHELPS,40.44692,-99.58488888888888,2022,2022-04-13,Spring,144.65,2428.0,150.29178379068424,11.837698630136988,392.3,54.23123287671233,3.7221917808219174,17.027561643835618,
402649099350602,PHELPS,40.44692,-99.58488888888888,2022,2022-04-13,Spring,145.62,2428.0,150.29178379068424,11.837698630136988,392.3,54.23123287671233,3.7221917808219174,17.027561643835618,
403315099351501,PHELPS,40.554270555555554,-99.58744083333332,2022,2022-04-26,Spring,68.84,2447.59,75.02781179151951,11.837698630136988,392.3,54.23123287671233,3.7221917808219174,17.027561643835618,
403315099351502,PHELPS,40.554270555555554,-99.58744083333332,2022,2022-04-26,Spring,70.39,2447.59,75.02781179151951,11.837698630136988,392.3,54.23123287671233,3.7221917808219174,17.027561643835618,
403350099282701,PHELPS,40.56375277777777,-99.47419805555556,2022,2022-04-26,Spring,14.17,2351.95,20.85914548841733,11.837698630136988,392.3,54.23123287671233,3.7221917808219174,17.027561643835618,
403350099282702,PHELPS,40.56375277777777,-99.47419805555556,2022,2022-04-26,Spring,14.57,2351.95,20.85914548841733,11.837698630136988,392.3,54.23123287671233,3.7221917808219174,17.027561643835618,
403645099242701,PHELPS,40.61264497222222,-99.40752011111113,2022,2022-04-26,Spring,16.56,2297.96,18.71538837147126,11.837698630136988,392.3,54.23123287671233,3.7221917808219174,17.027561643835618,
403645099242702,PHELPS,40.61264497222222,-99.40752011111113,2022,2022-04-26,Spring,17.95,2297.96,18.71538837147126,11.837698630136988,392.3,54.23123287671233,3.7221917808219174,17.027561643835618,
402320099231001,PHELPS,40.38914722222222,-99.38615277777778,2022,2022-04-27,Spring,212.21,2384.17,200.58652181901812,11.837698630136988,392.3,54.23123287671233,3.7221917808219174,17.027561643835618,
403946099383201,PHELPS,40.66301611111111,-99.64228555555556,2022,2022-04-28,Spring,93.09,2446.94,72.98325765980334,11.837698630136988,392.3,54.23123287671233,3.7221917808219174,17.027561643835618,
404033099373001,PHELPS,40.67593911111111,-99.62515633333332,2022,2022-04-28,Spring,7.19,2339.74,17.241739567502353,11.837698630136988,392.3,54.23123287671233,3.7221917808219174,17.027561643835618,
404040099383501,PHELPS,40.67796833333333,-99.64313333333334,2022,2022-04-28,Spring,7.29,2346.64,25.637444569207958,11.837698630136988,392.3,54.23123287671233,3.7221917808219174,17.027561643835618,
404059099383501,PHELPS,40.68328583333333,-99.64316027777778,2022,2022-04-28,Spring,13.72,2343.11,17.9919573700034,11.837698630136988,392.3,54.23123287671233,3.7221917808219174,17.027561643835618,
404102099373001,PHELPS,40.68405933333333,-99.62523716666666,2022,2022-04-28,Spring,7.93,2334.85,9.046887168448242,11.837698630136988,392.3,54.23123287671233,3.7221917808219174,17.027561643835618,
404102099373002,PHELPS,40.68405933333333,-99.62523716666666,2022,2022-04-28,Spring,5.83,2334.85,9.046887168448242,11.837698630136988,392.3,54.23123287671233,3.7221917808219174,17.027561643835618,
403739099293601,PHELPS,40.62758555555556,-99.49344,2022,2022-04-29,Spring,31.06,2356.31,29.200232145114185,11.837698630136988,392.3,54.23123287671233,3.7221917808219174,17.027561643835618,
403832099293501,PHELPS,40.64230694444444,-99.49321833333332,2022,2022-04-29,Spring,21.2,2322.16,21.329181461384927,11.837698630136988,392.3,54.23123287671233,3.7221917808219174,17.027561643835618,
403927099293501,PHELPS,40.65755805555556,-99.49321666666668,2022,2022-04-29,Spring,6.27,2297.65,9.384614295158064,11.837698630136988,392.3,54.23123287671233,3.7221917808219174,17.027561643835618,
403949099293501,PHELPS,40.66383277777778,-99.49320805555556,2022,2022-04-29,Spring,3.99,2291.23,6.51207474482999,11.837698630136988,392.3,54.23123287671233,3.7221917808219174,17.027561643835618,
403959099282801,PHELPS,40.66638638888889,-99.47439194444443,2022,2022-04-29,Spring,-0.22,2282.17,3.096874598075769,11.837698630136988,392.3,54.23123287671233,3.7221917808219174,17.027561643835618,
403959099282802,PHELPS,40.66638638888889,-99.47439194444443,2022,2022-04-29,Spring,1.66,2282.17,3.096874598075769,11.837698630136988,392.3,54.23123287671233,3.7221917808219174,17.027561643835618,
404006099282401,PHELPS,40.66854833333333,-99.4734825,2022,2022-04-29,Spring,-0.99,2280.04,2.5453412966015416,11.837698630136988,392.3,54.23123287671233,3.7221917808219174,17.027561643835618,
402532099222601,PHELPS,40.42564361111111,-99.37401277777776,2022,2022-05-19,Spring,90.8,2312.94,103.2328857119511,11.837698630136988,392.3,54.23123287671233,3.7221917808219174,17.027561643835618,
402532099222602,PHELPS,40.42564361111111,-99.37401277777776,2022,2022-05-19,Spring,96.86,2312.94,103.2328857119511,11.837698630136988,392.3,54.23123287671233,3.7221917808219174,17.027561643835618,
403037099313401,PHELPS,40.5104684,-99.5262137,2022,2022-05-13,Spring,76.51,2408.97,84.82971052994144,11.837698630136988,392.3,54.23123287671233,3.7221917808219174,17.027561643835618,
403123099261501,PHELPS,40.52446389,-99.436875,2022,2022-05-13,Spring,44.0,2361.96,42.578888293779045,11.837698630136988,392.3,54.23123287671233,3.7221917808219174,17.027561643835618,
403125099295701,PHELPS,40.5247252,-99.4992246,2022,2022-05-13,Spring,65.7,2402.13,68.07013541973399,11.837698630136988,392.3,54.23123287671233,3.7221917808219174,17.027561643835618,
403137099330201,PHELPS,40.5263766547222,-99.5496279,2022,2022-05-13,Spring,53.33,2405.25,71.33635399936578,11.837698630136988,392.3,54.23123287671233,3.7221917808219174,17.027561643835618,
403217099312001,PHELPS,40.5392815,-99.5207383,2022,2022-05-13,Spring,101.53,2451.89,79.05539839732033,11.837698630136988,392.3,54.23123287671233,3.7221917808219174,17.027561643835618,
403309099250701,PHELPS,40.5543784,-99.4199673,2022,2022-05-13,Spring,10.93,2322.67,17.142388090578514,11.837698630136988,392.3,54.23123287671233,3.7221917808219174,17.027561643835618,
403322099304801,PHELPS,40.5542755075,-99.5122815,2022,2022-05-13,Spring,56.74,2411.43,58.70626564422277,11.837698630136988,392.3,54.23123287671233,3.7221917808219174,17.027561643835618,
403322099371801,PHELPS,40.5557047,-99.6247601,2022,2022-05-13,Spring,74.91,2465.78,91.09603199215732,11.837698630136988,392.3,54.23123287671233,3.7221917808219174,17.027561643835618,
403506099350101,PHELPS,40.5833317,-99.5866221,2022,2022-05-13,Spring,101.0,2484.33,86.92578334600476,11.837698630136988,392.3,54.23123287671233,3.7221917808219174,17.027561643835618,
403540099260001,PHELPS,40.5946306,-99.4353739,2022,2022-05-13,Spring,24.06,2323.77,21.11225925021503,11.837698630136988,392.3,54.23123287671233,3.7221917808219174,17.027561643835618,
403646099293301,PHELPS,40.6127772,-99.4935704,2022,2022-05-13,Spring,19.08,2354.25,27.62395473608332,11.837698630136988,392.3,54.23123287671233,3.7221917808219174,17.027561643835618,
403651099281401,PHELPS,40.613021,-99.4747929,2022,2022-05-13,Spring,38.43,2345.39,29.47442524688433,11.837698630136988,392.3,54.23123287671233,3.7221917808219174,17.027561643835618,
403730099373501,PHELPS,40.6268217,-99.6246292,2022,2022-05-13,Spring,86.44,2471.08,86.1351026841751,11.837698630136988,392.3,54.23123287671233,3.7221917808219174,17.027561643835618,
403822099324501,PHELPS,40.6415361,-99.5482644,2022,2022-05-13,Spring,42.88,2377.53,38.18186573999103,11.837698630136988,392.3,54.23123287671233,3.7221917808219174,17.027561643835618,
403928099371801,PHELPS,40.655954,-99.6202609,2022,2022-05-13,Spring,87.42,2432.98,65.37666950781538,11.837698630136988,392.3,54.23123287671233,3.7221917808219174,17.027561643835618,
404007099351901,PHELPS,40.6709256,-99.5865622,2022,2022-05-13,Spring,7.74,2322.26,12.367551366475112,11.837698630136988,392.3,54.23123287671233,3.7221917808219174,17.027561643835618,
404020099355301,PHELPS,40.6710839,-99.5961084,2022,2022-05-13,Spring,9.16,2326.91,13.721549449359443,11.837698630136988,392.3,54.23123287671233,3.7221917808219174,17.027561643835618,
404016099370201,PHELPS,40.6711189,-99.61760995,2022,2022-04-12,Spring,6.13,2335.44,20.00885975910173,11.837698630136988,392.3,54.23123287671233,3.7221917808219174,17.027561643835618,
403922099223301,PHELPS,40.65834351,-99.38037703,2022,2022-04-12,Spring,7.08,2253.27,8.017742198271629,11.837698630136988,392.3,54.23123287671233,3.7221917808219174,17.027561643835618,
403217099235801,PHELPS,40.53806574,-99.39982287,2022,2022-04-12,Spring,23.05,2321.45,23.850121323420325,11.837698630136988,392.3,54.23123287671233,3.7221917808219174,17.027561643835618,
402802099285801,PHELPS,40.46775,-99.48183333,2022,2022-04-12,Spring,99.56,2376.84,109.00700958587936,11.837698630136988,392.3,54.23123287671233,3.7221917808219174,17.027561643835618,
403132099381001,PHELPS,40.52556319,-99.63650076,2022,2022-04-12,Spring,150.88,2517.21,135.6566094250363,11.837698630136988,392.3,54.23123287671233,3.7221917808219174,17.027561643835618,
402107099262000,PHELPS,40.35080555555556,-99.43768055555556,2023,2023-04-11,Spring,196.93,2363.91,194.79520437144916,12.096410958904109,567.81,61.07383561643836,3.2536164383561643,16.480931506849316,
402115099213100,PHELPS,40.35468888888889,-99.35943333333331,2023,2023-04-06,Spring,203.46,2345.58,195.71783177674263,12.096410958904109,567.81,61.07383561643836,3.2536164383561643,16.480931506849316,
402159099301600,PHELPS,40.3649,-99.50220555555556,2023,2023-04-06,Spring,180.73,2377.49,168.78649943648975,12.096410958904109,567.81,61.07383561643836,3.2536164383561643,16.480931506849316,
402200099160700,PHELPS,40.3669,-99.267175,2023,2023-04-06,Spring,149.38,2280.22,140.9626683910887,12.096410958904109,567.81,61.07383561643836,3.2536164383561643,16.480931506849316,
402233099341700,PHELPS,40.376269444444446,-99.57279166666666,2023,2023-04-06,Spring,111.43,2335.32,125.47293535253792,12.096410958904109,567.81,61.07383561643836,3.2536164383561643,16.480931506849316,
402320099231001,PHELPS,40.38914722222222,-99.38615277777778,2023,2023-04-11,Spring,211.4,2384.17,190.85872828139225,12.096410958904109,567.81,61.07383561643836,3.2536164383561643,16.480931506849316,
402326099185300,PHELPS,40.390366666666665,-99.31649722222222,2023,2023-04-06,Spring,148.71,2306.56,143.45204303813318,12.096410958904109,567.81,61.07383561643836,3.2536164383561643,16.480931506849316,
402334099293301,PHELPS,40.392735555555554,-99.49248916666669,2023,2023-04-13,Spring,134.13,2343.83,149.0582035951798,12.096410958904109,567.81,61.07383561643836,3.2536164383561643,16.480931506849316,
402334099293302,PHELPS,40.392735555555554,-99.49248916666669,2023,2023-04-13,Spring,134.65,2343.83,149.0582035951798,12.096410958904109,567.81,61.07383561643836,3.2536164383561643,16.480931506849316,
402342099143300,PHELPS,40.39436388888889,-99.24273333333332,2023,2023-04-06,Spring,114.23,2261.52,105.36224333345218,12.096410958904109,567.81,61.07383561643836,3.2536164383561643,16.480931506849316,
402404099383400,PHELPS,40.40166972222222,-99.64190722222224,2023,2023-04-06,Spring,87.03,2363.94,99.37685944819604,12.096410958904109,567.81,61.07383561643836,3.2536164383561643,16.480931506849316,
402406099311800,PHELPS,40.40154444444444,-99.52104166666666,2023,2023-04-06,Spring,180.5,2406.07,169.5393692139796,12.096410958904109,567.81,61.07383561643836,3.2536164383561643,16.480931506849316,
402421099112000,PHELPS,40.40549166666666,-99.18921666666668,2023,2023-04-06,Spring,60.46,2216.62,65.42221246375846,12.096410958904109,567.81,61.07383561643836,3.2536164383561643,16.480931506849316,
402423099152001,PHELPS,40.40643361111111,-99.2555336111111,2023,2023-04-10,Spring,91.8,2261.86,95.641933356863,12.096410958904109,567.81,61.07383561643836,3.2536164383561643,16.480931506849316,
402435099262900,PHELPS,40.40768055555555,-99.44083333333332,2023,2023-04-06,Spring,209.72,2405.19,185.51849925086745,12.096410958904109,567.81,61.07383561643836,3.2536164383561643,16.480931506849316,
402458099344401,PHELPS,40.41608027777777,-99.57890388888887,2023,2023-04-13,Spring,169.01,2426.49,162.63154227879772,12.096410958904109,567.81,61.07383561643836,3.2536164383561643,16.480931506849316,
402458099344402,PHELPS,40.41608027777777,-99.57890388888887,2023,2023-04-13,Spring,169.11,2426.49,162.63154227879772,12.096410958904109,567.81,61.07383561643836,3.2536164383561643,16.480931506849316,
402513099164801,PHELPS,40.42006111111111,-99.27985277777778,2023,2023-04-06,Spring,80.44,2278.97,85.8429001065023,12.096410958904109,567.81,61.07383561643836,3.2536164383561643,16.480931506849316,
402532099222601,PHELPS,40.42564361111111,-99.37401277777776,2023,2023-04-17,Spring,95.2,2312.94,107.67338327704708,12.096410958904109,567.81,61.07383561643836,3.2536164383561643,16.480931506849316,
402532099222602,PHELPS,40.42564361111111,-99.37401277777776,2023,2023-04-17,Spring,100.39,2312.94,107.67338327704708,12.096410958904109,567.81,61.07383561643836,3.2536164383561643,16.480931506849316,
402609099350800,PHELPS,40.43199166666666,-99.58200277777776,2023,2023-04-06,Spring,173.53,2443.0,162.48375710640394,12.096410958904109,567.81,61.07383561643836,3.2536164383561643,16.480931506849316,
402630099305500,PHELPS,40.44133611111111,-99.51204166666666,2023,2023-04-06,Spring,174.71,2426.38,164.6589416825302,12.096410958904109,567.81,61.07383561643836,3.2536164383561643,16.480931506849316,
402636099271801,PHELPS,40.44343083333333,-99.45505,2023,2023-04-13,Spring,130.76,2362.54,132.9001020977888,12.096410958904109,567.81,61.07383561643836,3.2536164383561643,16.480931506849316,
402636099271802,PHELPS,40.44343083333333,-99.45505,2023,2023-04-13,Spring,129.6,2362.54,132.9001020977888,12.096410958904109,567.81,61.07383561643836,3.2536164383561643,16.480931506849316,
402649099350601,PHELPS,40.44692,-99.58488888888888,2023,2023-04-13,Spring,146.62,2428.0,151.07185042760008,12.096410958904109,567.81,61.07383561643836,3.2536164383561643,16.480931506849316,
402649099350602,PHELPS,40.44692,-99.58488888888888,2023,2023-04-13,Spring,145.59,2428.0,151.07185042760008,12.096410958904109,567.81,61.07383561643836,3.2536164383561643,16.480931506849316,
402756099320601,PHELPS,40.46654722222223,-99.53547222222224,2023,2023-04-06,Spring,163.15,2446.36,153.80951941403418,12.096410958904109,567.81,61.07383561643836,3.2536164383561643,16.480931506849316,
402813099382100,PHELPS,40.46941944444445,-99.63914166666667,2023,2023-04-06,Spring,154.25,2473.68,141.34390080083747,12.096410958904109,567.81,61.07383561643836,3.2536164383561643,16.480931506849316,
402853099135101,PHELPS,40.48150472222223,-99.23095833333332,2023,2023-04-11,Spring,34.4,2247.07,33.73351669955321,12.096410958904109,567.81,61.07383561643836,3.2536164383561643,16.480931506849316,
402853099135102,PHELPS,40.48150472222223,-99.23095833333332,2023,2023-04-11,Spring,34.43,2247.07,33.73351669955321,12.096410958904109,567.81,61.07383561643836,3.2536164383561643,16.480931506849316,
402854099213801,PHELPS,40.48158305555556,-99.36045888888889,2023,2023-04-17,Spring,54.02,2315.4,52.82188456914341,12.096410958904109,567.81,61.07383561643836,3.2536164383561643,16.480931506849316,
402854099213802,PHELPS,40.48158305555556,-99.36045888888889,2023,2023-04-17,Spring,54.21,2315.4,52.82188456914341,12.096410958904109,567.81,61.07383561643836,3.2536164383561643,16.480931506849316,
402854099213803,PHELPS,40.48158055,-99.36045833,2023,2023-04-17,Spring,52.78,2315.0,52.82188456914341,12.096410958904109,567.81,61.07383561643836,3.2536164383561643,16.480931506849316,
402906099342201,PHELPS,40.485083333333336,-99.57288888888888,2023,2023-04-06,Spring,147.99,2458.82,140.91912518146012,12.096410958904109,567.81,61.07383561643836,3.2536164383561643,16.480931506849316,
403029099130401,PHELPS,40.508164,-99.217889,2023,2023-04-10,Spring,18.98,2229.8,26.14284974182332,12.096410958904109,567.81,61.07383561643836,3.2536164383561643,16.480931506849316,
403315099351501,PHELPS,40.554270555555554,-99.58744083333332,2023,2023-04-12,Spring,71.02,2447.59,80.36642728813172,12.096410958904109,567.81,61.07383561643836,3.2536164383561643,16.480931506849316,
403315099351502,PHELPS,40.554270555555554,-99.58744083333332,2023,2023-04-12,Spring,72.85,2447.59,80.36642728813172,12.096410958904109,567.81,61.07383561643836,3.2536164383561643,16.480931506849316,
403350099282701,PHELPS,40.56375277777777,-99.47419805555556,2023,2023-04-12,Spring,16.95,2351.95,21.190342381028028,12.096410958904109,567.81,61.07383561643836,3.2536164383561643,16.480931506849316,
403350099282702,PHELPS,40.56375277777777,-99.47419805555556,2023,2023-04-12,Spring,17.29,2351.95,21.190342381028028,12.096410958904109,567.81,61.07383561643836,3.2536164383561643,16.480931506849316,
403408099130501,PHELPS,40.56878722222223,-99.21816944444444,2023,2023-04-11,Spring,15.9,2216.56,22.844201590880584,12.096410958904109,567.81,61.07383561643836,3.2536164383561643,16.480931506849316,
403408099130502,PHELPS,40.56878722222223,-99.21816944444444,2023,2023-04-11,Spring,16.1,2216.56,22.844201590880584,12.096410958904109,567.81,61.07383561643836,3.2536164383561643,16.480931506849316,
403645099242701,PHELPS,40.61264497222222,-99.40752011111113,2023,2023-04-12,Spring,21.65,2297.96,18.640596859703564,12.096410958904109,567.81,61.07383561643836,3.2536164383561643,16.480931506849316,
403645099242702,PHELPS,40.61264497222222,-99.40752011111113,2023,2023-04-12,Spring,22.27,2297.96,18.640596859703564,12.096410958904109,567.81,61.07383561643836,3.2536164383561643,16.480931506849316,
403710099104601,PHELPS,40.6195145,-99.17947241666668,2023,2023-04-12,Spring,17.0,2193.97,21.550856763190257,12.096410958904109,567.81,61.07383561643836,3.2536164383561643,16.480931506849316,
403710099104602,PHELPS,40.6195145,-99.17947241666668,2023,2023-04-12,Spring,17.05,2193.97,21.550856763190257,12.096410958904109,567.81,61.07383561643836,3.2536164383561643,16.480931506849316,
403738099181101,PHELPS,40.62740444444445,-99.30320513888888,2023,2023-04-12,Spring,18.21,2241.2,17.046276946644493,12.096410958904109,567.81,61.07383561643836,3.2536164383561643,16.480931506849316,
403738099181102,PHELPS,40.62740444444445,-99.30320513888888,2023,2023-04-12,Spring,18.34,2241.2,17.046276946644493,12.096410958904109,567.81,61.07383561643836,3.2536164383561643,16.480931506849316,
403739099293601,PHELPS,40.62758555555556,-99.49344,2023,2023-04-14,Spring,36.03,2356.31,29.560505314415597,12.096410958904109,567.81,61.07383561643836,3.2536164383561643,16.480931506849316,
403831099173501,PHELPS,40.642178,-99.29327591666666,2023,2023-04-12,Spring,12.55,2229.47,15.021901816056934,12.096410958904109,567.81,61.07383561643836,3.2536164383561643,16.480931506849316,
403831099173502,PHELPS,40.642178,-99.29327591666666,2023,2023-04-12,Spring,12.75,2229.47,15.021901816056934,12.096410958904109,567.81,61.07383561643836,3.2536164383561643,16.480931506849316,
403832099293501,PHELPS,40.64230694444444,-99.49321833333332,2023,2023-04-14,Spring,23.66,2322.16,22.049554764375948,12.096410958904109,567.81,61.07383561643836,3.2536164383561643,16.480931506849316,
403903099214301,PHELPS,40.650864722222224,-99.3618686111111,2023,2023-04-12,Spring,8.89,2248.47,9.463651057710756,12.096410958904109,567.81,61.07383561643836,3.2536164383561643,16.480931506849316,
403903099214302,PHELPS,40.650864722222224,-99.3618686111111,2023,2023-04-12,Spring,8.96,2248.47,9.463651057710756,12.096410958904109,567.81,61.07383561643836,3.2536164383561643,16.480931506849316,
403927099293501,PHELPS,40.65755805555556,-99.49321666666668,2023,2023-04-14,Spring,8.96,2297.65,11.655820115898786,12.096410958904109,567.81,61.07383561643836,3.2536164383561643,16.480931506849316,
403946099383201,PHELPS,40.66301611111111,-99.64228555555556,2023,2023-04-14,Spring,96.69,2446.94,63.72189495375274,12.096410958904109,567.81,61.07383561643836,3.2536164383561643,16.480931506849316,
403949099293501,PHELPS,40.66383277777778,-99.49320805555556,2023,2023-04-14,Spring,4.51,2291.23,9.151005772891182,12.096410958904109,567.81,61.07383561643836,3.2536164383561643,16.480931506849316,
403959099282801,PHELPS,40.66638638888889,-99.47439194444443,2023,2023-04-14,Spring,4.1,2282.17,5.313008826005781,12.096410958904109,567.81,61.07383561643836,3.2536164383561643,16.480931506849316,
403959099282802,PHELPS,40.66638638888889,-99.47439194444443,2023,2023-04-14,Spring,4.07,2282.17,5.313008826005781,12.096410958904109,567.81,61.07383561643836,3.2536164383561643,16.480931506849316,
404006099282401,PHELPS,40.66854833333333,-99.4734825,2023,2023-04-14,Spring,2.48,2280.04,4.832521510847069,12.096410958904109,567.81,61.07383561643836,3.2536164383561643,16.480931506849316,
404033099373001,PHELPS,40.67593911111111,-99.62515633333332,2023,2023-04-14,Spring,10.56,2339.74,23.179373126436857,12.096410958904109,567.81,61.07383561643836,3.2536164383561643,16.480931506849316,
404040099383501,PHELPS,40.67796833333333,-99.64313333333334,2023,2023-04-14,Spring,10.68,2346.64,26.72851238521817,12.096410958904109,567.81,61.07383561643836,3.2536164383561643,16.480931506849316,
404059099383501,PHELPS,40.68328583333333,-99.64316027777778,2023,2023-04-14,Spring,12.79,2343.11,20.215823038132925,12.096410958904109,567.81,61.07383561643836,3.2536164383561643,16.480931506849316,
404102099373001,PHELPS,40.68405933333333,-99.62523716666666,2023,2023-04-14,Spring,9.55,2334.85,13.148382462269314,12.096410958904109,567.81,61.07383561643836,3.2536164383561643,16.480931506849316,
404102099373002,PHELPS,40.68405933333333,-99.62523716666666,2023,2023-04-14,Spring,8.44,2334.85,13.148382462269314,12.096410958904109,567.81,61.07383561643836,3.2536164383561643,16.480931506849316,
403316099192301,PHELPS,40.554508,-99.32334,2023,2023-04-12,Spring,17.95,2267.0,18.27993633204223,12.096410958904109,567.81,61.07383561643836,3.2536164383561643,16.480931506849316,
403226099345801,PHELPS,40.54044444,-99.58280556,2023,2023-04-12,Spring,95.86,2461.0,91.07867061171216,12.096410958904109,567.81,61.07383561643836,3.2536164383561643,16.480931506849316,
403327099192302,PHELPS,40.55758333,-99.32308333,2023,2023-04-12,Spring,17.27,2267.0,18.594741312346265,12.096410958904109,567.81,61.07383561643836,3.2536164383561643,16.480931506849316,
G-187841Deep,PHELPS,40.55758333,-99.32308333,2023,2023-04-12,Spring,18.79,2268.0,18.594741312346265,12.096410958904109,567.81,61.07383561643836,3.2536164383561643,16.480931506849316,
403316099202901,PHELPS,40.55436111,-99.34138889,2023,2023-04-12,Spring,11.17,2268.0,12.787210003787273,12.096410958904109,567.81,61.07383561643836,3.2536164383561643,16.480931506849316,
403248099315201,PHELPS,40.54658611,-99.53116944,2023,2023-04-12,Spring,58.26,2417.0,67.06627728518659,12.096410958904109,567.81,61.07383561643836,3.2536164383561643,16.480931506849316,
G-189411Deep,PHELPS,40.54658611,-99.53116944,2023,2023-04-12,Spring,60.07,2417.0,67.06627728518659,12.096410958904109,567.81,61.07383561643836,3.2536164383561643,16.480931506849316,
402513099164801,PHELPS,40.42006111111111,-99.27985277777778,2022,2022-10-06,Fall,84.45,2278.97,82.35437545089985,11.837698630136988,392.3,54.23123287671233,3.7221917808219174,17.027561643835618,
402421099112000,PHELPS,40.40549166666666,-99.18921666666668,2022,2022-10-06,Fall,63.0,2216.62,67.61613151930986,11.837698630136988,392.3,54.23123287671233,3.7221917808219174,17.027561643835618,
402423099152001,PHELPS,40.40643361111111,-99.2555336111111,2022,2022-10-11,Fall,92.54,2261.86,93.85304850195716,11.837698630136988,392.3,54.23123287671233,3.7221917808219174,17.027561643835618,
402342099143300,PHELPS,40.39436388888889,-99.24273333333332,2022,2022-10-06,Fall,115.25,2261.52,107.46212379388407,11.837698630136988,392.3,54.23123287671233,3.7221917808219174,17.027561643835618,
402200099160700,PHELPS,40.3669,-99.267175,2022,2022-10-06,Fall,149.38,2280.22,143.86581453044332,11.837698630136988,392.3,54.23123287671233,3.7221917808219174,17.027561643835618,
402532099222602,PHELPS,40.42564361111111,-99.37401277777776,2022,2022-10-11,Fall,102.92,2312.94,103.2328857119511,11.837698630136988,392.3,54.23123287671233,3.7221917808219174,17.027561643835618,
402532099222601,PHELPS,40.42564361111111,-99.37401277777776,2022,2022-10-11,Fall,97.2,2312.94,103.2328857119511,11.837698630136988,392.3,54.23123287671233,3.7221917808219174,17.027561643835618,
402320099231001,PHELPS,40.38914722222222,-99.38615277777778,2022,2022-10-06,Fall,214.3,2384.17,200.58652181901812,11.837698630136988,392.3,54.23123287671233,3.7221917808219174,17.027561643835618,
402326099185300,PHELPS,40.390366666666665,-99.31649722222222,2022,2022-10-06,Fall,149.79,2306.56,145.17968274989684,11.837698630136988,392.3,54.23123287671233,3.7221917808219174,17.027561643835618,
402115099213100,PHELPS,40.35468888888889,-99.35943333333331,2022,2022-10-06,Fall,202.92,2345.58,199.8431390292331,11.837698630136988,392.3,54.23123287671233,3.7221917808219174,17.027561643835618,
402435099262900,PHELPS,40.40768055555555,-99.44083333333332,2022,2022-10-06,Fall,206.93,2405.19,191.4540270709395,11.837698630136988,392.3,54.23123287671233,3.7221917808219174,17.027561643835618,
402406099311800,PHELPS,40.40154444444444,-99.52104166666666,2022,2022-10-06,Fall,182.02,2406.07,172.92232522241025,11.837698630136988,392.3,54.23123287671233,3.7221917808219174,17.027561643835618,
402334099293301,PHELPS,40.392735555555554,-99.49248916666669,2022,2022-10-11,Fall,135.53,2343.83,142.36915950163072,11.837698630136988,392.3,54.23123287671233,3.7221917808219174,17.027561643835618,
402334099293302,PHELPS,40.392735555555554,-99.49248916666669,2022,2022-10-11,Fall,136.25,2343.83,142.36915950163072,11.837698630136988,392.3,54.23123287671233,3.7221917808219174,17.027561643835618,
402159099301600,PHELPS,40.3649,-99.50220555555556,2022,2022-10-06,Fall,181.83,2377.49,172.11494424705103,11.837698630136988,392.3,54.23123287671233,3.7221917808219174,17.027561643835618,
402107099262000,PHELPS,40.35080555555556,-99.43768055555556,2022,2022-10-06,Fall,198.73,2363.91,197.48066070821557,11.837698630136988,392.3,54.23123287671233,3.7221917808219174,17.027561643835618,
402609099350800,PHELPS,40.43199166666666,-99.58200277777776,2022,2022-10-06,Fall,175.59,2443.0,165.775897903886,11.837698630136988,392.3,54.23123287671233,3.7221917808219174,17.027561643835618,
402458099344401,PHELPS,40.41608027777777,-99.57890388888887,2022,2022-10-11,Fall,170.73,2426.49,165.8060724465069,11.837698630136988,392.3,54.23123287671233,3.7221917808219174,17.027561643835618,
402458099344402,PHELPS,40.41608027777777,-99.57890388888887,2022,2022-10-11,Fall,170.84,2426.49,165.8060724465069,11.837698630136988,392.3,54.23123287671233,3.7221917808219174,17.027561643835618,
402404099383400,PHELPS,40.40166972222222,-99.64190722222224,2022,2022-10-05,Fall,89.57,2363.94,93.71140503569436,11.837698630136988,392.3,54.23123287671233,3.7221917808219174,17.027561643835618,
402233099341700,PHELPS,40.376269444444446,-99.57279166666666,2022,2022-10-06,Fall,112.31,2335.32,119.13953529467685,11.837698630136988,392.3,54.23123287671233,3.7221917808219174,17.027561643835618,
402853099135101,PHELPS,40.48150472222223,-99.23095833333332,2022,2022-10-11,Fall,34.21,2247.07,31.89291030980888,11.837698630136988,392.3,54.23123287671233,3.7221917808219174,17.027561643835618,
402853099135102,PHELPS,40.48150472222223,-99.23095833333332,2022,2022-10-11,Fall,34.26,2247.07,31.89291030980888,11.837698630136988,392.3,54.23123287671233,3.7221917808219174,17.027561643835618,
402854099213802,PHELPS,40.48158305555556,-99.36045888888889,2022,2022-10-11,Fall,56.71,2315.4,53.313750039382086,11.837698630136988,392.3,54.23123287671233,3.7221917808219174,17.027561643835618,
402854099213801,PHELPS,40.48158305555556,-99.36045888888889,2022,2022-10-11,Fall,56.49,2315.4,53.313750039382086,11.837698630136988,392.3,54.23123287671233,3.7221917808219174,17.027561643835618,
402630099305500,PHELPS,40.44133611111111,-99.51204166666666,2022,2022-10-06,Fall,177.92,2426.38,167.79378879299392,11.837698630136988,392.3,54.23123287671233,3.7221917808219174,17.027561643835618,
402636099271801,PHELPS,40.44343083333333,-99.45505,2022,2022-10-31,Fall,131.85,2362.54,130.1791434699296,11.837698630136988,392.3,54.23123287671233,3.7221917808219174,17.027561643835618,
402636099271802,PHELPS,40.44343083333333,-99.45505,2022,2022-10-31,Fall,131.7,2362.54,130.1791434699296,11.837698630136988,392.3,54.23123287671233,3.7221917808219174,17.027561643835618,
402813099382100,PHELPS,40.46941944444445,-99.63914166666667,2022,2022-10-05,Fall,159.06,2473.68,149.2776784816854,11.837698630136988,392.3,54.23123287671233,3.7221917808219174,17.027561643835618,
402756099320601,PHELPS,40.46654722222223,-99.53547222222224,2022,2022-10-16,Fall,165.73,2446.36,157.03718756280605,11.837698630136988,392.3,54.23123287671233,3.7221917808219174,17.027561643835618,
402649099350601,PHELPS,40.44692,-99.58488888888888,2022,2022-10-11,Fall,148.52,2428.0,150.29178379068424,11.837698630136988,392.3,54.23123287671233,3.7221917808219174,17.027561643835618,
402649099350602,PHELPS,40.44692,-99.58488888888888,2022,2022-10-11,Fall,149.72,2428.0,150.29178379068424,11.837698630136988,392.3,54.23123287671233,3.7221917808219174,17.027561643835618,
403408099130502,PHELPS,40.56878722222223,-99.21816944444444,2022,2022-10-11,Fall,17.13,2216.56,13.434145203537046,11.837698630136988,392.3,54.23123287671233,3.7221917808219174,17.027561643835618,
403408099130501,PHELPS,40.56878722222223,-99.21816944444444,2022,2022-10-11,Fall,16.95,2216.56,13.434145203537046,11.837698630136988,392.3,54.23123287671233,3.7221917808219174,17.027561643835618,
403645099242701,PHELPS,40.61264497222222,-99.40752011111113,2022,2022-10-11,Fall,22.65,2297.96,18.71538837147126,11.837698630136988,392.3,54.23123287671233,3.7221917808219174,17.027561643835618,
403645099242702,PHELPS,40.61264497222222,-99.40752011111113,2022,2022-10-11,Fall,23.15,2297.96,18.71538837147126,11.837698630136988,392.3,54.23123287671233,3.7221917808219174,17.027561643835618,
403350099282702,PHELPS,40.56375277777777,-99.47419805555556,2022,2022-10-11,Fall,18.05,2351.95,20.85914548841733,11.837698630136988,392.3,54.23123287671233,3.7221917808219174,17.027561643835618,
403350099282701,PHELPS,40.56375277777777,-99.47419805555556,2022,2022-10-11,Fall,17.85,2351.95,20.85914548841733,11.837698630136988,392.3,54.23123287671233,3.7221917808219174,17.027561643835618,
403315099351502,PHELPS,40.554270555555554,-99.58744083333332,2022,2022-10-11,Fall,72.81,2447.59,75.02781179151951,11.837698630136988,392.3,54.23123287671233,3.7221917808219174,17.027561643835618,
403315099351501,PHELPS,40.554270555555554,-99.58744083333332,2022,2022-10-11,Fall,70.85,2447.59,75.02781179151951,11.837698630136988,392.3,54.23123287671233,3.7221917808219174,17.027561643835618,
403738099181101,PHELPS,40.62740444444445,-99.30320513888888,2022,2022-10-11,Fall,19.44,2241.2,14.800801140233515,11.837698630136988,392.3,54.23123287671233,3.7221917808219174,17.027561643835618,
403738099181102,PHELPS,40.62740444444445,-99.30320513888888,2022,2022-10-11,Fall,19.34,2241.2,14.800801140233515,11.837698630136988,392.3,54.23123287671233,3.7221917808219174,17.027561643835618,
403831099173502,PHELPS,40.642178,-99.29327591666666,2022,2022-10-11,Fall,14.05,2229.47,12.839678723624775,11.837698630136988,392.3,54.23123287671233,3.7221917808219174,17.027561643835618,
403831099173501,PHELPS,40.642178,-99.29327591666666,2022,2022-10-11,Fall,13.85,2229.47,12.839678723624775,11.837698630136988,392.3,54.23123287671233,3.7221917808219174,17.027561643835618,
403710099104601,PHELPS,40.6195145,-99.17947241666668,2022,2022-10-21,Fall,17.35,2193.97,16.48533576114562,11.837698630136988,392.3,54.23123287671233,3.7221917808219174,17.027561643835618,
403710099104602,PHELPS,40.6195145,-99.17947241666668,2022,2022-10-21,Fall,17.94,2193.97,16.48533576114562,11.837698630136988,392.3,54.23123287671233,3.7221917808219174,17.027561643835618,
403903099214302,PHELPS,40.650864722222224,-99.3618686111111,2022,2022-10-11,Fall,10.09,2248.47,8.370730196371747,11.837698630136988,392.3,54.23123287671233,3.7221917808219174,17.027561643835618,
403903099214301,PHELPS,40.650864722222224,-99.3618686111111,2022,2022-10-11,Fall,10.09,2248.47,8.370730196371747,11.837698630136988,392.3,54.23123287671233,3.7221917808219174,17.027561643835618,
404006099282401,PHELPS,40.66854833333333,-99.4734825,2022,2022-10-20,Fall,3.78,2280.04,2.5453412966015416,11.837698630136988,392.3,54.23123287671233,3.7221917808219174,17.027561643835618,
403959099282802,PHELPS,40.66638638888889,-99.47439194444443,2022,2022-10-20,Fall,4.61,2282.17,3.096874598075769,11.837698630136988,392.3,54.23123287671233,3.7221917808219174,17.027561643835618,
403927099293501,PHELPS,40.65755805555556,-99.49321666666668,2022,2022-10-20,Fall,10.29,2297.65,9.384614295158064,11.837698630136988,392.3,54.23123287671233,3.7221917808219174,17.027561643835618,
403959099282801,PHELPS,40.66638638888889,-99.47439194444443,2022,2022-10-20,Fall,4.66,2282.17,3.096874598075769,11.837698630136988,392.3,54.23123287671233,3.7221917808219174,17.027561643835618,
403949099293501,PHELPS,40.66383277777778,-99.49320805555556,2022,2022-10-20,Fall,5.33,2291.23,6.51207474482999,11.837698630136988,392.3,54.23123287671233,3.7221917808219174,17.027561643835618,
403832099293501,PHELPS,40.64230694444444,-99.49321833333332,2022,2022-10-20,Fall,24.74,2322.16,21.329181461384927,11.837698630136988,392.3,54.23123287671233,3.7221917808219174,17.027561643835618,
403739099293601,PHELPS,40.62758555555556,-99.49344,2022,2022-10-20,Fall,34.53,2356.31,29.200232145114185,11.837698630136988,392.3,54.23123287671233,3.7221917808219174,17.027561643835618,
404059099383501,PHELPS,40.68328583333333,-99.64316027777778,2022,2022-10-20,Fall,15.3,2343.11,17.9919573700034,11.837698630136988,392.3,54.23123287671233,3.7221917808219174,17.027561643835618,
404033099373001,PHELPS,40.67593911111111,-99.62515633333332,2022,2022-10-20,Fall,11.6,2339.74,17.241739567502353,11.837698630136988,392.3,54.23123287671233,3.7221917808219174,17.027561643835618,
404102099373001,PHELPS,40.68405933333333,-99.62523716666666,2022,2022-10-20,Fall,10.74,2334.85,9.046887168448242,11.837698630136988,392.3,54.23123287671233,3.7221917808219174,17.027561643835618,
404102099373002,PHELPS,40.68405933333333,-99.62523716666666,2022,2022-10-20,Fall,9.14,2334.85,9.046887168448242,11.837698630136988,392.3,54.23123287671233,3.7221917808219174,17.027561643835618,
403946099383201,PHELPS,40.66301611111111,-99.64228555555556,2022,2022-10-20,Fall,97.29,2446.94,72.98325765980334,11.837698630136988,392.3,54.23123287671233,3.7221917808219174,17.027561643835618,
402107099262000,PHELPS,40.35080555555556,-99.43768055555556,2021,2021-10-04,Fall,197.99,2363.91,197.26224697680385,11.854109589041096,675.54,63.413260273972604,3.3998082191780825,16.312,
402115099213100,PHELPS,40.35468888888889,-99.35943333333331,2021,2021-10-04,Fall,202.25,2345.58,200.25621923959744,11.854109589041096,675.54,63.413260273972604,3.3998082191780825,16.312,
402159099301600,PHELPS,40.3649,-99.50220555555556,2021,2021-10-04,Fall,180.73,2377.49,172.44507441911642,11.854109589041096,675.54,63.413260273972604,3.3998082191780825,16.312,
402200099160700,PHELPS,40.3669,-99.267175,2021,2021-10-04,Fall,147.62,2280.22,143.36494334809203,11.854109589041096,675.54,63.413260273972604,3.3998082191780825,16.312,
402233099341700,PHELPS,40.376269444444446,-99.57279166666666,2021,2021-10-04,Fall,111.7,2335.32,118.17821604053596,11.854109589041096,675.54,63.413260273972604,3.3998082191780825,16.312,
402320099231001,PHELPS,40.38914722222222,-99.38615277777778,2021,2021-10-04,Fall,213.59,2384.17,201.9361453931469,11.854109589041096,675.54,63.413260273972604,3.3998082191780825,16.312,
402326099185300,PHELPS,40.390366666666665,-99.31649722222222,2021,2021-10-04,Fall,148.48,2306.56,145.0488300400411,11.854109589041096,675.54,63.413260273972604,3.3998082191780825,16.312,
402334099293301,PHELPS,40.392735555555554,-99.49248916666669,2021,2021-10-06,Fall,135.13,2343.83,141.78338449364523,11.854109589041096,675.54,63.413260273972604,3.3998082191780825,16.312,
402334099293302,PHELPS,40.392735555555554,-99.49248916666669,2021,2021-10-06,Fall,135.49,2343.83,141.78338449364523,11.854109589041096,675.54,63.413260273972604,3.3998082191780825,16.312,
402342099143300,PHELPS,40.39436388888889,-99.24273333333332,2021,2021-10-04,Fall,113.84,2261.52,106.81479951079211,11.854109589041096,675.54,63.413260273972604,3.3998082191780825,16.312,
402404099383400,PHELPS,40.40166972222222,-99.64190722222224,2021,2021-10-04,Fall,86.91,2363.94,91.91309352762887,11.854109589041096,675.54,63.413260273972604,3.3998082191780825,16.312,
402406099311800,PHELPS,40.40154444444444,-99.52104166666666,2021,2021-10-04,Fall,181.02,2406.07,173.8844420691417,11.854109589041096,675.54,63.413260273972604,3.3998082191780825,16.312,
402421099112000,PHELPS,40.40549166666666,-99.18921666666668,2021,2021-10-04,Fall,60.13,2216.62,61.63756806292576,11.854109589041096,675.54,63.413260273972604,3.3998082191780825,16.312,
402423099152001,PHELPS,40.40643361111111,-99.2555336111111,2021,2021-10-07,Fall,91.4,2261.86,92.53329605756586,11.854109589041096,675.54,63.413260273972604,3.3998082191780825,16.312,
402435099262900,PHELPS,40.40768055555555,-99.44083333333332,2021,2021-10-04,Fall,205.78,2405.19,192.88779924883684,11.854109589041096,675.54,63.413260273972604,3.3998082191780825,16.312,
402458099344401,PHELPS,40.41608027777777,-99.57890388888887,2021,2021-10-06,Fall,169.94,2426.49,164.79163241311457,11.854109589041096,675.54,63.413260273972604,3.3998082191780825,16.312,
402458099344402,PHELPS,40.41608027777777,-99.57890388888887,2021,2021-10-06,Fall,170.04,2426.49,164.79163241311457,11.854109589041096,675.54,63.413260273972604,3.3998082191780825,16.312,
402513099164801,PHELPS,40.42006111111111,-99.27985277777778,2021,2021-10-04,Fall,80.95,2278.97,81.63166157853219,11.854109589041096,675.54,63.413260273972604,3.3998082191780825,16.312,
402532099222601,PHELPS,40.42564361111111,-99.37401277777776,2021,2021-10-22,Fall,95.42,2312.94,104.23483173219743,11.854109589041096,675.54,63.413260273972604,3.3998082191780825,16.312,
402532099222602,PHELPS,40.42564361111111,-99.37401277777776,2021,2021-10-22,Fall,100.44,2312.94,104.23483173219743,11.854109589041096,675.54,63.413260273972604,3.3998082191780825,16.312,
402609099350800,PHELPS,40.43199166666666,-99.58200277777776,2021,2021-10-04,Fall,173.95,2443.0,165.81796068938067,11.854109589041096,675.54,63.413260273972604,3.3998082191780825,16.312,
402630099305500,PHELPS,40.44133611111111,-99.51204166666666,2021,2021-10-04,Fall,175.62,2426.38,168.61740590244335,11.854109589041096,675.54,63.413260273972604,3.3998082191780825,16.312,
402636099271801,PHELPS,40.44343083333333,-99.45505,2021,2021-10-22,Fall,131.45,2362.54,128.86239676080626,11.854109589041096,675.54,63.413260273972604,3.3998082191780825,16.312,
402636099271802,PHELPS,40.44343083333333,-99.45505,2021,2021-10-22,Fall,130.32,2362.54,128.86239676080626,11.854109589041096,675.54,63.413260273972604,3.3998082191780825,16.312,
402649099350601,PHELPS,40.44692,-99.58488888888888,2021,2021-10-06,Fall,146.9,2428.0,148.85518547586537,11.854109589041096,675.54,63.413260273972604,3.3998082191780825,16.312,
402649099350602,PHELPS,40.44692,-99.58488888888888,2021,2021-10-06,Fall,147.93,2428.0,148.85518547586537,11.854109589041096,675.54,63.413260273972604,3.3998082191780825,16.312,
402756099320601,PHELPS,40.46654722222223,-99.53547222222224,2021,2021-10-04,Fall,163.85,2446.36,157.6700180874571,11.854109589041096,675.54,63.413260273972604,3.3998082191780825,16.312,
402813099382100,PHELPS,40.46941944444445,-99.63914166666667,2021,2021-10-04,Fall,154.73,2473.68,148.88111839107034,11.854109589041096,675.54,63.413260273972604,3.3998082191780825,16.312,
402853099135101,PHELPS,40.48150472222223,-99.23095833333332,2021,2021-10-04,Fall,29.93,2247.07,29.18870427675962,11.854109589041096,675.54,63.413260273972604,3.3998082191780825,16.312,
402853099135102,PHELPS,40.48150472222223,-99.23095833333332,2021,2021-10-04,Fall,29.81,2247.07,29.18870427675962,11.854109589041096,675.54,63.413260273972604,3.3998082191780825,16.312,
402854099213801,PHELPS,40.48158305555556,-99.36045888888889,2021,2021-10-04,Fall,52.91,2315.4,50.62677884227635,11.854109589041096,675.54,63.413260273972604,3.3998082191780825,16.312,
402854099213802,PHELPS,40.48158305555556,-99.36045888888889,2021,2021-10-04,Fall,53.07,2315.4,50.62677884227635,11.854109589041096,675.54,63.413260273972604,3.3998082191780825,16.312,
403315099351501,PHELPS,40.554270555555554,-99.58744083333332,2021,2021-10-06,Fall,69.87,2447.59,74.37626442008987,11.854109589041096,675.54,63.413260273972604,3.3998082191780825,16.312,
403315099351502,PHELPS,40.554270555555554,-99.58744083333332,2021,2021-10-06,Fall,71.45,2447.59,74.37626442008987,11.854109589041096,675.54,63.413260273972604,3.3998082191780825,16.312,
403350099282701,PHELPS,40.56375277777777,-99.47419805555556,2021,2021-10-05,Fall,14.72,2351.95,16.085575855031266,11.854109589041096,675.54,63.413260273972604,3.3998082191780825,16.312,
403350099282702,PHELPS,40.56375277777777,-99.47419805555556,2021,2021-10-05,Fall,14.89,2351.95,16.085575855031266,11.854109589041096,675.54,63.413260273972604,3.3998082191780825,16.312,
403408099130501,PHELPS,40.56878722222223,-99.21816944444444,2021,2021-10-04,Fall,27.05,2216.56,20.970589986210204,11.854109589041096,675.54,63.413260273972604,3.3998082191780825,16.312,
403408099130502,PHELPS,40.56878722222223,-99.21816944444444,2021,2021-10-04,Fall,21.82,2216.56,20.970589986210204,11.854109589041096,675.54,63.413260273972604,3.3998082191780825,16.312,
403645099242701,PHELPS,40.61264497222222,-99.40752011111113,2021,2021-10-04,Fall,20.06,2297.96,18.009610861627866,11.854109589041096,675.54,63.413260273972604,3.3998082191780825,16.312,
403645099242702,PHELPS,40.61264497222222,-99.40752011111113,2021,2021-10-04,Fall,20.54,2297.96,18.009610861627866,11.854109589041096,675.54,63.413260273972604,3.3998082191780825,16.312,
403710099104601,PHELPS,40.6195145,-99.17947241666668,2021,2021-10-04,Fall,15.12,2193.97,15.641542302866975,11.854109589041096,675.54,63.413260273972604,3.3998082191780825,16.312,
403710099104602,PHELPS,40.6195145,-99.17947241666668,2021,2021-10-04,Fall,15.12,2193.97,15.641542302866975,11.854109589041096,675.54,63.413260273972604,3.3998082191780825,16.312,
403738099181101,PHELPS,40.62740444444445,-99.30320513888888,2021,2021-10-04,Fall,16.81,2241.2,14.05723348260882,11.854109589041096,675.54,63.413260273972604,3.3998082191780825,16.312,
403738099181102,PHELPS,40.62740444444445,-99.30320513888888,2021,2021-10-04,Fall,16.69,2241.2,14.05723348260882,11.854109589041096,675.54,63.413260273972604,3.3998082191780825,16.312,
403739099293601,PHELPS,40.62758555555556,-99.49344,2021,2021-10-26,Fall,31.41,2356.31,27.661161056020635,11.854109589041096,675.54,63.413260273972604,3.3998082191780825,16.312,
403831099173501,PHELPS,40.642178,-99.29327591666666,2021,2021-10-04,Fall,11.27,2229.47,10.730371708585755,11.854109589041096,675.54,63.413260273972604,3.3998082191780825,16.312,
403831099173502,PHELPS,40.642178,-99.29327591666666,2021,2021-10-04,Fall,11.65,2229.47,10.730371708585755,11.854109589041096,675.54,63.413260273972604,3.3998082191780825,16.312,
403832099293501,PHELPS,40.64230694444444,-99.49321833333332,2021,2021-10-26,Fall,21.73,2322.16,19.303213745286424,11.854109589041096,675.54,63.413260273972604,3.3998082191780825,16.312,
403903099214301,PHELPS,40.650864722222224,-99.3618686111111,2021,2021-10-04,Fall,7.15,2248.47,5.938800537095286,11.854109589041096,675.54,63.413260273972604,3.3998082191780825,16.312,
403903099214302,PHELPS,40.650864722222224,-99.3618686111111,2021,2021-10-04,Fall,7.27,2248.47,5.938800537095286,11.854109589041096,675.54,63.413260273972604,3.3998082191780825,16.312,
403927099293501,PHELPS,40.65755805555556,-99.49321666666668,2021,2021-10-26,Fall,8.76,2297.65,8.212134407395418,11.854109589041096,675.54,63.413260273972604,3.3998082191780825,16.312,
403946099383201,PHELPS,40.66301611111111,-99.64228555555556,2021,2021-10-18,Fall,95.47,2446.94,71.28446289281916,11.854109589041096,675.54,63.413260273972604,3.3998082191780825,16.312,
403949099293501,PHELPS,40.66383277777778,-99.49320805555556,2021,2021-10-26,Fall,4.07,2291.23,5.7893947123891545,11.854109589041096,675.54,63.413260273972604,3.3998082191780825,16.312,
403959099282801,PHELPS,40.66638638888889,-99.47439194444443,2021,2021-10-26,Fall,3.2,2282.17,1.3735392011300536,11.854109589041096,675.54,63.413260273972604,3.3998082191780825,16.312,
403959099282802,PHELPS,40.66638638888889,-99.47439194444443,2021,2021-10-26,Fall,3.17,2282.17,1.3735392011300536,11.854109589041096,675.54,63.413260273972604,3.3998082191780825,16.312,
404006099282401,PHELPS,40.66854833333333,-99.4734825,2021,2021-10-26,Fall,2.04,2280.04,0.7145522427145973,11.854109589041096,675.54,63.413260273972604,3.3998082191780825,16.312,
404033099373001,PHELPS,40.67593911111111,-99.62515633333332,2021,2021-10-05,Fall,9.96,2339.74,15.329547531508018,11.854109589041096,675.54,63.413260273972604,3.3998082191780825,16.312,
404040099383501,PHELPS,40.67796833333333,-99.64313333333334,2021,2021-10-05,Fall,10.15,2346.64,20.22703071017459,11.854109589041096,675.54,63.413260273972604,3.3998082191780825,16.312,
404059099383501,PHELPS,40.68328583333333,-99.64316027777778,2021,2021-10-05,Fall,13.7,2343.11,13.958424467179302,11.854109589041096,675.54,63.413260273972604,3.3998082191780825,16.312,
404102099373001,PHELPS,40.68405933333333,-99.62523716666666,2021,2021-10-05,Fall,10.33,2334.85,7.594646397847812,11.854109589041096,675.54,63.413260273972604,3.3998082191780825,16.312,
404102099373002,PHELPS,40.68405933333333,-99.62523716666666,2021,2021-10-05,Fall,8.3,2334.85,7.594646397847812,11.854109589041096,675.54,63.413260273972604,3.3998082191780825,16.312,
403123099261501,PHELPS,40.52446389,-99.436875,2023,2023-05-09,Spring,45.2,2361.96,42.59047345251818,12.096410958904109,567.81,61.07383561643836,3.2536164383561643,16.480931506849316,
402124099201601,PHELPS,40.3563466,-99.3403749,2023,2023-05-02,Spring,179.2,2318.47,180.5284457744216,12.096410958904109,567.81,61.07383561643836,3.2536164383561643,16.480931506849316,
402124099201601,PHELPS,40.3563466,-99.3403749,2023,2023-05-04,Spring,179.2,2318.47,180.5284457744216,12.096410958904109,567.81,61.07383561643836,3.2536164383561643,16.480931506849316,
402716099212401,PHELPS,40.4529071,-99.3592878,2023,2023-05-08,Spring,71.1,2307.74,74.45672197323466,12.096410958904109,567.81,61.07383561643836,3.2536164383561643,16.480931506849316,
402853099104601,PHELPS,40.4815796,-99.179559,2023,2023-05-08,Spring,23.76,2221.31,32.2456197874486,12.096410958904109,567.81,61.07383561643836,3.2536164383561643,16.480931506849316,
402853099152001,PHELPS,40.4816481,-99.2557469,2023,2023-05-08,Spring,30.47,2251.06,32.402977380413944,12.096410958904109,567.81,61.07383561643836,3.2536164383561643,16.480931506849316,
402905099115301,PHELPS,40.4848551,-99.1983097,2023,2023-05-08,Spring,37.68,2241.11,35.867211706187746,12.096410958904109,567.81,61.07383561643836,3.2536164383561643,16.480931506849316,
402924099235501,PHELPS,40.4901949,-99.398706,2023,2023-05-08,Spring,53.31,2336.37,56.12840124072052,12.096410958904109,567.81,61.07383561643836,3.2536164383561643,16.480931506849316,
402952099114401,PHELPS,40.4961238363889,-99.1985012,2023,2023-05-08,Spring,41.67,2246.17,35.27455795008405,12.096410958904109,567.81,61.07383561643836,3.2536164383561643,16.480931506849316,
402952099161701,PHELPS,40.49624602,-99.2746825,2023,2023-05-08,Spring,24.35,2255.28,27.374664730562976,12.096410958904109,567.81,61.07383561643836,3.2536164383561643,16.480931506849316,
403037099111401,PHELPS,40.5103457694444,-99.1873426,2023,2023-05-08,Spring,35.96,2237.5,33.79450636274274,12.096410958904109,567.81,61.07383561643836,3.2536164383561643,16.480931506849316,
403037099135301,PHELPS,40.5105526386111,-99.2316379,2023,2023-05-08,Spring,21.85,2239.33,24.0843026660904,12.096410958904109,567.81,61.07383561643836,3.2536164383561643,16.480931506849316,
403037099313401,PHELPS,40.5104684,-99.5262137,2023,2023-05-09,Spring,76.9,2408.97,90.04475622011273,12.096410958904109,567.81,61.07383561643836,3.2536164383561643,16.480931506849316,
403104099130201,PHELPS,40.5179145,-99.2173248,2023,2023-05-08,Spring,32.18,2242.62,27.66918049599617,12.096410958904109,567.81,61.07383561643836,3.2536164383561643,16.480931506849316,
403125099295701,PHELPS,40.5247252,-99.4992246,2023,2023-05-09,Spring,66.1,2402.13,68.4216462502476,12.096410958904109,567.81,61.07383561643836,3.2536164383561643,16.480931506849316,
403138099190801,PHELPS,40.5255972,-99.3224515,2023,2023-05-08,Spring,26.1,2277.27,24.514642732463745,12.096410958904109,567.81,61.07383561643836,3.2536164383561643,16.480931506849316,
403138099235801,PHELPS,40.5255500233333,-99.399115,2023,2023-05-08,Spring,28.05,2328.14,29.920786429439342,12.096410958904109,567.81,61.07383561643836,3.2536164383561643,16.480931506849316,
403217099312001,PHELPS,40.5392815,-99.5207383,2023,2023-05-09,Spring,103.55,2451.89,77.43329122983536,12.096410958904109,567.81,61.07383561643836,3.2536164383561643,16.480931506849316,
403309099250701,PHELPS,40.5543784,-99.4199673,2023,2023-05-08,Spring,12.95,2322.67,17.60004221313814,12.096410958904109,567.81,61.07383561643836,3.2536164383561643,16.480931506849316,
403309099281401,PHELPS,40.5521635,-99.4737128,2023,2023-05-09,Spring,9.6,2354.64,22.994374800179163,12.096410958904109,567.81,61.07383561643836,3.2536164383561643,16.480931506849316,
403322099201601,PHELPS,40.5547811,-99.3416484,2023,2023-05-08,Spring,6.08,2267.67,12.90855477025406,12.096410958904109,567.81,61.07383561643836,3.2536164383561643,16.480931506849316,
403322099304801,PHELPS,40.5542755075,-99.5122815,2023,2023-05-09,Spring,58.1,2411.43,57.16812750682362,12.096410958904109,567.81,61.07383561643836,3.2536164383561643,16.480931506849316,
403322099371801,PHELPS,40.5557047,-99.6247601,2023,2023-05-09,Spring,79.5,2465.78,88.03895700542557,12.096410958904109,567.81,61.07383561643836,3.2536164383561643,16.480931506849316,
403348099114401,PHELPS,40.5613598133333,-99.1983188,2023,2023-05-08,Spring,40.73,2236.17,31.570531596888,12.096410958904109,567.81,61.07383561643836,3.2536164383561643,16.480931506849316,
403453099141801,PHELPS,40.58307501,-99.2365144,2023,2023-05-08,Spring,49.99,2255.34,35.31002611931718,12.096410958904109,567.81,61.07383561643836,3.2536164383561643,16.480931506849316,
403453099190801,PHELPS,40.5807096794444,-99.3229107,2023,2023-05-08,Spring,39.85,2282.14,26.29215378462153,12.096410958904109,567.81,61.07383561643836,3.2536164383561643,16.480931506849316,
403506099350101,PHELPS,40.5833317,-99.5866221,2023,2023-05-09,Spring,104.3,2484.33,88.23914618005087,12.096410958904109,567.81,61.07383561643836,3.2536164383561643,16.480931506849316,
403507099234101,PHELPS,40.5836771413889,-99.3985091,2023,2023-05-08,Spring,14.48,2295.65,14.8550656906416,12.096410958904109,567.81,61.07383561643836,3.2536164383561643,16.480931506849316,
403520099201601,PHELPS,40.5886101475,-99.3416473,2023,2023-05-08,Spring,16.05,2265.95,17.003466503485868,12.096410958904109,567.81,61.07383561643836,3.2536164383561643,16.480931506849316,
403646099293301,PHELPS,40.6127772,-99.4935704,2023,2023-05-08,Spring,20.9,2354.25,28.91652092314092,12.096410958904109,567.81,61.07383561643836,3.2536164383561643,16.480931506849316,
403651099281401,PHELPS,40.613021,-99.4747929,2023,2023-05-08,Spring,40.58,2345.39,29.79944356242518,12.096410958904109,567.81,61.07383561643836,3.2536164383561643,16.480931506849316,
403822099324501,PHELPS,40.6415361,-99.5482644,2023,2023-05-08,Spring,43.31,2377.53,39.05442229582977,12.096410958904109,567.81,61.07383561643836,3.2536164383561643,16.480931506849316,
403902099313701,PHELPS,40.6483999,-99.5291531,2023,2023-05-08,Spring,36.8,2345.9,30.599916486118563,12.096410958904109,567.81,61.07383561643836,3.2536164383561643,16.480931506849316,
403915099190801,PHELPS,40.6573434,-99.3214291,2023,2023-05-08,Spring,10.0,2234.03,12.873189647742628,12.096410958904109,567.81,61.07383561643836,3.2536164383561643,16.480931506849316,
403928099333601,PHELPS,40.6571948,-99.5612991,2023,2023-05-08,Spring,41.4,2355.41,27.272324054323462,12.096410958904109,567.81,61.07383561643836,3.2536164383561643,16.480931506849316,
403928099371801,PHELPS,40.655954,-99.6202609,2023,2023-05-08,Spring,86.45,2432.98,64.16934356416915,12.096410958904109,567.81,61.07383561643836,3.2536164383561643,16.480931506849316,
403941099331901,PHELPS,40.66044972,-99.55637462,2023,2023-05-08,Spring,8.91,2347.21,21.35608993078734,12.096410958904109,567.81,61.07383561643836,3.2536164383561643,16.480931506849316,
403941099342701,PHELPS,40.6636923,-99.5766538,2023,2023-05-08,Spring,13.57,2326.71,18.74952772825509,12.096410958904109,567.81,61.07383561643836,3.2536164383561643,16.480931506849316,
403954099335301,PHELPS,40.6640455,-99.5668126,2023,2023-05-08,Spring,14.7,2327.34,17.57242973544781,12.096410958904109,567.81,61.07383561643836,3.2536164383561643,16.480931506849316,
404007099294001,PHELPS,40.6709022,-99.4936146,2023,2023-05-08,Spring,8.92,2290.54,7.861129556927939,12.096410958904109,567.81,61.07383561643836,3.2536164383561643,16.480931506849316,
404007099351901,PHELPS,40.6709256,-99.5865622,2023,2023-05-08,Spring,8.29,2322.26,13.288573184061958,12.096410958904109,567.81,61.07383561643836,3.2536164383561643,16.480931506849316,
404020099355301,PHELPS,40.6710839,-99.5961084,2023,2023-05-08,Spring,10.15,2326.91,16.9187024349948,12.096410958904109,567.81,61.07383561643836,3.2536164383561643,16.480931506849316,
402513099164801,PHELPS,40.42006111111111,-99.27985277777778,2024,2024-04-04,Spring,81.78,2278.97,87.4467668635997,12.596065573770492,607.89,60.550737704918035,3.417677595628415,16.566120218579236,
402421099112000,PHELPS,40.40549166666666,-99.18921666666668,2024,2024-04-04,Spring,61.95,2216.62,66.86636991940945,12.596065573770492,607.89,60.550737704918035,3.417677595628415,16.566120218579236,
402342099143300,PHELPS,40.39436388888889,-99.24273333333332,2024,2024-04-04,Spring,114.58,2261.52,106.4270492895054,12.596065573770492,607.89,60.550737704918035,3.417677595628415,16.566120218579236,
402423099152001,PHELPS,40.40643361111111,-99.2555336111111,2024,2024-04-04,Spring,92.79,2261.86,96.48544654466208,12.596065573770492,607.89,60.550737704918035,3.417677595628415,16.566120218579236,
402200099160700,PHELPS,40.3669,-99.267175,2024,2024-04-04,Spring,148.2,2280.22,141.29051995839194,12.596065573770492,607.89,60.550737704918035,3.417677595628415,16.566120218579236,
402532099222601,PHELPS,40.42564361111111,-99.37401277777776,2024,2024-04-30,Spring,95.73,2312.94,108.43055617183995,12.596065573770492,607.89,60.550737704918035,3.417677595628415,16.566120218579236,
402532099222602,PHELPS,40.42564361111111,-99.37401277777776,2024,2024-04-30,Spring,100.9,2312.94,108.43055617183995,12.596065573770492,607.89,60.550737704918035,3.417677595628415,16.566120218579236,
402320099231001,PHELPS,40.38914722222222,-99.38615277777778,2024,2024-04-04,Spring,212.72,2384.17,193.6163247771444,12.596065573770492,607.89,60.550737704918035,3.417677595628415,16.566120218579236,
402326099185300,PHELPS,40.390366666666665,-99.31649722222222,2024,2024-04-04,Spring,148.5,2306.56,144.91595349730017,12.596065573770492,607.89,60.550737704918035,3.417677595628415,16.566120218579236,
402115099213100,PHELPS,40.35468888888889,-99.35943333333331,2024,2024-04-04,Spring,201.75,2345.58,196.90017235342032,12.596065573770492,607.89,60.550737704918035,3.417677595628415,16.566120218579236,
402435099262900,PHELPS,40.40768055555555,-99.44083333333332,2024,2024-04-04,Spring,209.4,2405.19,187.466903115422,12.596065573770492,607.89,60.550737704918035,3.417677595628415,16.566120218579236,
402406099311800,PHELPS,40.40154444444444,-99.52104166666666,2024,2024-04-04,Spring,181.0,2406.07,170.29105936062302,12.596065573770492,607.89,60.550737704918035,3.417677595628415,16.566120218579236,
402334099293301,PHELPS,40.392735555555554,-99.49248916666669,2024,2024-04-30,Spring,134.56,2343.83,148.17814886829836,12.596065573770492,607.89,60.550737704918035,3.417677595628415,16.566120218579236,
402334099293302,PHELPS,40.392735555555554,-99.49248916666669,2024,2024-04-30,Spring,134.82,2343.83,148.17814886829836,12.596065573770492,607.89,60.550737704918035,3.417677595628415,16.566120218579236,
402159099301600,PHELPS,40.3649,-99.50220555555556,2024,2024-04-04,Spring,180.6,2377.49,169.5793946534788,12.596065573770492,607.89,60.550737704918035,3.417677595628415,16.566120218579236,
402107099262000,PHELPS,40.35080555555556,-99.43768055555556,2024,2024-04-04,Spring,198.62,2363.91,196.6407856493596,12.596065573770492,607.89,60.550737704918035,3.417677595628415,16.566120218579236,
402609099350800,PHELPS,40.43199166666666,-99.58200277777776,2024,2024-04-04,Spring,173.4,2443.0,163.06793700757288,12.596065573770492,607.89,60.550737704918035,3.417677595628415,16.566120218579236,
402458099344401,PHELPS,40.41608027777777,-99.57890388888887,2024,2024-04-23,Spring,169.32,2426.49,163.32026620793286,12.596065573770492,607.89,60.550737704918035,3.417677595628415,16.566120218579236,
402458099344402,PHELPS,40.41608027777777,-99.57890388888887,2024,2024-04-23,Spring,169.35,2426.49,163.32026620793286,12.596065573770492,607.89,60.550737704918035,3.417677595628415,16.566120218579236,
402404099383400,PHELPS,40.40166972222222,-99.64190722222224,2024,2024-04-04,Spring,87.1,2363.94,99.0565749704009,12.596065573770492,607.89,60.550737704918035,3.417677595628415,16.566120218579236,
402233099341700,PHELPS,40.376269444444446,-99.57279166666666,2024,2024-04-04,Spring,111.55,2335.32,124.27139384873858,12.596065573770492,607.89,60.550737704918035,3.417677595628415,16.566120218579236,
403029099130401,PHELPS,40.508164,-99.217889,2024,2024-04-04,Spring,20.6,2229.8,22.93896407017787,12.596065573770492,607.89,60.550737704918035,3.417677595628415,16.566120218579236,
402853099135101,PHELPS,40.48150472222223,-99.23095833333332,2024,2024-04-04,Spring,35.67,2247.07,35.40740737805617,12.596065573770492,607.89,60.550737704918035,3.417677595628415,16.566120218579236,
402853099135102,PHELPS,40.48150472222223,-99.23095833333332,2024,2024-04-04,Spring,35.58,2247.07,35.40740737805617,12.596065573770492,607.89,60.550737704918035,3.417677595628415,16.566120218579236,
402854099213801,PHELPS,40.48158305555556,-99.36045888888889,2024,2024-04-04,Spring,55.38,2315.4,55.71570856892199,12.596065573770492,607.89,60.550737704918035,3.417677595628415,16.566120218579236,
402854099213802,PHELPS,40.48158305555556,-99.36045888888889,2024,2024-04-04,Spring,55.53,2315.4,55.71570856892199,12.596065573770492,607.89,60.550737704918035,3.417677595628415,16.566120218579236,
402854099213803,PHELPS,40.48158055,-99.36045833,2024,2024-04-04,Spring,54.65,2315.0,55.71570856892199,12.596065573770492,607.89,60.550737704918035,3.417677595628415,16.566120218579236,
402630099305500,PHELPS,40.44133611111111,-99.51204166666666,2024,2024-04-04,Spring,174.98,2426.38,164.3863846772422,12.596065573770492,607.89,60.550737704918035,3.417677595628415,16.566120218579236,
402636099271801,PHELPS,40.44343083333333,-99.45505,2024,2024-04-30,Spring,131.5,2362.54,132.02509403163273,12.596065573770492,607.89,60.550737704918035,3.417677595628415,16.566120218579236,
402636099271802,PHELPS,40.44343083333333,-99.45505,2024,2024-04-30,Spring,130.44,2362.54,132.02509403163273,12.596065573770492,607.89,60.550737704918035,3.417677595628415,16.566120218579236,
402813099382100,PHELPS,40.46941944444445,-99.63914166666667,2024,2024-04-04,Spring,154.15,2473.68,147.3189602983889,12.596065573770492,607.89,60.550737704918035,3.417677595628415,16.566120218579236,
402756099320601,PHELPS,40.46654722222223,-99.53547222222224,2024,2024-04-04,Spring,163.21,2446.36,154.38939690481672,12.596065573770492,607.89,60.550737704918035,3.417677595628415,16.566120218579236,
402649099350601,PHELPS,40.44692,-99.58488888888888,2024,2024-04-23,Spring,145.94,2428.0,150.95806998486376,12.596065573770492,607.89,60.550737704918035,3.417677595628415,16.566120218579236,
402649099350602,PHELPS,40.44692,-99.58488888888888,2024,2024-04-23,Spring,146.94,2428.0,150.95806998486376,12.596065573770492,607.89,60.550737704918035,3.417677595628415,16.566120218579236,
403408099130501,PHELPS,40.56878722222223,-99.21816944444444,2024,2024-04-04,Spring,17.53,2216.56,16.907327352334473,12.596065573770492,607.89,60.550737704918035,3.417677595628415,16.566120218579236,
403408099130502,PHELPS,40.56878722222223,-99.21816944444444,2024,2024-04-04,Spring,17.52,2216.56,16.907327352334473,12.596065573770492,607.89,60.550737704918035,3.417677595628415,16.566120218579236,
403645099242701,PHELPS,40.61264497222222,-99.40752011111113,2024,2024-04-01,Spring,22.63,2297.96,19.78242689903975,12.596065573770492,607.89,60.550737704918035,3.417677595628415,16.566120218579236,
403645099242701,PHELPS,40.61264497222222,-99.40752011111113,2024,2024-04-17,Spring,23.15,2297.96,19.78242689903975,12.596065573770492,607.89,60.550737704918035,3.417677595628415,16.566120218579236,
G-187841Deep,PHELPS,40.55758333,-99.32308333,2024,2024-04-04,Spring,19.39,2268.0,18.645007841619904,12.596065573770492,607.89,60.550737704918035,3.417677595628415,16.566120218579236,
403316099202901,PHELPS,40.55436111,-99.34138889,2024,2024-04-04,Spring,19.75,2268.0,19.894293459245677,12.596065573770492,607.89,60.550737704918035,3.417677595628415,16.566120218579236,
403316099192301,PHELPS,40.554508,-99.32334,2024,2024-04-04,Spring,19.66,2267.0,19.398687681987028,12.596065573770492,607.89,60.550737704918035,3.417677595628415,16.566120218579236,
403350099282701,PHELPS,40.56375277777777,-99.47419805555556,2024,2024-04-17,Spring,17.87,2351.95,23.256400184210896,12.596065573770492,607.89,60.550737704918035,3.417677595628415,16.566120218579236,
403350099282702,PHELPS,40.56375277777777,-99.47419805555556,2024,2024-04-17,Spring,18.08,2351.95,23.256400184210896,12.596065573770492,607.89,60.550737704918035,3.417677595628415,16.566120218579236,
403248099315201,PHELPS,40.54658611,-99.53116944,2024,2024-04-17,Spring,59.28,2417.0,61.44796360167104,12.596065573770492,607.89,60.550737704918035,3.417677595628415,16.566120218579236,
403248099315201,PHELPS,40.54658611,-99.53116944,2024,2024-04-17,Spring,61.0,2417.0,61.44796360167104,12.596065573770492,607.89,60.550737704918035,3.417677595628415,16.566120218579236,
403226099345801,PHELPS,40.54044444,-99.58280556,2024,2024-04-17,Spring,94.89,2461.0,91.48558303898892,12.596065573770492,607.89,60.550737704918035,3.417677595628415,16.566120218579236,
403315099351501,PHELPS,40.554270555555554,-99.58744083333332,2024,2024-04-17,Spring,68.78,2447.59,77.39470197518254,12.596065573770492,607.89,60.550737704918035,3.417677595628415,16.566120218579236,
403315099351502,PHELPS,40.554270555555554,-99.58744083333332,2024,2024-04-17,Spring,72.46,2447.59,77.39470197518254,12.596065573770492,607.89,60.550737704918035,3.417677595628415,16.566120218579236,
403738099181101,PHELPS,40.62740444444445,-99.30320513888888,2024,2024-04-12,Spring,18.77,2241.2,16.49911390351115,12.596065573770492,607.89,60.550737704918035,3.417677595628415,16.566120218579236,
403738099181102,PHELPS,40.62740444444445,-99.30320513888888,2024,2024-04-12,Spring,18.72,2241.2,16.49911390351115,12.596065573770492,607.89,60.550737704918035,3.417677595628415,16.566120218579236,
403831099173501,PHELPS,40.642178,-99.29327591666666,2024,2024-04-12,Spring,12.4,2229.47,15.07676943773831,12.596065573770492,607.89,60.550737704918035,3.417677595628415,16.566120218579236,
403831099173502,PHELPS,40.642178,-99.29327591666666,2024,2024-04-12,Spring,12.72,2229.47,15.07676943773831,12.596065573770492,607.89,60.550737704918035,3.417677595628415,16.566120218579236,
403710099104601,PHELPS,40.6195145,-99.17947241666668,2024,2024-04-12,Spring,17.49,2193.97,19.818315060598376,12.596065573770492,607.89,60.550737704918035,3.417677595628415,16.566120218579236,
403710099104602,PHELPS,40.6195145,-99.17947241666668,2024,2024-04-12,Spring,17.58,2193.97,19.818315060598376,12.596065573770492,607.89,60.550737704918035,3.417677595628415,16.566120218579236,
403903099214301,PHELPS,40.650864722222224,-99.3618686111111,2024,2024-04-17,Spring,8.89,2248.47,9.530352864689272,12.596065573770492,607.89,60.550737704918035,3.417677595628415,16.566120218579236,
403903099214302,PHELPS,40.650864722222224,-99.3618686111111,2024,2024-04-17,Spring,8.99,2248.47,9.530352864689272,12.596065573770492,607.89,60.550737704918035,3.417677595628415,16.566120218579236,
404006099282401,PHELPS,40.66854833333333,-99.4734825,2024,2024-05-01,Spring,2.29,2280.04,3.74585828044345,12.596065573770492,607.89,60.550737704918035,3.417677595628415,16.566120218579236,
403927099293501,PHELPS,40.65755805555556,-99.49321666666668,2024,2024-05-01,Spring,8.23,2297.65,9.46054926674541,12.596065573770492,607.89,60.550737704918035,3.417677595628415,16.566120218579236,
403949099293501,PHELPS,40.66383277777778,-99.49320805555556,2024,2024-05-01,Spring,3.35,2291.23,6.845403740725294,12.596065573770492,607.89,60.550737704918035,3.417677595628415,16.566120218579236,
403959099282801,PHELPS,40.66638638888889,-99.47439194444443,2024,2024-05-01,Spring,2.69,2282.17,4.077136649676775,12.596065573770492,607.89,60.550737704918035,3.417677595628415,16.566120218579236,
403959099282802,PHELPS,40.66638638888889,-99.47439194444443,2024,2024-05-01,Spring,2.73,2282.17,4.077136649676775,12.596065573770492,607.89,60.550737704918035,3.417677595628415,16.566120218579236,
403832099293501,PHELPS,40.64230694444444,-99.49321833333332,2024,2024-05-01,Spring,23.12,2322.16,20.11178372280017,12.596065573770492,607.89,60.550737704918035,3.417677595628415,16.566120218579236,
403739099293601,PHELPS,40.62758555555556,-99.49344,2024,2024-05-01,Spring,37.41,2356.31,28.33104318483259,12.596065573770492,607.89,60.550737704918035,3.417677595628415,16.566120218579236,
404059099383501,PHELPS,40.68328583333333,-99.64316027777778,2024,2024-05-01,Spring,13.22,2343.11,18.959902843890347,12.596065573770492,607.89,60.550737704918035,3.417677595628415,16.566120218579236,
404040099383501,PHELPS,40.67796833333333,-99.64313333333334,2024,2024-05-01,Spring,8.8,2346.64,24.06756607383041,12.596065573770492,607.89,60.550737704918035,3.417677595628415,16.566120218579236,
404033099373001,PHELPS,40.67593911111111,-99.62515633333332,2024,2024-05-01,Spring,7.9,2339.74,15.570481692297838,12.596065573770492,607.89,60.550737704918035,3.417677595628415,16.566120218579236,
404102099373001,PHELPS,40.68405933333333,-99.62523716666666,2024,2024-05-01,Spring,9.83,2334.85,10.321497317533629,12.596065573770492,607.89,60.550737704918035,3.417677595628415,16.566120218579236,
404102099373002,PHELPS,40.68405933333333,-99.62523716666666,2024,2024-05-01,Spring,7.72,2334.85,10.321497317533629,12.596065573770492,607.89,60.550737704918035,3.417677595628415,16.566120218579236,
403946099383201,PHELPS,40.66301611111111,-99.64228555555556,2024,2024-05-01,Spring,95.78,2446.94,59.29190409118721,12.596065573770492,607.89,60.550737704918035,3.417677595628415,16.566120218579236,
402802099285801,PHELPS,40.46775,-99.48183333,2024,2024-04-17,Spring,103.08,2376.84,111.748412432784,12.596065573770492,607.89,60.550737704918035,3.417677595628415,16.566120218579236,
403123099261501,PHELPS,40.52446389,-99.436875,2024,2024-04-17,Spring,43.82,2361.96,44.99981017366467,12.596065573770492,607.89,60.550737704918035,3.417677595628415,16.566120218579236,
403132099381001,PHELPS,40.52556319,-99.63650076,2024,2024-04-17,Spring,153.05,2517.21,141.21151337903495,12.596065573770492,607.89,60.550737704918035,3.417677595628415,16.566120218579236,
403217099235801,PHELPS,40.53806574,-99.39982287,2024,2024-04-17,Spring,27.59,2321.45,29.660379830992888,12.596065573770492,607.89,60.550737704918035,3.417677595628415,16.566120218579236,
403922099223301,PHELPS,40.65834351,-99.38037703,2024,2024-04-17,Spring,7.87,2253.27,8.919480083205414,12.596065573770492,607.89,60.550737704918035,3.417677595628415,16.566120218579236,
404016099370201,PHELPS,40.6711189,-99.61760995,2024,2024-04-17,Spring,5.89,2335.44,15.01687917621782,12.596065573770492,607.89,60.550737704918035,3.417677595628415,16.566120218579236,
402513099164801,PHELPS,40.42006111111111,-99.27985277777778,2025,2025-04-21,Spring,83.1,2278.97,87.67801237361438,,,,,,
402421099112000,PHELPS,40.40549166666666,-99.18921666666668,2025,2025-04-21,Spring,62.62,2216.62,66.40182655305601,,,,,,
402423099152001,PHELPS,40.40643361111111,-99.2555336111111,2025,2025-04-11,Spring,93.7,2261.86,97.1818811439018,,,,,,
402342099143300,PHELPS,40.39436388888889,-99.24273333333332,2025,2025-04-21,Spring,115.31,2261.52,107.39177175511104,,,,,,
402200099160700,PHELPS,40.3669,-99.267175,2025,2025-04-21,Spring,148.6,2280.22,141.97266848239005,,,,,,
402320099231001,PHELPS,40.38914722222222,-99.38615277777778,2025,2025-04-22,Spring,213.07,2384.17,199.57103724543168,,,,,,
402326099185300,PHELPS,40.390366666666665,-99.31649722222222,2025,2025-04-21,Spring,148.6,2306.56,146.43604980962084,,,,,,
402115099213100,PHELPS,40.35468888888889,-99.35943333333331,2025,2025-04-22,Spring,201.27,2345.58,196.9774789802036,,,,,,
402435099262900,PHELPS,40.40768055555555,-99.44083333333332,2025,2025-04-22,Spring,207.0,2405.19,188.56057555079525,,,,,,
402406099311800,PHELPS,40.40154444444444,-99.52104166666666,2025,2025-04-22,Spring,180.22,2406.07,170.65462724696357,,,,,,
402334099293301,PHELPS,40.392735555555554,-99.49248916666669,2025,2025-04-10,Spring,135.23,2343.83,147.95783046415417,,,,,,
402334099293302,PHELPS,40.392735555555554,-99.49248916666669,2025,2025-04-10,Spring,135.35,2343.83,147.95783046415417,,,,,,
402159099301600,PHELPS,40.3649,-99.50220555555556,2025,2025-04-28,Spring,180.35,2377.49,169.72474195689597,,,,,,
402107099262000,PHELPS,40.35080555555556,-99.43768055555556,2025,2025-04-22,Spring,197.2,2363.91,195.5484864114972,,,,,,
402609099350800,PHELPS,40.43199166666666,-99.58200277777776,2025,2025-04-22,Spring,173.13,2443.0,163.54384951880343,,,,,,
402458099344402,PHELPS,40.41608027777777,-99.57890388888887,2025,2025-04-15,Spring,169.44,2426.49,163.7574583691998,,,,,,
402458099344401,PHELPS,40.41608027777777,-99.57890388888887,2025,2025-04-15,Spring,169.28,2426.49,163.7574583691998,,,,,,
402404099383400,PHELPS,40.40166972222222,-99.64190722222224,2025,2025-04-22,Spring,86.77,2363.94,97.1792770838358,,,,,,
402233099341700,PHELPS,40.376269444444446,-99.57279166666666,2025,2025-04-22,Spring,111.54,2335.32,123.61749838739158,,,,,,
403029099130401,PHELPS,40.508164,-99.217889,2025,2025-04-11,Spring,21.75,2229.8,26.3417612883509,,,,,,
402853099135102,PHELPS,40.48150472222223,-99.23095833333332,2025,2025-04-11,Spring,37.03,2247.07,35.41408867657243,,,,,,
402853099135101,PHELPS,40.48150472222223,-99.23095833333332,2025,2025-04-11,Spring,36.88,2247.07,35.41408867657243,,,,,,
402854099213801,PHELPS,40.48158305555556,-99.36045888888889,2025,2025-04-10,Spring,57.19,2315.4,56.3527767654165,,,,,,
402854099213802,PHELPS,40.48158305555556,-99.36045888888889,2025,2025-04-10,Spring,57.22,2315.4,56.3527767654165,,,,,,
402854099213803,PHELPS,40.48158055,-99.36045833,2025,2025-04-10,Spring,56.23,2315.0,56.3527767654165,,,,,,
402630099305500,PHELPS,40.44133611111111,-99.51204166666666,2025,2025-04-22,Spring,174.76,2426.38,166.19063427470533,,,,,,
402636099271801,PHELPS,40.44343083333333,-99.45505,2025,2025-04-10,Spring,132.29,2362.54,134.2012831521954,,,,,,
402636099271802,PHELPS,40.44343083333333,-99.45505,2025,2025-04-10,Spring,131.42,2362.54,134.2012831521954,,,,,,
402906099342201,PHELPS,40.485083333333336,-99.57288888888888,2025,2025-04-22,Spring,148.59,2458.82,142.3631815124591,,,,,,
402813099382100,PHELPS,40.46941944444445,-99.63914166666667,2025,2025-04-22,Spring,153.77,2473.68,142.4053233774843,,,,,,
402756099320601,PHELPS,40.46654722222223,-99.53547222222224,2025,2025-05-02,Spring,163.45,2446.36,155.4991251857071,,,,,,
402649099350601,PHELPS,40.44692,-99.58488888888888,2025,2025-04-15,Spring,146.15,2428.0,151.242822229281,,,,,,
402649099350602,PHELPS,40.44692,-99.58488888888888,2025,2025-04-15,Spring,147.02,2428.0,151.242822229281,,,,,,
403408099130501,PHELPS,40.56878722222223,-99.21816944444444,2025,2025-04-11,Spring,16.8,2216.56,22.932939675888512,,,,,,
403408099130502,PHELPS,40.56878722222223,-99.21816944444444,2025,2025-04-11,Spring,16.9,2216.56,22.932939675888512,,,,,,
403645099242702,PHELPS,40.61264497222222,-99.40752011111113,2025,2025-04-21,Spring,21.89,2297.96,18.68796949964566,,,,,,
403645099242701,PHELPS,40.61264497222222,-99.40752011111113,2025,2025-04-21,Spring,21.23,2297.96,18.68796949964566,,,,,,
403327099192302,PHELPS,40.55758333,-99.32308333,2025,2025-04-11,Spring,20.04,2267.0,18.93673299885879,,,,,,
403316099202901,PHELPS,40.55436111,-99.34138889,2025,2025-04-11,Spring,12.92,2268.0,16.356806617538236,,,,,,
403316099192301,PHELPS,40.554508,-99.32334,2025,2025-04-11,Spring,19.85,2267.0,19.56358827450876,,,,,,
403350099282701,PHELPS,40.56375277777777,-99.47419805555556,2025,2025-04-11,Spring,18.94,2351.95,19.787318240973025,,,,,,
403350099282702,PHELPS,40.56375277777777,-99.47419805555556,2025,2025-04-11,Spring,19.12,2351.95,19.787318240973025,,,,,,
403248099315201,PHELPS,40.54658611,-99.53116944,2025,2025-04-11,Spring,59.97,2417.0,64.33221168499404,,,,,,
403226099345801,PHELPS,40.54044444,-99.58280556,2025,2025-04-11,Spring,95.78,2461.0,90.94252521538924,,,,,,
403315099351502,PHELPS,40.554270555555554,-99.58744083333332,2025,2025-04-11,Spring,73.47,2447.59,79.3383784527163,,,,,,
403315099351501,PHELPS,40.554270555555554,-99.58744083333332,2025,2025-04-11,Spring,69.75,2447.59,79.3383784527163,,,,,,
403738099181101,PHELPS,40.62740444444445,-99.30320513888888,2025,2025-04-21,Spring,17.77,2241.2,16.255250817138734,,,,,,
403831099173502,PHELPS,40.642178,-99.29327591666666,2025,2025-04-21,Spring,12.09,2229.47,14.522694757922016,,,,,,
403738099181102,PHELPS,40.62740444444445,-99.30320513888888,2025,2025-04-21,Spring,17.7,2241.2,16.255250817138734,,,,,,
403831099173501,PHELPS,40.642178,-99.29327591666666,2025,2025-04-21,Spring,11.72,2229.47,14.522694757922016,,,,,,
403710099104601,PHELPS,40.6195145,-99.17947241666668,2025,2025-04-21,Spring,16.2,2193.97,20.28218545260952,,,,,,
403710099104602,PHELPS,40.6195145,-99.17947241666668,2025,2025-04-21,Spring,16.45,2193.97,20.28218545260952,,,,,,
403903099214301,PHELPS,40.650864722222224,-99.3618686111111,2025,2025-04-21,Spring,8.55,2248.47,9.573145997167844,,,,,,
403903099214302,PHELPS,40.650864722222224,-99.3618686111111,2025,2025-04-21,Spring,8.65,2248.47,9.573145997167844,,,,,,
404006099282401,PHELPS,40.66854833333333,-99.4734825,2025,2025-05-01,Spring,4.24,2280.04,5.071841299001058,,,,,,
403959099282801,PHELPS,40.66638638888889,-99.47439194444443,2025,2025-05-01,Spring,4.35,2282.17,5.3696275820487225,,,,,,
403959099282802,PHELPS,40.66638638888889,-99.47439194444443,2025,2025-05-01,Spring,4.36,2282.17,5.3696275820487225,,,,,,
403949099293501,PHELPS,40.66383277777778,-99.49320805555556,2025,2025-05-01,Spring,4.64,2291.23,8.242995502982629,,,,,,
403927099293501,PHELPS,40.65755805555556,-99.49321666666668,2025,2025-05-01,Spring,8.53,2297.65,10.39943013786403,,,,,,
403832099293501,PHELPS,40.64230694444444,-99.49321833333332,2025,2025-05-01,Spring,22.01,2322.16,19.924313085180444,,,,,,
403739099293601,PHELPS,40.62758555555556,-99.49344,2025,2025-05-01,Spring,34.95,2356.31,26.86071503532997,,,,,,
404040099383501,PHELPS,40.67796833333333,-99.64313333333334,2025,2025-05-01,Spring,10.45,2346.64,25.343176447832622,,,,,,
404033099373001,PHELPS,40.67593911111111,-99.62515633333332,2025,2025-05-01,Spring,9.99,2339.74,18.93552806388999,,,,,,
404059099383501,PHELPS,40.68328583333333,-99.64316027777778,2025,2025-05-01,Spring,15.53,2343.11,19.949743148366323,,,,,,
404102099373002,PHELPS,40.68405933333333,-99.62523716666666,2025,2025-05-01,Spring,8.97,2334.85,12.004984811436604,,,,,,
404102099373001,PHELPS,40.68405933333333,-99.62523716666666,2025,2025-05-01,Spring,10.82,2334.85,12.004984811436604,,,,,,
403946099383201,PHELPS,40.66301611111111,-99.64228555555556,2025,2025-05-01,Spring,96.07,2446.94,61.89681105677402,,,,,,
402124099201601,PHELPS,40.3563466,-99.3403749,2025,2025-06-18,Spring,180.9,2318.47,182.57270352572857,,,,,,
402716099212401,PHELPS,40.4529071,-99.3592878,2025,2025-06-18,Spring,73.1,2307.74,81.64296676084008,,,,,,
402853099104601,PHELPS,40.4815796,-99.179559,2025,2025-06-18,Spring,24.45,2221.31,31.780260902012664,,,,,,
402853099152001,PHELPS,40.4816481,-99.2557469,2025,2025-06-18,Spring,30.63,2251.06,32.597026760337684,,,,,,
402905099115301,PHELPS,40.4848551,-99.1983097,2025,2025-06-18,Spring,38.06,2241.11,36.70971696409755,,,,,,
402924099235501,PHELPS,40.4901949,-99.398706,2025,2025-06-18,Spring,52.35,2336.37,56.25017512680433,,,,,,
402952099114401,PHELPS,40.4961238363889,-99.1985012,2025,2025-06-18,Spring,42.04,2246.17,35.87825010484765,,,,,,
402952099161701,PHELPS,40.49624602,-99.2746825,2025,2025-06-18,Spring,23.88,2255.28,27.01700763948113,,,,,,
403037099135301,PHELPS,40.5105526386111,-99.2316379,2025,2025-06-18,Spring,19.19,2239.33,22.89969708162103,,,,,,
403037099313401,PHELPS,40.5104684,-99.5262137,2025,2025-06-18,Spring,80.2,2408.97,88.34992780278849,,,,,,
403104099130201,PHELPS,40.5179145,-99.2173248,2025,2025-06-18,Spring,31.09,2242.62,27.394913796493316,,,,,,
403125099295701,PHELPS,40.5247252,-99.4992246,2025,2025-06-18,Spring,70.1,2402.13,66.33793461690128,,,,,,
403138099190801,PHELPS,40.5255972,-99.3224515,2025,2025-06-18,Spring,32.5,2277.27,29.32967668716374,,,,,,
403138099235801,PHELPS,40.5255500233333,-99.399115,2025,2025-06-18,Spring,27.4,2328.14,29.135373050568067,,,,,,
403309099250701,PHELPS,40.5543784,-99.4199673,2025,2025-06-18,Spring,11.87,2322.67,16.018645948076927,,,,,,
403309099281401,PHELPS,40.5521635,-99.4737128,2025,2025-06-18,Spring,5.21,2354.64,19.193656675517207,,,,,,
403322099304801,PHELPS,40.5542755075,-99.5122815,2025,2025-06-18,Spring,59.18,2411.43,53.72571431953505,,,,,,
403322099371801,PHELPS,40.5557047,-99.6247601,2025,2025-06-18,Spring,80.2,2465.78,86.78599459504537,,,,,,
403348099114401,PHELPS,40.5613598133333,-99.1983188,2025,2025-06-18,Spring,41.22,2236.17,32.38703226038123,,,,,,
403453099141801,PHELPS,40.58307501,-99.2365144,2025,2025-06-18,Spring,50.24,2255.34,36.586218561631874,,,,,,
403506099350101,PHELPS,40.5833317,-99.5866221,2025,2025-06-18,Spring,104.9,2484.33,88.74584848281806,,,,,,
403507099234101,PHELPS,40.5836771413889,-99.3985091,2025,2025-06-18,Spring,21.96,2295.65,18.685077465122017,,,,,,
403520099201601,PHELPS,40.5886101475,-99.3416473,2025,2025-06-18,Spring,15.19,2265.95,14.184637448761071,,,,,,
403646099293301,PHELPS,40.6127772,-99.4935704,2025,2025-06-18,Spring,19.4,2354.25,24.444831391362094,,,,,,
403822099324501,PHELPS,40.6415361,-99.5482644,2025,2025-06-18,Spring,40.26,2377.53,35.72505278440267,,,,,,
403928099333601,PHELPS,40.6571948,-99.5612991,2025,2025-06-18,Spring,41.3,2355.41,25.775819873173123,,,,,,
403941099331901,PHELPS,40.66044972,-99.55637462,2025,2025-06-18,Spring,7.65,2347.21,19.325755964655468,,,,,,
403941099342701,PHELPS,40.6636923,-99.5766538,2025,2025-06-18,Spring,11.85,2326.71,15.285320197435809,,,,,,
403954099335301,PHELPS,40.6640455,-99.5668126,2025,2025-06-18,Spring,13.1,2327.34,15.456809064806372,,,,,,
404007099294001,PHELPS,40.6709022,-99.4936146,2025,2025-06-18,Spring,8.8,2290.54,7.389182874824811,,,,,,
404007099351901,PHELPS,40.6709256,-99.5865622,2025,2025-06-18,Spring,5.33,2322.26,9.513842071657956,,,,,,
404020099355301,PHELPS,40.6710839,-99.5961084,2025,2025-06-18,Spring,9.8,2326.91,12.167980528955168,,,,,,
