Seed,Split_ID,Fold_Type,Regime,Config_Key,Configuration,Feature_Count,Model,Train_Wells,Test_Wells,Sample_Count,Fit_Time_Sec,R2,MAE,RMSE,Mean_Error,Median_Absolute_Error,P90_Absolute_Error,P95_Absolute_Error
42,seed_42,Repeated_Holdout,Overall_Test,A0,A0 — Geographic Baseline,2,Random Forest,136,34,783,0.86,0.5365154235925922,29.285573726555526,45.9760623748333,-27.741514947413304,8.48896059595787,99.17294086085741,104.51379970047047
42,seed_42,Repeated_Holdout,Warm_Start,A0,A0 — Geographic Baseline,2,Random Forest,136,34,749,0.86,0.5319283707027624,29.561761273784082,46.304681839410534,-28.142832441235175,8.798960595957865,99.31294086085744,104.7867997004705
42,seed_42,Repeated_Holdout,Cold_Start,A0,A0 — Geographic Baseline,2,Random Forest,136,34,34,0.86,0.6175438561031668,23.20132452437358,38.023031439051856,-18.900726627631524,7.094439343785493,67.34343732826173,90.6851746868031
42,seed_42,Repeated_Holdout,Overall_Test,A0,A0 — Geographic Baseline,2,XGBoost,136,34,783,3.43,0.1798209088136029,41.039776302303544,61.160140847267236,-30.543008508791868,25.92305114746094,113.69703228759768,165.94092929077146
42,seed_42,Repeated_Holdout,Warm_Start,A0,A0 — Geographic Baseline,2,XGBoost,136,34,749,3.43,0.1755675533559392,41.327861419850905,61.4534519613074,-31.24069195119657,26.01765380859375,113.78303228759768,166.2139292907715
42,seed_42,Repeated_Holdout,Cold_Start,A0,A0 — Geographic Baseline,2,XGBoost,136,34,34,3.43,0.22006280295849,34.69343062456916,54.2982376947522,-15.173452674641329,17.504761276245116,93.72816032218932,122.04318910217282
42,seed_42,Repeated_Holdout,Overall_Test,A0,A0 — Geographic Baseline,2,LightGBM,136,34,783,1.17,0.6563442537278927,24.868638159335166,39.58912792435569,-22.63727319022124,8.139242179725926,92.95979962791466,96.0590610805393
42,seed_42,Repeated_Holdout,Warm_Start,A0,A0 — Geographic Baseline,2,LightGBM,136,34,749,1.17,0.6520997458792537,25.150005932992528,39.92051342832003,-23.02812474986665,8.267844882312698,93.03379962791465,96.08936834366244
42,seed_42,Repeated_Holdout,Cold_Start,A0,A0 — Geographic Baseline,2,LightGBM,136,34,34,1.17,0.7389378212087996,18.670271616118534,31.414336886618866,-14.027043243914994,6.753533148382507,45.475201775704875,80.02687269644116
42,seed_42,Repeated_Holdout,Overall_Test,A1,A1 — Geographic + Elevation,3,Random Forest,136,34,783,1.01,0.9065448493885062,14.814422672763124,20.64504105897837,-8.685012889133233,7.724350368767823,36.772383481988186,43.54925595466869
42,seed_42,Repeated_Holdout,Warm_Start,A1,A1 — Geographic + Elevation,3,Random Forest,136,34,749,1.01,0.9065004260215689,14.878356125747848,20.69538743974779,-8.84555960000937,7.8244743456370145,36.42293710280203,43.6052426559453
42,seed_42,Repeated_Holdout,Cold_Start,A1,A1 — Geographic + Elevation,3,Random Forest,136,34,34,1.01,0.8993784507414625,13.406006311423145,19.50299985695493,-5.148263287773609,6.382911397280186,38.123889117981435,42.11808531879834
42,seed_42,Repeated_Holdout,Overall_Test,A1,A1 — Geographic + Elevation,3,XGBoost,136,34,783,0.63,0.7433220953713047,22.684545221340915,34.214356222792496,-16.346174318501166,12.57100143432617,74.03129443359376,90.42921936035157
42,seed_42,Repeated_Holdout,Warm_Start,A1,A1 — Geographic + Elevation,3,XGBoost,136,34,749,0.63,0.7408852424266881,22.873873407111784,34.452030216689245,-16.681717441314373,12.608154296875,74.18129443359376,90.44621936035156
42,seed_42,Repeated_Holdout,Cold_Start,A1,A1 — Geographic + Elevation,3,XGBoost,136,34,34,0.63,0.7854338537690309,18.513756658329687,28.479772656803632,-8.954356701233806,10.717266674041747,47.407553649902326,60.12102206420894
42,seed_42,Repeated_Holdout,Overall_Test,A1,A1 — Geographic + Elevation,3,LightGBM,136,34,783,1.15,0.6154775683027442,28.012651835691063,41.8769429309539,-6.484812638783827,13.432056490708518,72.97647897144667,113.69107786544866
42,seed_42,Repeated_Holdout,Warm_Start,A1,A1 — Geographic + Elevation,3,LightGBM,136,34,749,1.15,0.6135862177051025,28.17211552151853,42.072183236086445,-6.795880800933526,13.746477090523555,73.01847897144667,113.70807786544866
42,seed_42,Repeated_Holdout,Cold_Start,A1,A1 — Geographic + Elevation,3,LightGBM,136,34,34,1.15,0.6316014623310875,24.499760639080186,37.31769977894172,0.36783599210223233,10.445673017292242,55.2833845795355,78.77342317550536
42,seed_42,Repeated_Holdout,Overall_Test,A2,A2 — Environmental,8,Random Forest,136,34,783,0.8,0.9104297315741288,14.412619651783427,20.21138467657563,-8.40204014984237,8.09189241071445,35.041687333333456,43.39053416666665
42,seed_42,Repeated_Holdout,Warm_Start,A2,A2 — Environmental,8,Random Forest,136,34,749,0.8,0.9104350970519831,14.456810397441552,20.255253135889276,-8.54589093002997,8.09189241071445,35.019690583333315,43.38593041666666
42,seed_42,Repeated_Holdout,Cold_Start,A2,A2 — Environmental,8,Random Forest,136,34,34,0.8,0.90228142372027,13.439123519491147,19.21960611760568,-5.233092080415512,8.23712649801594,35.47050936309526,39.648571020833415
42,seed_42,Repeated_Holdout,Overall_Test,A2,A2 — Environmental,8,XGBoost,136,34,783,0.69,0.8585292751464326,17.796673703151036,25.400801431109713,-11.594860577930437,10.889306640624994,55.45647515869141,59.012151550292955
42,seed_42,Repeated_Holdout,Warm_Start,A2,A2 — Environmental,8,XGBoost,136,34,749,0.69,0.8571597867505168,17.946755276872256,25.57961420960258,-11.816797342746058,11.141970672607421,55.59075927734375,59.0588129272461
42,seed_42,Repeated_Holdout,Cold_Start,A2,A2 — Environmental,8,XGBoost,136,34,34,0.69,0.8824441264883968,14.490464917351218,21.080362953359213,-6.705724200080423,8.03123260498047,34.11229055786132,43.46081353759761
42,seed_42,Repeated_Holdout,Overall_Test,A2,A2 — Environmental,8,LightGBM,136,34,783,0.94,0.9001505018698851,14.892627905113487,21.339639245493778,-10.742083134048405,8.05210054175668,42.571366052333495,48.051313481746426
42,seed_42,Repeated_Holdout,Warm_Start,A2,A2 — Environmental,8,LightGBM,136,34,749,0.94,0.8996832048472531,14.99527076410815,21.436583494230476,-10.961371936496818,8.116415771719183,42.69834982117077,48.03097410608175
42,seed_42,Repeated_Holdout,Cold_Start,A2,A2 — Environmental,8,LightGBM,136,34,34,0.94,0.9037012040379184,12.63146609961342,19.079471746410785,-5.911279809523018,6.018372603172756,34.60673207742531,44.33209565163938
42,seed_42,Repeated_Holdout,Overall_Test,A3,A3 — Environmental + History,20,Random Forest,136,34,783,1.55,0.9832832296328339,4.075498265067202,8.73152935546559,-0.28492810147176983,1.7720250000000028,8.42838550000012,13.7689275
42,seed_42,Repeated_Holdout,Warm_Start,A3,A3 — Environmental + History,20,Random Forest,136,34,749,1.55,0.9881756647619032,3.5554616428253554,7.359649170586617,0.12678161707671756,1.7233250000008127,6.772900833333511,12.003221666666683
42,seed_42,Repeated_Holdout,Cold_Start,A3,A3 — Environmental + History,20,Random Forest,136,34,34,1.55,0.8511860739371802,15.53159914915965,23.717980350954953,-9.354651018907564,8.560313749999981,43.4771043333335,48.69944198958347
42,seed_42,Repeated_Holdout,Overall_Test,A3,A3 — Environmental + History,20,XGBoost,136,34,783,1.39,0.984114724439402,4.693772466459798,8.511605891922635,-2.149471780026705,1.7733758544922011,11.854562744140628,18.69344537353514
42,seed_42,Repeated_Holdout,Warm_Start,A3,A3 — Environmental + History,20,XGBoost,136,34,749,1.39,0.9894379526483892,4.183773133363202,6.95573135569919,-1.79951138714127,1.6302076721191412,10.722674926757815,17.264174560546873
42,seed_42,Repeated_Holdout,Cold_Start,A3,A3 — Environmental + History,20,XGBoost,136,34,34,1.39,0.8405918961163922,15.928757774970116,24.547717441582122,-9.858893376238205,8.691128768920898,42.62557482910155,51.21296846008297
42,seed_42,Repeated_Holdout,Overall_Test,A3,A3 — Environmental + History,20,LightGBM,136,34,783,1.1,0.9836090264904417,5.091692551030567,8.646025344655467,-2.2030451682491416,1.7813723928612717,16.623185632668697,19.82500235697212
42,seed_42,Repeated_Holdout,Warm_Start,A3,A3 — Environmental + History,20,LightGBM,136,34,749,1.1,0.9861276907686213,4.7543598228043935,7.971556449613832,-2.1360171712980645,1.6460604265128822,16.604336607517563,19.19870318787007
42,seed_42,Repeated_Holdout,Cold_Start,A3,A3 — Environmental + History,20,LightGBM,136,34,34,1.1,0.9149086009809084,12.522934122836558,17.93489133612023,-3.6796325128478666,8.289158211471914,34.12272573054113,39.82148414308211
42,seed_42,Repeated_Holdout,Overall_Test,A4,A4 — Environmental + History + Quality Proxies,24,Random Forest,136,34,783,1.64,0.9833680566748514,4.166901364790478,8.709347684289495,-0.3919553760718949,1.8415999999999713,9.204111666666678,13.904582916666671
42,seed_42,Repeated_Holdout,Warm_Start,A4,A4 — Environmental + History + Quality Proxies,24,Random Forest,136,34,749,1.64,0.9881207412812363,3.6590164485186505,7.376721979963751,0.003894612737607375,1.7516249999993079,7.605524999999921,12.837387500000151
42,seed_42,Repeated_Holdout,Cold_Start,A4,A4 — Environmental + History + Quality Proxies,24,Random Forest,136,34,34,1.64,0.8550091105842417,15.355307314425746,23.411340130574494,-9.112297776610635,8.03794833333305,43.266045166666764,48.38208727083345
42,seed_42,Repeated_Holdout,Overall_Test,A4,A4 — Environmental + History + Quality Proxies,24,XGBoost,136,34,783,1.01,0.9823108385418683,4.810996548371298,8.981890435405862,-1.9667311784834394,1.7756018066406227,11.448073730468765,17.757429321289067
42,seed_42,Repeated_Holdout,Warm_Start,A4,A4 — Environmental + History + Quality Proxies,24,XGBoost,136,34,749,1.01,0.9869959727031938,4.31921061718257,7.718051665623887,-1.633504746924733,1.7305654144287104,10.245627197265636,16.53140075683594
42,seed_42,Repeated_Holdout,Cold_Start,A4,A4 — Environmental + History + Quality Proxies,24,XGBoost,136,34,34,1.01,0.8556606601636971,15.644751326617078,23.358678808452943,-9.30751345017377,8.714529075622558,40.983282806396474,48.409225097656226
42,seed_42,Repeated_Holdout,Overall_Test,A4,A4 — Environmental + History + Quality Proxies,24,LightGBM,136,34,783,0.99,0.9859705705454315,4.703042075418549,7.9989712321754585,-1.3100852538274386,1.9646570545266684,11.870292758067775,14.342878993493091
42,seed_42,Repeated_Holdout,Warm_Start,A4,A4 — Environmental + History + Quality Proxies,24,LightGBM,136,34,749,0.99,0.988683241241707,4.352304022534455,7.19995487033149,-1.2079673306109866,1.8432487030287348,11.578961422260635,13.11783275977309
42,seed_42,Repeated_Holdout,Cold_Start,A4,A4 — Environmental + History + Quality Proxies,24,LightGBM,136,34,34,0.99,0.9123022160250462,12.42959506395345,18.20749617313425,-3.559683032919278,8.24348125609381,35.17888299228893,39.85103895967026
101,seed_101,Repeated_Holdout,Overall_Test,A0,A0 — Geographic Baseline,2,Random Forest,136,34,685,0.71,0.885859588010776,15.327543267965815,22.20874659342125,3.983935427092548,6.883396670049965,40.37807929069367,43.93207929069366
101,seed_101,Repeated_Holdout,Warm_Start,A0,A0 — Geographic Baseline,2,Random Forest,136,34,651,0.71,0.886096002143051,15.446375282644311,22.32626227873684,3.937948618158731,7.191853409110394,40.39407929069367,44.09407929069367
101,seed_101,Repeated_Holdout,Cold_Start,A0,A0 — Geographic Baseline,2,Random Forest,136,34,34,0.71,0.8730113759400624,13.052259692798126,19.824759874773886,4.864447562854748,5.399586658462887,35.9841340315452,41.26136727666194
101,seed_101,Repeated_Holdout,Overall_Test,A0,A0 — Geographic Baseline,2,XGBoost,136,34,685,0.35,0.35512389234772224,38.90205937104329,52.78888320936523,-15.341715491649879,31.890085449218752,102.18657696533204,118.91716583251953
101,seed_101,Repeated_Holdout,Warm_Start,A0,A0 — Geographic Baseline,2,XGBoost,136,34,651,0.35,0.35312418460655937,39.28588244937715,53.20555721995264,-15.892926076868527,32.27008544921875,102.38857696533202,119.13216583251953
101,seed_101,Repeated_Holdout,Cold_Start,A0,A0 — Geographic Baseline,2,XGBoost,136,34,34,0.35,0.3728346429259577,31.552976312356837,44.05716599329343,-4.787653992316301,20.843248176574704,68.56365426635742,81.60068389892572
101,seed_101,Repeated_Holdout,Overall_Test,A0,A0 — Geographic Baseline,2,LightGBM,136,34,685,0.44,0.7424477620219236,21.087846161884517,33.36084134698117,-6.549405866628749,8.445361998227185,50.15660849138571,95.77672332237053
101,seed_101,Repeated_Holdout,Warm_Start,A0,A0 — Geographic Baseline,2,LightGBM,136,34,651,0.44,0.743810034840846,21.23714188520801,33.48324926308186,-6.735984841846457,8.81735458112226,50.160608491385716,95.68972332237054
101,seed_101,Repeated_Holdout,Cold_Start,A0,A0 — Geographic Baseline,2,LightGBM,136,34,34,0.44,0.6910174698689766,18.22927216530829,30.923773913654838,-2.9769672529014546,7.294842836175843,47.644816878437396,73.58645540633752
101,seed_101,Repeated_Holdout,Overall_Test,A1,A1 — Geographic + Elevation,3,Random Forest,136,34,685,0.68,0.9250180788414661,11.163812153669726,18.000418926208997,7.397460124079865,6.33150396971584,26.689327995206472,48.87602355435478
101,seed_101,Repeated_Holdout,Warm_Start,A1,A1 — Geographic + Elevation,3,Random Forest,136,34,651,0.68,0.9267558024656422,11.127379508335615,17.903302562686573,7.278826741518549,6.302917307432342,26.563327995206464,48.85502355435478
101,seed_101,Repeated_Holdout,Cold_Start,A1,A1 — Geographic + Elevation,3,Random Forest,136,34,34,0.68,0.8737362105919277,11.861390156978718,19.76810032429328,9.668940478415637,6.578926948257736,26.452327995206463,38.3801974944863
101,seed_101,Repeated_Holdout,Overall_Test,A1,A1 — Geographic + Elevation,3,XGBoost,136,34,685,0.37,0.8585452467991482,17.737199036034355,24.723679410128735,7.092584808850811,10.322778625488283,43.7633582763672,49.56427862548828
101,seed_101,Repeated_Holdout,Warm_Start,A1,A1 — Geographic + Elevation,3,XGBoost,136,34,651,0.37,0.8604060168988777,17.75415333468061,24.716096848231295,6.8496022767332105,10.322778625488283,43.7753582763672,49.52527862548828
101,seed_101,Repeated_Holdout,Cold_Start,A1,A1 — Geographic + Elevation,3,XGBoost,136,34,34,0.37,0.8001771094887478,17.41257408254287,24.868417241965187,11.744985644396612,11.596223487854008,43.55353515625001,49.654606185913075
101,seed_101,Repeated_Holdout,Overall_Test,A1,A1 — Geographic + Elevation,3,LightGBM,136,34,685,0.61,0.5906860019796043,25.649192276431222,42.05645179175047,3.0777101123715425,7.026872523780275,64.95400445137265,118.69960385685056
101,seed_101,Repeated_Holdout,Warm_Start,A1,A1 — Geographic + Elevation,3,LightGBM,136,34,651,0.61,0.5977117704905988,25.5807891596309,41.958040856584134,2.4472193620089127,7.026872523780275,64.80400445137265,118.68160385685056
101,seed_101,Repeated_Holdout,Cold_Start,A1,A1 — Geographic + Elevation,3,LightGBM,136,34,34,0.61,0.37735232366282956,26.958910777519748,43.898199991997664,15.149753597256009,6.986969937452064,66.32364169646462,93.79713400027202
101,seed_101,Repeated_Holdout,Overall_Test,A2,A2 — Environmental,8,Random Forest,136,34,685,0.84,0.9257875040179601,10.97793077813711,17.907825344540065,7.22166916730006,6.219910416666654,25.65483984523832,51.47044598322541
101,seed_101,Repeated_Holdout,Warm_Start,A2,A2 — Environmental,8,Random Forest,136,34,651,0.84,0.9273840289802691,10.968283745120617,17.82635755375889,7.131470779977303,6.230880416666665,25.794706845238466,51.464012145562926
101,seed_101,Repeated_Holdout,Cold_Start,A2,A2 — Environmental,8,Random Forest,136,34,34,0.84,0.8783718389504072,11.162643086776397,19.40182563028886,8.948702995156381,5.9402558928571505,24.716515513888943,38.665544357142906
101,seed_101,Repeated_Holdout,Overall_Test,A2,A2 — Environmental,8,XGBoost,136,34,685,1.11,0.9028936224883043,14.515128062032435,20.484633939627567,5.542252872063296,11.66728317260742,38.1904150390625,39.885101196289064
101,seed_101,Repeated_Holdout,Warm_Start,A2,A2 — Environmental,8,XGBoost,136,34,651,1.11,0.9041282394045926,14.523179191202612,20.482921002856877,5.363811925530618,11.720280914306642,38.125605773925784,39.8708187866211
101,seed_101,Repeated_Holdout,Cold_Start,A2,A2 — Environmental,8,XGBoost,136,34,34,1.11,0.8639828192939812,14.360972618215225,20.517404057597687,8.958872171850764,8.890761032104493,38.51695300292969,39.97120858764649
101,seed_101,Repeated_Holdout,Overall_Test,A2,A2 — Environmental,8,LightGBM,136,34,685,1.08,0.8839603029743418,15.847852013946248,22.392759921510695,0.5679310213822033,11.101520883063301,41.46977106936543,42.90690278048907
101,seed_101,Repeated_Holdout,Warm_Start,A2,A2 — Environmental,8,LightGBM,136,34,651,1.08,0.8839284359852606,15.984321848791895,22.537692897578612,0.3744246461443359,11.101520883063301,41.49960789844786,42.89473321260999
101,seed_101,Repeated_Holdout,Cold_Start,A2,A2 — Environmental,8,LightGBM,136,34,34,1.08,0.8782681062803196,13.23485605851934,19.41009745739666,4.273008970789597,10.479724019801886,37.34640919046879,42.52233491206766
101,seed_101,Repeated_Holdout,Overall_Test,A3,A3 — Environmental + History,20,Random Forest,136,34,685,1.67,0.9966919550730708,2.038176117613834,3.7808550730704105,0.6024227857577366,1.2050750000000114,3.8921146666666586,5.7994008333331095
101,seed_101,Repeated_Holdout,Warm_Start,A3,A3 — Environmental + History,20,Random Forest,136,34,651,1.67,0.9982935359096219,1.6517629047801905,2.7327198753871444,0.5377300882342252,1.1443750000000321,3.4868000000000094,4.284118124999811
101,seed_101,Repeated_Holdout,Cold_Start,A3,A3 — Environmental + History,20,Random Forest,136,34,34,1.67,0.9531447195510286,9.436852633928597,12.042171215766574,1.8410976706932047,8.56211874999997,20.494509375000362,23.024290565475916
101,seed_101,Repeated_Holdout,Overall_Test,A3,A3 — Environmental + History,20,XGBoost,136,34,685,1.42,0.9958335727012809,2.3542048800435382,4.2431289946557085,0.5811454223620633,1.0962359619140614,5.9177017822265645,7.927921142578117
101,seed_101,Repeated_Holdout,Warm_Start,A3,A3 — Environmental + History,20,XGBoost,136,34,651,1.42,0.9972494723634558,2.018445498651257,3.4694013656968634,0.44469465200527497,1.038786582946777,5.421848754882802,6.965483703613273
101,seed_101,Repeated_Holdout,Cold_Start,A3,A3 — Environmental + History,20,XGBoost,136,34,34,1.42,0.9572648838588084,8.783009506113391,11.500533071137895,3.193776348899393,6.229790687561035,18.48197920227051,18.94796937561035
101,seed_101,Repeated_Holdout,Overall_Test,A3,A3 — Environmental + History,20,LightGBM,136,34,685,1.01,0.9967559866367759,1.9730816390603936,3.744084554941984,0.13077323052387713,1.208910557435054,3.741368337355687,5.258055404353283
101,seed_101,Repeated_Holdout,Warm_Start,A3,A3 — Environmental + History,20,LightGBM,136,34,651,1.01,0.9984272756039172,1.6017049500728984,2.623450356237833,-0.08982019977824476,1.153618080438953,3.2747245770889606,4.06682586907883
101,seed_101,Repeated_Holdout,Cold_Start,A3,A3 — Environmental + History,20,LightGBM,136,34,34,1.01,0.9513251264522996,9.083852948791549,12.27376893015649,4.35448861660274,6.9584851008663255,18.592169231936587,27.980948310292067
101,seed_101,Repeated_Holdout,Overall_Test,A4,A4 — Environmental + History + Quality Proxies,24,Random Forest,136,34,685,1.77,0.9965998118244095,2.0746890518335075,3.8331499353340353,0.637983902980542,1.2485000000000426,3.9499169999999224,5.808134999999637
101,seed_101,Repeated_Holdout,Warm_Start,A4,A4 — Environmental + History + Quality Proxies,24,Random Forest,136,34,651,1.77,0.9982675502530415,1.6832114104674112,2.753447889127419,0.5760193381976552,1.1860999999999748,3.569800000000007,4.431724583333324
101,seed_101,Repeated_Holdout,Cold_Start,A4,A4 — Environmental + History + Quality Proxies,24,Random Forest,136,34,34,1.77,0.9512562549430521,9.570334479166702,12.282449118984854,1.8244230698528763,8.61635791666675,21.04718850000038,23.135009232142586
101,seed_101,Repeated_Holdout,Overall_Test,A4,A4 — Environmental + History + Quality Proxies,24,XGBoost,136,34,685,1.86,0.996217283117965,2.212768114661866,4.043023351111167,0.8931878509532363,1.06634521484375,6.100573852539064,7.835192459106451
101,seed_101,Repeated_Holdout,Warm_Start,A4,A4 — Environmental + History + Quality Proxies,24,XGBoost,136,34,651,1.86,0.9974952403241129,1.8982697385368716,3.3107742602353882,0.8079566854643659,1.0225512695312489,5.353363037109375,7.171683120727536
101,seed_101,Repeated_Holdout,Cold_Start,A4,A4 — Environmental + History + Quality Proxies,24,XGBoost,136,34,34,1.86,0.9614048520549399,8.234487022231606,10.929288292070263,2.5251139901666084,6.200058784484863,17.45997243499756,18.9064386138916
101,seed_101,Repeated_Holdout,Overall_Test,A4,A4 — Environmental + History + Quality Proxies,24,LightGBM,136,34,685,1.36,0.996649984367796,1.990007667569278,3.8047642093183573,0.29993149847460754,1.1897333082019173,4.0830017856277445,5.92764475808492
101,seed_101,Repeated_Holdout,Warm_Start,A4,A4 — Environmental + History + Quality Proxies,24,LightGBM,136,34,651,1.36,0.9982892899688904,1.6362383153221969,2.7361174734301272,0.17370176021353154,1.1358611468384936,3.4977525135364544,4.749245329078672
101,seed_101,Repeated_Holdout,Cold_Start,A4,A4 — Environmental + History + Quality Proxies,24,LightGBM,136,34,34,1.36,0.9520790372834588,8.763650265006039,12.17834558977366,2.7168597222381523,6.740889176048183,18.96457643992522,27.778562294424866
202,seed_202,Repeated_Holdout,Overall_Test,A0,A0 — Geographic Baseline,2,Random Forest,136,34,751,0.69,0.622371245806826,16.794625212027903,28.62245786823557,7.159391500600845,6.89129584543851,42.90588926117631,83.75792810059284
202,seed_202,Repeated_Holdout,Warm_Start,A0,A0 — Geographic Baseline,2,Random Forest,136,34,717,0.69,0.6248731094995683,16.808057427753617,28.610883451644003,7.022985430516668,6.894477155387733,42.92188926117631,83.99292810059283
202,seed_202,Repeated_Holdout,Cold_Start,A0,A0 — Geographic Baseline,2,Random Forest,136,34,34,0.69,0.5478160904314586,16.511363486282725,28.865460995340197,10.035954802081832,5.633721262015394,39.09418426902147,60.39885285497202
202,seed_202,Repeated_Holdout,Overall_Test,A0,A0 — Geographic Baseline,2,XGBoost,136,34,751,0.45,0.13364423311611184,32.676692038090344,43.35333704737301,23.88009950151456,26.23667755126953,76.40696594238281,98.04659210205078
202,seed_202,Repeated_Holdout,Warm_Start,A0,A0 — Geographic Baseline,2,XGBoost,136,34,717,0.45,0.1453946888827602,32.532900000270274,43.184208436486635,23.583655474940773,26.223669357299805,76.30296594238281,98.02259210205077
202,seed_202,Repeated_Holdout,Cold_Start,A0,A0 — Geographic Baseline,2,XGBoost,136,34,34,0.45,-0.18750905130060969,35.709012365060694,46.777758760874676,30.131580885438357,32.62031967163086,76.77696594238282,89.5694004669189
202,seed_202,Repeated_Holdout,Overall_Test,A0,A0 — Geographic Baseline,2,LightGBM,136,34,751,0.76,0.8245263600198613,11.887905967493351,19.511036410742015,5.641326435677095,6.696637852056824,29.006244171502395,31.800441107624547
202,seed_202,Repeated_Holdout,Warm_Start,A0,A0 — Geographic Baseline,2,LightGBM,136,34,717,0.76,0.8264919912052493,11.880275589312218,19.45816727555029,5.5264989519105825,6.736862754348991,29.004040059059008,31.728959269297835
202,seed_202,Repeated_Holdout,Cold_Start,A0,A0 — Geographic Baseline,2,LightGBM,136,34,34,0.76,0.7698266637084175,12.048817177960204,20.594367196905658,8.06283543157677,5.786750303202908,29.610017825851706,37.80427988986419
202,seed_202,Repeated_Holdout,Overall_Test,A1,A1 — Geographic + Elevation,3,Random Forest,136,34,751,0.74,0.6867606842293035,14.510976309875064,26.068289186950476,7.3398494452462115,7.066187080818434,32.41590366787251,88.49969800913513
202,seed_202,Repeated_Holdout,Warm_Start,A1,A1 — Geographic + Elevation,3,Random Forest,136,34,717,0.74,0.6895244217271909,14.490452893118853,26.02890462040486,7.235339407594669,7.066187080818434,32.39790366787251,88.73469800913513
202,seed_202,Repeated_Holdout,Cold_Start,A1,A1 — Geographic + Elevation,3,Random Forest,136,34,34,0.74,0.6077243772488032,14.943778951469309,26.885406410821936,9.543781709839022,6.7333875375660135,35.77051326705961,57.46568316449542
202,seed_202,Repeated_Holdout,Overall_Test,A1,A1 — Geographic + Elevation,3,XGBoost,136,34,751,0.43,0.7181696960307974,14.970125969888048,24.72681851937427,6.7538435508534995,9.382994995117187,27.93212371826172,75.94540161132812
202,seed_202,Repeated_Holdout,Warm_Start,A1,A1 — Geographic + Elevation,3,XGBoost,136,34,717,0.43,0.7203397389495263,14.935015488522158,24.70344655499851,6.5812368704185324,9.335383911132809,27.661234436035148,76.01340161132812
202,seed_202,Repeated_Holdout,Cold_Start,A1,A1 — Geographic + Elevation,3,XGBoost,136,34,34,0.43,0.6549644116055603,15.710544062221754,25.214646954783664,10.39381384120268,10.676685638427735,28.877856933593748,45.36077098083486
202,seed_202,Repeated_Holdout,Overall_Test,A1,A1 — Geographic + Elevation,3,LightGBM,136,34,751,0.71,0.382980257899165,24.265870994734556,36.586757916062616,12.792419022232034,10.09667478498989,70.98525359844363,85.25234679748283
202,seed_202,Repeated_Holdout,Warm_Start,A1,A1 — Geographic + Elevation,3,LightGBM,136,34,717,0.71,0.39046307910611155,24.222750581519428,36.470538687082886,12.566319500563198,10.150335469437644,70.91801658360332,85.0776217410248
202,seed_202,Repeated_Holdout,Cold_Start,A1,A1 — Geographic + Elevation,3,LightGBM,136,34,34,0.71,0.176377877927684,25.175204414594724,38.95694992246436,17.560458935071836,8.353201211658885,77.9673284102074,89.02507185394086
202,seed_202,Repeated_Holdout,Overall_Test,A2,A2 — Environmental,8,Random Forest,136,34,751,0.79,0.6872447421378021,14.396294725223457,26.048139353204924,7.675776695436457,6.810051309523811,33.47084916666695,88.19636350694438
202,seed_202,Repeated_Holdout,Warm_Start,A2,A2 — Environmental,8,Random Forest,136,34,717,0.79,0.6899594633942351,14.392558138817632,26.01066223945926,7.61437990522612,6.813429186507923,33.38303191666651,88.17348148015873
202,seed_202,Repeated_Holdout,Cold_Start,A2,A2 — Environmental,8,Random Forest,136,34,34,0.79,0.6094480288751203,14.475092738546223,26.826274400839118,8.970526653695604,6.45375922619057,34.364701402777875,58.185751466811006
202,seed_202,Repeated_Holdout,Overall_Test,A2,A2 — Environmental,8,XGBoost,136,34,751,0.63,0.7602611874407639,12.205434805581794,22.80570865157288,7.112888310644502,5.434716186523431,20.45431594848633,76.45165756225586
202,seed_202,Repeated_Holdout,Warm_Start,A2,A2 — Environmental,8,XGBoost,136,34,717,0.63,0.7618140260312638,12.189456770948787,22.798184369827627,7.064211598200777,5.422800903320315,20.45431594848633,76.74587829589835
202,seed_202,Repeated_Holdout,Cold_Start,A2,A2 — Environmental,8,XGBoost,136,34,34,0.63,0.7138156148527848,12.542383359460269,22.963808290202486,8.139394276001875,6.501662597656253,21.538355010986326,45.11193670654287
202,seed_202,Repeated_Holdout,Overall_Test,A2,A2 — Environmental,8,LightGBM,136,34,751,0.58,0.7509252241631393,15.032644838515218,23.24552027637892,10.616204874313022,9.195264107871111,30.78586693267072,69.28072185320039
202,seed_202,Repeated_Holdout,Warm_Start,A2,A2 — Environmental,8,LightGBM,136,34,717,0.58,0.7531717910142508,14.987985509617891,23.20809885283879,10.57547808982084,9.195264107871111,30.685712417641927,69.54314747969552
202,seed_202,Repeated_Holdout,Cold_Start,A2,A2 — Environmental,8,LightGBM,136,34,34,0.58,0.686856187929487,15.974431274379405,24.021098421159905,11.47506088845696,9.572211572695949,30.92164490555475,44.23885746204504
202,seed_202,Repeated_Holdout,Overall_Test,A3,A3 — Environmental + History,20,Random Forest,136,34,751,1.46,0.9521431620823441,4.177374339055866,10.18934803831894,2.8373789387958865,1.4951750000000175,9.675377500000039,17.127575000000075
202,seed_202,Repeated_Holdout,Warm_Start,A3,A3 — Environmental + History,20,Random Forest,136,34,717,1.46,0.9618449376493041,3.785059738493728,9.124692830089476,2.649153871455133,1.3903249999999971,5.958424666666676,15.924800333333481
202,seed_202,Repeated_Holdout,Cold_Start,A3,A3 — Environmental + History,20,Random Forest,136,34,34,1.46,0.7083238572857835,12.45059694502802,23.18309418289533,6.806713447128842,7.063635625000032,21.58561249999958,44.80145887500001
202,seed_202,Repeated_Holdout,Overall_Test,A3,A3 — Environmental + History,20,XGBoost,136,34,751,0.89,0.9194700318207281,5.502209494650443,13.217616914798977,4.17560009586827,1.2134702682495124,10.700645294189453,36.13560775756836
202,seed_202,Repeated_Holdout,Warm_Start,A3,A3 — Environmental + History,20,XGBoost,136,34,717,0.89,0.9253272095726185,5.1951661116574765,12.765074682482885,4.038342214395478,1.1479740142822266,8.779373291015615,35.07816040039055
202,seed_202,Repeated_Holdout,Cold_Start,A3,A3 — Environmental + History,20,XGBoost,136,34,34,0.89,0.7706198160574015,11.977212600708008,20.558853598801413,7.070126596338609,8.3702783203125,15.615318305969236,50.059259857177686
202,seed_202,Repeated_Holdout,Overall_Test,A3,A3 — Environmental + History,20,LightGBM,136,34,751,0.86,0.9266966428378967,5.725712198197078,12.610616811873234,4.0128360475776885,1.445031550707256,16.099702478337576,38.82530263436321
202,seed_202,Repeated_Holdout,Warm_Start,A3,A3 — Environmental + History,20,LightGBM,136,34,717,0.86,0.9352825941586347,5.381995106985376,11.8837284653398,3.850411600373318,1.362885716607785,15.308685615154111,38.74328696756191
202,seed_202,Repeated_Holdout,Cold_Start,A3,A3 — Environmental + History,20,LightGBM,136,34,34,0.86,0.70992995191549,12.974099092279154,23.119178016699614,7.438081007740434,4.8724384296997965,20.811238412656632,63.71551593991174
202,seed_202,Repeated_Holdout,Overall_Test,A4,A4 — Environmental + History + Quality Proxies,24,Random Forest,136,34,751,1.63,0.9526785262571449,4.1422340703664995,10.132194723470139,2.819730636056682,1.4856999999999818,9.576615000000047,16.76539458333339
202,seed_202,Repeated_Holdout,Warm_Start,A4,A4 — Environmental + History + Quality Proxies,24,Random Forest,136,34,717,1.63,0.9623536364279748,3.754012471192805,9.063661670158368,2.6328605604536053,1.4088750000000072,5.804252000000005,15.849581666666866
202,seed_202,Repeated_Holdout,Cold_Start,A4,A4 — Environmental + History + Quality Proxies,24,Random Forest,136,34,34,1.63,0.7095422726128902,12.32914250000001,23.134622276041664,6.760490759803916,7.239028541666679,20.87282749999962,44.599601541666686
202,seed_202,Repeated_Holdout,Overall_Test,A4,A4 — Environmental + History + Quality Proxies,24,XGBoost,136,34,751,0.97,0.8916233414302476,6.287126276483549,15.333534521405907,5.172465264578158,1.2628967285156278,10.329136199951172,45.61883407592774
202,seed_202,Repeated_Holdout,Warm_Start,A4,A4 — Environmental + History + Quality Proxies,24,XGBoost,136,34,717,0.97,0.8979843234621482,6.011494099671538,14.920233734677819,5.060218083675603,1.1887475585937466,9.943443298339842,44.78198907470699
202,seed_202,Repeated_Holdout,Cold_Start,A4,A4 — Environmental + History + Quality Proxies,24,XGBoost,136,34,34,0.97,0.7293008979330218,12.099722475725063,22.333888990020164,7.539560226552627,7.326000518798828,17.557271774291987,57.59572378540034
202,seed_202,Repeated_Holdout,Overall_Test,A4,A4 — Environmental + History + Quality Proxies,24,LightGBM,136,34,751,0.6,0.9224673179728671,5.789333095838519,12.96930789261877,4.162377614525789,1.3287906760712112,13.965054336830278,40.62852032759527
202,seed_202,Repeated_Holdout,Warm_Start,A4,A4 — Environmental + History + Quality Proxies,24,LightGBM,136,34,717,0.6,0.9310922101512444,5.46033492417546,12.262424034474197,4.00313791298652,1.2284282147724355,13.08763642641465,40.25996232479271
202,seed_202,Repeated_Holdout,Cold_Start,A4,A4 — Environmental + History + Quality Proxies,24,LightGBM,136,34,34,0.6,0.7045929007734568,12.727323951203612,23.33089556163838,7.520461908750957,5.397101071719064,21.59881915750643,65.36281656801462
303,seed_303,Repeated_Holdout,Overall_Test,A0,A0 — Geographic Baseline,2,Random Forest,136,34,830,0.66,0.7291174629455432,25.227148763206383,35.820766342513686,-18.75369647764515,12.877700262776287,65.437635070093,73.92275852213663
303,seed_303,Repeated_Holdout,Warm_Start,A0,A0 — Geographic Baseline,2,Random Forest,136,34,796,0.66,0.7260754545432742,25.471448782628258,36.05486066693596,-19.088426055635555,13.249231508089812,65.47114571712031,74.6812585221367
303,seed_303,Repeated_Holdout,Cold_Start,A0,A0 — Geographic Baseline,2,Random Forest,136,34,34,0.66,0.7939456565748645,19.507654190858915,29.819599690587243,-10.91708635763455,9.581754340804295,59.51370810758838,62.423947132165225
303,seed_303,Repeated_Holdout,Overall_Test,A0,A0 — Geographic Baseline,2,XGBoost,136,34,830,0.39,0.17224832948262947,48.235613278974974,62.617309269914905,-31.21302259190111,42.386813964843746,92.06659985351564,147.47693334960934
303,seed_303,Repeated_Holdout,Warm_Start,A0,A0 — Geographic Baseline,2,XGBoost,136,34,796,0.39,0.17008323860535712,48.47985017925052,62.757497100824246,-31.62531258583069,42.8680876159668,92.06698486328126,147.28793334960938
303,seed_303,Repeated_Holdout,Cold_Start,A0,A0 — Geographic Baseline,2,XGBoost,136,34,34,0.39,0.1867647581713856,42.51759643722983,59.240541228346196,-21.560586263432224,32.89497833251953,88.91379235839844,118.11996028137196
303,seed_303,Repeated_Holdout,Overall_Test,A0,A0 — Geographic Baseline,2,LightGBM,136,34,830,0.43,0.8137237979305526,20.26734512853806,29.70455536437441,-9.420146865191166,11.676612979480211,65.44175139811409,69.01071802543139
303,seed_303,Repeated_Holdout,Warm_Start,A0,A0 — Geographic Baseline,2,LightGBM,136,34,796,0.43,0.8125334067099549,20.377626667241238,29.82704918709771,-9.632438283331565,11.797220601670798,65.45571431735554,69.04073285773482
303,seed_303,Repeated_Holdout,Cold_Start,A0,A0 — Geographic Baseline,2,LightGBM,136,34,34,0.43,0.8350941306118563,17.685459693016668,26.676507997070754,-4.450030134610003,7.919192744527288,48.151796510747594,60.53224120762379
303,seed_303,Repeated_Holdout,Overall_Test,A1,A1 — Geographic + Elevation,3,Random Forest,136,34,830,0.71,0.8000722780867546,20.232034614415248,30.77378231392537,-10.82821035315579,9.54520288986609,67.63004274873099,71.09259219245875
303,seed_303,Repeated_Holdout,Warm_Start,A1,A1 — Geographic + Elevation,3,Random Forest,136,34,796,0.71,0.7978208772722968,20.412318788244285,30.97536985155099,-11.114192146653547,9.635758676565757,67.75804274873097,71.19859219245876
303,seed_303,Repeated_Holdout,Cold_Start,A1,A1 — Geographic + Elevation,3,Random Forest,136,34,34,0.71,0.848079406127058,16.011263956535394,25.604673779754947,-4.13287189362007,7.259638167639967,40.163369639405204,66.79577488715404
303,seed_303,Repeated_Holdout,Overall_Test,A1,A1 — Geographic + Elevation,3,XGBoost,136,34,830,0.34,0.6584699530137621,29.60579844159965,40.22155229654365,-20.85348972375709,19.402512741088866,70.34550689697267,90.51083258056633
303,seed_303,Repeated_Holdout,Warm_Start,A1,A1 — Geographic + Elevation,3,XGBoost,136,34,796,0.34,0.6545635413721829,29.877670257702544,40.48856950829831,-21.249681932746462,19.531368255615234,70.38002075195313,91.2693325805664
303,seed_303,Repeated_Holdout,Cold_Start,A1,A1 — Geographic + Elevation,3,XGBoost,136,34,34,0.34,0.7420344569635627,23.240799452837777,33.36504941765814,-11.577930948594041,14.131920051574706,57.43730923461914,69.25037490844727
303,seed_303,Repeated_Holdout,Overall_Test,A1,A1 — Geographic + Elevation,3,LightGBM,136,34,830,0.44,0.29731184839491653,40.7696150364163,57.693340269744,-28.39348739692566,19.70470155463248,111.31275825043261,116.85817314922024
303,seed_303,Repeated_Holdout,Warm_Start,A1,A1 — Geographic + Elevation,3,LightGBM,136,34,796,0.44,0.2902507291073022,41.159829000764496,58.036447971696084,-28.86581406768441,20.358302469779233,111.60175825043262,116.89675825043261
303,seed_303,Repeated_Holdout,Cold_Start,A1,A1 — Geographic + Elevation,3,LightGBM,136,34,34,0.44,0.4441099503012923,31.634017518146585,48.97848782414627,-17.335486516809226,12.448669779103321,91.57077399907683,102.35101581832122
303,seed_303,Repeated_Holdout,Overall_Test,A2,A2 — Environmental,8,Random Forest,136,34,830,0.76,0.8025471891631193,20.093511132180417,30.5827143911752,-10.589461475951914,9.928508273809413,66.70662640476212,69.86197599107149
303,seed_303,Repeated_Holdout,Warm_Start,A2,A2 — Environmental,8,Random Forest,136,34,796,0.76,0.8004890702869283,20.271718232791002,30.77029734081629,-10.85557202161348,9.982744474206347,66.73595761904764,69.9291608333333
303,seed_303,Repeated_Holdout,Cold_Start,A2,A2 — Environmental,8,Random Forest,136,34,34,0.76,0.8457013513313503,15.921368423767891,25.80429413175363,-4.359343995169408,7.484135570436511,41.39913667261924,66.16961492559534
303,seed_303,Repeated_Holdout,Overall_Test,A2,A2 — Environmental,8,XGBoost,136,34,830,0.62,0.7538345301701525,25.288490476114205,34.14742307646859,-17.329560495204237,18.478256149291994,66.49667785644532,73.3474380187988
303,seed_303,Repeated_Holdout,Warm_Start,A2,A2 — Environmental,8,XGBoost,136,34,796,0.62,0.751299944878894,25.493233681743476,34.35471005131359,-17.594279877708185,18.605224609375004,66.60188926696777,73.7822802734375
303,seed_303,Repeated_Holdout,Cold_Start,A2,A2 — Environmental,8,XGBoost,136,34,34,0.62,0.8068296569013429,20.495090720793783,28.872284459296182,-11.132012598935297,13.672080993652344,52.581948669433594,63.56393335723876
303,seed_303,Repeated_Holdout,Overall_Test,A2,A2 — Environmental,8,LightGBM,136,34,830,0.66,0.7931899154271069,23.580258919108974,31.2989828953829,-14.691215689595486,13.810379173244137,50.42219991313554,70.26188372234118
303,seed_303,Repeated_Holdout,Warm_Start,A2,A2 — Environmental,8,LightGBM,136,34,796,0.66,0.7909672671740396,23.780944780151152,31.496006829861297,-14.92524938898924,13.92841041946415,50.576605661665894,70.38509567871439
303,seed_303,Repeated_Holdout,Cold_Start,A2,A2 — Environmental,8,LightGBM,136,34,34,0.66,0.8401140074918569,18.881848760591907,26.267342137266887,-9.212073786141708,12.432667035967924,45.5422634378666,54.6432504122909
303,seed_303,Repeated_Holdout,Overall_Test,A3,A3 — Environmental + History,20,Random Forest,136,34,830,1.48,0.9950227562393433,2.4728951928428007,4.855554398950826,0.11036802330749469,1.4717749999998135,4.976250000000011,7.065399624999829
303,seed_303,Repeated_Holdout,Warm_Start,A3,A3 — Environmental + History,20,Random Forest,136,34,796,1.48,0.9981297111191245,2.0344818533889675,2.979220808848845,0.43661650895845916,1.425699999999937,4.4869624999999544,5.423676041666699
303,seed_303,Repeated_Holdout,Cold_Start,A3,A3 — Environmental + History,20,Random Forest,136,34,34,1.48,0.9147833468583073,12.736925140056059,19.176668419462864,-7.527684758403322,8.654461041666725,25.993122499999895,29.67609458333346
303,seed_303,Repeated_Holdout,Overall_Test,A3,A3 — Environmental + History,20,XGBoost,136,34,830,0.87,0.9911816535223962,4.2869948005446465,6.463056430988702,-0.47893479724102705,2.212301635742186,11.41073547363282,12.607961120605454
303,seed_303,Repeated_Holdout,Warm_Start,A3,A3 — Environmental + History,20,XGBoost,136,34,796,0.87,0.9930037144260668,4.004790466706358,5.762117509946026,-0.33153934385309247,2.095722198486328,11.281967163085938,12.36162719726562
303,seed_303,Repeated_Holdout,Cold_Start,A3,A3 — Environmental + History,20,XGBoost,136,34,34,0.87,0.9438317612834226,10.893896263346953,15.568842500206765,-3.9297224706761984,8.048422889709476,22.553008911132817,31.74631491088864
303,seed_303,Repeated_Holdout,Overall_Test,A3,A3 — Environmental + History,20,LightGBM,136,34,830,0.74,0.9948577419730213,2.855450492052144,4.93538800275858,0.0012709501778541594,1.7429252714960066,6.270909960505895,8.650189762608427
303,seed_303,Repeated_Holdout,Warm_Start,A3,A3 — Environmental + History,20,LightGBM,136,34,796,0.74,0.9976510350177032,2.3858409450970868,3.338770887408242,0.22146872615380325,1.6588122129634684,5.640102135712745,7.0466037563220105
303,seed_303,Repeated_Holdout,Cold_Start,A3,A3 — Environmental + History,20,LightGBM,136,34,34,0.74,0.9226856374858946,13.849838708999963,18.265897319082022,-5.1539475697296595,11.444802438021632,29.745101367319965,38.78128269697941
303,seed_303,Repeated_Holdout,Overall_Test,A4,A4 — Environmental + History + Quality Proxies,24,Random Forest,136,34,830,1.58,0.9945406566720745,2.624789648594379,5.085276506765744,0.25542487822718185,1.4819729166666828,5.372535416666725,8.06307229166666
303,seed_303,Repeated_Holdout,Warm_Start,A4,A4 — Environmental + History + Quality Proxies,24,Random Forest,136,34,796,1.58,0.9976496926907423,2.1913186699868388,3.339724729232221,0.5813010472002719,1.4313333333330576,5.033900000000042,6.000818750000096
303,seed_303,Repeated_Holdout,Cold_Start,A4,A4 — Environmental + History + Quality Proxies,24,Random Forest,136,34,34,1.58,0.9142236555714903,12.773110206582666,19.239540218725715,-7.373911313025159,8.77066937500006,25.819297124999935,31.915644291666784
303,seed_303,Repeated_Holdout,Overall_Test,A4,A4 — Environmental + History + Quality Proxies,24,XGBoost,136,34,830,0.95,0.9902150233927035,4.4834039600556155,6.808073951125936,-0.8077633825325103,2.1557453727722153,11.26428308105468,13.739885559082039
303,seed_303,Repeated_Holdout,Warm_Start,A4,A4 — Environmental + History + Quality Proxies,24,XGBoost,136,34,796,0.95,0.9923429448471784,4.189143793594897,6.028083151983295,-0.6424668792743776,1.997606353759764,10.990466918945316,12.782176055908195
303,seed_303,Repeated_Holdout,Cold_Start,A4,A4 — Environmental + History + Quality Proxies,24,XGBoost,136,34,34,0.95,0.93494231659015,11.372553739547731,16.755609089889685,-4.6776462235170255,7.942599296569825,19.674667091369628,36.1474391021728
303,seed_303,Repeated_Holdout,Overall_Test,A4,A4 — Environmental + History + Quality Proxies,24,LightGBM,136,34,830,0.85,0.9937761878001459,3.1867040352330336,5.429659663710209,-0.3327691753504507,1.8044350551667696,7.724593891187198,10.13783595698705
303,seed_303,Repeated_Holdout,Warm_Start,A4,A4 — Environmental + History + Quality Proxies,24,LightGBM,136,34,796,0.85,0.9966395006384102,2.725538612907162,3.993468428688819,-0.0813889857550348,1.7121999688505198,7.0447768301060165,9.43289959781475
303,seed_303,Repeated_Holdout,Cold_Start,A4,A4 — Environmental + History + Quality Proxies,24,LightGBM,136,34,34,0.85,0.9197474904302945,13.983400393215202,18.6097369046937,-6.21802302587842,10.705377912686275,27.474358585693377,38.467899441773355
404,seed_404,Repeated_Holdout,Overall_Test,A0,A0 — Geographic Baseline,2,Random Forest,136,34,741,0.79,0.8254829286405643,13.241943613170383,26.65179996381247,-7.644044742438933,3.8471861989149403,33.97002702154745,81.65935320545695
404,seed_404,Repeated_Holdout,Warm_Start,A0,A0 — Geographic Baseline,2,Random Forest,136,34,707,0.79,0.8242392485102045,13.30170051989879,26.84189039963719,-7.868719872472889,3.817847103633106,34.15202702154747,81.70835320545694
404,seed_404,Repeated_Holdout,Cold_Start,A0,A0 — Geographic Baseline,2,Random Forest,136,34,34,0.79,0.8509210813645808,11.999351464435621,22.335410616347318,-2.9721236561446136,6.207186198914942,26.318166401864307,45.951291185915686
404,seed_404,Repeated_Holdout,Overall_Test,A0,A0 — Geographic Baseline,2,XGBoost,136,34,741,0.47,0.37450383905396434,37.85525399807977,50.45682407848783,-15.768155128581,30.155667724609376,88.39462493896485,92.65462493896484
404,seed_404,Repeated_Holdout,Warm_Start,A0,A0 — Geographic Baseline,2,XGBoost,136,34,707,0.47,0.3721871863498126,38.18582419891843,50.73027727366452,-16.22199635729594,30.985667724609375,88.40056768798829,92.65558899390697
404,seed_404,Repeated_Holdout,Cold_Start,A0,A0 — Geographic Baseline,2,XGBoost,136,34,34,0.47,0.41114411454791233,30.981338351228654,44.39053038621298,-6.330927225596763,15.516678085327149,87.21314483642578,88.95228190612792
404,seed_404,Repeated_Holdout,Overall_Test,A0,A0 — Geographic Baseline,2,LightGBM,136,34,741,0.85,0.8371577931556149,13.570814405297392,25.74489213059187,-7.467828802253174,4.796479724984003,28.265954177804524,78.84947733683295
404,seed_404,Repeated_Holdout,Warm_Start,A0,A0 — Geographic Baseline,2,LightGBM,136,34,707,0.85,0.8359422294285943,13.638365518198134,25.932868096353655,-7.753970219529612,4.736048806916795,28.527954177804506,78.8604408712785
404,seed_404,Repeated_Holdout,Cold_Start,A0,A0 — Geographic Baseline,2,LightGBM,136,34,34,0.85,0.8622972998077807,12.166148616449673,21.466292967855942,-1.5177705077107482,8.33506154543278,20.30268138810141,41.881143220576334
404,seed_404,Repeated_Holdout,Overall_Test,A1,A1 — Geographic + Elevation,3,Random Forest,136,34,741,0.81,0.9281895625171069,10.145885927264688,17.096270201634347,-5.904676805159124,4.533036695072093,20.496546152837524,49.11774339065177
404,seed_404,Repeated_Holdout,Warm_Start,A1,A1 — Geographic + Elevation,3,Random Forest,136,34,707,0.81,0.927811757627164,10.18423018742395,17.20225504074075,-6.1554222470819635,4.455575043329176,21.85542721901712,49.23715621326351
404,seed_404,Repeated_Holdout,Cold_Start,A1,A1 — Geographic + Elevation,3,Random Forest,136,34,34,0.81,0.9352449316799848,9.348550870423574,14.720504928712186,-0.6906465863518325,5.4107234517640785,17.335968821424345,32.65714691861443
404,seed_404,Repeated_Holdout,Overall_Test,A1,A1 — Geographic + Elevation,3,XGBoost,136,34,741,0.5,0.9086166195760849,12.268537986358972,19.28595710499756,-7.145516175824782,4.984954833984375,39.05607269287108,44.79607269287109
404,seed_404,Repeated_Holdout,Warm_Start,A1,A1 — Geographic + Elevation,3,XGBoost,136,34,707,0.5,0.9086490295952877,12.290292623673674,19.35123695559851,-7.3423622383052916,4.810622406005859,39.26905267333985,44.88007269287109
404,seed_404,Repeated_Holdout,Cold_Start,A1,A1 — Geographic + Elevation,3,XGBoost,136,34,34,0.5,0.9045227251488087,11.816169498667998,17.874579401522315,-3.0522759942447437,7.328692092895511,31.090496704101565,38.747134338378906
404,seed_404,Repeated_Holdout,Overall_Test,A1,A1 — Geographic + Elevation,3,LightGBM,136,34,741,0.76,0.7901313725024997,17.997217968149712,29.2268054049133,-3.041881070174873,5.110581508637683,59.285199337659634,65.00519933765963
404,seed_404,Repeated_Holdout,Warm_Start,A1,A1 — Geographic + Elevation,3,LightGBM,136,34,707,0.76,0.7896230089378422,18.101177299521474,29.36643772709361,-3.228311197518488,5.074756662484997,59.326106459263066,64.98719933765963
404,seed_404,Repeated_Holdout,Cold_Start,A1,A1 — Geographic + Elevation,3,LightGBM,136,34,34,0.76,0.795574757461316,15.835475401095792,26.15490126487948,0.834768930764415,5.924661519772277,45.72185482155111,62.27349306906262
404,seed_404,Repeated_Holdout,Overall_Test,A2,A2 — Environmental,8,Random Forest,136,34,741,0.75,0.9279178143519442,10.002798304979548,17.12858787879117,-5.7277426224286865,4.034186607143056,21.05475535714268,48.956045119047644
404,seed_404,Repeated_Holdout,Warm_Start,A2,A2 — Environmental,8,Random Forest,136,34,707,0.75,0.9274206357745365,10.074232496475341,17.24879370680191,-5.936257781391602,3.978549999999987,22.01826288095221,48.97434420238073
404,seed_404,Repeated_Holdout,Cold_Start,A2,A2 — Environmental,8,Random Forest,136,34,34,0.75,0.9380042217169725,8.5173873229935,14.403461704381105,-1.3918538757586223,4.819758944354249,16.949514667207616,31.21579716666663
404,seed_404,Repeated_Holdout,Overall_Test,A2,A2 — Environmental,8,XGBoost,136,34,741,0.72,0.8988755552562461,12.371828427390872,20.287833024762236,-6.953800507729695,5.1739023852348325,48.796066894531236,54.871033020019524
404,seed_404,Repeated_Holdout,Warm_Start,A2,A2 — Environmental,8,XGBoost,136,34,707,0.72,0.8990563346618337,12.406789613554656,20.341907889287075,-7.061292873334871,5.173198013305663,48.919581542968736,54.85907641601562
404,seed_404,Repeated_Holdout,Cold_Start,A2,A2 — Environmental,8,XGBoost,136,34,34,0.72,0.8906539187021647,11.644841409220415,19.12878720019192,-4.7185916111749755,6.2377746331691775,20.646613052368163,53.17711975097655
404,seed_404,Repeated_Holdout,Overall_Test,A2,A2 — Environmental,8,LightGBM,136,34,741,1.0,0.9022335980022171,11.226931702610178,19.948139797790223,-6.762296058355452,4.348492904187449,32.57610527803274,56.135917090294186
404,seed_404,Repeated_Holdout,Warm_Start,A2,A2 — Environmental,8,LightGBM,136,34,707,1.0,0.9014665000008767,11.324071053459798,20.097595597056657,-6.962869382658143,4.348492904187449,33.090992162756464,56.12462017264946
404,seed_404,Repeated_Holdout,Cold_Start,A2,A2 — Environmental,8,LightGBM,136,34,34,1.0,0.9182769566463521,9.207004612884221,16.53705191215934,-2.5915507559436013,4.736321448031333,23.01775210989826,38.19364413502644
404,seed_404,Repeated_Holdout,Overall_Test,A3,A3 — Environmental + History,20,Random Forest,136,34,741,1.63,0.9975972769119856,1.8609817898110765,3.1272272920512187,-0.18663765897115595,1.2705500000000196,3.751700000000028,5.137525000000007
404,seed_404,Repeated_Holdout,Warm_Start,A3,A3 — Environmental + History,20,Random Forest,136,34,707,1.63,0.9989353430855887,1.5776792451337092,2.089089218807016,-0.09031691334950982,1.2220499999999035,3.3913549999999444,4.226807500000193
404,seed_404,Repeated_Holdout,Cold_Start,A3,A3 — Environmental + History,20,Random Forest,136,34,34,1.63,0.9634273293379603,7.7520082335433855,11.062777089973707,-2.189542575280091,4.89905312500007,19.689414375000002,23.415698812499727
404,seed_404,Repeated_Holdout,Overall_Test,A3,A3 — Environmental + History,20,XGBoost,136,34,741,0.97,0.9974661801205493,1.8723827619333822,3.211407789213808,-0.5623551309639626,1.1757586669921807,4.216083374023441,5.620055847167976
404,seed_404,Repeated_Holdout,Warm_Start,A3,A3 — Environmental + History,20,XGBoost,136,34,707,0.97,0.9987638540447527,1.6132464801944804,2.2510597590572723,-0.5075739826272535,1.1269653320312614,3.853669555664063,4.914539413452146
404,seed_404,Repeated_Holdout,Cold_Start,A3,A3 — Environmental + History,20,XGBoost,136,34,34,0.97,0.9643204391716171,7.260893091033488,10.926864915676344,-1.7014807743184703,5.218711471557614,12.515990463256838,20.361214050292936
404,seed_404,Repeated_Holdout,Overall_Test,A3,A3 — Environmental + History,20,LightGBM,136,34,741,0.87,0.9961485176201182,2.1434180016510958,3.9593285770966027,-0.7633227381183296,1.0682943073173305,5.965017555940761,8.005551960400282
404,seed_404,Repeated_Holdout,Warm_Start,A3,A3 — Environmental + History,20,LightGBM,136,34,707,0.87,0.9978840842578717,1.8706650190632717,2.9451087306135126,-0.6276175115777562,1.023359144280434,5.394572816756402,7.321041868473957
404,seed_404,Repeated_Holdout,Cold_Start,A3,A3 — Environmental + History,20,LightGBM,136,34,34,0.87,0.9518013878812359,7.815075610168497,12.699981563657907,-3.5851931841237814,3.4612382163686073,20.909201782325653,31.990253970150427
404,seed_404,Repeated_Holdout,Overall_Test,A4,A4 — Environmental + History + Quality Proxies,24,Random Forest,136,34,741,1.69,0.9975979246665266,1.878392397098523,3.126805726155014,-0.13654899805604873,1.336599999999848,3.5687375000000827,5.062650000000076
404,seed_404,Repeated_Holdout,Warm_Start,A4,A4 — Environmental + History + Quality Proxies,24,Random Forest,136,34,707,1.69,0.9989381361620977,1.597538048932454,2.086347106337321,-0.04029171196202581,1.2795250000000067,3.3068266666668333,4.068652500000206
404,seed_404,Repeated_Holdout,Cold_Start,A4,A4 — Environmental + History + Quality Proxies,24,Random Forest,136,34,34,1.69,0.9633733533475157,7.7185107545517875,11.070937612363151,-2.13813432948176,5.398636249999728,19.423127249999933,23.686866374999774
404,seed_404,Repeated_Holdout,Overall_Test,A4,A4 — Environmental + History + Quality Proxies,24,XGBoost,136,34,741,1.21,0.997559040416537,1.9305783476810225,3.1520121372571412,-0.5496493550736894,1.1299315643310557,4.989685363769524,5.953977050781248
404,seed_404,Repeated_Holdout,Warm_Start,A4,A4 — Environmental + History + Quality Proxies,24,XGBoost,136,34,707,1.21,0.9985652907378032,1.7003428588662155,2.425124836198658,-0.509911062707321,1.0911661148071286,4.476514648437501,5.467844932556153
404,seed_404,Repeated_Holdout,Cold_Start,A4,A4 — Environmental + History + Quality Proxies,24,XGBoost,136,34,34,1.21,0.971839935253107,6.718122188624214,9.707393812329444,-1.3759720816331746,5.138275375366215,12.635114257812496,17.35787084960936
404,seed_404,Repeated_Holdout,Overall_Test,A4,A4 — Environmental + History + Quality Proxies,24,LightGBM,136,34,741,0.78,0.9966974546134372,2.1298743875394406,3.66633364492644,-0.6551197669784227,1.178483045861027,5.190411492614686,6.80171812455103
404,seed_404,Repeated_Holdout,Warm_Start,A4,A4 — Environmental + History + Quality Proxies,24,LightGBM,136,34,707,0.78,0.9981285401233999,1.8973181593071209,2.769761718842261,-0.536279887246259,1.142677835036416,4.977114296269127,6.6038069450432655
404,seed_404,Repeated_Holdout,Cold_Start,A4,A4 — Environmental + History + Quality Proxies,24,LightGBM,136,34,34,0.78,0.9601258812538134,6.965675956958555,11.551313561805866,-3.1262902072913543,3.463876676437031,19.79378533786396,27.049806481533388
505,seed_505,Repeated_Holdout,Overall_Test,A0,A0 — Geographic Baseline,2,Random Forest,136,34,854,0.8,0.6608878855678701,25.322007786968186,40.89638618666863,-11.49922980244383,10.300112142935397,96.03785292523484,101.5035931622968
505,seed_505,Repeated_Holdout,Warm_Start,A0,A0 — Geographic Baseline,2,Random Forest,136,34,820,0.8,0.656516062367394,25.611072709190925,41.19182023739448,-11.696669047732422,10.630112142935399,96.83382694894102,101.5436061504437
505,seed_505,Repeated_Holdout,Cold_Start,A0,A0 — Geographic Baseline,2,Random Forest,136,34,34,0.8,0.7613797475232196,18.350442015713814,32.979109076822446,-6.737459769013029,4.677932452727828,63.55380309428268,77.38910210705697
505,seed_505,Repeated_Holdout,Overall_Test,A0,A0 — Geographic Baseline,2,XGBoost,136,34,854,0.51,0.3266443879504233,36.99177554441001,57.628262119892604,-26.128215494267558,19.561613121032714,140.0751322784424,144.9992515182495
505,seed_505,Repeated_Holdout,Warm_Start,A0,A0 — Geographic Baseline,2,XGBoost,136,34,820,0.51,0.3218197221877447,37.20327819528813,57.880242902828314,-26.516252260045306,19.561613121032714,140.24860150146486,145.09768996429443
505,seed_505,Repeated_Holdout,Cold_Start,A0,A0 — Geographic Baseline,2,XGBoost,136,34,34,0.51,0.4253898593896668,31.890829258526068,51.17665682621952,-16.769681731392357,19.602401332855223,90.34520834350583,141.46023835754394
505,seed_505,Repeated_Holdout,Overall_Test,A0,A0 — Geographic Baseline,2,LightGBM,136,34,854,0.86,0.5768308142615481,27.380667273832078,45.68464965274874,-9.749517095984697,7.212553756586079,109.29433133334001,116.6353404609792
505,seed_505,Repeated_Holdout,Warm_Start,A0,A0 — Geographic Baseline,2,LightGBM,136,34,820,0.86,0.5720139466402507,27.638077557781806,45.98038206164599,-9.966153436229765,7.248976569463749,110.12433133334,117.02992884088073
505,seed_505,Repeated_Holdout,Cold_Start,A0,A0 — Geographic Baseline,2,LightGBM,136,34,34,0.86,0.685539536829962,21.1725368962211,37.858926349388184,-4.524758301838975,5.539147781332233,67.32249266916826,90.07060480952133
505,seed_505,Repeated_Holdout,Overall_Test,A1,A1 — Geographic + Elevation,3,Random Forest,136,34,854,0.91,0.9126954576323973,12.732910767445762,20.750649794343094,-8.329386157418728,5.712391104943524,51.043609603705995,55.007609603705994
505,seed_505,Repeated_Holdout,Warm_Start,A1,A1 — Geographic + Elevation,3,Random Forest,136,34,820,0.91,0.9121487070500331,12.809808920429285,20.83204216330592,-8.415320166467904,5.767944959515258,51.30984238082331,55.04073364687917
505,seed_505,Repeated_Holdout,Cold_Start,A1,A1 — Geographic + Elevation,3,Random Forest,136,34,34,0.91,0.9234387894725459,10.8783082543137,18.680550244620314,-6.256860056820963,5.064453502419521,24.18272190670125,51.505477905918276
505,seed_505,Repeated_Holdout,Overall_Test,A1,A1 — Geographic + Elevation,3,XGBoost,136,34,854,0.67,0.7841791702061506,18.176127376176712,32.625709119314116,-8.916357907936222,6.966221046447755,55.633631469726566,108.84907916259756
505,seed_505,Repeated_Holdout,Warm_Start,A1,A1 — Geographic + Elevation,3,XGBoost,136,34,820,0.67,0.7826552572413276,18.21893607846702,32.76667223742717,-9.179738427324994,6.966221046447755,56.20163146972655,109.42657916259763
505,seed_505,Repeated_Holdout,Cold_Start,A1,A1 — Geographic + Elevation,3,XGBoost,136,34,34,0.67,0.8152413698681713,17.143682203292848,29.019346988259414,-2.564239499148201,7.358924045562747,45.78047924804688,57.90523229980467
505,seed_505,Repeated_Holdout,Overall_Test,A1,A1 — Geographic + Elevation,3,LightGBM,136,34,854,0.89,0.5216199462566206,33.113333652554395,48.5735463546106,-13.35421242486116,22.10189507973554,101.80512196918441,109.40963782480478
505,seed_505,Repeated_Holdout,Warm_Start,A1,A1 — Geographic + Elevation,3,LightGBM,136,34,820,0.89,0.5175712526572354,33.34153721873865,48.817367545310574,-13.748667327696133,22.69689507973554,102.6351219691844,109.98713782480485
505,seed_505,Repeated_Holdout,Cold_Start,A1,A1 — Geographic + Elevation,3,LightGBM,136,34,34,0.89,0.608006125169547,27.609600585757512,42.26928572769386,-3.8408882976647107,10.435007725138883,79.11359928354125,91.0004398847875
505,seed_505,Repeated_Holdout,Overall_Test,A2,A2 — Environmental,8,Random Forest,136,34,854,0.77,0.9148672038459503,12.474759204925801,20.490932833698494,-8.352586936881101,5.918065922619004,50.25567783333347,54.10312595833318
505,seed_505,Repeated_Holdout,Warm_Start,A2,A2 — Environmental,8,Random Forest,136,34,820,0.77,0.9145497607014763,12.517891387515347,20.545390904161525,-8.402722453831824,5.9497416517856685,50.40631895833317,54.09676477976179
505,seed_505,Repeated_Holdout,Cold_Start,A2,A2 — Environmental,8,Random Forest,136,34,34,0.77,0.9197050487620027,11.434512448354358,19.130635100242614,-7.143436233951907,5.11577988095239,24.0916483194445,51.60554723065477
505,seed_505,Repeated_Holdout,Overall_Test,A2,A2 — Environmental,8,XGBoost,136,34,854,0.73,0.88700368340312,14.438132930349132,23.607251359349902,-8.042786933621981,5.846059532165532,49.11397639465333,65.76111824035644
505,seed_505,Repeated_Holdout,Warm_Start,A2,A2 — Environmental,8,XGBoost,136,34,820,0.73,0.8866223574920384,14.463060395519909,23.6658157097449,-8.19869899686953,5.81121429443359,49.32604837036133,65.81035939025877
505,seed_505,Repeated_Holdout,Cold_Start,A2,A2 — Environmental,8,XGBoost,136,34,34,0.73,0.8923790067418391,13.836941123289222,22.147961842713364,-4.282554820004632,6.197047882080078,42.33478396606445,50.225830032348625
505,seed_505,Repeated_Holdout,Overall_Test,A2,A2 — Environmental,8,LightGBM,136,34,854,1.05,0.8499445174335125,18.662532852246024,27.204403939070975,-11.878174506098606,8.064298869998394,52.02842090396967,54.80849242095037
505,seed_505,Repeated_Holdout,Warm_Start,A2,A2 — Environmental,8,LightGBM,136,34,820,1.05,0.8485125503699475,18.804242134564173,27.35559051219673,-12.005245920924347,8.582518892441744,52.07269332422777,54.85014395267723
505,seed_505,Repeated_Holdout,Cold_Start,A2,A2 — Environmental,8,LightGBM,136,34,34,1.05,0.881275967082773,15.244838396337741,23.262403737911292,-8.813510972066073,6.45436695704244,44.13195199537596,51.86812094016323
505,seed_505,Repeated_Holdout,Overall_Test,A3,A3 — Environmental + History,20,Random Forest,136,34,854,1.59,0.9951010509398072,2.416322522164599,4.91546652288081,0.277095042656385,1.4935562499998944,4.446725000000108,6.376294999999966
505,seed_505,Repeated_Holdout,Warm_Start,A3,A3 — Environmental + History,20,Random Forest,136,34,820,1.59,0.9982713559195582,1.9637269668263573,2.922204187398272,0.6606689611643236,1.4380625000000449,3.9398924999999023,5.137833874999955
505,seed_505,Repeated_Holdout,Cold_Start,A3,A3 — Environmental + History,20,Random Forest,136,34,34,1.59,0.9120350897203979,13.331862386204538,20.02350039544899,-8.973805344888019,6.481634999999998,36.10088062500026,42.96077260416678
505,seed_505,Repeated_Holdout,Overall_Test,A3,A3 — Environmental + History,20,XGBoost,136,34,854,1.24,0.9937962671698994,3.0828591654786455,5.531460608182758,-0.7318210671433798,1.560968933105471,6.849161254882807,13.670852844238267
505,seed_505,Repeated_Holdout,Warm_Start,A3,A3 — Environmental + History,20,XGBoost,136,34,820,1.24,0.9955127341670824,2.799804984831228,4.708132389260134,-0.659438274063715,1.4299874877929675,6.289547302246093,12.510974609374982
505,seed_505,Repeated_Holdout,Cold_Start,A3,A3 — Environmental + History,20,XGBoost,136,34,34,1.24,0.9486783624265018,9.909459992857544,15.29450836565315,-2.4775237237705916,5.482553710937504,20.78183534240723,33.56046586608883
505,seed_505,Repeated_Holdout,Overall_Test,A3,A3 — Environmental + History,20,LightGBM,136,34,854,1.1,0.9931721735214954,3.1389476721853073,5.803026029202233,-0.20405144362283534,1.5004661052379336,7.910048724689805,10.058746745866264
505,seed_505,Repeated_Holdout,Warm_Start,A3,A3 — Environmental + History,20,LightGBM,136,34,820,1.1,0.9963404392820333,2.7401476530050823,4.251794302988303,-0.09794818557416837,1.453078136981369,7.322554008687755,9.56426660556958
505,seed_505,Repeated_Holdout,Cold_Start,A3,A3 — Environmental + History,20,LightGBM,136,34,34,1.1,0.9100811285732706,12.757065781826038,20.244669555366716,-2.7630123730318625,7.19749891244097,38.64392248622708,43.78245329765969
505,seed_505,Repeated_Holdout,Overall_Test,A4,A4 — Environmental + History + Quality Proxies,24,Random Forest,136,34,854,1.65,0.9949442787950367,2.4969722610915968,4.993497529360117,0.36582000750435906,1.4908666666664772,4.8599850000002975,6.366010000000115
505,seed_505,Repeated_Holdout,Warm_Start,A4,A4 — Environmental + History + Quality Proxies,24,Random Forest,136,34,820,1.65,0.9981365356634136,2.0441635558217186,3.0340190957447573,0.7541990787601556,1.4763624999998797,4.455268749999983,5.514273958333382
505,seed_505,Repeated_Holdout,Cold_Start,A4,A4 — Environmental + History + Quality Proxies,24,Random Forest,136,34,34,1.65,0.911298158187527,13.41765279995336,20.107199525314687,-9.000969358076617,6.466181249999998,35.52028916666691,42.8266371250001
505,seed_505,Repeated_Holdout,Overall_Test,A4,A4 — Environmental + History + Quality Proxies,24,XGBoost,136,34,854,1.23,0.9937959405032554,2.940806448956563,5.531606239848139,-0.6254471910195272,1.3546081542968764,6.473839065551762,13.805006423950168
505,seed_505,Repeated_Holdout,Warm_Start,A4,A4 — Environmental + History + Quality Proxies,24,XGBoost,136,34,820,1.23,0.9956205571610225,2.6471420561278736,4.651223387917465,-0.5458004331705045,1.3170180511474676,6.002611671447754,12.522615844726563
505,seed_505,Repeated_Holdout,Cold_Start,A4,A4 — Environmental + History + Quality Proxies,24,XGBoost,136,34,34,1.23,0.9458511573272065,10.023300628942602,15.71013286783798,-2.5463395862018374,5.886687774658206,25.487616455078125,32.62883515930172
505,seed_505,Repeated_Holdout,Overall_Test,A4,A4 — Environmental + History + Quality Proxies,24,LightGBM,136,34,854,1.12,0.993918654205295,2.694932175812432,5.476626584443095,-0.38898620436938186,1.3168892099804186,6.655504127042151,7.671131952083245
505,seed_505,Repeated_Holdout,Warm_Start,A4,A4 — Environmental + History + Quality Proxies,24,LightGBM,136,34,820,1.12,0.9973338696803634,2.26641800080758,3.629095977330174,-0.29006288201831165,1.2663821417276533,6.171916347998037,7.338351555881282
505,seed_505,Repeated_Holdout,Cold_Start,A4,A4 — Environmental + History + Quality Proxies,24,LightGBM,136,34,34,1.12,0.9044030604814468,13.029685808282386,20.87407613045673,-2.774783978718723,6.6240068784021995,33.78102498891789,48.92676655624792
606,seed_606,Repeated_Holdout,Overall_Test,A0,A0 — Geographic Baseline,2,Random Forest,136,34,786,1.13,0.752625093515862,23.83193080873672,37.21398973687318,-5.174345950838028,11.34234295432527,81.66013158698595,87.31173673393258
606,seed_606,Repeated_Holdout,Warm_Start,A0,A0 — Geographic Baseline,2,Random Forest,136,34,752,1.13,0.7519285349329148,24.017622237154946,37.43939334919313,-5.338495785480997,11.34234295432527,82.19613158698594,87.49652085148988
606,seed_606,Repeated_Holdout,Cold_Start,A0,A0 — Geographic Baseline,2,Random Forest,136,34,34,1.13,0.7598137693860366,19.724873333133562,31.823014305946494,-1.5437378434405797,10.7327234660072,64.90473023292522,81.02563158698595
606,seed_606,Repeated_Holdout,Overall_Test,A0,A0 — Geographic Baseline,2,XGBoost,136,34,786,1.27,0.4858675002143229,35.6203065265044,53.649532373441204,-14.378907850182998,18.773216247558587,100.5076889038086,127.41744232177734
606,seed_606,Repeated_Holdout,Warm_Start,A0,A0 — Geographic Baseline,2,XGBoost,136,34,752,1.27,0.48624363185658404,35.781186929319766,53.8789354551871,-14.713935759384581,18.941275825500487,100.81168890380859,127.46394232177734
606,seed_606,Repeated_Holdout,Cold_Start,A0,A0 — Geographic Baseline,2,XGBoost,136,34,34,1.27,0.44674901829839375,32.062010558352746,48.29791216622451,-6.968878799606775,16.306353759765628,85.81963623523711,109.68963227844232
606,seed_606,Repeated_Holdout,Overall_Test,A0,A0 — Geographic Baseline,2,LightGBM,136,34,786,1.66,0.7942577080647792,21.26240396557536,33.93830894184323,-10.890442746308597,6.6222302184831,75.43790473055483,83.62350169617284
606,seed_606,Repeated_Holdout,Warm_Start,A0,A0 — Geographic Baseline,2,LightGBM,136,34,752,1.66,0.7941513703688237,21.395335548100093,34.10471206986934,-11.083298764918533,6.673948647866151,75.88990473055483,83.65450169617284
606,seed_606,Repeated_Holdout,Cold_Start,A0,A0 — Geographic Baseline,2,LightGBM,136,34,34,1.66,0.7862168463373054,18.322270140322427,30.022994067632336,-6.62492139352414,5.532664962543993,52.43431682532427,76.67229678358433
606,seed_606,Repeated_Holdout,Overall_Test,A1,A1 — Geographic + Elevation,3,Random Forest,136,34,786,1.26,0.9011789518120027,15.09157164344331,23.52085691990059,-5.193080560905227,7.712001078189489,32.51446543164171,71.45553295214863
606,seed_606,Repeated_Holdout,Warm_Start,A1,A1 — Geographic + Elevation,3,Random Forest,136,34,752,1.26,0.9015022483764372,15.156511800701763,23.591391391868477,-5.360188952925408,7.718831825153551,32.6064654316417,71.51903295214862
606,seed_606,Repeated_Holdout,Cold_Start,A1,A1 — Geographic + Elevation,3,Random Forest,136,34,34,1.26,0.8862202391634713,13.655248165256339,21.902806632433993,-1.4970361256353562,7.354047421069357,27.30144537909252,46.51933906381906
606,seed_606,Repeated_Holdout,Overall_Test,A1,A1 — Geographic + Elevation,3,XGBoost,136,34,786,1.33,0.9177082241816351,14.690181415111358,21.46380080220816,-2.141038024504373,8.390238647460937,45.167687377929695,48.681226654052736
606,seed_606,Repeated_Holdout,Warm_Start,A1,A1 — Geographic + Elevation,3,XGBoost,136,34,752,1.33,0.9183340226692143,14.698759599264632,21.481320715437175,-2.3654699695617594,8.41761402130127,45.19451647949219,48.654396392822264
606,seed_606,Repeated_Holdout,Cold_Start,A1,A1 — Geographic + Elevation,3,XGBoost,136,34,34,1.33,0.8946824331071223,14.50045216560364,21.072577967208915,2.822868525000178,8.329402618408201,44.10634481811523,48.106258697509766
606,seed_606,Repeated_Holdout,Overall_Test,A1,A1 — Geographic + Elevation,3,LightGBM,136,34,786,1.63,0.741364243605964,22.78192540236375,38.051580039079994,-8.162520915508852,9.099572673230004,65.27263907954449,94.23583576666601
606,seed_606,Repeated_Holdout,Warm_Start,A1,A1 — Geographic + Elevation,3,LightGBM,136,34,752,1.63,0.7428779604260103,22.852455189980308,38.11623970307813,-8.640805907149298,9.099572673230004,65.38463907954448,94.31183576666602
606,seed_606,Repeated_Holdout,Cold_Start,A1,A1 — Geographic + Elevation,3,LightGBM,136,34,34,1.63,0.6824266899078857,21.221972452727044,36.59226215325028,2.4160177231269406,8.824572673230005,56.16455863670606,85.64941181580892
606,seed_606,Repeated_Holdout,Overall_Test,A2,A2 — Environmental,8,Random Forest,136,34,786,0.73,0.9034871539956467,14.769319782194689,23.244540916758478,-5.047654972628181,7.437407113095192,31.86290875000023,70.55839239583315
606,seed_606,Repeated_Holdout,Warm_Start,A2,A2 — Environmental,8,Random Forest,136,34,752,0.73,0.9039867742067156,14.83347926515465,23.29195421797228,-5.196685637039803,7.51917649305561,31.959671750000258,70.54037109226188
606,seed_606,Repeated_Holdout,Cold_Start,A2,A2 — Environmental,8,Random Forest,136,34,34,0.73,0.8834276947313794,13.350262982609706,22.1699622296525,-1.7514473362299583,5.835961696428573,26.957118898809473,46.9178345672348
606,seed_606,Repeated_Holdout,Overall_Test,A2,A2 — Environmental,8,XGBoost,136,34,786,0.78,0.9273501729519916,13.2823787295242,20.16720460277803,-2.3916496097161875,7.356568946838379,34.74668579101562,52.76631439208985
606,seed_606,Repeated_Holdout,Warm_Start,A2,A2 — Environmental,8,XGBoost,136,34,752,0.78,0.9279510074233235,13.290307143584212,20.176895912691393,-2.545907748417652,7.424842605590822,34.86656188964842,52.76020416259766
606,seed_606,Repeated_Holdout,Cold_Start,A2,A2 — Environmental,8,XGBoost,136,34,34,0.78,0.9055888671154948,13.107020865608664,19.951652187486314,1.020177458033841,6.835731601715088,34.006392547607426,42.446370101928665
606,seed_606,Repeated_Holdout,Overall_Test,A2,A2 — Environmental,8,LightGBM,136,34,786,1.05,0.8822437811003448,17.7269674147041,25.67558444635098,-10.385024383532405,8.062395820779495,47.90688127341873,51.67418807310525
606,seed_606,Repeated_Holdout,Warm_Start,A2,A2 — Environmental,8,LightGBM,136,34,752,1.05,0.8822297652447586,17.853344449330837,25.796344469720214,-10.650130285126778,8.062395820779495,47.94136743089458,51.779499198527596
606,seed_606,Repeated_Holdout,Cold_Start,A2,A2 — Environmental,8,LightGBM,136,34,34,1.05,0.8762530613024032,14.931804766489172,22.84201922653744,-4.521505618856868,7.248580824523187,45.41114076182104,49.98474051440019
606,seed_606,Repeated_Holdout,Overall_Test,A3,A3 — Environmental + History,20,Random Forest,136,34,786,1.58,0.9938380760359473,2.8151242741276032,5.873359436230259,-0.8663277624045853,1.4951499999999898,5.922362500000176,11.678720833333507
606,seed_606,Repeated_Holdout,Warm_Start,A3,A3 — Environmental + History,20,Random Forest,136,34,752,1.58,0.9974628242543924,2.356674184159716,3.786305678449118,-0.6815745723309323,1.4310083333333257,5.20323249999996,8.860361250000278
606,seed_606,Repeated_Holdout,Cold_Start,A3,A3 — Environmental + History,20,Random Forest,136,34,34,1.58,0.8860635877465234,12.954961558123236,21.91787928462978,-4.952633613445374,5.777841666666928,32.827764708333326,61.24816322916648
606,seed_606,Repeated_Holdout,Overall_Test,A3,A3 — Environmental + History,20,XGBoost,136,34,786,1.03,0.9933952377167256,2.9851839503077153,6.080748027729496,-1.2060883910783375,1.223177528381342,8.554966564178471,14.644453735351554
606,seed_606,Repeated_Holdout,Warm_Start,A3,A3 — Environmental + History,20,XGBoost,136,34,752,1.03,0.9963934662226922,2.517650517986176,4.514247843351411,-1.2174645861158981,1.1696906805038452,7.737436828613288,11.618224090576163
606,seed_606,Repeated_Holdout,Cold_Start,A3,A3 — Environmental + History,20,XGBoost,136,34,34,1.03,0.9041670016777792,13.325923394595877,20.101330252095885,-0.9544737243652355,8.953710689544678,25.946007202148444,50.17035742187498
606,seed_606,Repeated_Holdout,Overall_Test,A3,A3 — Environmental + History,20,LightGBM,136,34,786,1.16,0.9902723784205059,3.7111249245892357,7.379581708936963,-1.8829739522835824,1.448959739529549,14.048689490482275,17.44126448126444
606,seed_606,Repeated_Holdout,Warm_Start,A3,A3 — Environmental + History,20,LightGBM,136,34,752,1.16,0.9934389593991712,3.328083817980891,6.088730614740064,-1.7266655902283237,1.343146146363809,13.843110601724383,17.01613151445173
606,seed_606,Repeated_Holdout,Cold_Start,A3,A3 — Environmental + History,20,LightGBM,136,34,34,1.16,0.8958842053624341,12.18309292957381,20.952004071746845,-5.340147136564599,4.735930768979699,34.39134296560653,56.37317038602446
606,seed_606,Repeated_Holdout,Overall_Test,A4,A4 — Environmental + History + Quality Proxies,24,Random Forest,136,34,786,1.65,0.9937482545638698,2.8423267588301258,5.916012117491992,-0.8959023378619867,1.4929875000000004,6.001929166666713,12.185668749999827
606,seed_606,Repeated_Holdout,Warm_Start,A4,A4 — Environmental + History + Quality Proxies,24,Random Forest,136,34,752,1.65,0.9973787593599183,2.3845304459536507,3.848520848552044,-0.7147138415020229,1.3888500000000015,5.432634999999853,9.709225208333272
606,seed_606,Repeated_Holdout,Cold_Start,A4,A4 — Environmental + History + Quality Proxies,24,Random Forest,136,34,34,1.65,0.8857982521107263,12.96770403186274,21.9433856719708,-4.903365551470597,5.742285000000024,32.33119166666665,61.32936399999986
606,seed_606,Repeated_Holdout,Overall_Test,A4,A4 — Environmental + History + Quality Proxies,24,XGBoost,136,34,786,1.18,0.9931882550148949,3.1719201138122695,6.175293481914955,-0.6797692114038929,1.4228180694580104,7.699920501708988,14.434674377441404
606,seed_606,Repeated_Holdout,Warm_Start,A4,A4 — Environmental + History + Quality Proxies,24,XGBoost,136,34,752,1.18,0.9961786035816158,2.7146556597757843,4.646772851628635,-0.6995254714501666,1.3041193866729737,6.88381817626952,12.055403945922842
606,seed_606,Repeated_Holdout,Cold_Start,A4,A4 — Environmental + History + Quality Proxies,24,XGBoost,136,34,34,1.18,0.9041823238958824,13.285533920736876,20.09972324154809,-0.24280722449807665,11.101424026489259,22.54177545166016,54.3858359375
606,seed_606,Repeated_Holdout,Overall_Test,A4,A4 — Environmental + History + Quality Proxies,24,LightGBM,136,34,786,1.09,0.9904900834942898,3.7375461729595973,7.2965365785555045,-2.052970776137631,1.3718218394535242,13.176301679207086,16.337843173332175
606,seed_606,Repeated_Holdout,Warm_Start,A4,A4 — Environmental + History + Quality Proxies,24,LightGBM,136,34,752,1.09,0.9936632483937183,3.356476771956355,5.9837541135486285,-1.8822261694031917,1.3055204976178372,12.860480943343989,16.05248106427178
606,seed_606,Repeated_Holdout,Cold_Start,A4,A4 — Environmental + History + Quality Proxies,24,LightGBM,136,34,34,1.09,0.8959186034399236,12.165904689266595,20.94854269396349,-5.829439725087587,4.000292913786455,34.13036741604488,56.374100169850635
707,seed_707,Repeated_Holdout,Overall_Test,A0,A0 — Geographic Baseline,2,Random Forest,136,34,867,0.91,0.5665681924564978,30.69014431190401,46.90350911637573,-18.68966173289731,15.090718712771219,106.94613195597324,112.78725534901578
707,seed_707,Repeated_Holdout,Warm_Start,A0,A0 — Geographic Baseline,2,Random Forest,136,34,833,0.91,0.5620242401997255,30.920722067037627,47.21360354420903,-19.220362002441476,15.179523140521464,107.89275749162579,112.81225534901577
707,seed_707,Repeated_Holdout,Cold_Start,A0,A0 — Geographic Baseline,2,Random Forest,136,34,34,0.91,0.6548035941180415,25.040989311130378,38.53442562871146,-5.6875051290652765,13.219792801808607,60.25625475472723,89.3211809479775
707,seed_707,Repeated_Holdout,Overall_Test,A0,A0 — Geographic Baseline,2,XGBoost,136,34,867,0.38,0.2202801590606427,44.58070446933979,62.90921112521407,-8.685081731054884,25.568377685546864,123.51146032714843,132.6167062225342
707,seed_707,Repeated_Holdout,Warm_Start,A0,A0 — Geographic Baseline,2,XGBoost,136,34,833,0.38,0.21852929381571862,44.735256490260895,63.06646128237849,-9.248596062723184,25.568377685546864,123.57546032714845,132.7987710876465
707,seed_707,Repeated_Holdout,Cold_Start,A0,A0 — Geographic Baseline,2,XGBoost,136,34,34,0.38,0.19280746439757135,40.794179956772744,58.92564241834439,5.121019394818472,25.155859298706055,120.32841418457032,127.07946464538573
707,seed_707,Repeated_Holdout,Overall_Test,A0,A0 — Geographic Baseline,2,LightGBM,136,34,867,0.57,0.6787931990656625,27.019824545073504,40.37730351872823,-15.908578318250932,13.662767308432933,69.17121858738678,106.02753495438212
707,seed_707,Repeated_Holdout,Warm_Start,A0,A0 — Geographic Baseline,2,LightGBM,136,34,833,0.57,0.6755008678668397,27.226540759266843,40.63954915658871,-16.37825940202051,13.82276730843293,72.32993627166755,107.05953495438226
707,seed_707,Repeated_Holdout,Cold_Start,A0,A0 — Geographic Baseline,2,LightGBM,136,34,34,0.57,0.7420057463595972,21.955277297336686,33.313539175010916,-4.401391765896252,10.706594079191202,56.298218115352206,68.71665878036342
707,seed_707,Repeated_Holdout,Overall_Test,A1,A1 — Geographic + Elevation,3,Random Forest,136,34,867,0.68,0.85465707201229,18.605511186881746,27.160758807208087,-11.927120208367779,9.798173115611696,51.78169488760628,63.04937090449214
707,seed_707,Repeated_Holdout,Warm_Start,A1,A1 — Geographic + Elevation,3,Random Forest,136,34,833,0.68,0.8536613233969939,18.701593939527026,27.291139739431774,-12.303018835383346,9.752815112289934,51.87840837782181,64.24299268482812
707,seed_707,Repeated_Holdout,Cold_Start,A1,A1 — Geographic + Elevation,3,Random Forest,136,34,34,0.68,0.8689400698900909,16.251483747072488,23.74382722485458,-2.7176038464863232,10.911241406921473,48.3582700443689,51.32377564982938
707,seed_707,Repeated_Holdout,Overall_Test,A1,A1 — Geographic + Elevation,3,XGBoost,136,34,867,0.39,0.7292604474029167,23.819080214494925,37.069847541899904,-15.048857713631142,14.13182258605957,79.51085620117183,100.20052972412093
707,seed_707,Repeated_Holdout,Warm_Start,A1,A1 — Geographic + Elevation,3,XGBoost,136,34,833,0.39,0.7267160840313454,23.982985667014606,37.29487429310722,-15.493108293274586,14.267653198242186,80.7788562011719,101.23252972412106
707,seed_707,Repeated_Holdout,Cold_Start,A1,A1 — Geographic + Elevation,3,XGBoost,136,34,34,0.39,0.7758540966702985,19.803396627762737,31.051398176008192,-4.1647185123668,10.168913955688476,45.73996838378906,71.92672839355465
707,seed_707,Repeated_Holdout,Overall_Test,A1,A1 — Geographic + Elevation,3,LightGBM,136,34,867,0.52,0.3215333478134834,41.86922778518292,58.68258000658584,-1.2679786099051678,25.726413668181962,113.45892533895866,115.38515306790069
707,seed_707,Repeated_Holdout,Warm_Start,A1,A1 — Geographic + Elevation,3,LightGBM,136,34,833,0.52,0.3177716958438255,42.086818111829096,58.92600228102236,-1.642768788697535,25.99122423344842,113.45892533895866,115.3491530679007
707,seed_707,Repeated_Holdout,Cold_Start,A1,A1 — Geographic + Elevation,3,LightGBM,136,34,34,0.52,0.3625078252027175,36.53826478235172,52.36645639799946,7.914380770507826,23.77965907168912,103.1494560782087,114.866373362771
707,seed_707,Repeated_Holdout,Overall_Test,A2,A2 — Environmental,8,Random Forest,136,34,867,0.73,0.8571257877859847,18.18377271130935,26.929101970758797,-11.87704821617887,9.344845000000674,51.90862407142851,64.15025082440448
707,seed_707,Repeated_Holdout,Warm_Start,A2,A2 — Environmental,8,Random Forest,136,34,833,0.73,0.8561718569282761,18.293627353871127,27.056028533519505,-12.216649229459046,9.351337499999936,52.0540147321426,65.73011550000004
707,seed_707,Repeated_Holdout,Cold_Start,A2,A2 — Environmental,8,Random Forest,136,34,34,0.73,0.8704442494891764,15.492333968545719,23.607179630393393,-3.5568233908146656,8.904965039682601,48.4779741815476,51.850972697916426
707,seed_707,Repeated_Holdout,Overall_Test,A2,A2 — Environmental,8,XGBoost,136,34,867,0.53,0.8107137721666281,21.775029272939644,30.995914533202832,-13.05118639601693,11.923541717529297,61.34974548339844,63.459720733642584
707,seed_707,Repeated_Holdout,Warm_Start,A2,A2 — Environmental,8,XGBoost,136,34,833,0.53,0.8092367660670485,21.936105257929587,31.159426065266064,-13.399212549399643,12.01309631347656,61.356165771484385,63.551774047851566
707,seed_707,Repeated_Holdout,Cold_Start,A2,A2 — Environmental,8,XGBoost,136,34,34,0.53,0.8345387862702143,17.82866764068603,26.67865066029407,-4.524545638140511,9.575131530761723,55.433299987792964,61.66867601013184
707,seed_707,Repeated_Holdout,Overall_Test,A2,A2 — Environmental,8,LightGBM,136,34,867,0.45,0.7521914971885207,26.364895817235677,35.46525185832926,-13.506059067193142,17.876956543282464,56.42682353985848,78.68436960290776
707,seed_707,Repeated_Holdout,Warm_Start,A2,A2 — Environmental,8,LightGBM,136,34,833,0.45,0.7503192284857735,26.55504475674447,35.647958237240665,-13.89256977916855,17.94567655491921,56.4679427967809,78.8222973361838
707,seed_707,Repeated_Holdout,Cold_Start,A2,A2 — Environmental,8,LightGBM,136,34,34,0.45,0.7816030420788692,21.706246799270215,30.650604891196082,-4.036546623795605,15.401389383978913,54.32494828998283,57.25916515578977
707,seed_707,Repeated_Holdout,Overall_Test,A3,A3 — Environmental + History,20,Random Forest,136,34,867,1.45,0.9915715124442153,3.400443053427242,6.540632852489004,-0.36695486715277414,1.73769999999962,8.020742333333212,12.116977500000155
707,seed_707,Repeated_Holdout,Warm_Start,A3,A3 — Environmental + History,20,Random Forest,136,34,833,1.45,0.9959540034637602,2.9049176774995584,4.537899410695245,-0.22192431715546448,1.6710249999996165,6.971447333333227,10.700474999999965
707,seed_707,Repeated_Holdout,Cold_Start,A3,A3 — Environmental + History,20,Random Forest,136,34,34,1.45,0.8636861011502063,15.540814763655476,24.21507548662771,-3.9202033420868587,9.454742499999842,31.583762083333635,53.32473229166662
707,seed_707,Repeated_Holdout,Overall_Test,A3,A3 — Environmental + History,20,XGBoost,136,34,867,0.97,0.9896239491480118,3.8776120413105932,7.257064652858299,-0.41642518079817104,1.720123291015625,10.004631469726561,15.801572570800788
707,seed_707,Repeated_Holdout,Warm_Start,A3,A3 — Environmental + History,20,XGBoost,136,34,833,0.97,0.9938791364077999,3.3816713263979907,5.581468294478759,-0.3952218849118017,1.6527876281738294,8.630753051757818,13.62002758789062
707,seed_707,Repeated_Holdout,Cold_Start,A3,A3 — Environmental + History,20,XGBoost,136,34,34,0.97,0.8652334309299801,16.028159556669348,24.07724785324023,-0.9359059300142184,11.621222305297852,37.04015527343749,55.81150506591794
707,seed_707,Repeated_Holdout,Overall_Test,A3,A3 — Environmental + History,20,LightGBM,136,34,867,0.98,0.9895846215949202,4.04052838588984,7.270804594762514,-1.874498188310206,1.648115811078239,14.039851251750724,17.169343635660233
707,seed_707,Repeated_Holdout,Warm_Start,A3,A3 — Environmental + History,20,LightGBM,136,34,833,0.98,0.9920184526711454,3.6693043794872744,6.3736125334782665,-1.8069408074639017,1.5743909047220939,13.4211886615823,16.303910873764433
707,seed_707,Repeated_Holdout,Cold_Start,A3,A3 — Environmental + History,20,LightGBM,136,34,34,0.98,0.917987696468278,13.135516542752718,18.782580661314267,-3.529654019044661,7.887018394880188,30.93774776882427,41.789128741486515
707,seed_707,Repeated_Holdout,Overall_Test,A4,A4 — Environmental + History + Quality Proxies,24,Random Forest,136,34,867,1.67,0.9914053874113424,3.451323562091491,6.604776089302137,-0.46564198385239347,1.7445249999999781,8.27317150000042,13.070922500000428
707,seed_707,Repeated_Holdout,Warm_Start,A4,A4 — Environmental + History + Quality Proxies,24,Random Forest,136,34,833,1.67,0.9957475012639445,2.9599906814154098,4.652262464698732,-0.3297372740525077,1.6943250000000347,7.026599166666739,10.940754999999994
707,seed_707,Repeated_Holdout,Cold_Start,A4,A4 — Environmental + History + Quality Proxies,24,Random Forest,136,34,34,1.67,0.864673764085995,15.488979138655472,24.127190788598732,-3.795307373949595,9.557242499999862,32.42578950000031,51.995426041666676
707,seed_707,Repeated_Holdout,Overall_Test,A4,A4 — Environmental + History + Quality Proxies,24,XGBoost,136,34,867,1.03,0.9912155164343562,3.4173995105893007,6.677333440639379,-0.5793128978614853,1.5629943847656307,8.37105004882813,14.268483825683596
707,seed_707,Repeated_Holdout,Warm_Start,A4,A4 — Environmental + History + Quality Proxies,24,XGBoost,136,34,833,1.03,0.9951263350705866,2.9429441350476657,4.980465606476567,-0.5148222997122739,1.4609502410888666,7.36879571533203,12.706587524414054
707,seed_707,Repeated_Holdout,Cold_Start,A4,A4 — Environmental + History + Quality Proxies,24,XGBoost,136,34,34,1.03,0.8769672452295174,15.041556211359362,23.005206264496127,-2.1593325525171627,10.991993942260738,31.45946945190429,57.383163772582975
707,seed_707,Repeated_Holdout,Overall_Test,A4,A4 — Environmental + History + Quality Proxies,24,LightGBM,136,34,867,0.91,0.9909331975280006,4.016890789722714,6.783784193286628,-2.1327600919023952,1.7884191498638602,11.235327455367058,14.436693014193041
707,seed_707,Repeated_Holdout,Warm_Start,A4,A4 — Environmental + History + Quality Proxies,24,LightGBM,136,34,833,0.91,0.9934136034143526,3.627825615192301,5.78983317227587,-2.09239079085188,1.7013145912457404,10.858815018752018,13.314092639176401
707,seed_707,Repeated_Holdout,Cold_Start,A4,A4 — Environmental + History + Quality Proxies,24,LightGBM,136,34,34,0.91,0.9181214585088021,13.548987565717841,18.767257219141587,-3.121807967640013,9.073841422205465,26.447033664558827,42.306319196197514
808,seed_808,Repeated_Holdout,Overall_Test,A0,A0 — Geographic Baseline,2,Random Forest,136,34,779,0.76,0.8110827158905786,18.086599991285972,28.4454077450098,-3.246044707376235,10.487329269265103,45.96903086527091,73.75435143638796
808,seed_808,Repeated_Holdout,Warm_Start,A0,A0 — Geographic Baseline,2,Random Forest,136,34,745,0.76,0.8093712079157945,18.19998599646965,28.585130950464166,-3.22480400341419,10.675089855168551,46.379030865270906,73.76835143638796
808,seed_808,Repeated_Holdout,Cold_Start,A0,A0 — Geographic Baseline,2,Random Forest,136,34,34,0.76,0.8352449144905867,15.602112524761257,25.19002880016176,-3.711466014779872,8.50688360954415,35.09016953182904,53.221393065161806
808,seed_808,Repeated_Holdout,Overall_Test,A0,A0 — Geographic Baseline,2,XGBoost,136,34,779,0.49,0.2863877055920665,41.96651570232597,55.285020953074174,-19.491702004109484,34.632369384765624,99.19598547363283,111.25824533081054
808,seed_808,Repeated_Holdout,Warm_Start,A0,A0 — Geographic Baseline,2,XGBoost,136,34,745,0.49,0.281202344172356,42.24122061474691,55.50719281361226,-19.97564285431932,35.14236938476563,100.13798547363284,111.22609881591796
808,seed_808,Repeated_Holdout,Cold_Start,A0,A0 — Geographic Baseline,2,XGBoost,136,34,34,0.49,0.3464511317141984,35.94724629780825,50.17048311467998,-8.887703962746789,21.625093307495113,92.70172565507889,101.96292770385739
808,seed_808,Repeated_Holdout,Overall_Test,A0,A0 — Geographic Baseline,2,LightGBM,136,34,779,0.71,0.7420444261467435,23.25655364345743,33.23906317563607,2.288806999274551,17.978060530182233,50.62769459303796,87.56638062476327
808,seed_808,Repeated_Holdout,Warm_Start,A0,A0 — Geographic Baseline,2,LightGBM,136,34,745,0.71,0.7392742603066644,23.439322893342727,33.43011666637944,2.2883478034827323,18.058060530182246,50.67278404466908,87.79738062476328
808,seed_808,Repeated_Holdout,Cold_Start,A0,A0 — Geographic Baseline,2,LightGBM,136,34,34,0.71,0.7856007948497535,19.251756844500182,28.735637412096157,2.298868789418809,8.122878066040998,46.52940643215385,58.51875406800693
808,seed_808,Repeated_Holdout,Overall_Test,A1,A1 — Geographic + Elevation,3,Random Forest,136,34,779,0.76,0.8972186601107457,15.145445181989945,20.981351241361594,-3.737451390871712,11.68175587037139,35.95117710137595,48.94265700405088
808,seed_808,Repeated_Holdout,Warm_Start,A1,A1 — Geographic + Elevation,3,Random Forest,136,34,745,0.76,0.8968450962690212,15.225087260345665,21.027656655574663,-3.836204253293905,11.86890324942302,35.92776935869062,48.99759952758637
808,seed_808,Repeated_Holdout,Cold_Start,A1,A1 — Geographic + Elevation,3,Random Forest,136,34,34,0.76,0.896766506714216,13.400346700372006,19.939743225160353,-1.573601905444265,6.559645156860991,39.43712123258702,45.339862068546324
808,seed_808,Repeated_Holdout,Overall_Test,A1,A1 — Geographic + Elevation,3,XGBoost,136,34,779,0.55,0.8952656800055645,13.560204551510694,21.179749798147228,-8.19696343428057,7.50786071777344,37.8210887756348,60.521416015624965
808,seed_808,Repeated_Holdout,Warm_Start,A1,A1 — Geographic + Elevation,3,XGBoost,136,34,745,0.55,0.8942610420799991,13.63115744008314,21.28940143323492,-8.387207508471187,7.50786071777344,38.29816143798828,60.696416015624976
808,seed_808,Repeated_Holdout,Cold_Start,A1,A1 — Geographic + Elevation,3,XGBoost,136,34,34,0.55,0.9100215670390126,12.005501551908607,18.61566102679791,-4.028380043927361,5.885453472137453,31.787652099609375,38.99959217071532
808,seed_808,Repeated_Holdout,Overall_Test,A1,A1 — Geographic + Elevation,3,LightGBM,136,34,779,0.74,0.45505819984507223,31.4194670349492,48.311595205251336,-17.775048702137482,13.111101013915459,69.67639492599949,134.98109895412847
808,seed_808,Repeated_Holdout,Warm_Start,A1,A1 — Geographic + Elevation,3,LightGBM,136,34,745,0.74,0.44919216194764844,31.653136622286986,48.58989873247298,-18.269227077951456,13.184191020096968,69.20520971231687,135.15609895412848
808,seed_808,Repeated_Holdout,Cold_Start,A1,A1 — Geographic + Elevation,3,LightGBM,136,34,34,0.74,0.5474129755081826,26.299354018282934,41.750367146757895,-6.94672840856658,11.146299539900651,67.78182035849859,83.59729261989702
808,seed_808,Repeated_Holdout,Overall_Test,A2,A2 — Environmental,8,Random Forest,136,34,779,0.76,0.8992195871811095,14.95891503428965,20.77611704113707,-3.332479619300431,11.910128333333361,38.46147880952414,46.69062581845215
808,seed_808,Repeated_Holdout,Warm_Start,A2,A2 — Environmental,8,Random Forest,136,34,745,0.76,0.8989594015147585,15.038219361624227,20.81104522921486,-3.387496559234202,12.266911904762011,38.437821857143135,46.66881911904737
808,seed_808,Repeated_Holdout,Cold_Start,A2,A2 — Environmental,8,Random Forest,136,34,34,0.76,0.8961886818856619,13.221217273576078,19.99546933132275,-2.126961376633995,7.566692609126927,39.89486499404784,46.77553685317467
808,seed_808,Repeated_Holdout,Overall_Test,A2,A2 — Environmental,8,XGBoost,136,34,779,0.65,0.9223318789718228,11.396697258930917,18.238861105125984,-6.747638179426475,6.0586305999755865,26.25368713378907,56.81509075927732
808,seed_808,Repeated_Holdout,Warm_Start,A2,A2 — Environmental,8,XGBoost,136,34,745,0.65,0.9215179258013427,11.469014425482527,18.341344760331665,-6.8812111650377314,6.097723846435549,26.36660888671875,56.974119018554674
808,seed_808,Repeated_Holdout,Cold_Start,A2,A2 — Environmental,8,XGBoost,136,34,34,0.65,0.9349556784514292,9.812100521255942,15.827559092483288,-3.820818347650415,5.58396110534668,22.660182937622068,30.84320344543454
808,seed_808,Repeated_Holdout,Overall_Test,A2,A2 — Environmental,8,LightGBM,136,34,779,0.74,0.8781747826775745,14.897436157213694,22.84256735120583,-6.114089983696023,8.249963832931982,37.08743750359011,64.86701619554051
808,seed_808,Repeated_Holdout,Warm_Start,A2,A2 — Environmental,8,LightGBM,136,34,745,0.74,0.8765568495641207,15.05323672588791,23.002732900443267,-6.2411456401389795,8.3255741598267,37.52411386486017,64.91365319670994
808,seed_808,Repeated_Holdout,Cold_Start,A2,A2 — Environmental,8,LightGBM,136,34,34,0.74,0.9062968123836532,11.483570755381555,18.997061650510595,-3.3300763351665394,4.6078980825947795,34.56843050938032,39.51809786481761
808,seed_808,Repeated_Holdout,Overall_Test,A3,A3 — Environmental + History,20,Random Forest,136,34,779,1.56,0.9942646259536514,2.72158962849196,4.9562954824697325,0.4145375516396481,1.4250666666665097,6.395530000000131,11.005981666666782
808,seed_808,Repeated_Holdout,Warm_Start,A3,A3 — Environmental + History,20,Random Forest,136,34,745,1.56,0.9963822041671818,2.4018631887184374,3.9379297575800876,0.5844632831430528,1.379025000000098,5.442660000000109,9.679334583333375
808,seed_808,Repeated_Holdout,Cold_Start,A3,A3 — Environmental + History,20,Random Forest,136,34,34,1.56,0.942090574000076,9.72736014705886,14.934265905560407,-3.3088350945378986,5.657687559523766,28.85798750000031,32.35761283333316
808,seed_808,Repeated_Holdout,Overall_Test,A3,A3 — Environmental + History,20,XGBoost,136,34,779,0.99,0.9949311973634658,2.6214709547397335,4.659389401144191,0.11677353463349673,1.2992712402343756,6.671073364257811,9.76390460205076
808,seed_808,Repeated_Holdout,Warm_Start,A3,A3 — Environmental + History,20,XGBoost,136,34,745,0.99,0.9968413101878644,2.3124228831107585,3.679589983211393,0.2529984419887899,1.2176373291015636,6.038811035156249,8.543311889648425
808,seed_808,Repeated_Holdout,Cold_Start,A3,A3 — Environmental + History,20,XGBoost,136,34,34,0.99,0.947878528170521,9.393259583080516,14.168294814775075,-2.8681545824163095,4.986309509277344,26.1484468383789,33.059016143798814
808,seed_808,Repeated_Holdout,Overall_Test,A3,A3 — Environmental + History,20,LightGBM,136,34,779,0.99,0.9756788720389867,4.761520564379401,10.20629631957711,2.4848426303232576,1.4750574740399287,9.434333868344893,35.32016152257636
808,seed_808,Repeated_Holdout,Warm_Start,A3,A3 — Environmental + History,20,LightGBM,136,34,745,0.99,0.9774005066071201,4.47098349938941,9.842270345845307,2.7354026449335276,1.3864615313554154,8.740634384871322,35.26286588006147
808,seed_808,Repeated_Holdout,Cold_Start,A3,A3 — Environmental + History,20,LightGBM,136,34,34,0.99,0.9314314324583844,11.127700370777719,16.25068933547979,-3.0053694545194243,6.582903061345984,29.265459503035885,36.979290143113985
808,seed_808,Repeated_Holdout,Overall_Test,A4,A4 — Environmental + History + Quality Proxies,24,Random Forest,136,34,779,1.65,0.9939246254288553,2.7492133831529992,5.101088358778716,0.4769060365714845,1.3473499999999916,6.426630000000086,11.758071666666691
808,seed_808,Repeated_Holdout,Warm_Start,A4,A4 — Environmental + History + Quality Proxies,24,Random Forest,136,34,745,1.65,0.9961058166493126,2.4252552429689915,4.085583923403181,0.6528247988829008,1.2980583333337279,5.380450000000012,10.528508333333354
808,seed_808,Repeated_Holdout,Cold_Start,A4,A4 — Environmental + History + Quality Proxies,24,Random Forest,136,34,34,1.65,0.9401676389909668,9.847707925420218,15.180193933821563,-3.3777844905463095,6.0370913095237535,29.266500000000313,32.39510791666653
808,seed_808,Repeated_Holdout,Overall_Test,A4,A4 — Environmental + History + Quality Proxies,24,XGBoost,136,34,779,0.9,0.9949967891023457,2.6472022565418856,4.62914432965661,-0.09442524212124401,1.2254254150390693,6.532062927246099,8.988465209960932
808,seed_808,Repeated_Holdout,Warm_Start,A4,A4 — Environmental + History + Quality Proxies,24,XGBoost,136,34,745,0.9,0.9969378929853547,2.3441420079737703,3.6228981110597562,0.006944467903383726,1.1862406921386714,6.103227447509765,8.307838989257803
808,seed_808,Repeated_Holdout,Cold_Start,A4,A4 — Environmental + History + Quality Proxies,24,XGBoost,136,34,34,0.9,0.947194456488619,9.287787114872652,14.260968090012707,-2.31561447648441,5.428723602294923,25.644858352661124,34.87506502532957
808,seed_808,Repeated_Holdout,Overall_Test,A4,A4 — Environmental + History + Quality Proxies,24,LightGBM,136,34,779,0.66,0.9775160934518163,4.73447195446791,9.813235075563417,2.1302725237275726,1.5566937779413763,9.820368109576012,34.36185600397298
808,seed_808,Repeated_Holdout,Warm_Start,A4,A4 — Environmental + History + Quality Proxies,24,LightGBM,136,34,745,0.66,0.9792295120411815,4.456974459240054,9.435594918815278,2.3884582657783016,1.4702105691814893,9.044663654618706,34.320574305078296
808,seed_808,Repeated_Holdout,Cold_Start,A4,A4 — Environmental + History + Quality Proxies,24,LightGBM,136,34,34,0.66,0.9336399363177026,10.814931776372424,15.986840669733576,-3.5270327065016245,6.286189494727005,29.874264075570743,34.47475106036204
909,seed_909,Repeated_Holdout,Overall_Test,A0,A0 — Geographic Baseline,2,Random Forest,136,34,712,0.69,0.8168873661060219,15.311057371635261,24.796079188308653,-1.874868172133957,4.599546211397239,44.73481613641048,63.45808221505187
909,seed_909,Repeated_Holdout,Warm_Start,A0,A0 — Geographic Baseline,2,Random Forest,136,34,678,0.69,0.8165794526232842,15.387818565164485,24.897993813469622,-2.1621705693873805,4.599546211397239,44.943816136410526,63.543752057656896
909,seed_909,Repeated_Holdout,Cold_Start,A0,A0 — Geographic Baseline,2,Random Forest,136,34,34,0.69,0.8158789732747221,13.780348865376055,22.668312719098378,3.8542796319196007,4.528670113269946,38.62423425599427,54.12942026496211
909,seed_909,Repeated_Holdout,Overall_Test,A0,A0 — Geographic Baseline,2,XGBoost,136,34,712,0.32,0.2296852523334716,36.50429852350374,50.85784643301621,1.9930977498681355,30.051033630371094,93.19198150634767,107.8800388488756
909,seed_909,Repeated_Holdout,Warm_Start,A0,A0 — Geographic Baseline,2,XGBoost,136,34,678,0.32,0.23020960033655835,36.7204256174487,51.00662726031415,1.721552358447274,31.582143554687498,93.30798150634769,101.92142855834916
909,seed_909,Repeated_Holdout,Cold_Start,A0,A0 — Geographic Baseline,2,XGBoost,136,34,34,0.32,0.18150015961636334,32.194470003071956,47.79437654473454,7.408032319966486,21.03917205810547,84.24507827758788,108.42984390258783
909,seed_909,Repeated_Holdout,Overall_Test,A0,A0 — Geographic Baseline,2,LightGBM,136,34,712,0.45,0.796918589474451,16.658714975759363,26.11313087961882,-0.9641478925433294,5.0278004394204885,54.89574767091606,59.023044670142326
909,seed_909,Repeated_Holdout,Warm_Start,A0,A0 — Geographic Baseline,2,LightGBM,136,34,678,0.45,0.7966258467004645,16.726733712738895,26.217316745461133,-1.2298163061626861,5.017800439420489,55.069136770683976,59.01104467014233
909,seed_909,Repeated_Holdout,Cold_Start,A0,A0 — Geographic Baseline,2,LightGBM,136,34,34,0.45,0.794622991007865,15.302341338343972,23.94106212710906,4.333592826101491,7.4043315700216805,43.68924876509949,55.47770162064524
909,seed_909,Repeated_Holdout,Overall_Test,A1,A1 — Geographic + Elevation,3,Random Forest,136,34,712,0.67,0.8549928225185404,12.393862355142252,22.065745734698442,-7.715609064586552,4.424635837742851,28.615124925711907,71.37242057016253
909,seed_909,Repeated_Holdout,Warm_Start,A1,A1 — Geographic + Elevation,3,Random Forest,136,34,678,0.67,0.8541587441968853,12.453784178786846,22.201410132916788,-8.026526182674436,4.424635837742851,28.643199283753255,71.43242057016252
909,seed_909,Repeated_Holdout,Cold_Start,A1,A1 — Geographic + Elevation,3,Random Forest,136,34,34,0.67,0.8684479213612282,11.198950695405953,19.160920044522264,-1.5155559450693195,4.3607334455565905,27.057631761141696,39.56913008984396
909,seed_909,Repeated_Holdout,Overall_Test,A1,A1 — Geographic + Elevation,3,XGBoost,136,34,712,0.35,0.861292761429528,14.865529307381493,21.581092327065214,-3.4190563061799892,6.438130187988278,43.162663696289066,45.320393371582014
909,seed_909,Repeated_Holdout,Warm_Start,A1,A1 — Geographic + Elevation,3,XGBoost,136,34,678,0.35,0.8619427151422897,14.910996170297134,21.600809462968947,-3.6527635623853114,6.5149925994873055,43.135275512695316,45.29039337158202
909,seed_909,Repeated_Holdout,Cold_Start,A1,A1 — Geographic + Elevation,3,XGBoost,136,34,34,0.35,0.8392007082203208,13.958866570416617,21.184078012430795,1.2413413322673137,4.1709950828552245,42.52764605712891,45.58425195312498
909,seed_909,Repeated_Holdout,Overall_Test,A1,A1 — Geographic + Elevation,3,LightGBM,136,34,712,0.45,0.5648230484182206,23.38547879187734,38.22581931531317,-2.163419675524123,8.91421201747766,75.02416358532854,95.12651843392189
909,seed_909,Repeated_Holdout,Warm_Start,A1,A1 — Geographic + Elevation,3,LightGBM,136,34,678,0.45,0.5640171547298269,23.573985239777592,38.38619478755183,-2.3443850543349902,9.192037979208255,75.10716358532855,95.11451843392189
909,seed_909,Repeated_Holdout,Cold_Start,A1,A1 — Geographic + Elevation,3,LightGBM,136,34,34,0.45,0.5642164826272917,19.62643844845478,34.87409138398304,1.4452428784102271,7.1948601394760345,60.81897366127525,82.24373778233617
909,seed_909,Repeated_Holdout,Overall_Test,A2,A2 — Environmental,8,Random Forest,136,34,712,0.75,0.8557434053273694,12.00009113542678,22.008563540241493,-7.834281115344451,3.7171896623169047,28.860652738095595,72.57796931249969
909,seed_909,Repeated_Holdout,Warm_Start,A2,A2 — Environmental,8,Random Forest,136,34,678,0.75,0.8552346246165837,12.048949921932378,22.11936792263878,-8.099910871221534,3.7171896623169047,28.789012023809793,72.6448202083333
909,seed_909,Repeated_Holdout,Cold_Start,A2,A2 — Environmental,8,Random Forest,136,34,34,0.75,0.8613775529149557,11.025789451579858,19.669090647991997,-2.537311277560273,3.776915148809344,28.13316189880941,39.070809909226554
909,seed_909,Repeated_Holdout,Overall_Test,A2,A2 — Environmental,8,XGBoost,136,34,712,0.5,0.8683849647244226,14.337858720743252,21.022124902199025,-5.437050368296966,7.375816116333008,46.268468017578115,48.06991650390625
909,seed_909,Repeated_Holdout,Warm_Start,A2,A2 — Environmental,8,XGBoost,136,34,678,0.5,0.8691159048947869,14.365349621245292,21.032156248138932,-5.584897467161702,7.607681465148925,46.30362484741211,47.99421855163575
909,seed_909,Repeated_Holdout,Cold_Start,A2,A2 — Environmental,8,XGBoost,136,34,34,0.5,0.8446642350052878,13.78965782249675,20.821078980437907,-2.488805279170765,6.33950870513916,41.02279461669921,48.97461787414551
909,seed_909,Repeated_Holdout,Overall_Test,A2,A2 — Environmental,8,LightGBM,136,34,712,0.49,0.8767335449380644,13.657961163337179,20.344466849173678,-5.0450319510442005,6.514398086625498,42.656038865349714,47.24069382705645
909,seed_909,Repeated_Holdout,Warm_Start,A2,A2 — Environmental,8,LightGBM,136,34,678,0.49,0.8767166711027039,13.715709536570083,20.41232800859741,-5.235364568779955,6.560876489119103,44.05077049274226,47.355293247317924
909,seed_909,Repeated_Holdout,Cold_Start,A2,A2 — Environmental,8,LightGBM,136,34,34,0.49,0.871456656042846,12.506390661810476,18.940537442827928,-1.2495756326665026,5.680142255092504,34.7389925759546,43.6967539750861
909,seed_909,Repeated_Holdout,Overall_Test,A3,A3 — Environmental + History,20,Random Forest,136,34,712,1.57,0.9922651235170533,2.790636887790946,5.096247968099297,-0.9685158762205978,1.452112499999986,5.663497500000066,13.183680413690478
909,seed_909,Repeated_Holdout,Warm_Start,A3,A3 — Environmental + History,20,Random Forest,136,34,678,1.57,0.9944489486705744,2.472806589408641,4.331396923244419,-0.8814081631900794,1.3792624999997827,5.075725000000039,9.970375267857102
909,seed_909,Repeated_Holdout,Cold_Start,A3,A3 — Environmental + History,20,Random Forest,136,34,34,1.57,0.9391715619768297,9.128546955532226,13.029292492349889,-2.7055461537115235,4.948274999999985,24.107193999999726,26.556707833333597
909,seed_909,Repeated_Holdout,Overall_Test,A3,A3 — Environmental + History,20,XGBoost,136,34,712,0.89,0.9935421478944071,2.514421026874962,4.65658899294394,-1.1269923208461383,1.14744384765625,6.266381958007821,10.904983169555651
909,seed_909,Repeated_Holdout,Warm_Start,A3,A3 — Environmental + History,20,XGBoost,136,34,678,0.89,0.99560461809159,2.1989576602272227,3.854239254210171,-1.0809426875302572,1.0897267532348627,5.823592300415042,9.484261932373034
909,seed_909,Repeated_Holdout,Cold_Start,A3,A3 — Environmental + History,20,XGBoost,136,34,34,0.89,0.9434380586507318,8.805131691203396,12.564049965231352,-2.045276185204,5.2726606941223135,22.24458680725098,25.569828594207756
909,seed_909,Repeated_Holdout,Overall_Test,A3,A3 — Environmental + History,20,LightGBM,136,34,712,0.65,0.9944075267143707,2.5340915668743156,4.333370464848787,-0.8613408332039831,1.4019665973776583,5.857090887682948,8.664012909973684
909,seed_909,Repeated_Holdout,Warm_Start,A3,A3 — Environmental + History,20,LightGBM,136,34,678,0.65,0.9967459192959611,2.2197489911279846,3.316305429259107,-0.7570611536115501,1.3214237689059285,5.2997595232448935,7.371887385847409
909,seed_909,Repeated_Holdout,Cold_Start,A3,A3 — Environmental + History,20,LightGBM,136,34,34,0.65,0.9376801350377646,8.802452342051142,13.188055103760155,-2.940800326253086,4.693156963465624,21.16868389900133,26.961126177060102
909,seed_909,Repeated_Holdout,Overall_Test,A4,A4 — Environmental + History + Quality Proxies,24,Random Forest,136,34,712,1.69,0.9917633209769682,2.850722595973797,5.2589607676610415,-1.0084775759096043,1.4631285714284719,5.785031249999847,13.798674401785732
909,seed_909,Repeated_Holdout,Warm_Start,A4,A4 — Environmental + History + Quality Proxies,24,Random Forest,136,34,678,1.69,0.9939992171480713,2.5324699453926263,4.503439345283042,-0.9189310956595289,1.4296500000000183,5.213290000000016,10.537233955357095
909,seed_909,Repeated_Holdout,Cold_Start,A4,A4 — Environmental + History + Quality Proxies,24,Random Forest,136,34,34,1.69,0.9373891637345423,9.197054863445386,13.218806749881223,-2.7941397408964,4.940835416666649,24.163209999999694,27.150696604166946
909,seed_909,Repeated_Holdout,Overall_Test,A4,A4 — Environmental + History + Quality Proxies,24,XGBoost,136,34,712,1.24,0.9930993491707168,2.5961682751197164,4.81358767233239,-1.067179698596677,1.1395032119750965,6.968662261962887,10.893487152099572
909,seed_909,Repeated_Holdout,Warm_Start,A4,A4 — Environmental + History + Quality Proxies,24,XGBoost,136,34,678,1.24,0.9950998388670125,2.2915718258649203,4.0695420724411075,-1.024436033244154,1.1214071464538558,5.869972015380865,9.064030563354482
909,seed_909,Repeated_Holdout,Cold_Start,A4,A4 — Environmental + History + Quality Proxies,24,XGBoost,136,34,34,1.24,0.9444715984516057,8.670179822024176,12.44873113567182,-1.9195386723911052,4.929563255310061,22.97127480316162,25.40816353607177
909,seed_909,Repeated_Holdout,Overall_Test,A4,A4 — Environmental + History + Quality Proxies,24,LightGBM,136,34,712,1.05,0.9946306145194306,2.3732377005351752,4.2460602455378575,-0.9174551671613373,1.419607937606031,5.281745039708191,6.846529972742971
909,seed_909,Repeated_Holdout,Warm_Start,A4,A4 — Environmental + History + Quality Proxies,24,LightGBM,136,34,678,1.05,0.9975561145704192,2.0197464691491755,2.8739604227332274,-0.7826396559953658,1.3525252943910222,4.95238217402693,6.007652374015388
909,seed_909,Repeated_Holdout,Cold_Start,A4,A4 — Environmental + History + Quality Proxies,24,LightGBM,136,34,34,1.05,0.923735538761028,9.422268726408932,14.589103474719531,-3.6058350662945324,4.654684575350814,23.853493327405246,31.77337238936689
