CSD_ID,County,LatDD,LongDD,YearMsr,DateMsr,WatLevel,Surf_Elev,Annual_Temperature_Mean,Annual_Precipitation_Total,Annual_Humidity_Mean,Annual_WindSpeed_Mean,Annual_SolarRadiation_Mean,Well_Group,Temporal_Split,Previous_WatLevel,Previous2_WatLevel,Days_Since_Previous,Years_Since_Previous,Previous_Observation_Count,Rolling_Mean_3,Rolling_Std_3,Previous_Level_Change,Recent_Trend,Historical_Mean,Historical_Std,Historical_Min,Historical_Max,Long_Gap_Flag,Very_Long_Gap_Flag,Observation_Density,CSD_ID_str,Predicted,Error,Split,Configuration,Model
402340099353701,PHELPS,40.39445302,-99.59399869,2000,2000-04-12,25.44,2264.29,11.749371584699457,552.94,58.68125683060109,3.488169398907104,16.321967213114753,402340099353701,train,,,,,0,,,,,,,,,0,0,0.0,402340099353701,116.04115416666671,90.60115416666672,Unseen_Well_Test,Model_B,Random Forest
402421099112000,PHELPS,40.40549166666666,-99.18921666666668,2000,2000-04-15,50.0,2216.62,11.749371584699457,552.94,58.68125683060109,3.488169398907104,16.321967213114753,402421099112000,train,50.1,,11.0,0.0301163586584531,1,50.1,,,,50.1,,50.1,50.1,0,0,0.3333333333333333,402421099112000,73.41388749999976,23.41388749999976,Unseen_Well_Test,Model_B,Random Forest
402524099201601,PHELPS,40.42334431,-99.33815365,2000,2000-04-12,120.28,2312.07,11.749371584699457,552.94,58.68125683060109,3.488169398907104,16.321967213114753,402524099201601,train,,,,,0,,,,,,,,,0,0,0.0,402524099201601,82.59614499999967,-37.683855000000335,Unseen_Well_Test,Model_B,Random Forest
402532099235801,PHELPS,40.42582814,-99.40068743,2000,2000-04-28,115.9,2321.09,11.749371584699457,552.94,58.68125683060109,3.488169398907104,16.321967213114753,402532099235801,train,,,,,0,,,,,,,,,0,0,0.0,402532099235801,90.2415499999998,-25.65845000000021,Unseen_Well_Test,Model_B,Random Forest
402630099305500,PHELPS,40.44133611111111,-99.51204166666666,2000,2000-04-15,176.14,2426.38,11.749371584699457,552.94,58.68125683060109,3.488169398907104,16.321967213114753,402630099305500,train,176.24,,2.0,0.0054757015742642,1,176.24,,,,176.24,,176.24,176.24,0,0,0.3333333333333333,402630099305500,177.4467749999996,1.306774999999618,Unseen_Well_Test,Model_B,Random Forest
402703099150901,PHELPS,40.44969595,-99.25284899,2000,2000-05-01,36.83,2253.96,11.749371584699457,552.94,58.68125683060109,3.488169398907104,16.321967213114753,402703099150901,train,,,,,0,,,,,,,,,0,0,0.0,402703099150901,79.18611999999963,42.35611999999964,Unseen_Well_Test,Model_B,Random Forest
402821099282901,PHELPS,40.47215973,-99.47068872,2000,2000-04-15,90.1,2363.91,11.749371584699457,552.94,58.68125683060109,3.488169398907104,16.321967213114753,402821099282901,train,,,,,0,,,,,,,,,0,0,0.0,402821099282901,91.38807607142827,1.2880760714282786,Unseen_Well_Test,Model_B,Random Forest
402905099115301,PHELPS,40.4848551,-99.1983097,2000,2000-04-15,25.73,2241.11,11.749371584699457,552.94,58.68125683060109,3.488169398907104,16.321967213114753,402905099115301,train,,,,,0,,,,,,,,,0,0,0.0,402905099115301,22.998041666666754,-2.731958333333246,Unseen_Well_Test,Model_B,Random Forest
402906099342201,PHELPS,40.485083333333336,-99.57288888888888,2000,2000-04-15,148.14,2458.82,11.749371584699457,552.94,58.68125683060109,3.488169398907104,16.321967213114753,402906099342201,train,148.24,,2.0,0.0054757015742642,1,148.24,,,,148.24,,148.24,148.24,0,0,0.3333333333333333,402906099342201,149.04820000000046,0.9082000000004768,Unseen_Well_Test,Model_B,Random Forest
402924099235501,PHELPS,40.4901949,-99.398706,2000,2000-04-15,47.25,2336.37,11.749371584699457,552.94,58.68125683060109,3.488169398907104,16.321967213114753,402924099235501,train,,,,,0,,,,,,,,,0,0,0.0,402924099235501,30.35575666666661,-16.89424333333339,Unseen_Well_Test,Model_B,Random Forest
403138099235801,PHELPS,40.5255500233333,-99.399115,2000,2000-04-28,18.67,2328.14,11.749371584699457,552.94,58.68125683060109,3.488169398907104,16.321967213114753,403138099235801,train,,,,,0,,,,,,,,,0,0,0.0,403138099235801,20.260474999999936,1.590474999999934,Unseen_Well_Test,Model_B,Random Forest
403217099312001,PHELPS,40.5392815,-99.5207383,2000,2000-04-25,96.74,2451.89,11.749371584699457,552.94,58.68125683060109,3.488169398907104,16.321967213114753,403217099312001,train,,,,,0,,,,,,,,,0,0,0.0,403217099312001,86.03802916666666,-10.701970833333334,Unseen_Well_Test,Model_B,Random Forest
403322099201601,PHELPS,40.5547811,-99.3416484,2000,2000-04-28,3.62,2267.67,11.749371584699457,552.94,58.68125683060109,3.488169398907104,16.321967213114753,403322099201601,train,,,,,0,,,,,,,,,0,0,0.0,403322099201601,10.587724999999985,6.967724999999985,Unseen_Well_Test,Model_B,Random Forest
403322099272302,PHELPS,40.5545803,-99.4609332,2000,2000-04-25,15.25,2349.56,11.749371584699457,552.94,58.68125683060109,3.488169398907104,16.321967213114753,403322099272302,train,,,,,0,,,,,,,,,0,0,0.0,403322099272302,13.926235833333289,-1.3237641666667113,Unseen_Well_Test,Model_B,Random Forest
403322099304801,PHELPS,40.5542755075,-99.5122815,2000,2000-04-25,53.15,2411.43,11.749371584699457,552.94,58.68125683060109,3.488169398907104,16.321967213114753,403322099304801,train,,,,,0,,,,,,,,,0,0,0.0,403322099304801,62.60710666666692,9.457106666666917,Unseen_Well_Test,Model_B,Random Forest
403336099225701,PHELPS,40.55616214,-99.37615377,2000,2000-04-15,19.51,2296.91,11.749371584699457,552.94,58.68125683060109,3.488169398907104,16.321967213114753,403336099225701,train,,,,,0,,,,,,,,,0,0,0.0,403336099225701,12.969708333333344,-6.540291666666658,Unseen_Well_Test,Model_B,Random Forest
403507099254101,PHELPS,40.58520714,-99.42844836,2000,2000-04-15,17.5,2318.5,11.749371584699457,552.94,58.68125683060109,3.488169398907104,16.321967213114753,403507099254101,train,,,,,0,,,,,,,,,0,0,0.0,403507099254101,15.94053333333337,-1.55946666666663,Unseen_Well_Test,Model_B,Random Forest
403646099293301,PHELPS,40.6127772,-99.4935704,2000,2000-04-25,14.31,2354.25,11.749371584699457,552.94,58.68125683060109,3.488169398907104,16.321967213114753,403646099293301,train,,,,,0,,,,,,,,,0,0,0.0,403646099293301,24.812124999999973,10.502124999999973,Unseen_Well_Test,Model_B,Random Forest
403651099281401,PHELPS,40.613021,-99.4747929,2000,2000-04-25,35.0,2345.39,11.749371584699457,552.94,58.68125683060109,3.488169398907104,16.321967213114753,403651099281401,train,,,,,0,,,,,,,,,0,0,0.0,403651099281401,20.93847499999991,-14.061525000000088,Unseen_Well_Test,Model_B,Random Forest
403915099190801,PHELPS,40.6573434,-99.3214291,2000,2000-04-15,7.28,2234.03,11.749371584699457,552.94,58.68125683060109,3.488169398907104,16.321967213114753,403915099190801,train,,,,,0,,,,,,,,,0,0,0.0,403915099190801,10.459581249999978,3.179581249999978,Unseen_Well_Test,Model_B,Random Forest
403928099371801,PHELPS,40.655954,-99.6202609,2000,2000-04-25,80.32,2432.98,11.749371584699457,552.94,58.68125683060109,3.488169398907104,16.321967213114753,403928099371801,train,,,,,0,,,,,,,,,0,0,0.0,403928099371801,67.45245000000021,-12.86754999999978,Unseen_Well_Test,Model_B,Random Forest
402340099353701,PHELPS,40.39445302,-99.59399869,2001,2001-05-09,25.07,2264.29,11.778054794520548,626.51,63.07638356164384,3.403150684931507,16.479589041095892,402340099353701,train,25.44,,392.0,1.0732375085557837,1,25.44,,,,25.44,,25.44,25.44,0,0,0.3333333333333333,402340099353701,28.02077499999999,2.950774999999989,Unseen_Well_Test,Model_B,Random Forest
402421099112000,PHELPS,40.40549166666666,-99.18921666666668,2001,2001-04-15,51.46,2216.62,11.778054794520548,626.51,63.07638356164384,3.403150684931507,16.479589041095892,402421099112000,train,53.99,50.0,177.0,0.4845995893223819,3,51.36333333333334,2.2753095027563472,3.990000000000002,7.751848404255322,51.36333333333334,2.2753095027563472,50.0,53.99,0,0,1.0,402421099112000,75.45926999999988,23.999269999999875,Unseen_Well_Test,Model_B,Random Forest
402524099201601,PHELPS,40.42334431,-99.33815365,2001,2001-05-03,109.06,2312.07,11.778054794520548,626.51,63.07638356164384,3.403150684931507,16.479589041095892,402524099201601,train,120.28,,386.0,1.056810403832991,1,120.28,,,,120.28,,120.28,120.28,0,0,0.3333333333333333,402524099201601,116.27721666666652,7.217216666666516,Unseen_Well_Test,Model_B,Random Forest
402532099235801,PHELPS,40.42582814,-99.40068743,2001,2001-05-07,116.18,2321.09,11.778054794520548,626.51,63.07638356164384,3.403150684931507,16.479589041095892,402532099235801,train,115.9,,374.0,1.0239561943874058,1,115.9,,,,115.9,,115.9,115.9,0,0,0.3333333333333333,402532099235801,110.69294999999984,-5.487050000000167,Unseen_Well_Test,Model_B,Random Forest
402630099305500,PHELPS,40.44133611111111,-99.51204166666666,2001,2001-04-15,177.18,2426.38,11.778054794520548,626.51,63.07638356164384,3.403150684931507,16.479589041095892,402630099305500,train,181.49,176.14,178.0,0.487337440109514,3,177.95666666666668,3.060364901990181,5.350000000000023,10.449665775401115,177.95666666666668,3.060364901990181,176.14,181.49,0,0,1.0,402630099305500,178.18060000000045,1.0006000000004462,Unseen_Well_Test,Model_B,Random Forest
402703099150901,PHELPS,40.44969595,-99.25284899,2001,2001-05-01,37.0,2253.96,11.778054794520548,626.51,63.07638356164384,3.403150684931507,16.479589041095892,402703099150901,train,36.83,,365.0,0.999315537303217,1,36.83,,,,36.83,,36.83,36.83,0,0,0.3333333333333333,402703099150901,37.0719,0.0718999999999994,Unseen_Well_Test,Model_B,Random Forest
402906099342201,PHELPS,40.485083333333336,-99.57288888888888,2001,2001-04-15,149.07,2458.82,11.778054794520548,626.51,63.07638356164384,3.403150684931507,16.479589041095892,402906099342201,train,152.14,148.14,178.0,0.487337440109514,3,149.50666666666666,2.281081614790077,4.0,7.812834224598931,149.50666666666666,2.281081614790077,148.14,152.14,0,0,1.0,402906099342201,150.3032499999999,1.2332499999999411,Unseen_Well_Test,Model_B,Random Forest
403217099312001,PHELPS,40.5392815,-99.5207383,2001,2001-05-08,98.0,2451.89,11.778054794520548,626.51,63.07638356164384,3.403150684931507,16.479589041095892,403217099312001,train,96.74,,378.0,1.0349075975359343,1,96.74,,,,96.74,,96.74,96.74,0,0,0.3333333333333333,403217099312001,94.72192499999976,-3.278075000000229,Unseen_Well_Test,Model_B,Random Forest
403322099201601,PHELPS,40.5547811,-99.3416484,2001,2001-05-07,4.12,2267.67,11.778054794520548,626.51,63.07638356164384,3.403150684931507,16.479589041095892,403322099201601,train,3.62,,374.0,1.0239561943874058,1,3.62,,,,3.62,,3.62,3.62,0,0,0.3333333333333333,403322099201601,3.3707750000000023,-0.7492249999999978,Unseen_Well_Test,Model_B,Random Forest
403322099304801,PHELPS,40.5542755075,-99.5122815,2001,2001-05-08,54.32,2411.43,11.778054794520548,626.51,63.07638356164384,3.403150684931507,16.479589041095892,403322099304801,train,53.15,,378.0,1.0349075975359343,1,53.15,,,,53.15,,53.15,53.15,0,0,0.3333333333333333,403322099304801,55.33586583333357,1.0158658333335708,Unseen_Well_Test,Model_B,Random Forest
403507099254101,PHELPS,40.58520714,-99.42844836,2001,2001-05-07,16.61,2318.5,11.778054794520548,626.51,63.07638356164384,3.403150684931507,16.479589041095892,403507099254101,train,17.5,,387.0,1.0595482546201231,1,17.5,,,,17.5,,17.5,17.5,0,0,0.3333333333333333,403507099254101,17.927549999999986,1.3175499999999865,Unseen_Well_Test,Model_B,Random Forest
403646099293301,PHELPS,40.6127772,-99.4935704,2001,2001-05-07,10.52,2354.25,11.778054794520548,626.51,63.07638356164384,3.403150684931507,16.479589041095892,403646099293301,train,14.31,,377.0,1.0321697467488022,1,14.31,,,,14.31,,14.31,14.31,0,0,0.3333333333333333,403646099293301,14.18777500000003,3.667775000000031,Unseen_Well_Test,Model_B,Random Forest
403915099190801,PHELPS,40.6573434,-99.3214291,2001,2001-05-07,8.61,2234.03,11.778054794520548,626.51,63.07638356164384,3.403150684931507,16.479589041095892,403915099190801,train,7.28,,387.0,1.0595482546201231,1,7.28,,,,7.28,,7.28,7.28,0,0,0.3333333333333333,403915099190801,7.238124999999984,-1.3718750000000153,Unseen_Well_Test,Model_B,Random Forest
403928099371801,PHELPS,40.655954,-99.6202609,2001,2001-05-07,80.21,2432.98,11.778054794520548,626.51,63.07638356164384,3.403150684931507,16.479589041095892,403928099371801,train,80.32,,377.0,1.0321697467488022,1,80.32,,,,80.32,,80.32,80.32,0,0,0.3333333333333333,403928099371801,77.51840000000018,-2.6915999999998093,Unseen_Well_Test,Model_B,Random Forest
402340099353701,PHELPS,40.39445302,-99.59399869,2002,2002-04-24,25.21,2264.29,11.747835616438357,380.73,56.3613698630137,3.648383561643836,16.674520547945203,402340099353701,train,25.07,25.44,350.0,0.9582477754962354,2,25.255000000000003,0.2616295090390232,-0.370000000000001,-0.344751275510205,25.255000000000003,0.2616295090390232,25.07,25.44,0,0,0.6666666666666666,402340099353701,28.830824999999933,3.620824999999933,Unseen_Well_Test,Model_B,Random Forest
402421099112000,PHELPS,40.40549166666666,-99.18921666666668,2002,2002-04-15,52.18,2216.62,11.747835616438357,380.73,56.3613698630137,3.648383561643836,16.674520547945203,402421099112000,train,54.35,51.56,174.0,0.4763860369609856,6,52.45666666666667,1.6404369336653368,2.789999999999999,5.391785714285713,51.91,1.87238884850343,50.0,54.35,0,0,2.0,402421099112000,76.29726249999985,24.11726249999985,Unseen_Well_Test,Model_B,Random Forest
402524099201601,PHELPS,40.42334431,-99.33815365,2002,2002-04-24,109.8,2312.07,11.747835616438357,380.73,56.3613698630137,3.648383561643836,16.674520547945203,402524099201601,train,109.06,120.28,356.0,0.974674880219028,2,114.67,7.933738084913062,-11.22,-10.616852331606216,114.67,7.933738084913062,109.06,120.28,0,0,0.6666666666666666,402524099201601,109.50127499999996,-0.2987250000000472,Unseen_Well_Test,Model_B,Random Forest
402532099235801,PHELPS,40.42582814,-99.40068743,2002,2002-04-25,115.52,2321.09,11.747835616438357,380.73,56.3613698630137,3.648383561643836,16.674520547945203,402532099235801,train,116.18,115.9,353.0,0.9664613278576316,2,116.04,0.1979898987322341,0.2800000000000011,0.2734491978609637,116.04,0.1979898987322341,115.9,116.18,0,0,0.6666666666666666,402532099235801,111.20961249999986,-4.310387500000132,Unseen_Well_Test,Model_B,Random Forest
402630099305500,PHELPS,40.44133611111111,-99.51204166666666,2002,2002-04-15,178.77,2426.38,11.747835616438357,380.73,56.3613698630137,3.648383561643836,16.674520547945203,402630099305500,train,180.05,177.28,173.0,0.4736481861738535,6,178.17,1.6288953311984211,2.7700000000000102,5.951426470588258,178.0633333333333,2.19574740502333,176.14,181.49,0,0,2.0,402630099305500,176.82929851190508,-1.9407014880949305,Unseen_Well_Test,Model_B,Random Forest
402703099150901,PHELPS,40.44969595,-99.25284899,2002,2002-04-24,39.36,2253.96,11.747835616438357,380.73,56.3613698630137,3.648383561643836,16.674520547945203,402703099150901,train,37.0,36.83,358.0,0.9801505817932924,2,36.915,0.1202081528017142,0.1700000000000017,0.170116438356166,36.915,0.1202081528017142,36.83,37.0,0,0,0.6666666666666666,402703099150901,37.69319999999998,-1.6668000000000165,Unseen_Well_Test,Model_B,Random Forest
402821099282901,PHELPS,40.47215973,-99.47068872,2002,2002-04-15,90.09,2363.91,11.747835616438357,380.73,56.3613698630137,3.648383561643836,16.674520547945203,402821099282901,train,90.1,,730.0,1.998631074606434,1,90.1,,,,90.1,,90.1,90.1,0,0,0.3333333333333333,402821099282901,92.60935000000006,2.51935000000006,Unseen_Well_Test,Model_B,Random Forest
402905099115301,PHELPS,40.4848551,-99.1983097,2002,2002-04-15,27.76,2241.11,11.747835616438357,380.73,56.3613698630137,3.648383561643836,16.674520547945203,402905099115301,train,25.73,,730.0,1.998631074606434,1,25.73,,,,25.73,,25.73,25.73,0,0,0.3333333333333333,402905099115301,27.73080000000001,-0.0291999999999923,Unseen_Well_Test,Model_B,Random Forest
402906099342201,PHELPS,40.485083333333336,-99.57288888888888,2002,2002-04-15,148.66,2458.82,11.747835616438357,380.73,56.3613698630137,3.648383561643836,16.674520547945203,402906099342201,train,150.41,149.17,173.0,0.4736481861738535,6,149.54999999999998,0.7464583042608642,1.240000000000009,2.664176470588255,149.5283333333333,1.518149092370923,148.14,152.14,0,0,2.0,402906099342201,151.7464750000001,3.0864750000000925,Unseen_Well_Test,Model_B,Random Forest
402924099235501,PHELPS,40.4901949,-99.398706,2002,2002-04-15,50.56,2336.37,11.747835616438357,380.73,56.3613698630137,3.648383561643836,16.674520547945203,402924099235501,train,47.25,,730.0,1.998631074606434,1,47.25,,,,47.25,,47.25,47.25,0,0,0.3333333333333333,402924099235501,48.902175000000064,-1.6578249999999386,Unseen_Well_Test,Model_B,Random Forest
403138099235801,PHELPS,40.5255500233333,-99.399115,2002,2002-04-15,20.89,2328.14,11.747835616438357,380.73,56.3613698630137,3.648383561643836,16.674520547945203,403138099235801,train,20.37,18.67,343.0,0.9390828199863108,2,19.520000000000003,1.2020815280171302,1.6999999999999993,1.6602272727272722,19.520000000000003,1.2020815280171302,18.67,20.37,0,0,0.6666666666666666,403138099235801,20.59332499999999,-0.2966750000000111,Unseen_Well_Test,Model_B,Random Forest
403217099312001,PHELPS,40.5392815,-99.5207383,2002,2002-04-15,98.69,2451.89,11.747835616438357,380.73,56.3613698630137,3.648383561643836,16.674520547945203,403217099312001,train,98.0,96.74,342.0,0.9363449691991786,2,97.37,0.8909545442950535,1.2600000000000051,1.217500000000005,97.37,0.8909545442950535,96.74,98.0,0,0,0.6666666666666666,403217099312001,99.3181999999999,0.6281999999999073,Unseen_Well_Test,Model_B,Random Forest
403322099201601,PHELPS,40.5547811,-99.3416484,2002,2002-04-15,6.35,2267.67,11.747835616438357,380.73,56.3613698630137,3.648383561643836,16.674520547945203,403322099201601,train,4.12,3.62,343.0,0.9390828199863108,2,3.87,0.3535533905932738,0.5,0.4883021390374332,3.87,0.3535533905932738,3.62,4.12,0,0,0.6666666666666666,403322099201601,4.618249999999991,-1.7317500000000088,Unseen_Well_Test,Model_B,Random Forest
403322099272302,PHELPS,40.5545803,-99.4609332,2002,2002-04-15,17.0,2349.56,11.747835616438357,380.73,56.3613698630137,3.648383561643836,16.674520547945203,403322099272302,train,15.25,,720.0,1.9712525667351128,1,15.25,,,,15.25,,15.25,15.25,0,0,0.3333333333333333,403322099272302,16.08730000000003,-0.912699999999969,Unseen_Well_Test,Model_B,Random Forest
403322099304801,PHELPS,40.5542755075,-99.5122815,2002,2002-04-15,54.81,2411.43,11.747835616438357,380.73,56.3613698630137,3.648383561643836,16.674520547945203,403322099304801,train,54.32,53.15,342.0,0.9363449691991786,2,53.735,0.8273149339882618,1.1700000000000017,1.130535714285716,53.735,0.8273149339882618,53.15,54.32,0,0,0.6666666666666666,403322099304801,56.09981083333348,1.289810833333476,Unseen_Well_Test,Model_B,Random Forest
403507099254101,PHELPS,40.58520714,-99.42844836,2002,2002-04-25,21.14,2318.5,11.747835616438357,380.73,56.3613698630137,3.648383561643836,16.674520547945203,403507099254101,train,16.61,17.5,353.0,0.9664613278576316,2,17.055,0.6293250352560277,-0.8900000000000006,-0.8399806201550394,17.055,0.6293250352560277,16.61,17.5,0,0,0.6666666666666666,403507099254101,18.232325000000014,-2.907674999999987,Unseen_Well_Test,Model_B,Random Forest
403646099293301,PHELPS,40.6127772,-99.4935704,2002,2002-04-15,15.07,2354.25,11.747835616438357,380.73,56.3613698630137,3.648383561643836,16.674520547945203,403646099293301,train,10.52,14.31,343.0,0.9390828199863108,2,12.415,2.679934700697016,-3.790000000000001,-3.671876657824934,12.415,2.679934700697016,10.52,14.31,0,0,0.6666666666666666,403646099293301,13.34867499999999,-1.7213250000000109,Unseen_Well_Test,Model_B,Random Forest
403651099281401,PHELPS,40.613021,-99.4747929,2002,2002-04-15,38.14,2345.39,11.747835616438357,380.73,56.3613698630137,3.648383561643836,16.674520547945203,403651099281401,train,35.0,,720.0,1.9712525667351128,1,35.0,,,,35.0,,35.0,35.0,0,0,0.3333333333333333,403651099281401,35.78225000000002,-2.3577499999999816,Unseen_Well_Test,Model_B,Random Forest
403915099190801,PHELPS,40.6573434,-99.3214291,2002,2002-04-15,8.94,2234.03,11.747835616438357,380.73,56.3613698630137,3.648383561643836,16.674520547945203,403915099190801,train,8.61,7.28,343.0,0.9390828199863108,2,7.945,0.9404520189781076,1.3299999999999992,1.2552519379844955,7.945,0.9404520189781076,7.28,8.61,0,0,0.6666666666666666,403915099190801,8.523499999999991,-0.4165000000000081,Unseen_Well_Test,Model_B,Random Forest
403928099371801,PHELPS,40.655954,-99.6202609,2002,2002-04-15,81.04,2432.98,11.747835616438357,380.73,56.3613698630137,3.648383561643836,16.674520547945203,403928099371801,train,80.21,80.32,343.0,0.9390828199863108,2,80.26499999999999,0.0777817459305198,-0.1099999999999994,-0.1065716180371347,80.26499999999999,0.0777817459305198,80.21,80.32,0,0,0.6666666666666666,403928099371801,77.56395000000015,-3.476049999999858,Unseen_Well_Test,Model_B,Random Forest
402340099353701,PHELPS,40.39445302,-99.59399869,2003,2003-05-05,25.25,2264.29,11.669397260273971,498.43,59.134328767123286,3.4380273972602744,16.324191780821916,402340099353701,train,25.21,25.07,376.0,1.0294318959616702,3,25.24,0.1868154169226945,0.1400000000000005,0.1461000000000006,25.24,0.1868154169226945,25.07,25.44,0,0,0.6666666666666666,402340099353701,28.950824999999945,3.700824999999945,Unseen_Well_Test,Model_B,Random Forest
402421099112000,PHELPS,40.40549166666666,-99.18921666666668,2003,2003-04-15,55.45,2216.62,11.669397260273971,498.43,59.134328767123286,3.4380273972602744,16.324191780821916,402421099112000,train,52.28,52.18,364.0,0.9965776865160848,8,52.93666666666667,1.2250034013558226,0.1000000000000014,36.52500000000052,51.99,1.5896001294126056,50.0,54.35,0,0,2.333333333333333,402421099112000,74.34526249999978,18.89526249999977,Unseen_Well_Test,Model_B,Random Forest
402524099201601,PHELPS,40.42334431,-99.33815365,2003,2003-04-24,111.68,2312.07,11.669397260273971,498.43,59.134328767123286,3.4380273972602744,16.324191780821916,402524099201601,train,109.8,109.06,365.0,0.999315537303217,3,113.04666666666668,6.275167992439194,0.7399999999999949,0.7592275280898824,113.04666666666668,6.275167992439194,109.06,120.28,0,0,0.6666666666666666,402524099201601,109.95336249999995,-1.7266375000000522,Unseen_Well_Test,Model_B,Random Forest
402532099235801,PHELPS,40.42582814,-99.40068743,2003,2003-04-10,117.29,2321.09,11.669397260273971,498.43,59.134328767123286,3.4380273972602744,16.324191780821916,402532099235801,train,115.52,116.18,350.0,0.9582477754962354,3,115.86666666666667,0.3312602199681347,-0.6600000000000108,-0.6829036827195579,115.86666666666667,0.3312602199681347,115.52,116.18,0,0,1.0,402532099235801,111.43639166666652,-5.853608333333497,Unseen_Well_Test,Model_B,Random Forest
402630099305500,PHELPS,40.44133611111111,-99.51204166666666,2003,2003-04-15,177.87,2426.38,11.669397260273971,498.43,59.134328767123286,3.4380273972602744,16.324191780821916,402630099305500,train,177.32,180.05,365.0,0.999315537303217,8,178.2166666666667,1.5878392026062838,-2.730000000000018,-5.763771676300617,177.95714285714283,2.0240282794937663,176.14,181.49,0,0,2.333333333333333,402630099305500,178.40682499999969,0.5368249999996806,Unseen_Well_Test,Model_B,Random Forest
402703099150901,PHELPS,40.44969595,-99.25284899,2003,2003-04-09,42.44,2253.96,11.669397260273971,498.43,59.134328767123286,3.4380273972602744,16.324191780821916,402703099150901,train,39.36,37.0,350.0,0.9582477754962354,3,37.73,1.4141782065920832,2.3599999999999994,2.407793296089385,37.73,1.4141782065920832,36.83,39.36,0,0,1.0,402703099150901,38.74669999999988,-3.6933000000001135,Unseen_Well_Test,Model_B,Random Forest
402821099282901,PHELPS,40.47215973,-99.47068872,2003,2003-04-15,92.28,2363.91,11.669397260273971,498.43,59.134328767123286,3.4380273972602744,16.324191780821916,402821099282901,train,90.09,90.1,365.0,0.999315537303217,2,90.095,0.007071067811859,-0.0099999999999909,-0.0050034246575296,90.095,0.007071067811859,90.09,90.1,0,0,0.6666666666666666,402821099282901,90.7450750000002,-1.534924999999788,Unseen_Well_Test,Model_B,Random Forest
402905099115301,PHELPS,40.4848551,-99.1983097,2003,2003-04-15,31.26,2241.11,11.669397260273971,498.43,59.134328767123286,3.4380273972602744,16.324191780821916,402905099115301,train,27.94,27.76,6.0,0.0164271047227926,3,27.14333333333333,1.2272869808375442,0.1799999999999997,0.1831337047353757,27.14333333333333,1.2272869808375442,25.73,27.94,0,0,1.0,402905099115301,29.763599999999947,-1.4964000000000546,Unseen_Well_Test,Model_B,Random Forest
402906099342201,PHELPS,40.485083333333336,-99.57288888888888,2003,2003-04-15,149.9,2458.82,11.669397260273971,498.43,59.134328767123286,3.4380273972602744,16.324191780821916,402906099342201,train,148.70999999999998,150.41,365.0,0.999315537303217,8,149.42999999999998,0.8793179174792327,-1.700000000000017,-3.5891618497110187,149.41142857142856,1.419969818592734,148.14,152.14,0,0,2.333333333333333,402906099342201,148.53685000000013,-1.3631499999998766,Unseen_Well_Test,Model_B,Random Forest
402924099235501,PHELPS,40.4901949,-99.398706,2003,2003-04-15,55.35,2336.37,11.669397260273971,498.43,59.134328767123286,3.4380273972602744,16.324191780821916,402924099235501,train,52.35,50.56,5.0,0.0136892539356605,3,50.053333333333335,2.5874762478781013,1.7899999999999991,1.816104166666666,50.053333333333335,2.5874762478781013,47.25,52.35,0,0,1.0,402924099235501,54.359950000000005,-0.9900499999999964,Unseen_Well_Test,Model_B,Random Forest
403138099235801,PHELPS,40.5255500233333,-99.399115,2003,2003-04-15,25.16,2328.14,11.669397260273971,498.43,59.134328767123286,3.4380273972602744,16.324191780821916,403138099235801,train,22.21,20.89,5.0,0.0136892539356605,4,21.15666666666667,0.9485427419643953,1.3200000000000005,1.3392500000000005,20.535000000000004,1.464820808153679,18.67,22.21,0,0,1.3333333333333333,403138099235801,23.20440000000001,-1.9555999999999896,Unseen_Well_Test,Model_B,Random Forest
403217099312001,PHELPS,40.5392815,-99.5207383,2003,2003-04-15,101.7,2451.89,11.669397260273971,498.43,59.134328767123286,3.4380273972602744,16.324191780821916,403217099312001,train,97.9,98.69,4.0,0.0109514031485284,4,98.19666666666669,0.4301550108197399,-0.789999999999992,-0.7993005540166124,97.8325,0.8085944595407532,96.74,98.69,0,0,1.3333333333333333,403217099312001,98.77594999999992,-2.92405000000008,Unseen_Well_Test,Model_B,Random Forest
403322099201601,PHELPS,40.5547811,-99.3416484,2003,2003-04-15,9.29,2267.67,11.669397260273971,498.43,59.134328767123286,3.4380273972602744,16.324191780821916,403322099201601,train,7.57,6.35,5.0,0.0136892539356605,4,6.013333333333333,1.749466585372048,1.2200000000000006,1.2377916666666673,5.415,1.8634466274442456,3.62,7.57,0,0,1.3333333333333333,403322099201601,5.551400000000002,-3.738599999999997,Unseen_Well_Test,Model_B,Random Forest
403322099272302,PHELPS,40.5545803,-99.4609332,2003,2003-04-15,19.67,2349.56,11.669397260273971,498.43,59.134328767123286,3.4380273972602744,16.324191780821916,403322099272302,train,17.0,15.25,365.0,0.999315537303217,2,16.125,1.2374368670764582,1.75,0.8877604166666667,16.125,1.2374368670764582,15.25,17.0,0,0,0.6666666666666666,403322099272302,18.677200000000035,-0.992799999999967,Unseen_Well_Test,Model_B,Random Forest
403322099304801,PHELPS,40.5542755075,-99.5122815,2003,2003-04-15,57.5,2411.43,11.669397260273971,498.43,59.134328767123286,3.4380273972602744,16.324191780821916,403322099304801,train,54.79,54.81,4.0,0.0109514031485284,4,54.63999999999999,0.2773084924772412,-0.0200000000000031,-0.020235457063715,54.2675,0.7786473313809457,53.15,54.81,0,0,1.3333333333333333,403322099304801,57.06970666666647,-0.4302933333335303,Unseen_Well_Test,Model_B,Random Forest
403507099254101,PHELPS,40.58520714,-99.42844836,2003,2003-04-10,24.25,2318.5,11.669397260273971,498.43,59.134328767123286,3.4380273972602744,16.324191780821916,403507099254101,train,21.14,16.61,350.0,0.9582477754962354,3,18.416666666666668,2.4000902760799097,4.530000000000001,4.687202549575072,18.416666666666668,2.4000902760799097,16.61,21.14,0,0,1.0,403507099254101,21.46272499999999,-2.787275000000012,Unseen_Well_Test,Model_B,Random Forest
403646099293301,PHELPS,40.6127772,-99.4935704,2003,2003-04-15,17.49,2354.25,11.669397260273971,498.43,59.134328767123286,3.4380273972602744,16.324191780821916,403646099293301,train,17.89,15.07,5.0,0.0136892539356605,4,14.493333333333334,3.7186870442850304,2.8200000000000003,2.8611250000000004,14.4475,3.0376786641556857,10.52,17.89,0,0,1.3333333333333333,403646099293301,18.97847500000004,1.4884750000000402,Unseen_Well_Test,Model_B,Random Forest
403651099281401,PHELPS,40.613021,-99.4747929,2003,2003-04-15,41.97,2345.39,11.669397260273971,498.43,59.134328767123286,3.4380273972602744,16.324191780821916,403651099281401,train,39.4,38.14,5.0,0.0136892539356605,3,37.51333333333333,2.265950867369664,1.259999999999998,1.278374999999998,37.51333333333333,2.265950867369664,35.0,39.4,0,0,1.0,403651099281401,39.74887499999996,-2.221125000000044,Unseen_Well_Test,Model_B,Random Forest
403915099190801,PHELPS,40.6573434,-99.3214291,2003,2003-04-15,9.99,2234.03,11.669397260273971,498.43,59.134328767123286,3.4380273972602744,16.324191780821916,403915099190801,train,9.12,8.94,5.0,0.0136892539356605,4,8.889999999999999,0.2586503431275512,0.1799999999999997,0.1826249999999997,8.487499999999999,0.8322409506867583,7.28,9.12,0,0,1.3333333333333333,403915099190801,10.063199999999972,0.0731999999999715,Unseen_Well_Test,Model_B,Random Forest
403928099371801,PHELPS,40.655954,-99.6202609,2003,2003-04-15,82.22,2432.98,11.669397260273971,498.43,59.134328767123286,3.4380273972602744,16.324191780821916,403928099371801,train,80.55,81.04,5.0,0.0136892539356605,4,80.60000000000001,0.4172529209005077,-0.4900000000000091,-0.4971458333333425,80.53,0.3683295625749731,80.21,81.04,0,0,1.3333333333333333,403928099371801,78.08657500000012,-4.133424999999875,Unseen_Well_Test,Model_B,Random Forest
402340099353701,PHELPS,40.39445302,-99.59399869,2004,2004-04-29,25.37,2264.29,11.452868852459016,645.8100000000001,63.15969945355192,3.455382513661202,16.150901639344262,402340099353701,train,25.25,25.21,360.0,0.9856262833675564,4,25.176666666666662,0.0945163125250521,0.0399999999999991,0.0388563829787225,25.2425,0.1526160760426855,25.07,25.44,0,0,1.0,402340099353701,28.61179999999995,3.241799999999948,Unseen_Well_Test,Model_B,Random Forest
402421099112000,PHELPS,40.40549166666666,-99.18921666666668,2004,2004-04-15,57.55,2216.62,11.452868852459016,645.8100000000001,63.15969945355192,3.455382513661202,16.150901639344262,402421099112000,train,57.85,60.17,6.0,0.0164271047227926,12,57.85666666666666,2.3100072149959496,-2.3200000000000003,-4.926627906976744,53.745,3.1133831350244296,50.0,60.17,0,0,3.0,402421099112000,74.20821999999984,16.658219999999844,Unseen_Well_Test,Model_B,Random Forest
402524099201601,PHELPS,40.42334431,-99.33815365,2004,2004-04-29,113.94,2312.07,11.452868852459016,645.8100000000001,63.15969945355192,3.455382513661202,16.150901639344262,402524099201601,train,111.68,109.8,371.0,1.0157426420260096,4,110.18,1.3507035203922468,1.8800000000000097,1.8812876712328863,112.705,5.169019894203027,109.06,120.28,0,0,1.0,402524099201601,110.20665000000008,-3.7333499999999296,Unseen_Well_Test,Model_B,Random Forest
402532099235801,PHELPS,40.42582814,-99.40068743,2004,2004-04-08,118.12,2321.09,11.452868852459016,645.8100000000001,63.15969945355192,3.455382513661202,16.150901639344262,402532099235801,train,117.29,115.52,364.0,0.9965776865160848,4,116.33,0.8944830909525391,1.7700000000000102,1.8471214285714392,116.2225,0.7613310712167243,115.52,117.29,0,0,1.0,402532099235801,111.5489,-6.571100000000016,Unseen_Well_Test,Model_B,Random Forest
402630099305500,PHELPS,40.44133611111111,-99.51204166666666,2004,2004-04-15,178.37,2426.38,11.452868852459016,645.8100000000001,63.15969945355192,3.455382513661202,16.150901639344262,402630099305500,train,178.67,182.14,8.0,0.0219028062970568,12,179.59333333333333,2.233077099728828,-3.469999999999999,-7.455397058823527,178.39545454545453,2.011941170294816,176.14,182.14,0,0,3.0,402630099305500,179.5956249999999,1.2256249999998945,Unseen_Well_Test,Model_B,Random Forest
402703099150901,PHELPS,40.44969595,-99.25284899,2004,2004-04-07,43.62,2253.96,11.452868852459016,645.8100000000001,63.15969945355192,3.455382513661202,16.150901639344262,402703099150901,train,42.44,39.36,364.0,0.9965776865160848,4,39.6,2.727929617860401,3.0799999999999983,3.214199999999998,38.9075,2.622840381469422,36.83,42.44,0,0,1.0,402703099150901,43.74032499999994,0.1203249999999442,Unseen_Well_Test,Model_B,Random Forest
402821099282901,PHELPS,40.47215973,-99.47068872,2004,2004-04-15,94.41,2363.91,11.452868852459016,645.8100000000001,63.15969945355192,3.455382513661202,16.150901639344262,402821099282901,train,92.28,90.09,366.0,1.002053388090349,3,90.82333333333334,1.2615202468978992,2.1899999999999977,2.191499999999998,90.82333333333334,1.2615202468978992,90.09,92.28,0,0,0.6666666666666666,402821099282901,91.38220000000013,-3.027799999999872,Unseen_Well_Test,Model_B,Random Forest
402905099115301,PHELPS,40.4848551,-99.1983097,2004,2004-04-15,33.0,2241.11,11.452868852459016,645.8100000000001,63.15969945355192,3.455382513661202,16.150901639344262,402905099115301,train,31.26,27.94,366.0,1.002053388090349,4,28.986666666666668,1.9708204721215308,3.3200000000000003,202.105,28.172500000000003,2.2892993833631,25.73,31.26,0,0,1.0,402905099115301,32.08202499999995,-0.9179750000000482,Unseen_Well_Test,Model_B,Random Forest
402906099342201,PHELPS,40.485083333333336,-99.57288888888888,2004,2004-04-15,150.45,2458.82,11.452868852459016,645.8100000000001,63.15969945355192,3.455382513661202,16.150901639344262,402906099342201,train,150.75,154.11,8.0,0.0219028062970568,12,151.62,2.188766776063644,-3.3600000000000136,-7.30500000000003,150.0581818181818,1.7874608705189547,148.14,154.11,0,0,3.0,402906099342201,153.58217499999992,3.1321749999999327,Unseen_Well_Test,Model_B,Random Forest
402924099235501,PHELPS,40.4901949,-99.398706,2004,2004-04-15,57.0,2336.37,11.452868852459016,645.8100000000001,63.15969945355192,3.455382513661202,16.150901639344262,402924099235501,train,55.35,52.35,366.0,1.002053388090349,4,52.75333333333333,2.420337442038472,3.0,219.15,51.3775,3.3877758190293528,47.25,55.35,0,0,1.0,402924099235501,54.92045000000005,-2.079549999999948,Unseen_Well_Test,Model_B,Random Forest
403138099235801,PHELPS,40.5255500233333,-99.399115,2004,2004-04-15,27.0,2328.14,11.452868852459016,645.8100000000001,63.15969945355192,3.455382513661202,16.150901639344262,403138099235801,train,24.0,25.16,7.0,0.0191649555099247,6,23.790000000000003,1.4861695730972286,-1.16,-1.1801949860724237,21.883333333333336,2.405241498616441,18.67,25.16,0,0,1.6666666666666667,403138099235801,23.65275000000002,-3.347249999999981,Unseen_Well_Test,Model_B,Random Forest
403217099312001,PHELPS,40.5392815,-99.5207383,2004,2004-04-15,104.61,2451.89,11.452868852459016,645.8100000000001,63.15969945355192,3.455382513661202,16.150901639344262,403217099312001,train,100.81,101.7,3.0,0.0082135523613963,6,100.13666666666668,1.987469077327576,-0.8900000000000006,-0.8955165289256204,98.97333333333334,1.8960766510525555,96.74,101.7,0,0,1.6666666666666667,403217099312001,100.55362500000004,-4.056374999999946,Unseen_Well_Test,Model_B,Random Forest
403322099201601,PHELPS,40.5547811,-99.3416484,2004,2004-04-15,11.61,2267.67,11.452868852459016,645.8100000000001,63.15969945355192,3.455382513661202,16.150901639344262,403322099201601,train,9.89,9.29,7.0,0.0191649555099247,6,8.916666666666666,1.2042148202597962,0.6000000000000014,0.610445682451255,6.806666666666668,2.601466253224644,3.62,9.89,0,0,1.6666666666666667,403322099201601,10.550125000000005,-1.0598749999999946,Unseen_Well_Test,Model_B,Random Forest
403322099272302,PHELPS,40.5545803,-99.4609332,2004,2004-04-15,21.38,2349.56,11.452868852459016,645.8100000000001,63.15969945355192,3.455382513661202,16.150901639344262,403322099272302,train,19.67,17.0,366.0,1.002053388090349,3,17.30666666666667,2.225900566811855,2.6700000000000017,2.671828767123289,17.30666666666667,2.225900566811855,15.25,19.67,0,0,0.6666666666666666,403322099272302,19.36532500000001,-2.01467499999999,Unseen_Well_Test,Model_B,Random Forest
403322099304801,PHELPS,40.5542755075,-99.5122815,2004,2004-04-15,60.02,2411.43,11.452868852459016,645.8100000000001,63.15969945355192,3.455382513661202,16.150901639344262,403322099304801,train,57.05,57.5,3.0,0.0082135523613963,6,56.44666666666666,1.4522511261256894,-0.4500000000000028,-0.45278925619835,55.27,1.6721363580760986,53.15,57.5,0,0,1.6666666666666667,403322099304801,58.44787416666665,-1.5721258333333523,Unseen_Well_Test,Model_B,Random Forest
403507099254101,PHELPS,40.58520714,-99.42844836,2004,2004-04-12,25.82,2318.5,11.452868852459016,645.8100000000001,63.15969945355192,3.455382513661202,16.150901639344262,403507099254101,train,24.25,21.14,368.0,1.0075290896646132,4,20.666666666666668,3.8419309381264695,3.1099999999999994,3.2455071428571425,19.875,3.513863021424332,16.61,24.25,0,0,1.0,403507099254101,24.458975000000013,-1.3610249999999873,Unseen_Well_Test,Model_B,Random Forest
403646099293301,PHELPS,40.6127772,-99.4935704,2004,2004-04-15,18.73,2354.25,11.452868852459016,645.8100000000001,63.15969945355192,3.455382513661202,16.150901639344262,403646099293301,train,19.13,17.49,3.0,0.0082135523613963,6,18.17,0.855102333057278,1.6400000000000006,1.6501652892561989,15.735,3.127911443759237,10.52,19.13,0,0,1.6666666666666667,403646099293301,19.70522500000002,0.9752250000000195,Unseen_Well_Test,Model_B,Random Forest
403651099281401,PHELPS,40.613021,-99.4747929,2004,2004-04-15,43.0,2345.39,11.452868852459016,645.8100000000001,63.15969945355192,3.455382513661202,16.150901639344262,403651099281401,train,41.97,39.4,366.0,1.002053388090349,4,39.836666666666666,1.951981898823176,2.5700000000000003,187.7385,38.6275,2.8962892926409585,35.0,41.97,0,0,1.0,403651099281401,41.127424999999874,-1.8725750000001256,Unseen_Well_Test,Model_B,Random Forest
403915099190801,PHELPS,40.6573434,-99.3214291,2004,2004-04-08,10.43,2234.03,11.452868852459016,645.8100000000001,63.15969945355192,3.455382513661202,16.150901639344262,403915099190801,train,9.99,9.12,359.0,0.9828884325804244,5,9.35,0.5615158056546588,0.870000000000001,63.55350000000008,8.788,0.9853781000204944,7.28,9.99,0,0,1.3333333333333333,403915099190801,9.61012499999996,-0.8198750000000388,Unseen_Well_Test,Model_B,Random Forest
403928099371801,PHELPS,40.655954,-99.6202609,2004,2004-04-15,83.73,2432.98,11.452868852459016,645.8100000000001,63.15969945355192,3.455382513661202,16.150901639344262,403928099371801,train,81.97,82.22,3.0,0.0082135523613963,6,81.58,0.9007219326740088,-0.25,-0.2515495867768595,81.05166666666668,0.8606838366477381,80.21,82.22,0,0,1.6666666666666667,403928099371801,80.56792500000017,-3.162074999999831,Unseen_Well_Test,Model_B,Random Forest
402340099353701,PHELPS,40.39445302,-99.59399869,2005,2005-05-11,25.42,2264.29,11.73095890410959,631.46,64.1328493150685,3.4875890410958905,16.385753424657533,402340099353701,train,25.37,25.25,377.0,1.0321697467488022,5,25.276666666666667,0.0832666399786455,0.120000000000001,0.121750000000001,25.268,0.143944433723573,25.07,25.44,0,0,0.6666666666666666,402340099353701,28.58564999999997,3.165649999999964,Unseen_Well_Test,Model_B,Random Forest
402421099112000,PHELPS,40.40549166666666,-99.18921666666668,2005,2005-04-15,58.66,2216.62,11.73095890410959,631.46,64.1328493150685,3.4875890410958905,16.385753424657533,402421099112000,train,57.55,57.85,365.0,0.999315537303217,13,58.52333333333333,1.4339223595904131,-0.3000000000000042,-18.26250000000026,54.037692307692296,3.162133124559416,50.0,60.17,0,0,2.333333333333333,402421099112000,76.25851999999982,17.598519999999823,Unseen_Well_Test,Model_B,Random Forest
402524099201601,PHELPS,40.42334431,-99.33815365,2005,2005-05-11,115.43,2312.07,11.73095890410959,631.46,64.1328493150685,3.4875890410958905,16.385753424657533,402524099201601,train,113.94,111.68,377.0,1.0321697467488022,5,111.80666666666669,2.0729045644537845,2.259999999999991,2.224973045822093,112.952,4.510445654256351,109.06,120.28,0,0,0.6666666666666666,402524099201601,111.02206249999992,-4.407937500000074,Unseen_Well_Test,Model_B,Random Forest
402532099235801,PHELPS,40.42582814,-99.40068743,2005,2005-04-13,120.1,2321.09,11.73095890410959,631.46,64.1328493150685,3.4875890410958905,16.385753424657533,402532099235801,train,118.12,117.29,370.0,1.0130047912388775,5,116.97666666666667,1.3280185741672992,0.8299999999999983,0.832850274725273,116.602,1.074625516168309,115.52,118.12,0,0,1.0,402532099235801,111.25373333333332,-8.84626666666668,Unseen_Well_Test,Model_B,Random Forest
402630099305500,PHELPS,40.44133611111111,-99.51204166666666,2005,2005-04-15,182.94,2426.38,11.73095890410959,631.46,64.1328493150685,3.4875890410958905,16.385753424657533,402630099305500,train,178.37,178.67,365.0,0.999315537303217,13,179.72666666666666,2.095383815279031,-0.2999999999999829,-13.696874999999222,178.39333333333332,1.9183247110355683,176.14,182.14,0,0,2.333333333333333,402630099305500,177.48200000000008,-5.457999999999913,Unseen_Well_Test,Model_B,Random Forest
402703099150901,PHELPS,40.44969595,-99.25284899,2005,2005-04-12,46.63,2253.96,11.73095890410959,631.46,64.1328493150685,3.4875890410958905,16.385753424657533,402703099150901,train,43.62,42.44,370.0,1.0130047912388775,5,41.806666666666665,2.1994847881568376,1.1799999999999995,1.1840521978021974,39.85,3.098548047069788,36.83,43.62,0,0,1.0,402703099150901,46.14817499999992,-0.4818250000000859,Unseen_Well_Test,Model_B,Random Forest
402821099282901,PHELPS,40.47215973,-99.47068872,2005,2005-04-15,96.0,2363.91,11.73095890410959,631.46,64.1328493150685,3.4875890410958905,16.385753424657533,402821099282901,train,94.41,92.28,365.0,0.999315537303217,4,92.26,2.16006944332815,2.1299999999999955,2.125635245901635,91.72,2.0680909070928184,90.09,94.41,0,0,1.0,402821099282901,94.5933500000001,-1.4066499999998996,Unseen_Well_Test,Model_B,Random Forest
402905099115301,PHELPS,40.4848551,-99.1983097,2005,2005-04-12,34.0,2241.11,11.73095890410959,631.46,64.1328493150685,3.4875890410958905,16.385753424657533,402905099115301,train,33.0,31.26,362.0,0.9911019849418208,5,30.73333333333333,2.57078457544255,1.7399999999999984,1.7364344262295066,29.138,2.9311465333551645,25.73,33.0,0,0,1.3333333333333333,402905099115301,33.84557499999987,-0.1544250000001312,Unseen_Well_Test,Model_B,Random Forest
402906099342201,PHELPS,40.485083333333336,-99.57288888888888,2005,2005-04-15,150.85,2458.82,11.73095890410959,631.46,64.1328493150685,3.4875890410958905,16.385753424657533,402906099342201,train,150.45,150.75,365.0,0.999315537303217,13,151.77,2.032043306625144,-0.3000000000000113,-13.69687500000052,150.09083333333334,1.7080262843056022,148.14,154.11,0,0,2.333333333333333,402906099342201,151.0495999999999,0.1995999999999185,Unseen_Well_Test,Model_B,Random Forest
402924099235501,PHELPS,40.4901949,-99.398706,2005,2005-04-13,57.63,2336.37,11.73095890410959,631.46,64.1328493150685,3.4875890410958905,16.385753424657533,402924099235501,train,57.0,55.35,363.0,0.9938398357289528,5,54.9,2.3574350468252563,1.6499999999999986,1.646618852459015,52.502,3.8639707555829146,47.25,57.0,0,0,1.3333333333333333,402924099235501,55.18032499999994,-2.449675000000063,Unseen_Well_Test,Model_B,Random Forest
403138099235801,PHELPS,40.5255500233333,-99.399115,2005,2005-04-15,28.06,2328.14,11.73095890410959,631.46,64.1328493150685,3.4875890410958905,16.385753424657533,403138099235801,train,25.06,27.0,2.0,0.0054757015742642,8,25.35333333333333,1.5213590415590046,-1.9400000000000013,-1.9520247933884312,22.92,2.8435390424107565,18.67,27.0,0,0,2.0,403138099235801,25.374450000000014,-2.685549999999985,Unseen_Well_Test,Model_B,Random Forest
403217099312001,PHELPS,40.5392815,-99.5207383,2005,2005-04-15,104.82,2451.89,11.73095890410959,631.46,64.1328493150685,3.4875890410958905,16.385753424657533,403217099312001,train,101.02,104.61,2.0,0.0054757015742642,8,102.14666666666666,2.13589169513188,-3.5900000000000034,-3.612252066115706,99.93375,2.5789584691720586,96.74,104.61,0,0,2.0,403217099312001,100.32545000000005,-4.494549999999961,Unseen_Well_Test,Model_B,Random Forest
403322099201601,PHELPS,40.5547811,-99.3416484,2005,2005-04-15,10.27,2267.67,11.73095890410959,631.46,64.1328493150685,3.4875890410958905,16.385753424657533,403322099201601,train,8.55,11.61,2.0,0.0054757015742642,8,10.016666666666667,1.533927421142647,-3.0599999999999987,-3.07896694214876,7.625,2.7926433970088524,3.62,11.61,0,0,2.0,403322099201601,10.994374999999998,0.7243749999999984,Unseen_Well_Test,Model_B,Random Forest
403322099272302,PHELPS,40.5545803,-99.4609332,2005,2005-04-15,19.71,2349.56,11.73095890410959,631.46,64.1328493150685,3.4875890410958905,16.385753424657533,403322099272302,train,16.15,21.38,2.0,0.0054757015742642,5,19.066666666666663,2.6666895832348647,-5.23,-5.262417355371902,17.889999999999997,2.5562570293301885,15.25,21.38,0,0,1.3333333333333333,403322099272302,18.3523,-1.3577000000000012,Unseen_Well_Test,Model_B,Random Forest
403322099304801,PHELPS,40.5542755075,-99.5122815,2005,2005-04-15,60.61,2411.43,11.73095890410959,631.46,64.1328493150685,3.4875890410958905,16.385753424657533,403322099304801,train,57.64,60.02,2.0,0.0054757015742642,8,58.23666666666666,1.5723337219984,-2.3800000000000026,-2.3947520661157053,56.16,2.2621986776459004,53.15,60.02,0,0,2.0,403322099304801,58.7383616666667,-1.871638333333301,Unseen_Well_Test,Model_B,Random Forest
403336099225701,PHELPS,40.55616214,-99.37615377,2005,2005-04-15,26.56,2296.91,11.73095890410959,631.46,64.1328493150685,3.4875890410958905,16.385753424657533,403336099225701,train,19.51,,1826.0,4.999315537303217,1,19.51,,,,19.51,,19.51,19.51,1,1,0.0,403336099225701,17.400500000000047,-9.159499999999952,Unseen_Well_Test,Model_B,Random Forest
403507099254101,PHELPS,40.58520714,-99.42844836,2005,2005-04-13,25.3,2318.5,11.73095890410959,631.46,64.1328493150685,3.4875890410958905,16.385753424657533,403507099254101,train,25.82,24.25,366.0,1.002053388090349,5,23.736666666666668,2.3818550193774035,1.5700000000000005,1.5582676630434786,21.064,4.04091944982822,16.61,25.82,0,0,1.0,403507099254101,25.77492500000001,0.4749250000000096,Unseen_Well_Test,Model_B,Random Forest
403646099293301,PHELPS,40.6127772,-99.4935704,2005,2005-04-15,18.25,2354.25,11.73095890410959,631.46,64.1328493150685,3.4875890410958905,16.385753424657533,403646099293301,train,18.65,18.73,2.0,0.0054757015742642,8,18.836666666666662,0.2571640202931453,-0.0800000000000018,-0.0804958677685969,16.47375,2.976584512010848,10.52,19.13,0,0,2.0,403646099293301,19.298575000000017,1.0485750000000174,Unseen_Well_Test,Model_B,Random Forest
403651099281401,PHELPS,40.613021,-99.4747929,2005,2005-04-15,43.47,2345.39,11.73095890410959,631.46,64.1328493150685,3.4875890410958905,16.385753424657533,403651099281401,train,40.9,43.0,2.0,0.0054757015742642,6,41.95666666666667,1.0500634901439696,-2.1000000000000014,-2.113016528925621,39.735,2.9013496859220536,35.0,43.0,0,0,1.6666666666666667,403651099281401,41.80084166666668,-1.6691583333333213,Unseen_Well_Test,Model_B,Random Forest
403915099190801,PHELPS,40.6573434,-99.3214291,2005,2005-04-13,10.42,2234.03,11.73095890410959,631.46,64.1328493150685,3.4875890410958905,16.385753424657533,403915099190801,train,10.43,9.99,370.0,1.0130047912388775,6,9.846666666666666,0.6666583332812497,0.4399999999999995,0.4476601671309187,9.061666666666666,1.1073105556557594,7.28,10.43,0,0,1.3333333333333333,403915099190801,9.23342499999996,-1.1865750000000403,Unseen_Well_Test,Model_B,Random Forest
403928099371801,PHELPS,40.655954,-99.6202609,2005,2005-04-15,84.0,2432.98,11.73095890410959,631.46,64.1328493150685,3.4875890410958905,16.385753424657533,403928099371801,train,82.24,83.73,2.0,0.0054757015742642,8,82.64666666666666,0.947857232568988,-1.490000000000009,-1.4992355371900918,81.535,1.2201053818654963,80.21,83.73,0,0,2.0,403928099371801,81.4477750000001,-2.5522249999998934,Unseen_Well_Test,Model_B,Random Forest
402340099353701,PHELPS,40.39445302,-99.59399869,2006,2006-05-01,25.43,2264.29,12.111013698630138,647.73,59.76945205479451,3.5661095890410954,16.53980821917808,402340099353701,train,25.42,25.37,355.0,0.971937029431896,6,25.346666666666668,0.0873689494805419,0.0500000000000007,0.0484416445623349,25.293333333333333,0.142921890089191,25.07,25.44,0,0,1.0,402340099353701,28.943149999999967,3.513149999999968,Unseen_Well_Test,Model_B,Random Forest
402421099112000,PHELPS,40.40549166666666,-99.18921666666668,2006,2006-04-15,59.78,2216.62,12.111013698630138,647.73,59.76945205479451,3.5661095890410954,16.53980821917808,402421099112000,train,59.06,58.66,355.0,0.971937029431896,15,58.423333333333325,0.7823255929172562,0.4000000000000057,14.610000000000207,54.68066666666665,3.3845984498410835,50.0,60.17,0,0,2.333333333333333,402421099112000,77.77839583333322,17.99839583333322,Unseen_Well_Test,Model_B,Random Forest
402524099201601,PHELPS,40.42334431,-99.33815365,2006,2006-05-01,117.42,2312.07,12.111013698630138,647.73,59.76945205479451,3.5661095890410954,16.53980821917808,402524099201601,train,115.43,113.94,355.0,0.971937029431896,6,113.68333333333334,1.8881295859483087,1.490000000000009,1.4435610079575685,113.365,4.159171792556784,109.06,120.28,0,0,0.6666666666666666,402524099201601,111.28936249999994,-6.130637500000063,Unseen_Well_Test,Model_B,Random Forest
402532099235801,PHELPS,40.42582814,-99.40068743,2006,2006-04-10,120.0,2321.09,12.111013698630138,647.73,59.76945205479451,3.5661095890410954,16.53980821917808,402532099235801,train,120.1,118.12,362.0,0.9911019849418208,6,118.50333333333332,1.4436874084556237,1.979999999999989,1.9545810810810709,117.185,1.7213918786842213,115.52,120.1,0,0,1.0,402532099235801,111.3671,-8.632900000000006,Unseen_Well_Test,Model_B,Random Forest
402630099305500,PHELPS,40.44133611111111,-99.51204166666666,2006,2006-04-15,180.05,2426.38,12.111013698630138,647.73,59.76945205479451,3.5661095890410954,16.53980821917808,402630099305500,train,183.34,182.94,355.0,0.971937029431896,15,181.55,2.761213501343202,0.4000000000000057,14.610000000000207,179.07142857142858,2.468010276573971,176.14,183.34,0,0,2.333333333333333,402630099305500,181.943625,1.893624999999986,Unseen_Well_Test,Model_B,Random Forest
402821099282901,PHELPS,40.47215973,-99.47068872,2006,2006-04-15,97.56,2363.91,12.111013698630138,647.73,59.76945205479451,3.5661095890410954,16.53980821917808,402821099282901,train,96.0,94.41,365.0,0.999315537303217,5,94.23,1.8665208276362728,1.5900000000000034,1.5910890410958938,92.576,2.6213412597370835,90.09,96.0,0,0,1.0,402821099282901,95.17480000000008,-2.3851999999999123,Unseen_Well_Test,Model_B,Random Forest
402905099115301,PHELPS,40.4848551,-99.1983097,2006,2006-04-15,35.91,2241.11,12.111013698630138,647.73,59.76945205479451,3.5661095890410954,16.53980821917808,402905099115301,train,34.0,33.0,368.0,1.0075290896646132,6,32.75333333333334,1.3865544826415337,1.0,1.0089779005524862,29.94833333333333,3.2883334178070607,25.73,34.0,0,0,1.0,402905099115301,34.82562500000006,-1.0843749999999377,Unseen_Well_Test,Model_B,Random Forest
402906099342201,PHELPS,40.485083333333336,-99.57288888888888,2006,2006-04-15,152.46,2458.82,12.111013698630138,647.73,59.76945205479451,3.5661095890410954,16.53980821917808,402906099342201,train,151.25,150.85,355.0,0.971937029431896,15,150.85,0.4000000000000057,0.4000000000000057,14.610000000000207,150.22785714285712,1.6112115774325728,148.14,154.11,0,0,2.333333333333333,402906099342201,151.25879999999998,-1.2012000000000285,Unseen_Well_Test,Model_B,Random Forest
402924099235501,PHELPS,40.4901949,-99.398706,2006,2006-04-15,59.22,2336.37,12.111013698630138,647.73,59.76945205479451,3.5661095890410954,16.53980821917808,402924099235501,train,57.63,57.0,367.0,1.0047912388774811,6,56.66,1.177412417124943,0.6300000000000026,0.6339049586776886,53.35666666666666,4.040661661988872,47.25,57.63,0,0,1.0,402924099235501,56.56057500000004,-2.659424999999964,Unseen_Well_Test,Model_B,Random Forest
403138099235801,PHELPS,40.5255500233333,-99.399115,2006,2006-04-10,32.0,2328.14,12.111013698630138,647.73,59.76945205479451,3.5661095890410954,16.53980821917808,403138099235801,train,28.06,25.06,360.0,0.9856262833675564,9,26.706666666666667,1.5213590415590048,3.0,547.875,23.49111111111112,3.163939176266052,18.67,28.06,0,0,2.0,403138099235801,28.485649999999936,-3.5143500000000643,Unseen_Well_Test,Model_B,Random Forest
403217099312001,PHELPS,40.5392815,-99.5207383,2006,2006-04-12,107.27,2451.89,12.111013698630138,647.73,59.76945205479451,3.5661095890410954,16.53980821917808,403217099312001,train,104.82,101.02,362.0,0.9911019849418208,9,103.48333333333332,2.13589169513188,3.799999999999997,693.9749999999995,100.47666666666666,2.9107516211453004,96.74,104.82,0,0,1.6666666666666667,403217099312001,102.90657499999983,-4.363425000000163,Unseen_Well_Test,Model_B,Random Forest
403322099201601,PHELPS,40.5547811,-99.3416484,2006,2006-04-10,10.91,2267.67,12.111013698630138,647.73,59.76945205479451,3.5661095890410954,16.53980821917808,403322099201601,train,10.27,8.55,360.0,0.9856262833675564,9,10.143333333333333,1.533927421142647,1.7199999999999989,314.1149999999998,7.918888888888889,2.757052068988018,3.62,11.61,0,0,2.0,403322099201601,9.727199999999977,-1.1828000000000252,Unseen_Well_Test,Model_B,Random Forest
403322099272302,PHELPS,40.5545803,-99.4609332,2006,2006-04-15,22.91,2349.56,12.111013698630138,647.73,59.76945205479451,3.5661095890410954,16.53980821917808,403322099272302,train,19.71,16.15,365.0,0.999315537303217,6,19.08,2.671310539791284,3.5600000000000023,650.1450000000004,18.19333333333333,2.404085411682927,15.25,21.38,0,0,1.3333333333333333,403322099272302,19.049525000000024,-3.860474999999976,Unseen_Well_Test,Model_B,Random Forest
403322099304801,PHELPS,40.5542755075,-99.5122815,2006,2006-04-12,62.54,2411.43,12.111013698630138,647.73,59.76945205479451,3.5661095890410954,16.53980821917808,403322099304801,train,60.61,57.64,362.0,0.9911019849418208,9,59.423333333333325,1.5723337219983973,2.969999999999999,542.3962499999998,56.65444444444445,2.584207379019296,53.15,60.61,0,0,1.6666666666666667,403322099304801,60.01287333333337,-2.527126666666632,Unseen_Well_Test,Model_B,Random Forest
403336099225701,PHELPS,40.55616214,-99.37615377,2006,2006-04-15,24.2,2296.91,12.111013698630138,647.73,59.76945205479451,3.5661095890410954,16.53980821917808,403336099225701,train,26.56,19.51,365.0,0.999315537303217,2,23.035,4.985102807365158,7.049999999999997,1.4101930449068998,23.035,4.985102807365158,19.51,26.56,0,0,0.3333333333333333,403336099225701,27.72110000000001,3.5211000000000148,Unseen_Well_Test,Model_B,Random Forest
403507099254101,PHELPS,40.58520714,-99.42844836,2006,2006-04-12,27.0,2318.5,12.111013698630138,647.73,59.76945205479451,3.5661095890410954,16.53980821917808,403507099254101,train,25.3,25.82,364.0,0.9965776865160848,6,25.12333333333333,0.799770800500577,-0.5199999999999996,-0.5189344262295078,21.77,4.006724347893177,16.61,25.82,0,0,0.6666666666666666,403507099254101,25.41147500000001,-1.58852499999999,Unseen_Well_Test,Model_B,Random Forest
403646099293301,PHELPS,40.6127772,-99.4935704,2006,2006-04-15,18.0,2354.25,12.111013698630138,647.73,59.76945205479451,3.5661095890410954,16.53980821917808,403646099293301,train,18.25,18.65,365.0,0.999315537303217,9,18.543333333333333,0.2571640202931453,-0.3999999999999986,-73.04999999999974,16.67111111111111,2.8465964081884017,10.52,19.13,0,0,1.6666666666666667,403646099293301,18.68635000000003,0.6863500000000293,Unseen_Well_Test,Model_B,Random Forest
403651099281401,PHELPS,40.613021,-99.4747929,2006,2006-04-15,43.0,2345.39,12.111013698630138,647.73,59.76945205479451,3.5661095890410954,16.53980821917808,403651099281401,train,43.47,40.9,365.0,0.999315537303217,7,42.45666666666667,1.3684419364128442,2.5700000000000003,469.34625000000005,40.26857142857143,3.001290992064517,35.0,43.47,0,0,1.3333333333333333,403651099281401,42.28357499999993,-0.716425000000072,Unseen_Well_Test,Model_B,Random Forest
403915099190801,PHELPS,40.6573434,-99.3214291,2006,2006-04-10,11.0,2234.03,12.111013698630138,647.73,59.76945205479451,3.5661095890410954,16.53980821917808,403915099190801,train,10.42,10.43,362.0,0.9911019849418208,7,10.28,0.2511971337416092,-0.0099999999999997,-0.0098716216216214,9.255714285714284,1.133738022984986,7.28,10.43,0,0,1.3333333333333333,403915099190801,9.87217499999998,-1.1278250000000192,Unseen_Well_Test,Model_B,Random Forest
403928099371801,PHELPS,40.655954,-99.6202609,2006,2006-04-12,84.27,2432.98,12.111013698630138,647.73,59.76945205479451,3.5661095890410954,16.53980821917808,403928099371801,train,84.0,82.24,362.0,0.9911019849418208,9,83.32333333333334,0.947857232568988,1.7600000000000051,321.4200000000009,81.80888888888889,1.406311171509036,80.21,84.0,0,0,1.6666666666666667,403928099371801,81.88920000000009,-2.3807999999999083,Unseen_Well_Test,Model_B,Random Forest
402340099353701,PHELPS,40.39445302,-99.59399869,2007,2007-05-08,24.41,2264.29,11.085424657534244,846.89,69.75419178082191,3.515205479452055,16.23317808219178,402340099353701,train,25.43,25.42,372.0,1.0184804928131417,7,25.406666666666663,0.0321455025366428,0.009999999999998,0.0102887323943641,25.312857142857144,0.1403227572080746,25.07,25.44,0,0,0.6666666666666666,402340099353701,26.73582499999996,2.325824999999959,Unseen_Well_Test,Model_B,Random Forest
402421099112000,PHELPS,40.40549166666666,-99.18921666666668,2007,2007-04-15,59.94,2216.62,11.085424657534244,846.89,69.75419178082191,3.515205479452055,16.23317808219178,402421099112000,train,61.82,59.88,177.0,0.4845995893223819,18,60.49333333333333,1.1500144926623015,1.9399999999999973,3.893324175824171,55.64944444444445,3.81552474568929,50.0,61.82,0,0,2.0,402421099112000,75.40438249999985,15.464382499999855,Unseen_Well_Test,Model_B,Random Forest
402524099201601,PHELPS,40.42334431,-99.33815365,2007,2007-05-09,117.57,2312.07,11.085424657534244,846.89,69.75419178082191,3.515205479452055,16.23317808219178,402524099201601,train,117.42,115.43,373.0,1.0212183436002735,7,115.59666666666668,1.7459763266818191,1.9899999999999949,2.047457746478868,113.94428571428573,4.0944590898060325,109.06,120.28,0,0,0.6666666666666666,402524099201601,111.72071666666666,-5.849283333333332,Unseen_Well_Test,Model_B,Random Forest
402532099235801,PHELPS,40.42582814,-99.40068743,2007,2007-04-10,119.41,2321.09,11.085424657534244,846.89,69.75419178082191,3.515205479452055,16.23317808219178,402532099235801,train,121.35,120.0,175.0,0.4791238877481177,8,120.48333333333332,0.7522189397597819,1.3499999999999943,2.595197368421042,118.0575,2.2038067714103864,115.52,121.35,0,0,1.0,402532099235801,112.48344166666674,-6.926558333333261,Unseen_Well_Test,Model_B,Random Forest
402630099305500,PHELPS,40.44133611111111,-99.51204166666666,2007,2007-04-15,179.48,2426.38,11.085424657534244,846.89,69.75419178082191,3.515205479452055,16.23317808219178,402630099305500,train,181.82,180.15,177.0,0.4845995893223819,18,180.6733333333333,0.9943004240838458,1.6699999999999875,3.351469780219755,179.3541176470588,2.3385493869692207,176.14,183.34,0,0,2.0,402630099305500,180.59675,1.1167499999999675,Unseen_Well_Test,Model_B,Random Forest
402821099282901,PHELPS,40.47215973,-99.47068872,2007,2007-04-15,100.93,2363.91,11.085424657534244,846.89,69.75419178082191,3.515205479452055,16.23317808219178,402821099282901,train,97.56,96.0,365.0,0.999315537303217,6,95.99,1.575023809343849,1.5600000000000025,1.5610684931506873,93.40666666666668,3.10438184936497,90.09,97.56,0,0,1.0,402821099282901,96.5206000000002,-4.409399999999806,Unseen_Well_Test,Model_B,Random Forest
402905099115301,PHELPS,40.4848551,-99.1983097,2007,2007-04-15,36.8,2241.11,11.085424657534244,846.89,69.75419178082191,3.515205479452055,16.23317808219178,402905099115301,train,33.48,33.49,6.0,0.0164271047227926,9,34.29333333333333,1.4000833308533205,-0.0100000000000051,-0.0208714285714392,31.396666666666665,3.459483342928535,25.73,35.91,0,0,1.6666666666666667,402905099115301,34.572375000000044,-2.2276249999999536,Unseen_Well_Test,Model_B,Random Forest
402906099342201,PHELPS,40.485083333333336,-99.57288888888888,2007,2007-04-15,151.96,2458.82,11.085424657534244,846.89,69.75419178082191,3.515205479452055,16.23317808219178,402906099342201,train,154.32,152.56,177.0,0.4845995893223819,18,153.11333333333332,1.0461994711016245,1.759999999999991,3.5127868852458835,150.73705882352942,1.8792809951743623,148.14,154.32,0,0,2.0,402906099342201,153.64595,1.6859499999999912,Unseen_Well_Test,Model_B,Random Forest
402924099235501,PHELPS,40.4901949,-99.398706,2007,2007-04-15,59.81,2336.37,11.085424657534244,846.89,69.75419178082191,3.515205479452055,16.23317808219178,402924099235501,train,56.81,56.0,5.0,0.0136892539356605,9,57.34333333333333,1.674942785092473,0.8100000000000023,1.690585714285719,54.68555555555556,3.8573407650579408,47.25,59.22,0,0,1.6666666666666667,402924099235501,55.36257499999998,-4.447425000000024,Unseen_Well_Test,Model_B,Random Forest
403138099235801,PHELPS,40.5255500233333,-99.399115,2007,2007-04-15,32.0,2328.14,11.085424657534244,846.89,69.75419178082191,3.515205479452055,16.23317808219178,403138099235801,train,29.05,34.37,5.0,0.0136892539356605,12,31.80666666666667,2.6652642145448406,-5.319999999999997,-11.103599999999991,25.570000000000004,4.7661247837782685,18.67,34.37,0,0,2.0,403138099235801,30.51137500000005,-1.488624999999942,Unseen_Well_Test,Model_B,Random Forest
403217099312001,PHELPS,40.5392815,-99.5207383,2007,2007-04-15,106.52,2451.89,11.085424657534244,846.89,69.75419178082191,3.515205479452055,16.23317808219178,403217099312001,train,102.72,102.88,5.0,0.0136892539356605,12,104.29,2.581995352435785,-0.1599999999999966,-0.33394285714285,101.43,3.216881606886904,96.74,107.27,0,0,2.0,403217099312001,102.15229999999993,-4.3677000000000845,Unseen_Well_Test,Model_B,Random Forest
403322099272302,PHELPS,40.5545803,-99.4609332,2007,2007-04-15,20.41,2349.56,11.085424657534244,846.89,69.75419178082191,3.515205479452055,16.23317808219178,403322099272302,train,22.91,19.71,365.0,0.999315537303217,7,19.59,3.3815972557358167,3.2,3.202191780821917,18.867142857142856,2.827453001588263,15.25,22.91,0,0,1.3333333333333333,403322099272302,20.55190000000003,0.1419000000000281,Unseen_Well_Test,Model_B,Random Forest
403322099304801,PHELPS,40.5542755075,-99.5122815,2007,2007-04-15,62.22,2411.43,11.085424657534244,846.89,69.75419178082191,3.515205479452055,16.23317808219178,403322099304801,train,59.51,60.39,5.0,0.0136892539356605,12,60.81333333333333,1.5587281139869564,-0.8800000000000026,-1.83668571428572,57.69416666666666,2.9726188586476874,53.15,62.54,0,0,2.0,403322099304801,59.78364166666677,-2.4363583333332244,Unseen_Well_Test,Model_B,Random Forest
403336099225701,PHELPS,40.55616214,-99.37615377,2007,2007-04-15,29.15,2296.91,11.085424657534244,846.89,69.75419178082191,3.515205479452055,16.23317808219178,403336099225701,train,24.2,26.56,365.0,0.999315537303217,3,23.42333333333333,3.5885976834041067,-2.3599999999999994,-2.361616438356164,23.42333333333333,3.5885976834041067,19.51,26.56,0,0,0.6666666666666666,403336099225701,23.69764999999997,-5.452350000000024,Unseen_Well_Test,Model_B,Random Forest
403507099254101,PHELPS,40.58520714,-99.42844836,2007,2007-04-10,24.91,2318.5,11.085424657534244,846.89,69.75419178082191,3.515205479452055,16.23317808219178,403507099254101,train,25.69,27.0,175.0,0.4791238877481177,8,25.996666666666663,0.8905241902011043,-1.3099999999999987,-2.54509308510638,22.91375,4.009331748736761,16.61,27.0,0,0,1.3333333333333333,403507099254101,24.58704999999997,-0.3229500000000342,Unseen_Well_Test,Model_B,Random Forest
403645099242701,PHELPS,40.61264497222222,-99.40752011111113,2007,2007-04-15,22.53,2297.96,11.085424657534244,846.89,69.75419178082191,3.515205479452055,16.23317808219178,403645099242701,train,27.3,,633.0,1.73305954825462,1,27.3,,,,27.3,,27.3,27.3,0,0,0.3333333333333333,403645099242701,26.31190000000004,3.7819000000000393,Unseen_Well_Test,Model_B,Random Forest
403646099293301,PHELPS,40.6127772,-99.4935704,2007,2007-04-15,17.14,2354.25,11.085424657534244,846.89,69.75419178082191,3.515205479452055,16.23317808219178,403646099293301,train,17.54,17.28,5.0,0.0136892539356605,12,17.606666666666666,0.3646002377033413,0.259999999999998,0.5426571428571387,16.904999999999998,2.4690833779507586,10.52,19.13,0,0,2.0,403646099293301,17.216050000000024,0.0760500000000234,Unseen_Well_Test,Model_B,Random Forest
403651099281401,PHELPS,40.613021,-99.4747929,2007,2007-04-15,43.37,2345.39,11.085424657534244,846.89,69.75419178082191,3.515205479452055,16.23317808219178,403651099281401,train,40.8,43.93,5.0,0.0136892539356605,10,42.57666666666667,1.607368449775389,-3.1300000000000026,-6.5327571428571485,40.961,2.7968452465828944,35.0,43.93,0,0,2.0,403651099281401,41.72005833333337,-1.6499416666666278,Unseen_Well_Test,Model_B,Random Forest
403915099190801,PHELPS,40.6573434,-99.3214291,2007,2007-04-10,9.11,2234.03,11.085424657534244,846.89,69.75419178082191,3.515205479452055,16.23317808219178,403915099190801,train,10.78,11.0,175.0,0.4791238877481177,9,10.733333333333334,0.29280255007997,-0.2200000000000006,-0.4229210526315802,9.61888888888889,1.2191743563211583,7.28,11.0,0,0,1.0,403915099190801,9.384200000000009,0.2742000000000093,Unseen_Well_Test,Model_B,Random Forest
403928099371801,PHELPS,40.655954,-99.6202609,2007,2007-04-15,84.0,2432.98,11.085424657534244,846.89,69.75419178082191,3.515205479452055,16.23317808219178,403928099371801,train,82.33,83.33,5.0,0.0136892539356605,12,83.31,0.9701546268507912,-1.0,-2.087142857142857,82.18416666666667,1.4388787195927852,80.21,84.27,0,0,2.0,403928099371801,81.61530000000013,-2.384699999999868,Unseen_Well_Test,Model_B,Random Forest
403946099383201,PHELPS,40.66301611111111,-99.64228555555556,2007,2007-04-20,95.34,2446.94,11.085424657534244,846.89,69.75419178082191,3.515205479452055,16.23317808219178,403946099383201,train,,,,,0,,,,,,,,,0,0,0.0,403946099383201,77.38632500000018,-17.95367499999982,Unseen_Well_Test,Model_B,Random Forest
404033099373001,PHELPS,40.67593911111111,-99.62515633333332,2007,2007-04-15,8.9,2339.74,11.085424657534244,846.89,69.75419178082191,3.515205479452055,16.23317808219178,404033099373001,train,17.74,,633.0,1.73305954825462,1,17.74,,,,17.74,,17.74,17.74,0,0,0.3333333333333333,404033099373001,14.797225000000015,5.897225000000015,Unseen_Well_Test,Model_B,Random Forest
404040099383501,PHELPS,40.67796833333333,-99.64313333333334,2007,2007-04-20,10.79,2346.64,11.085424657534244,846.89,69.75419178082191,3.515205479452055,16.23317808219178,404040099383501,train,,,,,0,,,,,,,,,0,0,0.0,404040099383501,10.55430904761905,-0.2356909523809491,Unseen_Well_Test,Model_B,Random Forest
404102099373001,PHELPS,40.68405933333333,-99.62523716666666,2007,2007-04-15,9.85,2334.85,11.085424657534244,846.89,69.75419178082191,3.515205479452055,16.23317808219178,404102099373001,train,11.76,,633.0,1.73305954825462,1,11.76,,,,11.76,,11.76,11.76,0,0,0.3333333333333333,404102099373001,11.628925000000004,1.7789250000000043,Unseen_Well_Test,Model_B,Random Forest
402340099353701,PHELPS,40.39445302,-99.59399869,2008,2008-04-30,24.96,2264.29,9.928142076502732,875.2,67.25486338797813,3.604426229508197,16.340491803278688,402340099353701,train,24.41,25.43,358.0,0.9801505817932924,8,25.08666666666667,0.5860318535142384,-1.0199999999999996,-1.0014919354838705,25.200000000000003,0.3446323092390334,24.41,25.44,0,0,1.0,402340099353701,25.64562499999996,0.6856249999999591,Unseen_Well_Test,Model_B,Random Forest
402421099112000,PHELPS,40.40549166666666,-99.18921666666668,2008,2008-04-09,58.14,2216.62,9.928142076502732,875.2,67.25486338797813,3.604426229508197,16.340491803278688,402421099112000,train,60.49,60.04,180.0,0.4928131416837782,21,60.156666666666666,0.2929732638541179,0.4500000000000028,0.9338778409090968,56.29333333333334,3.8723395167951535,50.0,61.82,0,0,2.6666666666666665,402421099112000,80.10767249999998,21.967672499999978,Unseen_Well_Test,Model_B,Random Forest
402524099201601,PHELPS,40.42334431,-99.33815365,2008,2008-04-29,115.17,2312.07,9.928142076502732,875.2,67.25486338797813,3.604426229508197,16.340491803278688,402524099201601,train,117.57,117.42,356.0,0.974674880219028,8,116.80666666666669,1.1945850046494473,0.1499999999999914,0.1468833780160774,114.3975,4.001609497618247,109.06,120.28,0,0,1.0,402524099201601,111.4295666666667,-3.7404333333333,Unseen_Well_Test,Model_B,Random Forest
402532099235801,PHELPS,40.42582814,-99.40068743,2008,2008-04-15,118.78,2321.09,9.928142076502732,875.2,67.25486338797813,3.604426229508197,16.340491803278688,402532099235801,train,118.7,120.1,7.0,0.0191649555099247,11,119.40333333333332,0.7000238091188952,-1.3999999999999917,-2.825138121546944,118.42454545454548,1.9730502458698969,115.52,121.35,0,0,1.6666666666666667,402532099235801,111.55896249999996,-7.221037500000037,Unseen_Well_Test,Model_B,Random Forest
402630099305500,PHELPS,40.44133611111111,-99.51204166666666,2008,2008-04-15,178.18,2426.38,9.928142076502732,875.2,67.25486338797813,3.604426229508197,16.340491803278688,402630099305500,train,181.36,179.58,187.0,0.5119780971937029,21,180.14,1.057733425774196,1.7800000000000011,3.715114285714289,179.472,2.1922533468653,176.14,183.34,0,0,2.6666666666666665,402630099305500,178.41882500000008,0.2388250000000766,Unseen_Well_Test,Model_B,Random Forest
402821099282901,PHELPS,40.47215973,-99.47068872,2008,2008-04-15,95.0,2363.91,9.928142076502732,875.2,67.25486338797813,3.604426229508197,16.340491803278688,402821099282901,train,100.93,97.56,366.0,1.002053388090349,7,98.16333333333334,2.519768507885863,3.3700000000000045,3.3723082191780867,94.4814285714286,4.014571079502887,90.09,100.93,0,0,1.0,402821099282901,100.11287500000007,5.1128750000000736,Unseen_Well_Test,Model_B,Random Forest
402905099115301,PHELPS,40.4848551,-99.1983097,2008,2008-04-15,34.86,2241.11,9.928142076502732,875.2,67.25486338797813,3.604426229508197,16.340491803278688,402905099115301,train,31.54,31.45,8.0,0.0219028062970568,12,33.26333333333333,3.063173735414517,0.0899999999999998,0.1816160220994472,31.863333333333333,3.3350789368696367,25.73,36.8,0,0,2.0,402905099115301,31.149749999999973,-3.710250000000027,Unseen_Well_Test,Model_B,Random Forest
402906099342201,PHELPS,40.485083333333336,-99.57288888888888,2008,2008-04-15,150.52,2458.82,9.928142076502732,875.2,67.25486338797813,3.604426229508197,16.340491803278688,402906099342201,train,153.18,152.06,187.0,0.5119780971937029,21,152.4,0.6773477688750448,1.1200000000000043,2.337600000000009,150.9865,1.8421448454394032,148.14,154.32,0,0,2.6666666666666665,402906099342201,152.27472499999976,1.7547249999997518,Unseen_Well_Test,Model_B,Random Forest
402924099235501,PHELPS,40.4901949,-99.398706,2008,2008-04-15,56.48,2336.37,9.928142076502732,875.2,67.25486338797813,3.604426229508197,16.340491803278688,402924099235501,train,53.48,52.62,7.0,0.0191649555099247,12,55.303333333333335,3.926503958145637,0.8599999999999994,1.735441988950275,54.84,3.7016728405116814,47.25,59.81,0,0,2.0,402924099235501,53.25199999999997,-3.228000000000023,Unseen_Well_Test,Model_B,Random Forest
403138099235801,PHELPS,40.5255500233333,-99.399115,2008,2008-04-15,29.0,2328.14,9.928142076502732,875.2,67.25486338797813,3.604426229508197,16.340491803278688,403138099235801,train,26.05,29.05,7.0,0.0191649555099247,15,29.03333333333333,2.975035013799557,-3.0,-6.053867403314917,26.26266666666667,4.600964909150915,18.67,34.37,0,0,2.333333333333333,403138099235801,28.387650000000026,-0.612349999999978,Unseen_Well_Test,Model_B,Random Forest
403217099312001,PHELPS,40.5392815,-99.5207383,2008,2008-04-15,105.0,2451.89,9.928142076502732,875.2,67.25486338797813,3.604426229508197,16.340491803278688,403217099312001,train,101.2,101.82,6.0,0.0164271047227926,15,103.18,2.9090892045449537,-0.6199999999999903,-1.2442582417582224,101.78,3.140827916330341,96.74,107.27,0,0,2.333333333333333,403217099312001,100.96612499999983,-4.033875000000165,Unseen_Well_Test,Model_B,Random Forest
403322099201601,PHELPS,40.5547811,-99.3416484,2008,2008-04-15,8.76,2267.67,9.928142076502732,875.2,67.25486338797813,3.604426229508197,16.340491803278688,403322099201601,train,7.04,4.96,7.0,0.0191649555099247,12,7.636666666666667,3.019541907861743,2.08,4.197348066298343,7.848333333333333,2.6837078601792483,3.62,11.61,0,0,1.3333333333333333,403322099201601,10.587175000000018,1.8271750000000184,Unseen_Well_Test,Model_B,Random Forest
403322099272302,PHELPS,40.5545803,-99.4609332,2008,2008-04-15,20.46,2349.56,9.928142076502732,875.2,67.25486338797813,3.604426229508197,16.340491803278688,403322099272302,train,20.41,22.91,366.0,1.002053388090349,8,21.01,1.682260384126072,-2.5,-2.5017123287671232,19.06,2.6739430488646216,15.25,22.91,0,0,1.0,403322099272302,19.52142500000002,-0.9385749999999824,Unseen_Well_Test,Model_B,Random Forest
403322099304801,PHELPS,40.5542755075,-99.5122815,2008,2008-04-15,60.66,2411.43,9.928142076502732,875.2,67.25486338797813,3.604426229508197,16.340491803278688,403322099304801,train,57.95,59.09,6.0,0.0164271047227926,15,59.75333333333333,2.210934945522668,-1.1400000000000006,-2.287829670329671,58.106,2.892773755411923,53.15,62.54,0,0,2.333333333333333,403322099304801,60.0124616666668,-0.6475383333332019,Unseen_Well_Test,Model_B,Random Forest
403336099225701,PHELPS,40.55616214,-99.37615377,2008,2008-04-15,20.78,2296.91,9.928142076502732,875.2,67.25486338797813,3.604426229508197,16.340491803278688,403336099225701,train,29.15,24.2,366.0,1.002053388090349,4,26.636666666666667,2.4758904122221024,4.949999999999999,4.953390410958903,24.855,4.096832109488174,19.51,29.15,0,0,1.0,403336099225701,26.988025000000047,6.208025000000045,Unseen_Well_Test,Model_B,Random Forest
403507099254101,PHELPS,40.58520714,-99.42844836,2008,2008-04-08,24.32,2318.5,9.928142076502732,875.2,67.25486338797813,3.604426229508197,16.340491803278688,403507099254101,train,23.43,24.91,181.0,0.4955509924709103,10,24.676666666666662,1.147925665421475,-1.4800000000000004,-2.9539344262295093,23.165,3.5923290185863794,16.61,27.0,0,0,1.6666666666666667,403507099254101,23.311500000000024,-1.0084999999999766,Unseen_Well_Test,Model_B,Random Forest
403645099242701,PHELPS,40.61264497222222,-99.40752011111113,2008,2008-04-04,19.94,2297.96,9.928142076502732,875.2,67.25486338797813,3.604426229508197,16.340491803278688,403645099242701,train,22.53,27.3,355.0,0.971937029431896,2,24.915,3.372899346259832,-4.77,-2.752357819905213,24.915,3.372899346259832,22.53,27.3,0,0,0.6666666666666666,403645099242701,23.481299999999973,3.5412999999999712,Unseen_Well_Test,Model_B,Random Forest
403646099293301,PHELPS,40.6127772,-99.4935704,2008,2008-04-15,19.07,2354.25,9.928142076502732,875.2,67.25486338797813,3.604426229508197,16.340491803278688,403646099293301,train,19.47,17.18,7.0,0.0191649555099247,15,17.93,1.333829074506924,2.289999999999999,4.621118784530385,17.11,2.2856665173579955,10.52,19.47,0,0,2.333333333333333,403646099293301,19.4915,0.4215000000000017,Unseen_Well_Test,Model_B,Random Forest
403651099281401,PHELPS,40.613021,-99.4747929,2008,2008-04-15,41.18,2345.39,9.928142076502732,875.2,67.25486338797813,3.604426229508197,16.340491803278688,403651099281401,train,38.61,41.11,7.0,0.0191649555099247,13,41.03,2.381008189822117,-2.5,-5.044889502762431,40.97692307692308,2.610084240707518,35.0,43.93,0,0,2.333333333333333,403651099281401,40.60564999999985,-0.5743500000001518,Unseen_Well_Test,Model_B,Random Forest
403915099190801,PHELPS,40.6573434,-99.3214291,2008,2008-04-08,9.36,2234.03,9.928142076502732,875.2,67.25486338797813,3.604426229508197,16.340491803278688,403915099190801,train,9.5,9.11,181.0,0.4955509924709103,11,9.796666666666669,0.8736322643614607,0.3900000000000005,0.7784016393442634,9.561818181818182,1.101288501545514,7.28,11.0,0,0,1.6666666666666667,403915099190801,8.532375,-0.8276249999999994,Unseen_Well_Test,Model_B,Random Forest
403928099371801,PHELPS,40.655954,-99.6202609,2008,2008-04-15,84.24,2432.98,9.928142076502732,875.2,67.25486338797813,3.604426229508197,16.340491803278688,403928099371801,train,82.57,82.65,7.0,0.0191649555099247,15,83.07333333333334,0.8035131195776049,-0.0800000000000125,-0.161436464088423,82.36200000000001,1.3617960829098366,80.21,84.27,0,0,2.333333333333333,403928099371801,81.61272500000013,-2.627274999999869,Unseen_Well_Test,Model_B,Random Forest
403946099383201,PHELPS,40.66301611111111,-99.64228555555556,2008,2008-04-01,95.4,2446.94,9.928142076502732,875.2,67.25486338797813,3.604426229508197,16.340491803278688,403946099383201,train,95.15,95.34,175.0,0.4791238877481177,2,95.245,0.1343502884254424,-0.1899999999999977,-0.4034738372092974,95.245,0.1343502884254424,95.15,95.34,0,0,0.6666666666666666,403946099383201,91.10901500000024,-4.290984999999765,Unseen_Well_Test,Model_B,Random Forest
403903099214301,PHELPS,40.650864722222224,-99.3618686111111,2008,2008-04-15,7.4,2248.47,9.928142076502732,875.2,67.25486338797813,3.604426229508197,16.340491803278688,403903099214301,train,,,,,0,,,,,,,,,0,0,0.0,403903099214301,9.185110416666628,1.7851104166666278,Unseen_Well_Test,Model_B,Random Forest
404033099373001,PHELPS,40.67593911111111,-99.62515633333332,2008,2008-04-04,9.75,2339.74,9.928142076502732,875.2,67.25486338797813,3.604426229508197,16.340491803278688,404033099373001,train,8.9,17.74,355.0,0.971937029431896,2,13.32,6.250823945689079,-8.839999999999998,-5.10080568720379,13.32,6.250823945689079,8.9,17.74,0,0,0.6666666666666666,404033099373001,10.0852,0.3351999999999986,Unseen_Well_Test,Model_B,Random Forest
404040099383501,PHELPS,40.67796833333333,-99.64313333333334,2008,2008-04-01,11.48,2346.64,9.928142076502732,875.2,67.25486338797813,3.604426229508197,16.340491803278688,404040099383501,train,10.97,10.79,175.0,0.4791238877481177,2,10.88,0.1272792206135796,0.1800000000000015,0.3822383720930264,10.88,0.1272792206135796,10.79,10.97,0,0,0.6666666666666666,404040099383501,11.19684999999999,-0.2831500000000098,Unseen_Well_Test,Model_B,Random Forest
404102099373001,PHELPS,40.68405933333333,-99.62523716666666,2008,2008-04-04,10.0,2334.85,9.928142076502732,875.2,67.25486338797813,3.604426229508197,16.340491803278688,404102099373001,train,9.85,11.76,355.0,0.971937029431896,2,10.805,1.3505739520663058,-1.91,-1.1020971563981043,10.805,1.3505739520663058,9.85,11.76,0,0,0.6666666666666666,404102099373001,9.800700000000006,-0.1992999999999938,Unseen_Well_Test,Model_B,Random Forest
402906099342201,PHELPS,40.485083333333336,-99.57288888888888,2008,2008-10-10,153.25,2458.82,9.928142076502732,875.2,67.25486338797813,3.604426229508197,16.340491803278688,402906099342201,train,150.52,153.18,178.0,0.487337440109514,22,151.92,1.335514881983722,-2.6599999999999966,-5.195534759358282,150.96428571428572,1.7983841954059006,148.14,154.32,0,0,2.333333333333333,402906099342201,154.4966499999998,1.246649999999789,Unseen_Well_Test,Model_B,Random Forest
404040099383501,PHELPS,40.67796833333333,-99.64313333333334,2008,2008-11-03,10.56,2346.64,9.928142076502732,875.2,67.25486338797813,3.604426229508197,16.340491803278688,404040099383501,train,11.48,10.97,216.0,0.5913757700205339,3,11.079999999999998,0.3579106033634661,0.5099999999999998,1.0644428571428568,11.079999999999998,0.3579106033634661,10.79,11.48,0,0,1.0,404040099383501,11.359049999999993,0.7990499999999923,Unseen_Well_Test,Model_B,Random Forest
403946099383201,PHELPS,40.66301611111111,-99.64228555555556,2008,2008-11-03,94.98,2446.94,9.928142076502732,875.2,67.25486338797813,3.604426229508197,16.340491803278688,403946099383201,train,95.4,95.15,216.0,0.5913757700205339,3,95.29666666666668,0.1305118130030122,0.25,0.5217857142857143,95.29666666666668,0.1305118130030122,95.15,95.4,0,0,1.0,403946099383201,91.04506500000018,-3.934934999999825,Unseen_Well_Test,Model_B,Random Forest
402630099305500,PHELPS,40.44133611111111,-99.51204166666666,2008,2008-10-10,181.23,2426.38,9.928142076502732,875.2,67.25486338797813,3.604426229508197,16.340491803278688,402630099305500,train,178.18,181.36,178.0,0.487337440109514,22,179.7066666666667,1.5937795748889945,-3.180000000000007,-6.211203208556164,179.41047619047615,2.15526442969413,176.14,183.34,0,0,2.333333333333333,402630099305500,179.50194999999977,-1.7280500000002237,Unseen_Well_Test,Model_B,Random Forest
404033099373001,PHELPS,40.67593911111111,-99.62515633333332,2008,2008-11-03,9.12,2339.74,9.928142076502732,875.2,67.25486338797813,3.604426229508197,16.340491803278688,404033099373001,train,9.75,8.9,213.0,0.5831622176591376,3,12.13,4.876956017845556,0.8499999999999996,0.8745422535211264,12.13,4.876956017845556,8.9,17.74,0,0,0.6666666666666666,404033099373001,9.84274999999999,0.7227499999999907,Unseen_Well_Test,Model_B,Random Forest
404102099373001,PHELPS,40.68405933333333,-99.62523716666666,2008,2008-11-03,10.02,2334.85,9.928142076502732,875.2,67.25486338797813,3.604426229508197,16.340491803278688,404102099373001,train,10.0,9.85,213.0,0.5831622176591376,3,10.536666666666669,1.062089136246734,0.1500000000000003,0.1543309859154933,10.536666666666669,1.062089136246734,9.85,11.76,0,0,0.6666666666666666,404102099373001,9.011674999999997,-1.0083250000000046,Unseen_Well_Test,Model_B,Random Forest
403645099242701,PHELPS,40.61264497222222,-99.40752011111113,2008,2008-10-09,20.08,2297.96,9.928142076502732,875.2,67.25486338797813,3.604426229508197,16.340491803278688,403645099242701,train,19.94,22.53,188.0,0.5147159479808351,3,23.256666666666664,3.733421129920027,-2.59,-2.664781690140845,23.256666666666664,3.733421129920027,19.94,27.3,0,0,0.6666666666666666,403645099242701,20.46614999999996,0.386149999999958,Unseen_Well_Test,Model_B,Random Forest
403903099214301,PHELPS,40.650864722222224,-99.3618686111111,2008,2008-10-09,6.72,2248.47,9.928142076502732,875.2,67.25486338797813,3.604426229508197,16.340491803278688,403903099214301,train,7.4,,177.0,0.4845995893223819,1,7.4,,,,7.4,,7.4,7.4,0,0,0.3333333333333333,403903099214301,7.545249999999997,0.8252499999999969,Unseen_Well_Test,Model_B,Random Forest
402421099112000,PHELPS,40.40549166666666,-99.18921666666668,2008,2008-10-09,57.85,2216.62,9.928142076502732,875.2,67.25486338797813,3.604426229508197,16.340491803278688,402421099112000,train,58.14,60.49,183.0,0.5010266940451745,22,59.55666666666667,1.2473304828045109,-2.3500000000000014,-4.768541666666669,56.37727272727273,3.7994701157099735,50.0,61.82,0,0,2.333333333333333,402421099112000,79.85279749999998,22.00279749999998,Unseen_Well_Test,Model_B,Random Forest
403408099130501,PHELPS,40.56878722222223,-99.21816944444444,2008,2008-10-09,14.48,2216.56,9.928142076502732,875.2,67.25486338797813,3.604426229508197,16.340491803278688,403408099130501,train,,,,,0,,,,,,,,,0,0,0.0,403408099130501,17.59742166666678,3.117421666666779,Unseen_Well_Test,Model_B,Random Forest
403315099351501,PHELPS,40.554270555555554,-99.58744083333332,2008,2008-10-10,69.0,2447.59,9.928142076502732,875.2,67.25486338797813,3.604426229508197,16.340491803278688,403315099351501,train,,,,,0,,,,,,,,,0,0,0.0,403315099351501,74.30382791666639,5.303827916666393,Unseen_Well_Test,Model_B,Random Forest
402421099112000,PHELPS,40.40549166666666,-99.18921666666668,2009,2009-04-24,56.97,2216.62,9.77372602739726,654.45,68.90076712328766,3.458410958904109,15.795123287671233,402421099112000,train,57.870000000000005,58.14,197.0,0.5393566050650239,24,58.833333333333336,1.441052855843023,-0.269999999999996,-0.5388934426229429,56.44217391304348,3.7251405788259606,50.0,61.82,0,0,2.333333333333333,402421099112000,76.1369199999999,19.166919999999905,Unseen_Well_Test,Model_B,Random Forest
402630099305500,PHELPS,40.44133611111111,-99.51204166666666,2009,2009-04-23,178.29,2426.38,9.77372602739726,654.45,68.90076712328766,3.458410958904109,15.795123287671233,402630099305500,train,181.23,178.18,195.0,0.5338809034907598,23,180.25666666666663,1.7996203303289624,3.049999999999983,6.258497191011201,179.49318181818182,2.138796694101919,176.14,183.34,0,0,2.0,402630099305500,177.8740125000004,-0.415987499999602,Unseen_Well_Test,Model_B,Random Forest
402906099342201,PHELPS,40.485083333333336,-99.57288888888888,2009,2009-04-23,150.58,2458.82,9.77372602739726,654.45,68.90076712328766,3.458410958904109,15.795123287671233,402906099342201,train,153.25,150.52,195.0,0.5338809034907598,23,152.3166666666667,1.55635257359421,2.7299999999999898,5.601867977528069,151.0681818181818,1.821442746740532,148.14,154.32,0,0,2.0,402906099342201,151.44807499999996,0.8680749999999477,Unseen_Well_Test,Model_B,Random Forest
403408099130501,PHELPS,40.56878722222223,-99.21816944444444,2009,2009-04-24,17.36,2216.56,9.77372602739726,654.45,68.90076712328766,3.458410958904109,15.795123287671233,403408099130501,train,14.48,,197.0,0.5393566050650239,1,14.48,,,,14.48,,14.48,14.48,0,0,0.3333333333333333,403408099130501,15.60567499999998,-1.7543250000000192,Unseen_Well_Test,Model_B,Random Forest
403645099242701,PHELPS,40.61264497222222,-99.40752011111113,2009,2009-04-24,19.92,2297.96,9.77372602739726,654.45,68.90076712328766,3.458410958904109,15.795123287671233,403645099242701,train,20.08,19.94,197.0,0.5393566050650239,4,20.85,1.4566056432679375,0.139999999999997,0.271994680851058,22.4625,3.4373087825603723,19.94,27.3,0,0,1.0,403645099242701,20.15485,0.2348499999999944,Unseen_Well_Test,Model_B,Random Forest
403315099351501,PHELPS,40.554270555555554,-99.58744083333332,2009,2009-04-24,71.27,2447.59,9.77372602739726,654.45,68.90076712328766,3.458410958904109,15.795123287671233,403315099351501,train,69.0,,196.0,0.5366187542778919,1,69.0,,,,69.0,,69.0,69.0,0,0,0.3333333333333333,403315099351501,71.50265000000012,0.2326500000001203,Unseen_Well_Test,Model_B,Random Forest
403903099214301,PHELPS,40.650864722222224,-99.3618686111111,2009,2009-04-24,8.77,2248.47,9.77372602739726,654.45,68.90076712328766,3.458410958904109,15.795123287671233,403903099214301,train,6.72,7.4,197.0,0.5393566050650239,2,7.0600000000000005,0.4808326112068527,-0.6800000000000006,-1.403220338983052,7.0600000000000005,0.4808326112068527,6.72,7.4,0,0,0.6666666666666666,403903099214301,7.42734999999999,-1.3426500000000097,Unseen_Well_Test,Model_B,Random Forest
404040099383501,PHELPS,40.67796833333333,-99.64313333333334,2009,2009-04-22,13.9,2346.64,9.77372602739726,654.45,68.90076712328766,3.458410958904109,15.795123287671233,404040099383501,train,10.56,11.48,170.0,0.4654346338124572,4,11.003333333333336,0.4609049070397638,-0.92,-1.5556944444444445,10.95,0.391152144312159,10.56,11.48,0,0,1.3333333333333333,404040099383501,10.866850000000005,-3.033149999999996,Unseen_Well_Test,Model_B,Random Forest
404033099373001,PHELPS,40.67593911111111,-99.62515633333332,2009,2009-04-22,11.22,2339.74,9.77372602739726,654.45,68.90076712328766,3.458410958904109,15.795123287671233,404033099373001,train,9.12,9.75,170.0,0.4654346338124572,4,9.256666666666666,0.4411726797222753,-0.6300000000000008,-1.0803169014084522,11.3775,4.256934538687042,8.9,17.74,0,0,1.0,404033099373001,9.259449999999989,-1.9605500000000136,Unseen_Well_Test,Model_B,Random Forest
404102099373001,PHELPS,40.68405933333333,-99.62523716666666,2009,2009-04-22,11.07,2334.85,9.77372602739726,654.45,68.90076712328766,3.458410958904109,15.795123287671233,404102099373001,train,10.02,10.0,170.0,0.4654346338124572,4,9.956666666666669,0.0929157324317757,0.0199999999999995,0.0342957746478865,10.4075,0.904852658355676,9.85,11.76,0,0,1.0,404102099373001,9.632724999999995,-1.437275000000005,Unseen_Well_Test,Model_B,Random Forest
403946099383201,PHELPS,40.66301611111111,-99.64228555555556,2009,2009-04-22,98.31,2446.94,9.77372602739726,654.45,68.90076712328766,3.458410958904109,15.795123287671233,403946099383201,train,94.98,95.4,170.0,0.4654346338124572,4,95.17666666666668,0.2112660250332118,-0.4200000000000017,-0.7102083333333362,95.2175,0.1908533468399233,94.98,95.4,0,0,1.3333333333333333,403946099383201,91.05817500000018,-7.251824999999826,Unseen_Well_Test,Model_B,Random Forest
402532099235801,PHELPS,40.42582814,-99.40068743,2009,2009-04-15,117.81,2321.09,9.77372602739726,654.45,68.90076712328766,3.458410958904109,15.795123287671233,402532099235801,train,118.78,118.7,365.0,0.999315537303217,12,119.19333333333334,0.7862145593496258,0.0799999999999983,4.174285714285626,118.45416666666668,1.8840259520183835,115.52,121.35,0,0,1.6666666666666667,402532099235801,111.81807500000008,-5.99192499999991,Unseen_Well_Test,Model_B,Random Forest
403037099111401,PHELPS,40.5103457694444,-99.1873426,2009,2009-04-15,28.47,2237.5,9.77372602739726,654.45,68.90076712328766,3.458410958904109,15.795123287671233,403037099111401,train,30.17,30.16,373.0,1.0212183436002735,4,30.85666666666667,1.198012242564046,0.0100000000000015,0.0201795580110528,31.415000000000003,1.4845088974696885,30.16,33.09,0,0,1.3333333333333333,403037099111401,31.780824999999982,3.3108249999999835,Unseen_Well_Test,Model_B,Random Forest
402905099115301,PHELPS,40.4848551,-99.1983097,2009,2009-04-15,33.24,2241.11,9.77372602739726,654.45,68.90076712328766,3.458410958904109,15.795123287671233,402905099115301,train,34.86,31.54,365.0,0.999315537303217,13,32.61666666666667,1.9433047453586207,3.3200000000000003,151.57875,32.09384615384616,3.299488693877528,25.73,36.8,0,0,2.333333333333333,402905099115301,34.651674999999976,1.411674999999974,Unseen_Well_Test,Model_B,Random Forest
402924099235501,PHELPS,40.4901949,-99.398706,2009,2009-04-15,56.15,2336.37,9.77372602739726,654.45,68.90076712328766,3.458410958904109,15.795123287671233,402924099235501,train,56.48,53.48,365.0,0.999315537303217,13,54.19333333333333,2.0264583226243102,3.0,156.5357142857143,54.96615384615385,3.573151126717001,47.25,59.81,0,0,2.333333333333333,402924099235501,54.831825,-1.3181749999999963,Unseen_Well_Test,Model_B,Random Forest
402821099282901,PHELPS,40.47215973,-99.47068872,2009,2009-04-16,93.84,2363.91,9.77372602739726,654.45,68.90076712328766,3.458410958904109,15.795123287671233,402821099282901,train,95.0,100.93,366.0,1.002053388090349,8,97.83,2.9742057763376124,-5.930000000000007,-5.917848360655745,94.54625,3.721289858944843,90.09,100.93,0,0,0.6666666666666666,402821099282901,95.54050000000016,1.7005000000001471,Unseen_Well_Test,Model_B,Random Forest
403322099201601,PHELPS,40.5547811,-99.3416484,2009,2009-04-15,7.23,2267.67,9.77372602739726,654.45,68.90076712328766,3.458410958904109,15.795123287671233,403322099201601,train,8.76,7.04,365.0,0.999315537303217,13,6.919999999999999,1.902839982762608,1.7199999999999998,89.74714285714285,7.918461538461538,2.5818657535260754,3.62,11.61,0,0,1.0,403322099201601,9.085799999999995,1.855799999999995,Unseen_Well_Test,Model_B,Random Forest
403138099235801,PHELPS,40.5255500233333,-99.399115,2009,2009-04-15,29.53,2328.14,9.77372602739726,654.45,68.90076712328766,3.458410958904109,15.795123287671233,403138099235801,train,29.0,26.05,365.0,0.999315537303217,16,28.03333333333333,1.7177989793143238,2.95,153.9267857142857,26.43375,4.49732494563898,18.67,34.37,0,0,2.0,403138099235801,29.55004999999996,0.0200499999999586,Unseen_Well_Test,Model_B,Random Forest
403507099254101,PHELPS,40.58520714,-99.42844836,2009,2009-04-16,23.0,2318.5,9.77372602739726,654.45,68.90076712328766,3.458410958904109,15.795123287671233,403507099254101,train,24.32,23.43,373.0,1.0212183436002735,11,24.22,0.7450503338701355,0.8900000000000006,1.7959806629834263,23.27,3.425729119472233,16.61,27.0,0,0,1.3333333333333333,403507099254101,22.67242499999993,-0.3275750000000741,Unseen_Well_Test,Model_B,Random Forest
403322099304801,PHELPS,40.5542755075,-99.5122815,2009,2009-04-16,60.0,2411.43,9.77372602739726,654.45,68.90076712328766,3.458410958904109,15.795123287671233,403322099304801,train,60.66,57.95,366.0,1.002053388090349,16,59.23333333333333,1.3606738526676128,2.7099999999999937,164.9712499999996,58.265625,2.866696051205987,53.15,62.54,0,0,2.0,403322099304801,60.01077249999992,0.0107724999999234,Unseen_Well_Test,Model_B,Random Forest
403322099272302,PHELPS,40.5545803,-99.4609332,2009,2009-04-16,19.25,2349.56,9.77372602739726,654.45,68.90076712328766,3.458410958904109,15.795123287671233,403322099272302,train,20.46,20.41,366.0,1.002053388090349,9,21.26,1.429160592795645,0.0500000000000007,0.0498975409836072,19.21555555555556,2.544406173899477,15.25,22.91,0,0,0.6666666666666666,403322099272302,19.779325000000007,0.5293250000000072,Unseen_Well_Test,Model_B,Random Forest
403217099312001,PHELPS,40.5392815,-99.5207383,2009,2009-04-16,104.24,2451.89,9.77372602739726,654.45,68.90076712328766,3.458410958904109,15.795123287671233,403217099312001,train,105.0,101.2,366.0,1.002053388090349,16,102.67333333333332,2.0386596904175387,3.799999999999997,231.32499999999985,101.98125,3.139294772184775,96.74,107.27,0,0,2.0,403217099312001,104.62644999999976,0.3864499999997548,Unseen_Well_Test,Model_B,Random Forest
403915099190801,PHELPS,40.6573434,-99.3214291,2009,2009-04-15,8.32,2234.03,9.77372602739726,654.45,68.90076712328766,3.458410958904109,15.795123287671233,403915099190801,train,9.36,9.5,372.0,1.0184804928131417,12,9.323333333333332,0.1975685535031661,-0.1400000000000005,-0.2825138121546973,9.545,1.0516523794832242,7.28,11.0,0,0,1.3333333333333333,403915099190801,9.25144999999998,0.9314499999999786,Unseen_Well_Test,Model_B,Random Forest
403646099293301,PHELPS,40.6127772,-99.4935704,2009,2009-04-16,17.68,2354.25,9.77372602739726,654.45,68.90076712328766,3.458410958904109,15.795123287671233,403646099293301,train,19.07,19.47,366.0,1.002053388090349,16,18.57333333333333,1.223124414494835,-0.3999999999999986,-20.8714285714285,17.2325,2.261876801832201,10.52,19.47,0,0,2.0,403646099293301,17.898200000000006,0.2182000000000066,Unseen_Well_Test,Model_B,Random Forest
403651099281401,PHELPS,40.613021,-99.4747929,2009,2009-04-16,40.48,2345.39,9.77372602739726,654.45,68.90076712328766,3.458410958904109,15.795123287671233,403651099281401,train,41.18,38.61,366.0,1.002053388090349,14,40.3,1.4640013661195814,2.5700000000000003,134.0989285714286,40.99142857142857,2.508275095766801,35.0,43.93,0,0,2.0,403651099281401,40.39707499999994,-0.0829250000000598,Unseen_Well_Test,Model_B,Random Forest
403928099371801,PHELPS,40.655954,-99.6202609,2009,2009-04-16,84.12,2432.98,9.77372602739726,654.45,68.90076712328766,3.458410958904109,15.795123287671233,403928099371801,train,84.24,82.57,366.0,1.002053388090349,16,83.15333333333332,0.9419306414664134,1.6700000000000017,87.13821428571438,82.479375,1.3968844798336053,80.21,84.27,0,0,2.0,403928099371801,82.14049999999997,-1.97950000000003,Unseen_Well_Test,Model_B,Random Forest
402524099201601,PHELPS,40.42334431,-99.33815365,2009,2009-05-06,114.53,2312.07,9.77372602739726,654.45,68.90076712328766,3.458410958904109,15.795123287671233,402524099201601,train,115.17,117.57,372.0,1.0184804928131417,9,116.72,1.3444329659748726,-2.3999999999999915,-2.462359550561789,114.48333333333336,3.752009461608538,109.06,120.28,0,0,0.6666666666666666,402524099201601,111.22130000000004,-3.308699999999959,Unseen_Well_Test,Model_B,Random Forest
403037099111401,PHELPS,40.5103457694444,-99.1873426,2006,2006-10-16,33.09,2237.5,12.111013698630138,647.73,59.76945205479451,3.5661095890410954,16.53980821917808,403037099111401,train,,,,,0,,,,,,,,,0,0,0.0,403037099111401,26.79813166666679,-6.291868333333213,Unseen_Well_Test,Model_B,Random Forest
403037099111401,PHELPS,40.5103457694444,-99.1873426,2007,2007-04-09,32.24,2237.5,11.085424657534244,846.89,69.75419178082191,3.515205479452055,16.23317808219178,403037099111401,train,33.09,,175.0,0.4791238877481177,1,33.09,,,,33.09,,33.09,33.09,0,0,0.3333333333333333,403037099111401,34.95350000000009,2.7135000000000886,Unseen_Well_Test,Model_B,Random Forest
403037099111401,PHELPS,40.5103457694444,-99.1873426,2007,2007-10-09,30.16,2237.5,11.085424657534244,846.89,69.75419178082191,3.515205479452055,16.23317808219178,403037099111401,train,32.24,33.09,183.0,0.5010266940451745,2,32.665000000000006,0.6010407640085664,-0.8500000000000014,-1.7740714285714316,32.665000000000006,0.6010407640085664,32.24,33.09,0,0,0.6666666666666666,403037099111401,33.65937500000003,3.4993750000000325,Unseen_Well_Test,Model_B,Random Forest
403037099111401,PHELPS,40.5103457694444,-99.1873426,2008,2008-04-07,30.17,2237.5,9.928142076502732,875.2,67.25486338797813,3.604426229508197,16.340491803278688,403037099111401,train,30.16,32.24,181.0,0.4955509924709103,3,31.83,1.5074150058958564,-2.080000000000002,-4.1514754098360696,31.83,1.5074150058958564,30.16,33.09,0,0,1.0,403037099111401,31.94325000000005,1.7732500000000506,Unseen_Well_Test,Model_B,Random Forest
402421099112000,PHELPS,40.40549166666666,-99.18921666666668,2000,2000-04-04,50.1,2216.62,11.749371584699457,552.94,58.68125683060109,3.488169398907104,16.321967213114753,402421099112000,train,,,,,0,,,,,,,,,0,0,0.0,402421099112000,88.14356249999977,38.04356249999977,Unseen_Well_Test,Model_B,Random Forest
402421099112000,PHELPS,40.40549166666666,-99.18921666666668,2000,2000-10-20,53.99,2216.62,11.749371584699457,552.94,58.68125683060109,3.488169398907104,16.321967213114753,402421099112000,train,50.0,50.1,188.0,0.5147159479808351,2,50.05,0.0707106781186557,-0.1000000000000014,-3.320454545454593,50.05,0.0707106781186557,50.0,50.1,0,0,0.6666666666666666,402421099112000,74.60771249999966,20.617712499999666,Unseen_Well_Test,Model_B,Random Forest
402421099112000,PHELPS,40.40549166666666,-99.18921666666668,2001,2001-04-17,51.56,2216.62,11.778054794520548,626.51,63.07638356164384,3.403150684931507,16.479589041095892,402421099112000,train,51.46,53.99,2.0,0.0054757015742642,4,51.81666666666667,2.018770252736388,-2.530000000000001,-5.2208050847457645,51.3875,1.8584110596600176,50.0,53.99,0,0,1.3333333333333333,402421099112000,75.16066999999985,23.60066999999985,Unseen_Well_Test,Model_B,Random Forest
402421099112000,PHELPS,40.40549166666666,-99.18921666666668,2001,2001-10-23,54.35,2216.62,11.778054794520548,626.51,63.07638356164384,3.403150684931507,16.479589041095892,402421099112000,train,51.56,51.46,189.0,0.5174537987679672,5,52.336666666666666,1.432701411087926,0.1000000000000014,18.26250000000026,51.422,1.6112789950843402,50.0,53.99,0,0,1.6666666666666667,402421099112000,75.86254499999994,21.51254499999994,Unseen_Well_Test,Model_B,Random Forest
402421099112000,PHELPS,40.40549166666666,-99.18921666666668,2002,2002-04-16,52.28,2216.62,11.747835616438357,380.73,56.3613698630137,3.648383561643836,16.674520547945203,402421099112000,train,52.18,54.35,1.0,0.0027378507871321,7,52.696666666666665,1.4650028441383087,-2.1700000000000017,-4.555129310344831,51.94857142857144,1.712293087951832,50.0,54.35,0,0,2.333333333333333,402421099112000,76.39798749999996,24.11798749999996,Unseen_Well_Test,Model_B,Random Forest
402421099112000,PHELPS,40.40549166666666,-99.18921666666668,2003,2003-04-21,55.55,2216.62,11.669397260273971,498.43,59.134328767123286,3.4380273972602744,16.324191780821916,402421099112000,train,55.45,52.28,6.0,0.0164271047227926,9,53.30333333333334,1.8597401252146328,3.1700000000000017,3.1808859890109904,52.37444444444444,1.881795094524848,50.0,55.45,0,0,2.333333333333333,402421099112000,73.89001249999974,18.340012499999744,Unseen_Well_Test,Model_B,Random Forest
402421099112000,PHELPS,40.40549166666666,-99.18921666666668,2003,2003-10-20,60.17,2216.62,11.669397260273971,498.43,59.134328767123286,3.4380273972602744,16.324191780821916,402421099112000,train,55.55,55.45,182.0,0.4982888432580424,10,54.42666666666667,1.8597401252146308,0.0999999999999943,6.087499999999654,52.69199999999999,2.038653150162299,50.0,55.55,0,0,2.6666666666666665,402421099112000,74.33406249999973,14.16406249999973,Unseen_Well_Test,Model_B,Random Forest
402421099112000,PHELPS,40.40549166666666,-99.18921666666668,2004,2004-04-09,57.85,2216.62,11.452868852459016,645.8100000000001,63.15969945355192,3.455382513661202,16.150901639344262,402421099112000,train,60.17,55.55,172.0,0.4709103353867214,11,57.05666666666667,2.696689328293739,4.6200000000000045,9.271730769230778,53.37181818181818,2.9705515251610035,50.0,60.17,0,0,2.6666666666666665,402421099112000,74.53526999999981,16.68526999999981,Unseen_Well_Test,Model_B,Random Forest
402421099112000,PHELPS,40.40549166666666,-99.18921666666668,2005,2005-04-25,59.06,2216.62,11.73095890410959,631.46,64.1328493150685,3.4875890410958905,16.385753424657533,402421099112000,train,58.66,57.55,10.0,0.027378507871321,14,58.02,0.5741950887982228,1.1099999999999994,1.110760273972602,54.36785714285713,3.279641581194338,50.0,60.17,0,0,2.0,402421099112000,76.42334499999981,17.36334499999981,Unseen_Well_Test,Model_B,Random Forest
402421099112000,PHELPS,40.40549166666666,-99.18921666666668,2006,2006-04-21,59.88,2216.62,12.111013698630138,647.73,59.76945205479451,3.5661095890410954,16.53980821917808,402421099112000,train,59.78,59.06,6.0,0.0164271047227926,16,59.16666666666666,0.5675679107678089,0.7199999999999989,0.740788732394365,54.999375,3.5095592672015097,50.0,60.17,0,0,2.333333333333333,402421099112000,77.62383749999987,17.743837499999863,Unseen_Well_Test,Model_B,Random Forest
402421099112000,PHELPS,40.40549166666666,-99.18921666666668,2006,2006-10-20,61.82,2216.62,12.111013698630138,647.73,59.76945205479451,3.5661095890410954,16.53980821917808,402421099112000,train,59.88,59.78,182.0,0.4982888432580424,17,59.57333333333333,0.4473626418615363,0.1000000000000014,6.087500000000087,55.2864705882353,3.598388426046565,50.0,60.17,0,0,2.333333333333333,402421099112000,77.7979708333332,15.977970833333195,Unseen_Well_Test,Model_B,Random Forest
402421099112000,PHELPS,40.40549166666666,-99.18921666666668,2007,2007-04-19,60.04,2216.62,11.085424657534244,846.89,69.75419178082191,3.515205479452055,16.23317808219178,402421099112000,train,59.94,61.82,4.0,0.0109514031485284,19,60.54666666666666,1.103147013472517,-1.8800000000000023,-3.879491525423734,55.87526315789474,3.836447095398224,50.0,61.82,0,0,2.0,402421099112000,75.18493249999985,15.144932499999848,Unseen_Well_Test,Model_B,Random Forest
402421099112000,PHELPS,40.40549166666666,-99.18921666666668,2007,2007-10-12,60.49,2216.62,11.085424657534244,846.89,69.75419178082191,3.515205479452055,16.23317808219178,402421099112000,train,60.04,59.94,176.0,0.4818617385352498,20,60.6,1.0577334257741893,0.1000000000000014,9.13125000000013,56.0835,3.848497006693173,50.0,61.82,0,0,2.333333333333333,402421099112000,75.49220749999986,15.002207499999862,Unseen_Well_Test,Model_B,Random Forest
402421099112000,PHELPS,40.40549166666666,-99.18921666666668,2008,2008-10-09,57.89,2216.62,9.928142076502732,875.2,67.25486338797813,3.604426229508197,16.340491803278688,402421099112000,train,58.14,60.49,183.0,0.5010266940451745,22,59.55666666666667,1.2473304828045109,-2.3500000000000014,-4.768541666666669,56.37727272727273,3.7994701157099735,50.0,61.82,0,0,2.333333333333333,402421099112000,79.85279749999998,21.96279749999998,Unseen_Well_Test,Model_B,Random Forest
402532099235801,PHELPS,40.42582814,-99.40068743,2006,2006-10-17,121.35,2321.09,12.111013698630138,647.73,59.76945205479451,3.5661095890410954,16.53980821917808,402532099235801,train,120.0,120.1,190.0,0.5201916495550992,7,119.40666666666668,1.115407249991376,-0.0999999999999943,-0.1008977900552428,117.58714285714288,1.897724200946264,115.52,120.1,0,0,1.0,402532099235801,111.82475,-9.525249999999986,Unseen_Well_Test,Model_B,Random Forest
402532099235801,PHELPS,40.42582814,-99.40068743,2007,2007-10-10,120.1,2321.09,11.085424657534244,846.89,69.75419178082191,3.515205479452055,16.23317808219178,402532099235801,train,119.41,121.35,183.0,0.5010266940451745,9,120.25333333333332,0.9945015501915168,-1.9399999999999973,-4.049057142857138,118.2077777777778,2.110194172213645,115.52,121.35,0,0,1.3333333333333333,402532099235801,111.79082500000004,-8.30917499999994,Unseen_Well_Test,Model_B,Random Forest
402532099235801,PHELPS,40.42582814,-99.40068743,2008,2008-04-08,118.7,2321.09,9.928142076502732,875.2,67.25486338797813,3.604426229508197,16.340491803278688,402532099235801,train,120.1,119.41,181.0,0.4955509924709103,10,120.28666666666668,0.983378530034763,0.6899999999999977,1.3771721311475364,118.397,2.077546897451679,115.52,121.35,0,0,1.6666666666666667,402532099235801,111.71990416666662,-6.98009583333338,Unseen_Well_Test,Model_B,Random Forest
402630099305500,PHELPS,40.44133611111111,-99.51204166666666,2000,2000-04-13,176.24,2426.38,11.749371584699457,552.94,58.68125683060109,3.488169398907104,16.321967213114753,402630099305500,train,,,,,0,,,,,,,,,0,0,0.0,402630099305500,164.7146162499996,-11.5253837500004,Unseen_Well_Test,Model_B,Random Forest
402630099305500,PHELPS,40.44133611111111,-99.51204166666666,2000,2000-10-19,181.49,2426.38,11.749371584699457,552.94,58.68125683060109,3.488169398907104,16.321967213114753,402630099305500,train,176.14,176.24,187.0,0.5119780971937029,2,176.19,0.0707106781186708,-0.1000000000000227,-18.262500000004152,176.19,0.0707106781186708,176.14,176.24,0,0,0.6666666666666666,402630099305500,177.71316249999964,-3.7768375000003687,Unseen_Well_Test,Model_B,Random Forest
402630099305500,PHELPS,40.44133611111111,-99.51204166666666,2001,2001-05-07,177.28,2426.38,11.778054794520548,626.51,63.07638356164384,3.403150684931507,16.479589041095892,402630099305500,train,177.18,181.49,22.0,0.0602327173169062,4,178.26999999999998,2.83667058362441,-4.310000000000002,-8.843974719101128,177.7625,2.52877275900123,176.14,181.49,0,0,1.3333333333333333,402630099305500,179.20382499999965,1.923824999999624,Unseen_Well_Test,Model_B,Random Forest
402630099305500,PHELPS,40.44133611111111,-99.51204166666666,2001,2001-10-24,180.05,2426.38,11.778054794520548,626.51,63.07638356164384,3.403150684931507,16.479589041095892,402630099305500,train,177.28,177.18,170.0,0.4654346338124572,5,178.65,2.4600203251192894,0.0999999999999943,1.6602272727271783,177.666,2.2005862855157527,176.14,181.49,0,0,1.6666666666666667,402630099305500,177.63280000000017,-2.417199999999866,Unseen_Well_Test,Model_B,Random Forest
402630099305500,PHELPS,40.44133611111111,-99.51204166666666,2002,2002-04-15,175.87,2426.38,11.747835616438357,380.73,56.3613698630137,3.648383561643836,16.674520547945203,402630099305500,train,180.05,177.28,173.0,0.4736481861738535,6,178.17,1.6288953311984211,2.7700000000000102,5.951426470588258,178.0633333333333,2.19574740502333,176.14,181.49,0,0,2.0,402630099305500,176.82929851190508,0.9592985119050752,Unseen_Well_Test,Model_B,Random Forest
402630099305500,PHELPS,40.44133611111111,-99.51204166666666,2003,2003-04-22,177.97,2426.38,11.669397260273971,498.43,59.134328767123286,3.4380273972602744,16.324191780821916,402630099305500,train,177.87,177.32,7.0,0.0191649555099247,9,178.41333333333333,1.4438259359539698,0.5500000000000114,0.5503767123287785,177.94625,1.8741393262737247,176.14,181.49,0,0,2.333333333333333,402630099305500,177.5563000000002,-0.4136999999998068,Unseen_Well_Test,Model_B,Random Forest
402630099305500,PHELPS,40.44133611111111,-99.51204166666666,2003,2003-10-20,182.14,2426.38,11.669397260273971,498.43,59.134328767123286,3.4380273972602744,16.324191780821916,402630099305500,train,177.97,177.87,181.0,0.4955509924709103,10,177.72,0.3500000000000045,0.0999999999999943,5.217857142856847,177.9488888888889,1.753114688521868,176.14,181.49,0,0,2.333333333333333,402630099305500,177.85907499999993,-4.280925000000053,Unseen_Well_Test,Model_B,Random Forest
402630099305500,PHELPS,40.44133611111111,-99.51204166666666,2004,2004-04-07,178.67,2426.38,11.452868852459016,645.8100000000001,63.15969945355192,3.455382513661202,16.150901639344262,402630099305500,train,182.14,177.97,170.0,0.4654346338124572,11,179.32666666666668,2.4369311301990644,4.169999999999988,8.41487569060771,178.368,2.1185991178659127,176.14,182.14,0,0,2.6666666666666665,402630099305500,178.4804625000005,-0.1895374999994885,Unseen_Well_Test,Model_B,Random Forest
402630099305500,PHELPS,40.44133611111111,-99.51204166666666,2005,2005-04-25,183.34,2426.38,11.73095890410959,631.46,64.1328493150685,3.4875890410958905,16.385753424657533,402630099305500,train,182.94,178.37,10.0,0.027378507871321,14,179.99333333333334,2.55629288880076,4.569999999999993,4.573130136986294,178.7430769230769,2.227885337472078,176.14,182.94,0,0,2.0,402630099305500,178.88001250000033,-4.45998749999967,Unseen_Well_Test,Model_B,Random Forest
402630099305500,PHELPS,40.44133611111111,-99.51204166666666,2006,2006-04-21,180.15,2426.38,12.111013698630138,647.73,59.76945205479451,3.5661095890410954,16.53980821917808,402630099305500,train,180.05,183.34,6.0,0.0164271047227926,16,182.11,1.7951880124376889,-3.289999999999992,-3.3849929577464706,179.13666666666668,2.391618300489879,176.14,183.34,0,0,2.333333333333333,402630099305500,181.07067499999985,0.920674999999818,Unseen_Well_Test,Model_B,Random Forest
402630099305500,PHELPS,40.44133611111111,-99.51204166666666,2006,2006-10-20,181.82,2426.38,12.111013698630138,647.73,59.76945205479451,3.5661095890410954,16.53980821917808,402630099305500,train,180.15,180.05,182.0,0.4982888432580424,17,181.18,1.871282982341257,0.0999999999999943,6.087499999999654,179.2,2.3243694485458493,176.14,183.34,0,0,2.333333333333333,402630099305500,180.19914999999983,-1.6208500000001322,Unseen_Well_Test,Model_B,Random Forest
402630099305500,PHELPS,40.44133611111111,-99.51204166666666,2007,2007-04-19,179.58,2426.38,11.085424657534244,846.89,69.75419178082191,3.515205479452055,16.23317808219178,402630099305500,train,179.48,181.82,4.0,0.0109514031485284,19,180.4833333333333,1.205086442266003,-2.3400000000000034,-4.828728813559329,179.36111111111111,2.2689201600784585,176.14,183.34,0,0,2.0,402630099305500,179.82554999999974,0.2455499999997243,Unseen_Well_Test,Model_B,Random Forest
402630099305500,PHELPS,40.44133611111111,-99.51204166666666,2007,2007-10-11,181.36,2426.38,11.085424657534244,846.89,69.75419178082191,3.515205479452055,16.23317808219178,402630099305500,train,179.58,179.48,175.0,0.4791238877481177,20,180.2933333333333,1.323077221228346,0.1000000000000227,9.131250000002076,179.37263157894736,2.2055657931325143,176.14,183.34,0,0,2.333333333333333,402630099305500,177.99940000000012,-3.3605999999998915,Unseen_Well_Test,Model_B,Random Forest
402905099115301,PHELPS,40.4848551,-99.1983097,2003,2003-04-09,27.94,2241.11,11.669397260273971,498.43,59.134328767123286,3.4380273972602744,16.324191780821916,402905099115301,train,27.76,25.73,359.0,0.9828884325804244,2,26.745,1.435426765808692,2.030000000000001,1.0156952054794526,26.745,1.435426765808692,25.73,27.76,0,0,0.6666666666666666,402905099115301,30.195424999999936,2.255424999999935,Unseen_Well_Test,Model_B,Random Forest
402905099115301,PHELPS,40.4848551,-99.1983097,2006,2006-10-16,33.49,2241.11,12.111013698630138,647.73,59.76945205479451,3.5661095890410954,16.53980821917808,402905099115301,train,35.91,34.0,184.0,0.5037645448323066,7,34.303333333333335,1.4785240388080705,1.9099999999999968,1.8957269021739096,30.8,3.7534384236323888,25.73,35.91,0,0,1.0,402905099115301,37.11884999999998,3.6288499999999786,Unseen_Well_Test,Model_B,Random Forest
402905099115301,PHELPS,40.4848551,-99.1983097,2007,2007-04-09,33.48,2241.11,11.085424657534244,846.89,69.75419178082191,3.515205479452055,16.23317808219178,402905099115301,train,33.49,35.91,175.0,0.4791238877481177,8,34.46666666666667,1.2757089532230017,-2.4199999999999946,-4.80383152173912,31.13625,3.602804215369704,25.73,35.91,0,0,1.3333333333333333,402905099115301,33.12607500000007,-0.3539249999999256,Unseen_Well_Test,Model_B,Random Forest
402905099115301,PHELPS,40.4848551,-99.1983097,2007,2007-10-09,31.45,2241.11,11.085424657534244,846.89,69.75419178082191,3.515205479452055,16.23317808219178,402905099115301,train,36.8,33.48,177.0,0.4845995893223819,10,34.59,1.913922673464107,3.3200000000000003,202.105,31.937,3.682097982883609,25.73,36.8,0,0,1.6666666666666667,402905099115301,35.99317499999996,4.543174999999959,Unseen_Well_Test,Model_B,Random Forest
402905099115301,PHELPS,40.4848551,-99.1983097,2008,2008-04-07,31.54,2241.11,9.928142076502732,875.2,67.25486338797813,3.604426229508197,16.340491803278688,402905099115301,train,31.45,36.8,181.0,0.4955509924709103,11,33.910000000000004,2.7007961789072485,-5.349999999999998,-11.04004237288135,31.89272727272727,3.496229657528493,25.73,36.8,0,0,2.0,402905099115301,31.54742500000004,0.0074250000000368,Unseen_Well_Test,Model_B,Random Forest
402906099342201,PHELPS,40.485083333333336,-99.57288888888888,2000,2000-04-13,148.24,2458.82,11.749371584699457,552.94,58.68125683060109,3.488169398907104,16.321967213114753,402906099342201,train,,,,,0,,,,,,,,,0,0,0.0,402906099342201,101.7956458333333,-46.44435416666671,Unseen_Well_Test,Model_B,Random Forest
402906099342201,PHELPS,40.485083333333336,-99.57288888888888,2000,2000-10-19,152.14,2458.82,11.749371584699457,552.94,58.68125683060109,3.488169398907104,16.321967213114753,402906099342201,train,148.14,148.24,187.0,0.5119780971937029,2,148.19,0.0707106781186708,-0.1000000000000227,-18.262500000004152,148.19,0.0707106781186708,148.14,148.24,0,0,0.6666666666666666,402906099342201,149.88735000000014,-2.2526499999998464,Unseen_Well_Test,Model_B,Random Forest
402906099342201,PHELPS,40.485083333333336,-99.57288888888888,2001,2001-05-07,149.17,2458.82,11.778054794520548,626.51,63.07638356164384,3.403150684931507,16.479589041095892,402906099342201,train,149.07,152.14,22.0,0.0602327173169062,4,149.78333333333333,2.0932351357010344,-3.069999999999993,-6.299536516853919,149.39749999999998,1.8752488723722285,148.14,152.14,0,0,1.3333333333333333,402906099342201,147.79832499999992,-1.3716750000000673,Unseen_Well_Test,Model_B,Random Forest
402906099342201,PHELPS,40.485083333333336,-99.57288888888888,2001,2001-10-24,150.41,2458.82,11.778054794520548,626.51,63.07638356164384,3.403150684931507,16.479589041095892,402906099342201,train,149.17,149.07,170.0,0.4654346338124572,5,150.1266666666667,1.7443145740758244,0.0999999999999943,1.6602272727271783,149.35199999999998,1.6271969763983665,148.14,152.14,0,0,1.6666666666666667,402906099342201,148.0290499999999,-2.380950000000098,Unseen_Well_Test,Model_B,Random Forest
402906099342201,PHELPS,40.485083333333336,-99.57288888888888,2002,2002-04-15,148.76,2458.82,11.747835616438357,380.73,56.3613698630137,3.648383561643836,16.674520547945203,402906099342201,train,150.41,149.17,173.0,0.4736481861738535,6,149.54999999999998,0.7464583042608642,1.240000000000009,2.664176470588255,149.5283333333333,1.518149092370923,148.14,152.14,0,0,2.0,402906099342201,151.7464750000001,2.986475000000098,Unseen_Well_Test,Model_B,Random Forest
402906099342201,PHELPS,40.485083333333336,-99.57288888888888,2003,2003-04-22,150.0,2458.82,11.669397260273971,498.43,59.134328767123286,3.4380273972602744,16.324191780821916,402906099342201,train,149.9,148.70999999999998,7.0,0.0191649555099247,9,149.67333333333332,0.8723722447059808,1.190000000000026,1.1908150684931769,149.4725,1.3259363268487443,148.14,152.14,0,0,2.333333333333333,402906099342201,150.5845000000001,0.584500000000105,Unseen_Well_Test,Model_B,Random Forest
402906099342201,PHELPS,40.485083333333336,-99.57288888888888,2003,2003-10-22,154.11,2458.82,11.669397260273971,498.43,59.134328767123286,3.4380273972602744,16.324191780821916,402906099342201,train,150.0,149.9,183.0,0.5010266940451745,10,149.53666666666666,0.7176582287784014,0.0999999999999943,5.217857142856847,149.5311111111111,1.2527015251491913,148.14,152.14,0,0,2.333333333333333,402906099342201,150.68395000000012,-3.42604999999989,Unseen_Well_Test,Model_B,Random Forest
402906099342201,PHELPS,40.485083333333336,-99.57288888888888,2004,2004-04-07,150.75,2458.82,11.452868852459016,645.8100000000001,63.15969945355192,3.455382513661202,16.150901639344262,402906099342201,train,154.11,150.0,168.0,0.459958932238193,11,151.33666666666667,2.402297511411391,4.110000000000014,8.203155737704945,149.98899999999998,1.8685612409314087,148.14,154.11,0,0,2.6666666666666665,402906099342201,151.27615000000003,0.5261500000000296,Unseen_Well_Test,Model_B,Random Forest
402906099342201,PHELPS,40.485083333333336,-99.57288888888888,2005,2005-04-25,151.25,2458.82,11.73095890410959,631.46,64.1328493150685,3.4875890410958905,16.385753424657533,402906099342201,train,150.85,150.45,10.0,0.027378507871321,14,150.6833333333333,0.2081665999466173,0.4000000000000057,0.4002739726027454,150.14923076923077,1.6488099826767098,148.14,154.11,0,0,2.0,402906099342201,151.409275,0.159275000000008,Unseen_Well_Test,Model_B,Random Forest
402906099342201,PHELPS,40.485083333333336,-99.57288888888888,2006,2006-04-20,152.56,2458.82,12.111013698630138,647.73,59.76945205479451,3.5661095890410954,16.53980821917808,402906099342201,train,152.46,151.25,5.0,0.0136892539356605,16,151.52,0.8382720322186654,1.210000000000008,1.244936619718318,150.37666666666664,1.6561214011171133,148.14,154.11,0,0,2.333333333333333,402906099342201,151.69579999999996,-0.8642000000000394,Unseen_Well_Test,Model_B,Random Forest
402906099342201,PHELPS,40.485083333333336,-99.57288888888888,2006,2006-10-20,154.32,2458.82,12.111013698630138,647.73,59.76945205479451,3.5661095890410954,16.53980821917808,402906099342201,train,152.56,152.46,183.0,0.5010266940451745,17,152.09,0.7291776189653685,0.0999999999999943,7.304999999999585,150.513125,1.6905096618081432,148.14,154.11,0,0,2.333333333333333,402906099342201,151.88355,-2.43644999999998,Unseen_Well_Test,Model_B,Random Forest
402906099342201,PHELPS,40.485083333333336,-99.57288888888888,2007,2007-04-19,152.06,2458.82,11.085424657534244,846.89,69.75419178082191,3.515205479452055,16.23317808219178,402906099342201,train,151.96,154.32,4.0,0.0109514031485284,19,152.9466666666667,1.2265942007580646,-2.359999999999985,-4.869999999999969,150.805,1.8458164142985976,148.14,154.32,0,0,2.0,402906099342201,154.48725000000005,2.4272500000000434,Unseen_Well_Test,Model_B,Random Forest
402906099342201,PHELPS,40.485083333333336,-99.57288888888888,2007,2007-10-11,153.18,2458.82,11.085424657534244,846.89,69.75419178082191,3.515205479452055,16.23317808219178,402906099342201,train,152.06,151.96,175.0,0.4791238877481177,20,152.78,1.3346160496562227,0.0999999999999943,9.13124999999948,150.87105263157895,1.8167703173392409,148.14,154.32,0,0,2.333333333333333,402906099342201,152.05337500000022,-1.126624999999791,Unseen_Well_Test,Model_B,Random Forest
402924099235501,PHELPS,40.4901949,-99.398706,2003,2003-04-10,52.35,2336.37,11.669397260273971,498.43,59.134328767123286,3.4380273972602744,16.324191780821916,402924099235501,train,50.56,47.25,360.0,0.9856262833675564,2,48.905,2.3405234457274737,3.3100000000000023,1.6561335616438368,48.905,2.3405234457274737,47.25,50.56,0,0,0.6666666666666666,402924099235501,54.19014999999996,1.8401499999999589,Unseen_Well_Test,Model_B,Random Forest
402924099235501,PHELPS,40.4901949,-99.398706,2006,2006-10-17,56.0,2336.37,12.111013698630138,647.73,59.76945205479451,3.5661095890410954,16.53980821917808,402924099235501,train,59.22,57.63,185.0,0.5065023956194388,7,57.95,1.144071676076284,1.5899999999999963,1.582418256130787,54.19428571428572,4.30314170942912,47.25,59.22,0,0,1.0,402924099235501,58.58943333333328,2.5894333333332824,Unseen_Well_Test,Model_B,Random Forest
402924099235501,PHELPS,40.4901949,-99.398706,2007,2007-04-10,56.81,2336.37,11.085424657534244,846.89,69.75419178082191,3.515205479452055,16.23317808219178,402924099235501,train,56.0,59.22,175.0,0.4791238877481177,8,57.61666666666667,1.61004140733502,-3.219999999999999,-6.357324324324321,54.42,4.034763225483533,47.25,59.22,0,0,1.3333333333333333,402924099235501,55.74912500000003,-1.0608749999999745,Unseen_Well_Test,Model_B,Random Forest
402924099235501,PHELPS,40.4901949,-99.398706,2007,2007-10-10,52.62,2336.37,11.085424657534244,846.89,69.75419178082191,3.515205479452055,16.23317808219178,402924099235501,train,59.81,56.81,178.0,0.487337440109514,10,57.54,2.00716217580942,3.0,219.15,55.198,3.981436926537956,47.25,59.81,0,0,1.6666666666666667,402924099235501,56.69914999999995,4.079149999999956,Unseen_Well_Test,Model_B,Random Forest
402924099235501,PHELPS,40.4901949,-99.398706,2008,2008-04-08,53.48,2336.37,9.928142076502732,875.2,67.25486338797813,3.604426229508197,16.340491803278688,402924099235501,train,52.62,59.81,181.0,0.4955509924709103,11,56.41333333333333,3.611375545873532,-7.190000000000005,-14.75363764044945,54.96363636363637,3.856273519156215,47.25,59.81,0,0,2.0,402924099235501,52.87480000000006,-0.6051999999999396,Unseen_Well_Test,Model_B,Random Forest
403138099235801,PHELPS,40.5255500233333,-99.399115,2001,2001-05-07,20.37,2328.14,11.778054794520548,626.51,63.07638356164384,3.403150684931507,16.479589041095892,403138099235801,train,18.67,,374.0,1.0239561943874058,1,18.67,,,,18.67,,18.67,18.67,0,0,0.3333333333333333,403138099235801,19.53032500000005,-0.83967499999995,Unseen_Well_Test,Model_B,Random Forest
403138099235801,PHELPS,40.5255500233333,-99.399115,2003,2003-04-10,22.21,2328.14,11.669397260273971,498.43,59.134328767123286,3.4380273972602744,16.324191780821916,403138099235801,train,20.89,20.37,360.0,0.9856262833675564,3,19.97666666666667,1.1610914405563983,0.5199999999999996,0.5537317784256556,19.97666666666667,1.1610914405563983,18.67,20.89,0,0,1.0,403138099235801,21.87407500000004,-0.3359249999999676,Unseen_Well_Test,Model_B,Random Forest
403138099235801,PHELPS,40.5255500233333,-99.399115,2004,2004-04-08,24.0,2328.14,11.452868852459016,645.8100000000001,63.15969945355192,3.455382513661202,16.150901639344262,403138099235801,train,25.16,22.21,359.0,0.9828884325804244,5,22.75333333333333,2.1862372545845368,2.95,215.4975,21.46,2.426396505107934,18.67,25.16,0,0,1.3333333333333333,403138099235801,24.99017499999997,0.9901749999999724,Unseen_Well_Test,Model_B,Random Forest
403138099235801,PHELPS,40.5255500233333,-99.399115,2005,2005-04-13,25.06,2328.14,11.73095890410959,631.46,64.1328493150685,3.4875890410958905,16.385753424657533,403138099235801,train,27.0,24.0,363.0,0.9938398357289528,7,25.386666666666667,1.5127899171178174,3.0,156.5357142857143,22.61428571428572,2.925923541623835,18.67,27.0,0,0,1.6666666666666667,403138099235801,27.74107499999996,2.681074999999961,Unseen_Well_Test,Model_B,Random Forest
403138099235801,PHELPS,40.5255500233333,-99.399115,2006,2006-10-17,34.37,2328.14,12.111013698630138,647.73,59.76945205479451,3.5661095890410954,16.53980821917808,403138099235801,train,32.0,28.06,190.0,0.5201916495550992,10,28.37333333333333,3.4805938190678525,3.940000000000001,3.997458333333335,24.342,4.0172566648287615,18.67,32.0,0,0,1.6666666666666667,403138099235801,31.33657499999998,-3.033425000000019,Unseen_Well_Test,Model_B,Random Forest
403138099235801,PHELPS,40.5255500233333,-99.399115,2007,2007-04-10,29.05,2328.14,11.085424657534244,846.89,69.75419178082191,3.515205479452055,16.23317808219178,403138099235801,train,34.37,32.0,175.0,0.4791238877481177,11,31.47666666666667,3.1873865992899777,2.369999999999997,4.556013157894732,25.253636363636364,4.864812992761947,18.67,34.37,0,0,1.6666666666666667,403138099235801,33.305075,4.2550750000000015,Unseen_Well_Test,Model_B,Random Forest
403138099235801,PHELPS,40.5255500233333,-99.399115,2007,2007-10-10,29.05,2328.14,11.085424657534244,846.89,69.75419178082191,3.515205479452055,16.23317808219178,403138099235801,train,32.0,29.05,178.0,0.487337440109514,13,31.80666666666667,2.6652642145448406,2.95,215.4975,26.064615384615387,4.899319026464485,18.67,34.37,0,0,2.0,403138099235801,29.863524999999967,0.8135249999999665,Unseen_Well_Test,Model_B,Random Forest
403138099235801,PHELPS,40.5255500233333,-99.399115,2008,2008-04-08,26.05,2328.14,9.928142076502732,875.2,67.25486338797813,3.604426229508197,16.340491803278688,403138099235801,train,29.05,32.0,181.0,0.4955509924709103,14,30.03333333333333,1.7031832941093954,-2.95,-6.053300561797752,26.277857142857147,4.774256572931101,18.67,34.37,0,0,2.333333333333333,403138099235801,29.66665000000005,3.6166500000000497,Unseen_Well_Test,Model_B,Random Forest
403217099312001,PHELPS,40.5392815,-99.5207383,2003,2003-04-11,97.9,2451.89,11.669397260273971,498.43,59.134328767123286,3.4380273972602744,16.324191780821916,403217099312001,train,98.69,98.0,361.0,0.9883641341546886,3,97.81,0.9887871358386512,0.6899999999999977,0.7369078947368397,97.81,0.9887871358386512,96.74,98.69,0,0,1.0,403217099312001,99.54405,1.6440500000000071,Unseen_Well_Test,Model_B,Random Forest
403217099312001,PHELPS,40.5392815,-99.5207383,2004,2004-04-12,100.81,2451.89,11.452868852459016,645.8100000000001,63.15969945355192,3.455382513661202,16.150901639344262,403217099312001,train,101.7,97.9,363.0,0.9938398357289528,5,99.43,2.0051683221116376,3.799999999999997,346.9874999999997,98.606,1.865979635473016,96.74,101.7,0,0,1.3333333333333333,403217099312001,101.05532500000002,0.2453250000000224,Unseen_Well_Test,Model_B,Random Forest
403217099312001,PHELPS,40.5392815,-99.5207383,2005,2005-04-13,101.02,2451.89,11.73095890410959,631.46,64.1328493150685,3.4875890410958905,16.385753424657533,403217099312001,train,104.61,100.81,363.0,0.9938398357289528,7,102.37333333333332,1.987469077327576,3.799999999999997,462.6499999999997,99.77857142857144,2.7449555465218296,96.74,104.61,0,0,1.6666666666666667,403217099312001,102.63967499999968,1.6196749999996882,Unseen_Well_Test,Model_B,Random Forest
403217099312001,PHELPS,40.5392815,-99.5207383,2006,2006-10-17,102.88,2451.89,12.111013698630138,647.73,59.76945205479451,3.5661095890410954,16.53980821917808,403217099312001,train,107.27,104.82,188.0,0.5147159479808351,10,104.37,3.149206249199947,2.450000000000003,2.471995856353594,101.156,3.485115014840494,96.74,107.27,0,0,1.6666666666666667,403217099312001,103.1143749999998,0.234374999999801,Unseen_Well_Test,Model_B,Random Forest
403217099312001,PHELPS,40.5392815,-99.5207383,2007,2007-04-10,102.72,2451.89,11.085424657534244,846.89,69.75419178082191,3.515205479452055,16.23317808219178,403217099312001,train,102.88,107.27,175.0,0.4791238877481177,11,104.99,2.199931817125249,-4.390000000000001,-8.528976063829788,101.31272727272729,3.346882402801421,96.74,107.27,0,0,2.0,403217099312001,102.02012499999994,-0.6998750000000626,Unseen_Well_Test,Model_B,Random Forest
403217099312001,PHELPS,40.5392815,-99.5207383,2007,2007-10-10,101.82,2451.89,11.085424657534244,846.89,69.75419178082191,3.515205479452055,16.23317808219178,403217099312001,train,106.52,102.72,178.0,0.487337440109514,13,104.04,2.1492324211215497,3.799999999999997,277.5899999999998,101.82153846153848,3.388052159559741,96.74,107.27,0,0,2.0,403217099312001,104.49874999999972,2.678749999999738,Unseen_Well_Test,Model_B,Random Forest
403217099312001,PHELPS,40.5392815,-99.5207383,2008,2008-04-09,101.2,2451.89,9.928142076502732,875.2,67.25486338797813,3.604426229508197,16.340491803278688,403217099312001,train,101.82,106.52,182.0,0.4982888432580424,14,103.68666666666668,2.4946609656090213,-4.700000000000003,-9.644241573033714,101.82142857142856,3.2551352498023007,96.74,107.27,0,0,2.333333333333333,403217099312001,100.34389999999998,-0.8561000000000263,Unseen_Well_Test,Model_B,Random Forest
403322099201601,PHELPS,40.5547811,-99.3416484,2003,2003-04-10,7.57,2267.67,11.669397260273971,498.43,59.134328767123286,3.4380273972602744,16.324191780821916,403322099201601,train,6.35,4.12,360.0,0.9856262833675564,3,4.696666666666666,1.4534900527122063,2.2299999999999995,2.374657434402332,4.696666666666666,1.4534900527122063,3.62,6.35,0,0,1.0,403322099201601,4.579825000000007,-2.9901749999999936,Unseen_Well_Test,Model_B,Random Forest
403322099201601,PHELPS,40.5547811,-99.3416484,2004,2004-04-08,9.89,2267.67,11.452868852459016,645.8100000000001,63.15969945355192,3.455382513661202,16.150901639344262,403322099201601,train,9.29,7.57,359.0,0.9828884325804244,5,7.736666666666667,1.4770691701248566,1.7199999999999989,125.64599999999992,6.19,2.368005489858501,3.62,9.29,0,0,1.3333333333333333,403322099201601,7.761250000000002,-2.1287499999999984,Unseen_Well_Test,Model_B,Random Forest
403322099201601,PHELPS,40.5547811,-99.3416484,2005,2005-04-13,8.55,2267.67,11.73095890410959,631.46,64.1328493150685,3.4875890410958905,16.385753424657533,403322099201601,train,11.61,9.89,363.0,0.9938398357289528,7,10.263333333333334,1.2042148202597962,1.7199999999999989,89.7471428571428,7.492857142857143,2.989262530489832,3.62,11.61,0,0,1.6666666666666667,403322099201601,10.433074999999985,1.883074999999982,Unseen_Well_Test,Model_B,Random Forest
403322099201601,PHELPS,40.5547811,-99.3416484,2007,2007-10-10,4.96,2267.67,11.085424657534244,846.89,69.75419178082191,3.515205479452055,16.23317808219178,403322099201601,train,10.91,10.27,548.0,1.5003422313483916,10,9.91,1.220491704191388,0.6400000000000006,0.649333333333334,8.218,2.7661196246326325,3.62,11.61,0,0,1.0,403322099201601,9.275149999999982,4.315149999999982,Unseen_Well_Test,Model_B,Random Forest
403322099201601,PHELPS,40.5547811,-99.3416484,2008,2008-04-08,7.04,2267.67,9.928142076502732,875.2,67.25486338797813,3.604426229508197,16.340491803278688,403322099201601,train,4.96,10.91,181.0,0.4955509924709103,11,8.713333333333333,3.266195544258386,-5.95,-3.965761861313868,7.921818181818181,2.80200577508976,3.62,11.61,0,0,1.3333333333333333,403322099201601,8.785550000000008,1.7455500000000077,Unseen_Well_Test,Model_B,Random Forest
403322099272302,PHELPS,40.5545803,-99.4609332,2005,2005-04-13,16.15,2349.56,11.73095890410959,631.46,64.1328493150685,3.4875890410958905,16.385753424657533,403322099272302,train,21.38,19.67,363.0,0.9938398357289528,4,19.35,2.207464609002826,1.7099999999999973,1.7064959016393415,18.325,2.729670309762701,15.25,21.38,0,0,1.0,403322099272302,21.223850000000013,5.073850000000014,Unseen_Well_Test,Model_B,Random Forest
403322099304801,PHELPS,40.5542755075,-99.5122815,2003,2003-04-11,54.79,2411.43,11.669397260273971,498.43,59.134328767123286,3.4380273972602744,16.324191780821916,403322099304801,train,54.81,54.32,361.0,0.9883641341546886,3,54.09333333333333,0.852897023874123,0.490000000000002,0.523311403508774,54.09333333333333,0.852897023874123,53.15,54.81,0,0,1.0,403322099304801,56.10093166666662,1.3109316666666189,Unseen_Well_Test,Model_B,Random Forest
403322099304801,PHELPS,40.5542755075,-99.5122815,2004,2004-04-12,57.05,2411.43,11.452868852459016,645.8100000000001,63.15969945355192,3.455382513661202,16.150901639344262,403322099304801,train,57.5,54.79,363.0,0.9938398357289528,5,55.7,1.558877801496961,2.710000000000001,247.45687500000008,54.914,1.5951582993546445,53.15,57.5,0,0,1.3333333333333333,403322099304801,57.36222416666664,0.3122241666666383,Unseen_Well_Test,Model_B,Random Forest
403322099304801,PHELPS,40.5542755075,-99.5122815,2005,2005-04-13,57.64,2411.43,11.73095890410959,631.46,64.1328493150685,3.4875890410958905,16.385753424657533,403322099304801,train,60.02,57.05,363.0,0.9938398357289528,7,58.19,1.6007185886344948,2.970000000000006,361.5975000000007,55.94857142857143,2.356532965830868,53.15,60.02,0,0,1.6666666666666667,403322099304801,59.04974499999994,1.409744999999937,Unseen_Well_Test,Model_B,Random Forest
403322099304801,PHELPS,40.5542755075,-99.5122815,2006,2006-10-17,60.39,2411.43,12.111013698630138,647.73,59.76945205479451,3.5661095890410954,16.53980821917808,403322099304801,train,62.54,60.61,188.0,0.5147159479808351,10,60.26333333333333,2.4683260184451585,1.93,1.947327348066298,57.243,3.06595662069769,53.15,62.54,0,0,1.6666666666666667,403322099304801,60.32469416666682,-0.065305833333177,Unseen_Well_Test,Model_B,Random Forest
403322099304801,PHELPS,40.5542755075,-99.5122815,2007,2007-04-10,59.51,2411.43,11.085424657534244,846.89,69.75419178082191,3.515205479452055,16.23317808219178,403322099304801,train,60.39,62.54,175.0,0.4791238877481177,11,61.18000000000001,1.1829201156460225,-2.1499999999999986,-4.177061170212763,57.5290909090909,3.0594785651985035,53.15,62.54,0,0,2.0,403322099304801,59.57099166666674,0.0609916666667444,Unseen_Well_Test,Model_B,Random Forest
403322099304801,PHELPS,40.5542755075,-99.5122815,2007,2007-10-10,59.09,2411.43,11.085424657534244,846.89,69.75419178082191,3.515205479452055,16.23317808219178,403322099304801,train,62.22,59.51,178.0,0.487337440109514,13,60.70666666666667,1.382473628440461,2.710000000000001,197.96550000000008,58.04230769230769,3.1105818154758813,53.15,62.54,0,0,2.0,403322099304801,59.6992166666667,0.6092166666666969,Unseen_Well_Test,Model_B,Random Forest
403322099304801,PHELPS,40.5542755075,-99.5122815,2008,2008-04-09,57.95,2411.43,9.928142076502732,875.2,67.25486338797813,3.604426229508197,16.340491803278688,403322099304801,train,59.09,62.22,182.0,0.4982888432580424,14,60.27333333333333,1.6988917956518976,-3.1299999999999955,-6.422654494382013,58.11714285714286,3.0016391126578426,53.15,62.54,0,0,2.333333333333333,403322099304801,60.65160999999999,2.701609999999988,Unseen_Well_Test,Model_B,Random Forest
403507099254101,PHELPS,40.58520714,-99.42844836,2006,2006-10-17,25.69,2318.5,12.111013698630138,647.73,59.76945205479451,3.5661095890410954,16.53980821917808,403507099254101,train,27.0,25.3,188.0,0.5147159479808351,7,26.040000000000003,0.8710912696153024,1.6999999999999993,1.7058379120879112,22.51714285714285,4.1576143571593,16.61,27.0,0,0,1.0,403507099254101,27.110924999999924,1.4209249999999225,Unseen_Well_Test,Model_B,Random Forest
403507099254101,PHELPS,40.58520714,-99.42844836,2007,2007-10-10,23.43,2318.5,11.085424657534244,846.89,69.75419178082191,3.515205479452055,16.23317808219178,403507099254101,train,24.91,25.69,183.0,0.5010266940451745,9,25.866666666666664,1.0561407734451562,-0.7800000000000011,-1.627971428571431,23.135555555555555,3.808960196402396,16.61,27.0,0,0,1.3333333333333333,403507099254101,24.033849999999976,0.6038499999999765,Unseen_Well_Test,Model_B,Random Forest
403645099242701,PHELPS,40.61264497222222,-99.40752011111113,2005,2005-07-21,27.3,2297.96,11.73095890410959,631.46,64.1328493150685,3.4875890410958905,16.385753424657533,403645099242701,train,,,,,0,,,,,,,,,0,0,0.0,403645099242701,25.27831845238105,-2.0216815476189467,Unseen_Well_Test,Model_B,Random Forest
403646099293301,PHELPS,40.6127772,-99.4935704,2003,2003-04-10,17.89,2354.25,11.669397260273971,498.43,59.134328767123286,3.4380273972602744,16.324191780821916,403646099293301,train,15.07,10.52,360.0,0.9856262833675564,3,13.3,2.437355123899676,4.550000000000001,4.845153061224491,13.3,2.437355123899676,10.52,15.07,0,0,1.0,403646099293301,15.29319999999999,-2.5968000000000107,Unseen_Well_Test,Model_B,Random Forest
403646099293301,PHELPS,40.6127772,-99.4935704,2004,2004-04-12,19.13,2354.25,11.452868852459016,645.8100000000001,63.15969945355192,3.455382513661202,16.150901639344262,403646099293301,train,17.49,17.89,363.0,0.9938398357289528,5,16.816666666666666,1.5258221827373375,-0.4000000000000021,-29.22000000000016,15.056,2.9617528593723006,10.52,17.89,0,0,1.3333333333333333,403646099293301,17.497150000000005,-1.632849999999994,Unseen_Well_Test,Model_B,Random Forest
403646099293301,PHELPS,40.6127772,-99.4935704,2005,2005-04-13,18.65,2354.25,11.73095890410959,631.46,64.1328493150685,3.4875890410958905,16.385753424657533,403646099293301,train,18.73,19.13,363.0,0.9938398357289528,7,18.45,0.8551023330572786,-0.3999999999999986,-48.69999999999983,16.162857142857142,3.071583274066293,10.52,19.13,0,0,1.6666666666666667,403646099293301,17.54910000000004,-1.1008999999999602,Unseen_Well_Test,Model_B,Random Forest
403646099293301,PHELPS,40.6127772,-99.4935704,2006,2006-10-17,17.28,2354.25,12.111013698630138,647.73,59.76945205479451,3.5661095890410954,16.53980821917808,403646099293301,train,18.0,18.25,185.0,0.5065023956194388,10,18.3,0.3278719262150993,-0.25,-0.2501712328767123,16.804,2.7164977452595096,10.52,19.13,0,0,1.6666666666666667,403646099293301,18.279025000000026,0.9990250000000244,Unseen_Well_Test,Model_B,Random Forest
403646099293301,PHELPS,40.6127772,-99.4935704,2007,2007-04-10,17.54,2354.25,11.085424657534244,846.89,69.75419178082191,3.515205479452055,16.23317808219178,403646099293301,train,17.28,18.0,175.0,0.4791238877481177,11,17.843333333333334,0.5036202272877179,-0.7199999999999989,-1.421513513513511,16.847272727272728,2.5810892697041337,10.52,19.13,0,0,2.0,403646099293301,14.899725000000023,-2.640274999999976,Unseen_Well_Test,Model_B,Random Forest
403646099293301,PHELPS,40.6127772,-99.4935704,2007,2007-10-10,17.18,2354.25,11.085424657534244,846.89,69.75419178082191,3.515205479452055,16.23317808219178,403646099293301,train,17.14,17.54,178.0,0.487337440109514,13,17.32,0.2029778313018435,-0.3999999999999986,-29.219999999999896,16.923076923076923,2.364865692505548,10.52,19.13,0,0,2.0,403646099293301,14.910175000000027,-2.2698249999999724,Unseen_Well_Test,Model_B,Random Forest
403646099293301,PHELPS,40.6127772,-99.4935704,2008,2008-04-08,19.47,2354.25,9.928142076502732,875.2,67.25486338797813,3.604426229508197,16.340491803278688,403646099293301,train,17.18,17.14,181.0,0.4955509924709103,14,17.286666666666665,0.2203028218914434,0.0399999999999991,0.0820786516853915,16.94142857142857,2.2731268100362314,10.52,19.13,0,0,2.333333333333333,403646099293301,14.659025000000016,-4.810974999999983,Unseen_Well_Test,Model_B,Random Forest
403651099281401,PHELPS,40.613021,-99.4747929,2003,2003-04-10,39.4,2345.39,11.669397260273971,498.43,59.134328767123286,3.4380273972602744,16.324191780821916,403651099281401,train,38.14,35.0,360.0,0.9856262833675564,2,36.57,2.2203152929257595,3.140000000000001,1.5928958333333336,36.57,2.2203152929257595,35.0,38.14,0,0,0.6666666666666666,403651099281401,38.79294999999997,-0.6070500000000294,Unseen_Well_Test,Model_B,Random Forest
403651099281401,PHELPS,40.613021,-99.4747929,2005,2005-04-13,40.9,2345.39,11.73095890410959,631.46,64.1328493150685,3.4875890410958905,16.385753424657533,403651099281401,train,43.0,41.97,363.0,0.9938398357289528,5,41.45666666666667,1.854085578751244,1.0300000000000011,1.0278893442622965,39.502,3.1804276442013264,35.0,43.0,0,0,1.3333333333333333,403651099281401,42.37907499999985,1.4790749999998525,Unseen_Well_Test,Model_B,Random Forest
403651099281401,PHELPS,40.613021,-99.4747929,2006,2006-10-17,43.93,2345.39,12.111013698630138,647.73,59.76945205479451,3.5661095890410954,16.53980821917808,403651099281401,train,43.0,43.47,185.0,0.5065023956194388,8,42.45666666666667,1.368441936412844,-0.4699999999999988,-0.470321917808218,40.61,2.9416856197959502,35.0,43.47,0,0,1.3333333333333333,403651099281401,43.15722500000001,-0.7727749999999887,Unseen_Well_Test,Model_B,Random Forest
403651099281401,PHELPS,40.613021,-99.4747929,2007,2007-04-10,40.8,2345.39,11.085424657534244,846.89,69.75419178082191,3.515205479452055,16.23317808219178,403651099281401,train,43.93,43.0,175.0,0.4791238877481177,9,43.46666666666667,0.4650089604871428,0.9299999999999996,1.836121621621621,40.97888888888889,2.965895499020677,35.0,43.93,0,0,1.6666666666666667,403651099281401,42.62947499999998,1.8294749999999809,Unseen_Well_Test,Model_B,Random Forest
403651099281401,PHELPS,40.613021,-99.4747929,2007,2007-10-10,41.11,2345.39,11.085424657534244,846.89,69.75419178082191,3.515205479452055,16.23317808219178,403651099281401,train,43.37,40.8,178.0,0.487337440109514,11,42.7,1.669101554729371,2.5700000000000003,187.7385,41.18,2.750941656960394,35.0,43.93,0,0,2.0,403651099281401,41.493325,0.3833249999999992,Unseen_Well_Test,Model_B,Random Forest
403651099281401,PHELPS,40.613021,-99.4747929,2008,2008-04-08,38.61,2345.39,9.928142076502732,875.2,67.25486338797813,3.604426229508197,16.340491803278688,403651099281401,train,41.11,43.37,181.0,0.4955509924709103,12,41.76,1.4028898745090432,-2.259999999999998,-4.637443820224715,41.17416666666667,2.622997793411657,35.0,43.93,0,0,2.333333333333333,403651099281401,40.30652500000004,1.6965250000000438,Unseen_Well_Test,Model_B,Random Forest
403915099190801,PHELPS,40.6573434,-99.3214291,2003,2003-04-10,9.12,2234.03,11.669397260273971,498.43,59.134328767123286,3.4380273972602744,16.324191780821916,403915099190801,train,8.94,8.61,360.0,0.9856262833675564,3,8.276666666666666,0.8787680771018782,0.33,0.3514067055393587,8.276666666666666,0.8787680771018782,7.28,8.94,0,0,1.0,403915099190801,8.510774999999986,-0.6092250000000128,Unseen_Well_Test,Model_B,Random Forest
403915099190801,PHELPS,40.6573434,-99.3214291,2006,2006-10-17,10.78,2234.03,12.111013698630138,647.73,59.76945205479451,3.5661095890410954,16.53980821917808,403915099190801,train,11.0,10.42,190.0,0.5201916495550992,8,10.616666666666667,0.3320140559273559,0.5800000000000001,0.5852071823204421,9.47375,1.217396959558737,7.28,11.0,0,0,1.0,403915099190801,10.536374999999982,-0.2436250000000175,Unseen_Well_Test,Model_B,Random Forest
403915099190801,PHELPS,40.6573434,-99.3214291,2007,2007-10-10,9.5,2234.03,11.085424657534244,846.89,69.75419178082191,3.515205479452055,16.23317808219178,403915099190801,train,9.11,10.78,183.0,0.5010266940451745,10,10.296666666666669,1.0335537399348589,-1.67,-3.4855285714285715,9.568,1.1606588167454244,7.28,11.0,0,0,1.3333333333333333,403915099190801,8.975875000000006,-0.5241249999999944,Unseen_Well_Test,Model_B,Random Forest
403928099371801,PHELPS,40.655954,-99.6202609,2003,2003-04-10,80.55,2432.98,11.669397260273971,498.43,59.134328767123286,3.4380273972602744,16.324191780821916,403928099371801,train,81.04,80.21,360.0,0.9856262833675564,3,80.52333333333333,0.4508140784551209,0.8300000000000125,0.8838411078717334,80.52333333333333,0.4508140784551209,80.21,81.04,0,0,1.0,403928099371801,78.54457500000017,-2.005424999999832,Unseen_Well_Test,Model_B,Random Forest
403928099371801,PHELPS,40.655954,-99.6202609,2004,2004-04-12,81.97,2432.98,11.452868852459016,645.8100000000001,63.15969945355192,3.455382513661202,16.150901639344262,403928099371801,train,82.22,80.55,363.0,0.9938398357289528,5,81.27,0.8584287972802401,1.6700000000000017,121.99350000000013,80.86800000000001,0.8203474873491136,80.21,82.22,0,0,1.3333333333333333,403928099371801,79.78577500000023,-2.1842249999997705,Unseen_Well_Test,Model_B,Random Forest
403928099371801,PHELPS,40.655954,-99.6202609,2005,2005-04-13,82.24,2432.98,11.73095890410959,631.46,64.1328493150685,3.4875890410958905,16.385753424657533,403928099371801,train,83.73,81.97,363.0,0.9938398357289528,7,82.64,0.9522079604792252,1.7600000000000051,214.28000000000063,81.43428571428572,1.2814426394088991,80.21,83.73,0,0,1.6666666666666667,403928099371801,81.37787500000003,-0.8621249999999634,Unseen_Well_Test,Model_B,Random Forest
403928099371801,PHELPS,40.655954,-99.6202609,2006,2006-10-17,83.33,2432.98,12.111013698630138,647.73,59.76945205479451,3.5661095890410954,16.53980821917808,403928099371801,train,84.27,84.0,188.0,0.5147159479808351,10,83.50333333333333,1.1023762213207144,0.269999999999996,0.2724240331491672,82.05499999999999,1.537423891521862,80.21,84.27,0,0,1.6666666666666667,403928099371801,82.44982500000006,-0.8801749999999373,Unseen_Well_Test,Model_B,Random Forest
403928099371801,PHELPS,40.655954,-99.6202609,2007,2007-04-10,82.33,2432.98,11.085424657534244,846.89,69.75419178082191,3.515205479452055,16.23317808219178,403928099371801,train,83.33,84.27,175.0,0.4791238877481177,11,83.86666666666666,0.4839765834555765,-0.9399999999999976,-1.826249999999996,82.17090909090909,1.508339845959489,80.21,84.27,0,0,2.0,403928099371801,81.89960000000015,-0.4303999999998495,Unseen_Well_Test,Model_B,Random Forest
403928099371801,PHELPS,40.655954,-99.6202609,2007,2007-10-10,82.65,2432.98,11.085424657534244,846.89,69.75419178082191,3.515205479452055,16.23317808219178,403928099371801,train,84.0,82.33,178.0,0.487337440109514,13,83.22,0.8404165633779486,1.6700000000000017,121.99350000000013,82.32384615384616,1.466790932964083,80.21,84.27,0,0,2.0,403928099371801,81.88922500000014,-0.7607749999998674,Unseen_Well_Test,Model_B,Random Forest
403928099371801,PHELPS,40.655954,-99.6202609,2008,2008-04-08,82.57,2432.98,9.928142076502732,875.2,67.25486338797813,3.604426229508197,16.340491803278688,403928099371801,train,82.65,84.0,181.0,0.4955509924709103,14,82.99333333333333,0.8863595959503865,-1.3499999999999943,-2.7701544943820107,82.34714285714287,1.4119404463984404,80.21,84.27,0,0,2.333333333333333,403928099371801,81.4861750000001,-1.0838249999998908,Unseen_Well_Test,Model_B,Random Forest
403946099383201,PHELPS,40.66301611111111,-99.64228555555556,2007,2007-10-09,95.15,2446.94,11.085424657534244,846.89,69.75419178082191,3.515205479452055,16.23317808219178,403946099383201,train,95.34,,172.0,0.4709103353867214,1,95.34,,,,95.34,,95.34,95.34,0,0,0.3333333333333333,403946099383201,91.67982500000018,-3.470174999999827,Unseen_Well_Test,Model_B,Random Forest
404033099373001,PHELPS,40.67593911111111,-99.62515633333332,2005,2005-07-21,17.74,2339.74,11.73095890410959,631.46,64.1328493150685,3.4875890410958905,16.385753424657533,404033099373001,train,,,,,0,,,,,,,,,0,0,0.0,404033099373001,9.825498214285698,-7.9145017857143,Unseen_Well_Test,Model_B,Random Forest
404040099383501,PHELPS,40.67796833333333,-99.64313333333334,2007,2007-10-09,10.97,2346.64,11.085424657534244,846.89,69.75419178082191,3.515205479452055,16.23317808219178,404040099383501,train,10.79,,172.0,0.4709103353867214,1,10.79,,,,10.79,,10.79,10.79,0,0,0.3333333333333333,404040099383501,10.055400000000002,-0.9145999999999984,Unseen_Well_Test,Model_B,Random Forest
404102099373001,PHELPS,40.68405933333333,-99.62523716666666,2005,2005-07-21,11.76,2334.85,11.73095890410959,631.46,64.1328493150685,3.4875890410958905,16.385753424657533,404102099373001,train,,,,,0,,,,,,,,,0,0,0.0,404102099373001,15.462343749999922,3.7023437499999226,Unseen_Well_Test,Model_B,Random Forest
402421099112000,PHELPS,40.40549166666666,-99.18921666666668,2011,2011-04-18,53.37,2216.62,10.774520547945205,719.81,64.5308493150685,3.4391506849315068,15.93164383561644,402421099112000,train,56.39,57.92,364.0,0.9965776865160848,27,57.09333333333333,0.7724204381898077,-1.5300000000000011,-3.193328571428574,56.517307692307696,3.5077360877834662,50.0,61.82,0,0,1.6666666666666667,402421099112000,75.56563249999984,22.19563249999984,Unseen_Well_Test,Model_B,Random Forest
403322099254102,PHELPS,40.554275,-99.4303056,2000,2000-04-25,15.17,2335.12,11.749371584699457,552.94,58.68125683060109,3.488169398907104,16.321967213114753,403322099254102,train,,,,,0,,,,,,,,,0,0,0.0,403322099254102,14.434300000000022,-0.7356999999999783,Unseen_Well_Test,Model_B,Random Forest
403322099254102,PHELPS,40.554275,-99.4303056,2005,2005-04-13,12.72,2335.12,11.73095890410959,631.46,64.1328493150685,3.4875890410958905,16.385753424657533,403322099254102,train,15.17,,1814.0,4.966461327857632,1,15.17,,,,15.17,,15.17,15.17,1,1,0.0,403322099254102,15.556575000000043,2.8365750000000443,Unseen_Well_Test,Model_B,Random Forest
403322099254102,PHELPS,40.554275,-99.4303056,2006,2006-04-12,18.86,2335.12,12.111013698630138,647.73,59.76945205479451,3.5661095890410954,16.53980821917808,403322099254102,train,12.72,15.17,364.0,0.9965776865160848,2,13.945,1.732411613907041,-2.45,-0.4933089856670341,13.945,1.732411613907041,12.72,15.17,0,0,0.3333333333333333,403322099254102,15.37735000000002,-3.4826499999999783,Unseen_Well_Test,Model_B,Random Forest
402532099235801,PHELPS,40.42582814,-99.40068743,2011,2011-04-19,114.09,2321.09,10.774520547945205,719.81,64.5308493150685,3.4391506849315068,15.93164383561644,402532099235801,train,117.19,118.93,361.0,0.9883641341546886,15,117.97666666666667,0.881891905696691,-1.740000000000009,-3.3449210526315967,118.35866666666668,1.714388131861236,115.52,121.35,0,0,1.0,402532099235801,111.232475,-2.8575249999999954,Unseen_Well_Test,Model_B,Random Forest
403037099111401,PHELPS,40.5103457694444,-99.1873426,2011,2011-04-18,28.58,2237.5,10.774520547945205,719.81,64.5308493150685,3.4391506849315068,15.93164383561644,403037099111401,train,28.47,30.17,733.0,2.00684462696783,5,29.6,0.9786214794291008,-1.7000000000000028,-1.6646782841823085,30.826,1.8404972154284849,28.47,33.09,1,0,0.3333333333333333,403037099111401,28.66100000000001,0.0810000000000101,Unseen_Well_Test,Model_B,Random Forest
402905099115301,PHELPS,40.4848551,-99.1983097,2011,2011-04-18,30.15,2241.11,10.774520547945205,719.81,64.5308493150685,3.4391506849315068,15.93164383561644,402905099115301,train,30.68,33.24,361.0,0.9883641341546886,15,32.92666666666667,2.107542012234473,-2.5600000000000023,-2.5135483870967765,32.076,3.0931648147857502,25.73,36.8,0,0,0.6666666666666666,402905099115301,30.960400000000003,0.8104000000000049,Unseen_Well_Test,Model_B,Random Forest
402924099235501,PHELPS,40.4901949,-99.398706,2011,2011-04-19,50.42,2336.37,10.774520547945205,719.81,64.5308493150685,3.4391506849315068,15.93164383561644,402924099235501,train,52.53,52.47,361.0,0.9883641341546886,16,53.71666666666667,2.107542012234473,0.0600000000000022,0.1153421052631622,54.731875,3.3256362173274456,47.25,59.81,0,0,1.0,402924099235501,51.41129999999996,0.99129999999996,Unseen_Well_Test,Model_B,Random Forest
402821099282901,PHELPS,40.47215973,-99.47068872,2011,2011-04-20,91.88,2363.91,10.774520547945205,719.81,64.5308493150685,3.4391506849315068,15.93164383561644,402821099282901,train,94.24,97.79,359.0,0.9828884325804244,11,95.29,2.174281490515894,-3.550000000000012,-6.753320312500021,94.74909090909092,3.280211744828237,90.09,100.93,0,0,1.0,402821099282901,94.67692500000034,2.7969250000003427,Unseen_Well_Test,Model_B,Random Forest
403322099201601,PHELPS,40.5547811,-99.3416484,2011,2011-04-19,5.74,2267.67,10.774520547945205,719.81,64.5308493150685,3.4391506849315068,15.93164383561644,403322099201601,train,5.49,7.23,551.0,1.5085557837097878,15,7.16,1.6361234672236686,-1.7400000000000002,-3.4728688524590168,7.710666666666667,2.474384387123006,3.62,11.61,0,0,0.6666666666666666,403322099201601,7.721274999999997,1.9812749999999968,Unseen_Well_Test,Model_B,Random Forest
403138099235801,PHELPS,40.5255500233333,-99.399115,2011,2011-04-19,23.25,2328.14,10.774520547945205,719.81,64.5308493150685,3.4391506849315068,15.93164383561644,403138099235801,train,25.88,30.11,361.0,0.9883641341546886,19,28.506666666666664,2.2931710213879244,-4.23,-8.131618421052632,26.76105263157895,4.247625342780549,18.67,34.37,0,0,1.0,403138099235801,27.40775000000001,4.157750000000011,Unseen_Well_Test,Model_B,Random Forest
403507099254101,PHELPS,40.58520714,-99.42844836,2011,2011-04-20,21.3,2318.5,10.774520547945205,719.81,64.5308493150685,3.4391506849315068,15.93164383561644,403507099254101,train,20.95,23.56,362.0,0.9911019849418208,14,22.50333333333333,1.374057252567495,-2.6099999999999994,-5.017381578947368,23.10571428571429,3.0699253668846347,16.61,27.0,0,0,1.0,403507099254101,21.60007499999999,0.300074999999989,Unseen_Well_Test,Model_B,Random Forest
403322099304801,PHELPS,40.5542755075,-99.5122815,2011,2011-04-20,54.37,2411.43,10.774520547945205,719.81,64.5308493150685,3.4391506849315068,15.93164383561644,403322099304801,train,56.82,58.26,359.0,0.9828884325804244,19,58.35999999999999,1.5923567439490436,-1.4399999999999975,-2.7393749999999955,58.28052631578947,2.6704441446741702,53.15,62.54,0,0,1.0,403322099304801,58.40017458333327,4.03017458333327,Unseen_Well_Test,Model_B,Random Forest
403322099272302,PHELPS,40.5545803,-99.4609332,2011,2011-04-20,14.67,2349.56,10.774520547945205,719.81,64.5308493150685,3.4391506849315068,15.93164383561644,403322099272302,train,13.78,16.21,359.0,0.9828884325804244,12,16.413333333333334,2.740662936833593,-2.430000000000001,-4.622695312500003,18.515000000000004,2.7713222967975546,13.78,22.91,0,0,1.0,403322099272302,14.46275000000002,-0.2072499999999788,Unseen_Well_Test,Model_B,Random Forest
403217099312001,PHELPS,40.5392815,-99.5207383,2011,2011-04-20,96.9,2451.89,10.774520547945205,719.81,64.5308493150685,3.4391506849315068,15.93164383561644,403217099312001,train,99.99,100.51,359.0,0.9828884325804244,19,101.58,2.3182536530759505,-0.5200000000000102,-0.9892187500000196,101.91789473684211,2.971932739906189,96.74,107.27,0,0,1.0,403217099312001,100.50190000000016,3.601900000000157,Unseen_Well_Test,Model_B,Random Forest
403558099371801,PHELPS,40.5994522,-99.622055,2011,2011-04-20,70.66,2483.53,10.774520547945205,719.81,64.5308493150685,3.4391506849315068,15.93164383561644,403558099371801,train,70.77,,359.0,0.9828884325804244,1,70.77,,,,70.77,,70.77,70.77,0,0,0.3333333333333333,403558099371801,73.465125,2.805125000000004,Unseen_Well_Test,Model_B,Random Forest
403915099190801,PHELPS,40.6573434,-99.3214291,2011,2011-04-19,8.07,2234.03,10.774520547945205,719.81,64.5308493150685,3.4391506849315068,15.93164383561644,403915099190801,train,7.71,9.0,361.0,0.9883641341546886,15,8.343333333333334,0.6453164598345011,-1.29,-2.4798552631578947,9.304666666666668,1.084441045401907,7.28,11.0,0,0,1.0,403915099190801,7.741999999999986,-0.3280000000000145,Unseen_Well_Test,Model_B,Random Forest
403646099293301,PHELPS,40.6127772,-99.4935704,2011,2011-04-20,17.59,2354.25,10.774520547945205,719.81,64.5308493150685,3.4391506849315068,15.93164383561644,403646099293301,train,15.9,18.24,362.0,0.9911019849418208,19,17.273333333333333,1.2218565109428077,-2.339999999999998,-4.498342105263155,17.238947368421055,2.104642737528528,10.52,19.47,0,0,1.0,403646099293301,14.458375000000007,-3.131624999999993,Unseen_Well_Test,Model_B,Random Forest
403651099281401,PHELPS,40.613021,-99.4747929,2011,2011-04-20,34.86,2345.39,10.774520547945205,719.81,64.5308493150685,3.4391506849315068,15.93164383561644,403651099281401,train,37.32,40.3,362.0,0.9911019849418208,17,39.36666666666667,1.7747488085172298,-2.979999999999997,-5.728657894736837,40.70470588235295,2.4316946705103075,35.0,43.93,0,0,1.0,403651099281401,38.36044999999999,3.5004499999999936,Unseen_Well_Test,Model_B,Random Forest
403928099371801,PHELPS,40.655954,-99.6202609,2011,2011-04-20,81.33,2432.98,10.774520547945205,719.81,64.5308493150685,3.4391506849315068,15.93164383561644,403928099371801,train,81.55,82.97,362.0,0.9911019849418208,19,82.88,1.2873616430514034,-1.4200000000000017,-2.72976315789474,82.54263157894736,1.353788273718783,80.21,84.27,0,0,1.0,403928099371801,81.11752499999999,-0.2124750000000119,Unseen_Well_Test,Model_B,Random Forest
402630099305500,PHELPS,40.44133611111111,-99.51204166666666,2011,2011-04-21,176.35,2426.38,10.774520547945205,719.81,64.5308493150685,3.4391506849315068,15.93164383561644,402630099305500,train,180.23,179.97,367.0,1.0047912388774811,26,179.49666666666667,1.0530590360152343,0.2599999999999909,0.5457758620689465,179.4936,2.023624800533274,176.14,183.34,0,0,1.3333333333333333,402630099305500,177.9831499999998,1.6331499999998016,Unseen_Well_Test,Model_B,Random Forest
402906099342201,PHELPS,40.485083333333336,-99.57288888888888,2011,2011-04-21,149.48,2458.82,10.774520547945205,719.81,64.5308493150685,3.4391506849315068,15.93164383561644,402906099342201,train,151.09,153.1,367.0,1.0047912388774811,26,151.59,1.332328788250099,-2.009999999999991,-4.219267241379291,151.13080000000002,1.7552277155210785,148.14,154.32,0,0,1.3333333333333333,402906099342201,152.5328750000001,3.052875000000114,Unseen_Well_Test,Model_B,Random Forest
403408099130501,PHELPS,40.56878722222223,-99.21816944444444,2011,2011-04-28,12.27,2216.56,10.774520547945205,719.81,64.5308493150685,3.4391506849315068,15.93164383561644,403408099130501,train,12.49,13.71,372.0,1.0184804928131417,4,14.52,2.534028413416076,-1.2200000000000006,-2.382914438502675,14.51,2.069122197132558,12.49,17.36,0,0,1.3333333333333333,403408099130501,12.579899999999986,0.3098999999999865,Unseen_Well_Test,Model_B,Random Forest
403645099242701,PHELPS,40.61264497222222,-99.40752011111113,2011,2011-04-28,16.42,2297.96,10.774520547945205,719.81,64.5308493150685,3.4391506849315068,15.93164383561644,403645099242701,train,17.99,19.92,379.0,1.0376454483230664,7,19.276666666666667,1.1142860195359796,-1.9300000000000035,-3.9162916666666736,21.09714285714286,3.0366577805525727,17.99,27.3,0,0,1.3333333333333333,403645099242701,17.62184999999996,1.2018499999999577,Unseen_Well_Test,Model_B,Random Forest
403315099351501,PHELPS,40.554270555555554,-99.58744083333332,2011,2011-04-27,67.99,2447.59,10.774520547945205,719.81,64.5308493150685,3.4391506849315068,15.93164383561644,403315099351501,train,70.39,71.12,376.0,1.0294318959616702,4,70.92666666666666,0.4707794954470007,-0.730000000000004,-1.568426470588244,70.445,1.0371917212678987,69.0,71.27,0,0,1.3333333333333333,403315099351501,70.24825000000004,2.2582500000000465,Unseen_Well_Test,Model_B,Random Forest
403903099214301,PHELPS,40.650864722222224,-99.3618686111111,2011,2011-04-28,6.29,2248.47,10.774520547945205,719.81,64.5308493150685,3.4391506849315068,15.93164383561644,403903099214301,train,6.39,7.84,379.0,1.0376454483230664,5,7.666666666666667,1.1994304203801625,-1.4500000000000002,-2.942291666666667,7.423999999999999,0.9420881062830588,6.39,8.77,0,0,1.3333333333333333,403903099214301,6.5580749999999615,0.2680749999999614,Unseen_Well_Test,Model_B,Random Forest
404033099373001,PHELPS,40.67593911111111,-99.62515633333332,2011,2011-04-21,8.25,2339.74,10.774520547945205,719.81,64.5308493150685,3.4391506849315068,15.93164383561644,404033099373001,train,8.29,8.19,370.0,1.0130047912388775,7,9.233333333333333,1.7212301802296333,0.0999999999999996,0.2227134146341455,10.45857142857143,3.3707339881764056,8.19,17.74,0,0,1.3333333333333333,404033099373001,8.134199999999982,-0.1158000000000178,Unseen_Well_Test,Model_B,Random Forest
404040099383501,PHELPS,40.67796833333333,-99.64313333333334,2011,2011-04-21,10.21,2346.64,10.774520547945205,719.81,64.5308493150685,3.4391506849315068,15.93164383561644,404040099383501,train,10.16,9.68,370.0,1.0130047912388775,7,11.246666666666664,2.310353508304159,0.4800000000000004,1.0690243902439034,11.077142857142857,1.37145560489229,9.68,13.9,0,0,1.3333333333333333,404040099383501,10.485024999999998,0.2750249999999976,Unseen_Well_Test,Model_B,Random Forest
404102099373001,PHELPS,40.68405933333333,-99.62523716666666,2011,2011-04-21,8.07,2334.85,10.774520547945205,719.81,64.5308493150685,3.4391506849315068,15.93164383561644,404102099373001,train,8.85,7.63,370.0,1.0130047912388775,7,9.183333333333332,1.7440565740059393,1.2199999999999998,2.7171036585365846,9.882857142857144,1.360682601805852,7.63,11.76,0,0,1.3333333333333333,404102099373001,7.817799999999989,-0.2522000000000108,Unseen_Well_Test,Model_B,Random Forest
403946099383201,PHELPS,40.66301611111111,-99.64228555555556,2011,2011-04-21,93.79,2446.94,10.774520547945205,719.81,64.5308493150685,3.4391506849315068,15.93164383561644,403946099383201,train,94.84,95.06,370.0,1.0130047912388775,7,96.07,1.943013123990674,-0.2199999999999988,-0.4899695121951194,95.58285714285716,1.218314604767781,94.84,98.31,0,0,1.3333333333333333,403946099383201,91.25970000000002,-2.5302999999999827,Unseen_Well_Test,Model_B,Random Forest
402340099353701,PHELPS,40.39445302,-99.59399869,2011,2011-05-09,24.62,2264.29,10.774520547945205,719.81,64.5308493150685,3.4391506849315068,15.93164383561644,402340099353701,train,24.61,24.96,371.0,1.0157426420260096,10,24.66,0.2783882181415015,-0.3500000000000014,-0.1744031377899052,25.117,0.3602792127102414,24.41,25.44,0,0,0.3333333333333333,402340099353701,26.22909999999997,1.609099999999973,Unseen_Well_Test,Model_B,Random Forest
402524099201601,PHELPS,40.42334431,-99.33815365,2011,2011-05-09,112.01,2312.07,10.774520547945205,719.81,64.5308493150685,3.4391506849315068,15.93164383561644,402524099201601,train,114.02,114.53,371.0,1.0157426420260096,11,114.57333333333332,0.5762233363317877,-0.5100000000000051,-0.5145787292817732,114.44545454545457,3.3588937572848696,109.06,120.28,0,0,0.6666666666666666,402524099201601,111.33809166666664,-0.6719083333333771,Unseen_Well_Test,Model_B,Random Forest
402421099112000,PHELPS,40.40549166666666,-99.18921666666668,2011,2011-11-07,55.09,2216.62,10.774520547945205,719.81,64.5308493150685,3.4391506849315068,15.93164383561644,402421099112000,train,53.37,56.39,203.0,0.5557837097878165,28,55.89333333333334,2.31530415568524,-3.020000000000003,-3.0303708791208823,56.40074074074074,3.4925414219512967,50.0,61.82,0,0,1.3333333333333333,402421099112000,75.31233249999983,20.222332499999823,Unseen_Well_Test,Model_B,Random Forest
402630099305500,PHELPS,40.44133611111111,-99.51204166666666,2011,2011-11-04,177.46,2426.38,10.774520547945205,719.81,64.5308493150685,3.4391506849315068,15.93164383561644,402630099305500,train,176.35,180.23,197.0,0.5393566050650239,27,178.85,2.1689628858051027,-3.879999999999996,-3.861498637602176,179.37269230769232,2.076376762906593,176.14,183.34,0,0,1.3333333333333333,402630099305500,178.8775499999998,1.4175499999997785,Unseen_Well_Test,Model_B,Random Forest
402906099342201,PHELPS,40.485083333333336,-99.57288888888888,2011,2011-11-04,149.86,2458.82,10.774520547945205,719.81,64.5308493150685,3.4391506849315068,15.93164383561644,402906099342201,train,149.48,151.09,197.0,0.5393566050650239,27,151.22333333333333,1.8136795012717488,-1.6100000000000136,-1.6023228882833924,151.0673076923077,1.7499727030838144,148.14,154.32,0,0,1.3333333333333333,402906099342201,148.85190000000014,-1.008099999999871,Unseen_Well_Test,Model_B,Random Forest
403408099130501,PHELPS,40.56878722222223,-99.21816944444444,2011,2011-10-25,12.41,2216.56,10.774520547945205,719.81,64.5308493150685,3.4391506849315068,15.93164383561644,403408099130501,train,12.27,12.49,180.0,0.4928131416837782,5,12.823333333333332,0.7757147241952639,-0.2200000000000006,-0.2160080645161296,14.062,2.052917436235564,12.27,17.36,0,0,1.3333333333333333,403408099130501,11.462300000000011,-0.9476999999999868,Unseen_Well_Test,Model_B,Random Forest
403645099242701,PHELPS,40.61264497222222,-99.40752011111113,2011,2011-10-25,16.66,2297.96,10.774520547945205,719.81,64.5308493150685,3.4391506849315068,15.93164383561644,403645099242701,train,16.42,17.99,180.0,0.4928131416837782,8,18.11,1.7530829986055996,-1.5699999999999967,-1.513040897097622,20.5125,3.2616593060237653,16.42,27.3,0,0,1.3333333333333333,403645099242701,17.743800000000025,1.083800000000025,Unseen_Well_Test,Model_B,Random Forest
403315099351501,PHELPS,40.554270555555554,-99.58744083333332,2011,2011-10-25,67.14,2447.59,10.774520547945205,719.81,64.5308493150685,3.4391506849315068,15.93164383561644,403315099351501,train,67.99,70.39,181.0,0.4955509924709103,5,69.83333333333333,1.637569336954423,-2.4000000000000057,-2.331382978723409,69.954,1.418530930223238,67.99,71.27,0,0,1.3333333333333333,403315099351501,69.72124999999984,2.581249999999841,Unseen_Well_Test,Model_B,Random Forest
403903099214301,PHELPS,40.650864722222224,-99.3618686111111,2011,2011-10-24,5.83,2248.47,10.774520547945205,719.81,64.5308493150685,3.4391506849315068,15.93164383561644,403903099214301,train,6.29,6.39,179.0,0.4900752908966461,6,6.84,0.8674675786448736,-0.0999999999999996,-0.0963720316622687,7.234999999999999,0.961431224789376,6.29,8.77,0,0,1.3333333333333333,403903099214301,6.530299999999991,0.7002999999999906,Unseen_Well_Test,Model_B,Random Forest
404033099373001,PHELPS,40.67593911111111,-99.62515633333332,2011,2011-10-25,6.32,2339.74,10.774520547945205,719.81,64.5308493150685,3.4391506849315068,15.93164383561644,404033099373001,train,8.25,8.29,187.0,0.5119780971937029,8,8.243333333333332,0.0503322295684715,-0.0399999999999991,-0.0394864864864856,10.1825,3.216900682333851,8.19,17.74,0,0,1.6666666666666667,404033099373001,7.838774999999987,1.5187749999999864,Unseen_Well_Test,Model_B,Random Forest
404040099383501,PHELPS,40.67796833333333,-99.64313333333334,2011,2011-10-25,7.61,2346.64,10.774520547945205,719.81,64.5308493150685,3.4391506849315068,15.93164383561644,404040099383501,train,10.21,10.16,187.0,0.5119780971937029,8,10.016666666666667,0.2926317367158484,0.0500000000000007,0.0493581081081088,10.96875,1.306209756728003,9.68,13.9,0,0,1.6666666666666667,404040099383501,8.914549999999991,1.304549999999991,Unseen_Well_Test,Model_B,Random Forest
404102099373001,PHELPS,40.68405933333333,-99.62523716666666,2011,2011-10-25,7.78,2334.85,10.774520547945205,719.81,64.5308493150685,3.4391506849315068,15.93164383561644,404102099373001,train,8.07,8.85,187.0,0.5119780971937029,8,8.183333333333334,0.6178457196852084,-0.7799999999999994,-0.7699864864864858,9.65625,1.4134247920767284,7.63,11.76,0,0,1.6666666666666667,404102099373001,7.391449999999991,-0.3885500000000093,Unseen_Well_Test,Model_B,Random Forest
403946099383201,PHELPS,40.66301611111111,-99.64228555555556,2011,2011-10-25,91.95,2446.94,10.774520547945205,719.81,64.5308493150685,3.4391506849315068,15.93164383561644,403946099383201,train,93.79,94.84,187.0,0.5119780971937029,8,94.56333333333332,0.6786997372427152,-1.0499999999999972,-1.0365202702702674,95.35875,1.2938473910892927,93.79,98.31,0,0,1.6666666666666667,403946099383201,90.57135000000004,-1.3786499999999648,Unseen_Well_Test,Model_B,Random Forest
402421099112000,PHELPS,40.40549166666666,-99.18921666666668,2010,2010-04-19,56.39,2216.62,10.826602739726027,732.57,68.62682191780821,3.442082191780821,16.382575342465753,402421099112000,train,57.92,56.97,175.0,0.4791238877481177,26,57.586666666666666,0.5346338310781837,0.9500000000000028,1.8756081081081133,56.5224,3.579970065051755,50.0,61.82,0,0,2.333333333333333,402421099112000,77.2791324999999,20.889132499999903,Unseen_Well_Test,Model_B,Random Forest
402421099112000,PHELPS,40.40549166666666,-99.18921666666668,2009,2009-10-26,57.92,2216.62,9.77372602739726,654.45,68.90076712328766,3.458410958904109,15.795123287671233,402421099112000,train,56.97,57.870000000000005,185.0,0.5065023956194388,25,57.66,0.6126173356998658,-0.9000000000000057,-1.668654822335036,56.46416666666666,3.6448521371174,50.0,61.82,0,0,2.333333333333333,402421099112000,76.13131999999989,18.211319999999887,Unseen_Well_Test,Model_B,Random Forest
402532099235801,PHELPS,40.42582814,-99.40068743,2009,2009-10-15,118.93,2321.09,9.77372602739726,654.45,68.90076712328766,3.458410958904109,15.795123287671233,402532099235801,train,117.81,118.78,183.0,0.5010266940451745,13,118.43,0.5384236250388719,-0.9699999999999988,-0.9706643835616426,118.40461538461538,1.812643628261472,115.52,121.35,0,0,2.0,402532099235801,111.58717500000016,-7.342824999999848,Unseen_Well_Test,Model_B,Random Forest
402532099235801,PHELPS,40.42582814,-99.40068743,2010,2010-04-23,117.19,2321.09,10.826602739726027,732.57,68.62682191780821,3.442082191780821,16.382575342465753,402532099235801,train,118.93,117.81,190.0,0.5201916495550992,14,118.50666666666666,0.607974780178697,1.1200000000000043,2.2354098360655827,118.44214285714284,1.7471831332458805,115.52,121.35,0,0,1.6666666666666667,402532099235801,111.5918125,-5.5981874999999945,Unseen_Well_Test,Model_B,Random Forest
402630099305500,PHELPS,40.44133611111111,-99.51204166666666,2010,2010-04-19,180.23,2426.38,10.826602739726027,732.57,68.62682191780821,3.442082191780821,16.382575342465753,402630099305500,train,179.97,178.29,174.0,0.4763860369609856,25,179.83,1.4749915253993826,1.6800000000000068,3.2813903743315644,179.4629166666667,2.0611994801817337,176.14,183.34,0,0,2.0,402630099305500,177.67896250000027,-2.5510374999997225,Unseen_Well_Test,Model_B,Random Forest
402630099305500,PHELPS,40.44133611111111,-99.51204166666666,2009,2009-10-27,179.97,2426.38,9.77372602739726,654.45,68.90076712328766,3.458410958904109,15.795123287671233,402630099305500,train,178.29,181.23,187.0,0.5119780971937029,24,179.23333333333332,1.7300385352162864,-2.9399999999999977,-5.5068461538461495,179.4408695652174,2.104628909297267,176.14,183.34,0,0,2.0,402630099305500,179.45582499999983,-0.514175000000165,Unseen_Well_Test,Model_B,Random Forest
402905099115301,PHELPS,40.4848551,-99.1983097,2010,2010-04-22,30.68,2241.11,10.826602739726027,732.57,68.62682191780821,3.442082191780821,16.382575342465753,402905099115301,train,33.24,34.86,372.0,1.0184804928131417,14,33.21333333333334,1.6601606347981313,-1.6199999999999974,-1.6211095890410934,32.175714285714285,3.184811827035684,25.73,36.8,0,0,1.3333333333333333,402905099115301,34.0786,3.398600000000002,Unseen_Well_Test,Model_B,Random Forest
402906099342201,PHELPS,40.485083333333336,-99.57288888888888,2010,2010-04-19,151.09,2458.82,10.826602739726027,732.57,68.62682191780821,3.442082191780821,16.382575342465753,402906099342201,train,153.1,150.58,174.0,0.4763860369609856,25,152.31000000000003,1.50009999666688,2.519999999999982,4.922085561497291,151.13250000000002,1.79295784280807,148.14,154.32,0,0,2.0,402906099342201,151.07202499999977,-0.0179750000002343,Unseen_Well_Test,Model_B,Random Forest
402906099342201,PHELPS,40.485083333333336,-99.57288888888888,2009,2009-10-27,153.1,2458.82,9.77372602739726,654.45,68.90076712328766,3.458410958904109,15.795123287671233,402906099342201,train,150.58,153.25,187.0,0.5119780971937029,24,151.45000000000002,1.5591343752223474,-2.6699999999999875,-5.001115384615361,151.04695652173913,1.7824738549213766,148.14,154.32,0,0,2.0,402906099342201,153.67569999999998,0.5756999999999834,Unseen_Well_Test,Model_B,Random Forest
402924099235501,PHELPS,40.4901949,-99.398706,2009,2009-10-15,52.47,2336.37,9.77372602739726,654.45,68.90076712328766,3.458410958904109,15.795123287671233,402924099235501,train,56.15,56.48,183.0,0.5010266940451745,14,55.37,1.645083584502624,-0.3299999999999983,-0.3302260273972586,55.050714285714285,3.447521884318814,47.25,59.81,0,0,2.333333333333333,402924099235501,55.11614999999993,2.646149999999928,Unseen_Well_Test,Model_B,Random Forest
402924099235501,PHELPS,40.4901949,-99.398706,2010,2010-04-23,52.53,2336.37,10.826602739726027,732.57,68.62682191780821,3.442082191780821,16.382575342465753,402924099235501,train,52.47,56.15,190.0,0.5201916495550992,15,55.03333333333333,2.226035339641608,-3.68,-7.344918032786885,54.87866666666667,3.388282048191271,47.25,59.81,0,0,1.6666666666666667,402924099235501,51.45845000000003,-1.0715499999999736,Unseen_Well_Test,Model_B,Random Forest
403138099235801,PHELPS,40.5255500233333,-99.399115,2009,2009-10-15,30.11,2328.14,9.77372602739726,654.45,68.90076712328766,3.458410958904109,15.795123287671233,403138099235801,train,29.53,29.0,183.0,0.5010266940451745,17,28.19333333333333,1.8750022222209053,0.5300000000000011,0.5303630136986313,26.615882352941178,4.418793753423452,18.67,34.37,0,0,2.333333333333333,403138099235801,30.314574999999973,0.2045749999999735,Unseen_Well_Test,Model_B,Random Forest
403138099235801,PHELPS,40.5255500233333,-99.399115,2010,2010-04-23,25.88,2328.14,10.826602739726027,732.57,68.62682191780821,3.442082191780821,16.382575342465753,403138099235801,train,30.11,29.53,190.0,0.5201916495550992,18,29.546666666666667,0.555187655962678,0.5799999999999983,1.1576229508196687,26.81,4.365253176405424,18.67,34.37,0,0,1.6666666666666667,403138099235801,29.076799999999984,3.196799999999985,Unseen_Well_Test,Model_B,Random Forest
403217099312001,PHELPS,40.5392815,-99.5207383,2009,2009-10-16,100.51,2451.89,9.77372602739726,654.45,68.90076712328766,3.458410958904109,15.795123287671233,403217099312001,train,104.24,105.0,183.0,0.5010266940451745,17,103.48,2.0107709964090863,-0.7600000000000051,-0.7584426229508248,102.11411764705883,3.088581913321081,96.74,107.27,0,0,2.333333333333333,403217099312001,103.76157499999994,3.2515749999999315,Unseen_Well_Test,Model_B,Random Forest
403217099312001,PHELPS,40.5392815,-99.5207383,2010,2010-04-26,99.99,2451.89,10.826602739726027,732.57,68.62682191780821,3.442082191780821,16.382575342465753,403217099312001,train,100.51,104.24,192.0,0.5256673511293635,18,103.25,2.403143774308974,-3.7299999999999898,-7.444713114754078,102.025,3.02012514349206,96.74,107.27,0,0,1.6666666666666667,403217099312001,99.85690000000004,-0.133099999999942,Unseen_Well_Test,Model_B,Random Forest
403315099351501,PHELPS,40.554270555555554,-99.58744083333332,2010,2010-04-16,70.39,2447.59,10.826602739726027,732.57,68.62682191780821,3.442082191780821,16.382575342465753,403315099351501,train,71.12,71.27,170.0,0.4654346338124572,3,70.46333333333332,1.2695012143882862,-0.1499999999999914,-0.2929812834224433,70.46333333333332,1.2695012143882862,69.0,71.27,0,0,1.0,403315099351501,71.42852499999995,1.0385249999999502,Unseen_Well_Test,Model_B,Random Forest
403315099351501,PHELPS,40.554270555555554,-99.58744083333332,2009,2009-10-28,71.12,2447.59,9.77372602739726,654.45,68.90076712328766,3.458410958904109,15.795123287671233,403315099351501,train,71.27,69.0,187.0,0.5119780971937029,2,70.13499999999999,1.60513239329346,2.269999999999996,4.230191326530605,70.13499999999999,1.60513239329346,69.0,71.27,0,0,0.6666666666666666,403315099351501,72.3558499999999,1.2358499999998998,Unseen_Well_Test,Model_B,Random Forest
403322099201601,PHELPS,40.5547811,-99.3416484,2009,2009-10-15,5.49,2267.67,9.77372602739726,654.45,68.90076712328766,3.458410958904109,15.795123287671233,403322099201601,train,7.23,8.76,183.0,0.5010266940451745,14,7.676666666666667,0.9429916931412136,-1.5299999999999994,-1.5310479452054788,7.869285714285715,2.4873911705167795,3.62,11.61,0,0,1.3333333333333333,403322099201601,9.285800000000007,3.795800000000007,Unseen_Well_Test,Model_B,Random Forest
403322099304801,PHELPS,40.5542755075,-99.5122815,2009,2009-10-16,58.26,2411.43,9.77372602739726,654.45,68.90076712328766,3.458410958904109,15.795123287671233,403322099304801,train,60.0,60.66,183.0,0.5010266940451745,17,59.53666666666667,1.413164298067753,-0.6599999999999966,-0.6586475409836031,58.36764705882353,2.8073598126437336,53.15,62.54,0,0,2.333333333333333,403322099304801,60.31514750000002,2.055147500000025,Unseen_Well_Test,Model_B,Random Forest
403322099304801,PHELPS,40.5542755075,-99.5122815,2010,2010-04-26,56.82,2411.43,10.826602739726027,732.57,68.62682191780821,3.442082191780821,16.382575342465753,403322099304801,train,58.26,60.0,192.0,0.5256673511293635,18,59.63999999999999,1.239838699186309,-1.740000000000002,-3.4728688524590203,58.361666666666665,2.723657251478132,53.15,62.54,0,0,1.6666666666666667,403322099304801,59.30331625000002,2.4833162500000228,Unseen_Well_Test,Model_B,Random Forest
403408099130501,PHELPS,40.56878722222223,-99.21816944444444,2010,2010-04-21,12.49,2216.56,10.826602739726027,732.57,68.62682191780821,3.442082191780821,16.382575342465753,403408099130501,train,13.71,17.36,187.0,0.5119780971937029,3,15.183333333333332,1.9239629241056933,-3.649999999999999,-7.618071428571426,15.183333333333332,1.9239629241056933,13.71,17.36,0,0,1.0,403408099130501,12.97857500000001,0.4885750000000097,Unseen_Well_Test,Model_B,Random Forest
403408099130501,PHELPS,40.56878722222223,-99.21816944444444,2009,2009-10-16,13.71,2216.56,9.77372602739726,654.45,68.90076712328766,3.458410958904109,15.795123287671233,403408099130501,train,17.36,14.48,175.0,0.4791238877481177,2,15.92,2.0364675298172563,2.879999999999999,5.33969543147208,15.92,2.0364675298172563,14.48,17.36,0,0,0.6666666666666666,403408099130501,14.59545000000004,0.8854500000000378,Unseen_Well_Test,Model_B,Random Forest
403507099254101,PHELPS,40.58520714,-99.42844836,2009,2009-10-15,23.56,2318.5,9.77372602739726,654.45,68.90076712328766,3.458410958904109,15.795123287671233,403507099254101,train,23.0,24.32,182.0,0.4982888432580424,12,23.58333333333333,0.6732260640626844,-1.3200000000000005,-1.2925737265415551,23.2475,3.267234373984434,16.61,27.0,0,0,1.6666666666666667,403507099254101,22.751874999999945,-0.8081250000000537,Unseen_Well_Test,Model_B,Random Forest
403507099254101,PHELPS,40.58520714,-99.42844836,2010,2010-04-23,20.95,2318.5,10.826602739726027,732.57,68.62682191780821,3.442082191780821,16.382575342465753,403507099254101,train,23.56,23.0,190.0,0.5201916495550992,13,23.626666666666665,0.6625204399362585,0.5599999999999987,1.1238461538461513,23.271538461538466,3.129339243764425,16.61,27.0,0,0,1.3333333333333333,403507099254101,22.165549999999968,1.2155499999999684,Unseen_Well_Test,Model_B,Random Forest
403645099242701,PHELPS,40.61264497222222,-99.40752011111113,2010,2010-04-14,17.99,2297.96,10.826602739726027,732.57,68.62682191780821,3.442082191780821,16.382575342465753,403645099242701,train,19.92,19.92,180.0,0.4928131416837782,6,19.973333333333333,0.0923760430703381,0.0,0.0,21.615,2.968647840347521,19.92,27.3,0,0,1.6666666666666667,403645099242701,19.26787499999996,1.277874999999959,Unseen_Well_Test,Model_B,Random Forest
403645099242701,PHELPS,40.61264497222222,-99.40752011111113,2009,2009-10-16,19.92,2297.96,9.77372602739726,654.45,68.90076712328766,3.458410958904109,15.795123287671233,403645099242701,train,19.92,20.08,175.0,0.4791238877481177,5,19.98,0.0871779788708116,-0.1599999999999966,-0.2966497461928871,21.954,3.1865624111258204,19.92,27.3,0,0,1.3333333333333333,403645099242701,20.13185000000001,0.2118500000000125,Unseen_Well_Test,Model_B,Random Forest
403646099293301,PHELPS,40.6127772,-99.4935704,2009,2009-10-15,18.24,2354.25,9.77372602739726,654.45,68.90076712328766,3.458410958904109,15.795123287671233,403646099293301,train,17.68,19.07,182.0,0.4982888432580424,17,18.74,0.9395211546314428,-1.3900000000000006,-1.3871516393442629,17.258823529411767,2.1927405294315525,10.52,19.47,0,0,2.333333333333333,403646099293301,15.346900000000003,-2.8930999999999933,Unseen_Well_Test,Model_B,Random Forest
403646099293301,PHELPS,40.6127772,-99.4935704,2010,2010-04-23,15.9,2354.25,10.826602739726027,732.57,68.62682191780821,3.442082191780821,16.382575342465753,403646099293301,train,18.24,17.68,190.0,0.5201916495550992,18,18.33,0.6993568473962348,0.5599999999999987,1.1238461538461513,17.313333333333336,2.139804828923038,10.52,19.47,0,0,1.6666666666666667,403646099293301,16.83170000000002,0.9317000000000188,Unseen_Well_Test,Model_B,Random Forest
403651099281401,PHELPS,40.613021,-99.4747929,2009,2009-10-15,40.3,2345.39,9.77372602739726,654.45,68.90076712328766,3.458410958904109,15.795123287671233,403651099281401,train,40.48,41.18,182.0,0.4982888432580424,15,40.09,1.3286459272507478,-0.7000000000000028,-0.6985655737704947,40.95733333333333,2.420638837363472,35.0,43.93,0,0,2.333333333333333,403651099281401,40.09297499999994,-0.2070250000000584,Unseen_Well_Test,Model_B,Random Forest
403651099281401,PHELPS,40.613021,-99.4747929,2010,2010-04-23,37.32,2345.39,10.826602739726027,732.57,68.62682191780821,3.442082191780821,16.382575342465753,403651099281401,train,40.3,40.48,190.0,0.5201916495550992,16,40.65333333333333,0.4649014232429653,-0.1799999999999997,-0.3612362637362631,40.916250000000005,2.3443261291893664,35.0,43.93,0,0,1.6666666666666667,403651099281401,40.27424999999997,2.9542499999999734,Unseen_Well_Test,Model_B,Random Forest
403903099214301,PHELPS,40.650864722222224,-99.3618686111111,2010,2010-04-14,6.39,2248.47,10.826602739726027,732.57,68.62682191780821,3.442082191780821,16.382575342465753,403903099214301,train,7.84,8.77,180.0,0.4928131416837782,4,7.776666666666666,1.026466430689934,-0.9299999999999996,-1.9410428571428568,7.6825,0.8590062087474494,6.72,8.77,0,0,1.3333333333333333,403903099214301,6.889574999999985,0.499574999999985,Unseen_Well_Test,Model_B,Random Forest
403903099214301,PHELPS,40.650864722222224,-99.3618686111111,2009,2009-10-16,7.84,2248.47,9.77372602739726,654.45,68.90076712328766,3.458410958904109,15.795123287671233,403903099214301,train,8.77,6.72,175.0,0.4791238877481177,3,7.63,1.0441743149493763,2.05,3.800824873096447,7.63,1.0441743149493763,6.72,8.77,0,0,1.0,403903099214301,8.116750000000033,0.2767500000000336,Unseen_Well_Test,Model_B,Random Forest
403915099190801,PHELPS,40.6573434,-99.3214291,2009,2009-10-15,9.0,2234.03,9.77372602739726,654.45,68.90076712328766,3.458410958904109,15.795123287671233,403915099190801,train,8.32,9.36,183.0,0.5010266940451745,13,9.06,0.6446704584514477,-1.0399999999999991,-1.0211290322580635,9.450769230769232,1.0626575298001826,7.28,11.0,0,0,1.6666666666666667,403915099190801,8.969149999999988,-0.0308500000000115,Unseen_Well_Test,Model_B,Random Forest
403915099190801,PHELPS,40.6573434,-99.3214291,2010,2010-04-23,7.71,2234.03,10.826602739726027,732.57,68.62682191780821,3.442082191780821,16.382575342465753,403915099190801,train,9.0,8.32,190.0,0.5201916495550992,14,8.893333333333333,0.5281413952090225,0.6799999999999997,1.3572131147540978,9.418571428571427,1.0280516085732807,7.28,11.0,0,0,1.3333333333333333,403915099190801,7.689249999999995,-0.0207500000000049,Unseen_Well_Test,Model_B,Random Forest
403928099371801,PHELPS,40.655954,-99.6202609,2009,2009-10-15,82.97,2432.98,9.77372602739726,654.45,68.90076712328766,3.458410958904109,15.795123287671233,403928099371801,train,84.12,84.24,182.0,0.4982888432580424,17,83.64333333333333,0.9314683748433652,-0.1199999999999903,-0.1197540983606461,82.57588235294118,1.4098451103912517,80.21,84.27,0,0,2.333333333333333,403928099371801,82.41405,-0.5559499999999957,Unseen_Well_Test,Model_B,Random Forest
403928099371801,PHELPS,40.655954,-99.6202609,2010,2010-04-23,81.55,2432.98,10.826602739726027,732.57,68.62682191780821,3.442082191780821,16.382575342465753,403928099371801,train,82.97,84.12,190.0,0.5201916495550992,18,83.77666666666667,0.701165696061447,-1.1500000000000057,-2.307898351648363,82.59777777777778,1.3709016163934116,80.21,84.27,0,0,1.6666666666666667,403928099371801,81.39145000000002,-0.1585499999999768,Unseen_Well_Test,Model_B,Random Forest
403946099383201,PHELPS,40.66301611111111,-99.64228555555556,2010,2010-04-16,94.84,2446.94,10.826602739726027,732.57,68.62682191780821,3.442082191780821,16.382575342465753,403946099383201,train,95.06,98.31,164.0,0.4490075290896646,6,96.11666666666667,1.8999035063216585,-3.25,-6.0875,95.70666666666666,1.2854519309047168,94.98,98.31,0,0,2.0,403946099383201,91.16642500000022,-3.6735749999997855,Unseen_Well_Test,Model_B,Random Forest
403946099383201,PHELPS,40.66301611111111,-99.64228555555556,2009,2009-11-03,95.06,2446.94,9.77372602739726,654.45,68.90076712328766,3.458410958904109,15.795123287671233,403946099383201,train,98.31,94.98,195.0,0.5338809034907598,5,96.23,1.813532464556396,3.3299999999999983,7.154602941176467,95.836,1.3928495970491563,94.98,98.31,0,0,1.6666666666666667,403946099383201,94.78075000000014,-0.2792499999998625,Unseen_Well_Test,Model_B,Random Forest
404033099373001,PHELPS,40.67593911111111,-99.62515633333332,2010,2010-04-16,8.29,2339.74,10.826602739726027,732.57,68.62682191780821,3.442082191780821,16.382575342465753,404033099373001,train,8.19,11.22,164.0,0.4490075290896646,6,9.51,1.552191998433184,-3.030000000000001,-5.675423076923079,10.82,3.5407513326976234,8.19,17.74,0,0,1.3333333333333333,404033099373001,9.010599999999991,0.7205999999999939,Unseen_Well_Test,Model_B,Random Forest
404033099373001,PHELPS,40.67593911111111,-99.62515633333332,2009,2009-11-03,8.19,2339.74,9.77372602739726,654.45,68.90076712328766,3.458410958904109,15.795123287671233,404033099373001,train,11.22,9.12,195.0,0.5338809034907598,5,10.03,1.0776363022838464,2.1000000000000014,4.511911764705886,11.346,3.687286264992182,8.9,17.74,0,0,1.3333333333333333,404033099373001,10.804149999999998,2.614149999999998,Unseen_Well_Test,Model_B,Random Forest
404040099383501,PHELPS,40.67796833333333,-99.64313333333334,2010,2010-04-16,10.16,2346.64,10.826602739726027,732.57,68.62682191780821,3.442082191780821,16.382575342465753,404040099383501,train,9.68,13.9,164.0,0.4490075290896646,6,11.38,2.2262973745661205,-4.220000000000001,-7.904384615384616,11.23,1.435548675594109,9.68,13.9,0,0,2.0,404040099383501,10.71994999999999,0.55994999999999,Unseen_Well_Test,Model_B,Random Forest
404040099383501,PHELPS,40.67796833333333,-99.64313333333334,2009,2009-11-03,9.68,2346.64,9.77372602739726,654.45,68.90076712328766,3.458410958904109,15.795123287671233,404040099383501,train,13.9,10.56,195.0,0.5338809034907598,5,11.98,1.7252246230563717,3.34,7.1760882352941175,11.54,1.362075621982862,10.56,13.9,0,0,1.6666666666666667,404040099383501,12.52527499999999,2.8452749999999902,Unseen_Well_Test,Model_B,Random Forest
404102099373001,PHELPS,40.68405933333333,-99.62523716666666,2010,2010-04-16,8.85,2334.85,10.826602739726027,732.57,68.62682191780821,3.442082191780821,16.382575342465753,404102099373001,train,7.63,11.07,164.0,0.4490075290896646,6,9.573333333333332,1.7629615234977007,-3.4400000000000004,-6.443384615384616,10.055,1.4045746687164766,7.63,11.76,0,0,1.3333333333333333,404102099373001,8.603424999999998,-0.2465750000000017,Unseen_Well_Test,Model_B,Random Forest
404102099373001,PHELPS,40.68405933333333,-99.62523716666666,2009,2009-11-03,7.63,2334.85,9.77372602739726,654.45,68.90076712328766,3.458410958904109,15.795123287671233,404102099373001,train,11.07,10.02,195.0,0.5338809034907598,5,10.363333333333332,0.6120729803980353,1.0500000000000007,2.255955882352943,10.54,0.8377648834846207,9.85,11.76,0,0,1.3333333333333333,404102099373001,10.227674999999994,2.5976749999999944,Unseen_Well_Test,Model_B,Random Forest
402821099282901,PHELPS,40.47215973,-99.47068872,2009,2009-10-16,97.79,2363.91,9.77372602739726,654.45,68.90076712328766,3.458410958904109,15.795123287671233,402821099282901,train,93.84,95.0,183.0,0.5010266940451745,9,96.59,3.803038259076553,-1.1599999999999966,-1.1576229508196687,94.46777777777778,3.4888994603519974,90.09,100.93,0,0,1.0,402821099282901,94.8312000000003,-2.9587999999997123,Unseen_Well_Test,Model_B,Random Forest
403322099272302,PHELPS,40.5545803,-99.4609332,2009,2009-10-16,16.21,2349.56,9.77372602739726,654.45,68.90076712328766,3.458410958904109,15.795123287671233,403322099272302,train,19.25,20.46,183.0,0.5010266940451745,10,20.040000000000003,0.68461668107051,-1.2100000000000009,-1.2075204918032796,19.219,2.3989138746061265,15.25,22.91,0,0,1.0,403322099272302,18.715274999999984,2.505274999999984,Unseen_Well_Test,Model_B,Random Forest
402821099282901,PHELPS,40.47215973,-99.47068872,2010,2010-04-26,94.24,2363.91,10.826602739726027,732.57,68.62682191780821,3.442082191780821,16.382575342465753,402821099282901,train,97.79,93.84,192.0,0.5256673511293635,10,95.54333333333334,2.030279126951105,3.950000000000003,7.883811475409842,94.8,3.4530630524860766,90.09,100.93,0,0,1.0,402821099282901,94.88420000000018,0.6442000000001826,Unseen_Well_Test,Model_B,Random Forest
403322099272302,PHELPS,40.5545803,-99.4609332,2010,2010-04-26,13.78,2349.56,10.826602739726027,732.57,68.62682191780821,3.442082191780821,16.382575342465753,403322099272302,train,16.21,19.25,192.0,0.5256673511293635,11,18.64,2.1896803419677493,-3.039999999999999,-6.067540983606556,18.94545454545455,2.4499810759937053,15.25,22.91,0,0,1.0,403322099272302,15.864650000000042,2.0846500000000425,Unseen_Well_Test,Model_B,Random Forest
403558099371801,PHELPS,40.5994522,-99.622055,2010,2010-04-26,70.77,2483.53,10.826602739726027,732.57,68.62682191780821,3.442082191780821,16.382575342465753,403558099371801,train,,,,,0,,,,,,,,,0,0,0.0,403558099371801,86.53600000000004,15.766000000000048,Unseen_Well_Test,Model_B,Random Forest
402340099353701,PHELPS,40.39445302,-99.59399869,2010,2010-05-03,24.61,2264.29,10.826602739726027,732.57,68.62682191780821,3.442082191780821,16.382575342465753,402340099353701,train,24.96,24.41,733.0,2.00684462696783,9,24.933333333333337,0.5105226080530941,0.5500000000000007,0.5611382681564253,25.173333333333336,0.3321520736048477,24.41,25.44,1,0,0.6666666666666666,402340099353701,26.46837499999997,1.8583749999999704,Unseen_Well_Test,Model_B,Random Forest
402524099201601,PHELPS,40.42334431,-99.33815365,2010,2010-05-03,114.02,2312.07,10.826602739726027,732.57,68.62682191780821,3.442082191780821,16.382575342465753,402524099201601,train,114.53,115.17,362.0,0.9911019849418208,10,115.75666666666666,1.6026644481404455,-0.6400000000000006,-0.6283870967741941,114.488,3.537459226306047,109.06,120.28,0,0,1.0,402524099201601,111.20013749999995,-2.819862500000028,Unseen_Well_Test,Model_B,Random Forest
403322099201601,PHELPS,40.5547811,-99.3416484,2012,2012-04-18,2.69,2267.67,13.358688524590164,358.44,54.12587431693989,3.549207650273224,17.25153005464481,403322099201601,train,5.74,5.49,365.0,0.999315537303217,16,6.153333333333333,0.9407621024113024,0.25,0.1657214156079854,7.5875,2.4407225706062263,3.62,11.61,0,0,0.6666666666666666,403322099201601,7.722700000000015,5.032700000000014,Unseen_Well_Test,Model_B,Random Forest
403903099214301,PHELPS,40.650864722222224,-99.3618686111111,2012,2012-05-14,5.46,2248.47,13.358688524590164,358.44,54.12587431693989,3.549207650273224,17.25153005464481,403903099214301,train,5.83,6.29,203.0,0.5557837097878165,7,6.169999999999999,0.2986636904613614,-0.4599999999999999,-0.9386312849162012,7.034285714285714,1.0258144267338212,5.83,8.77,0,0,1.3333333333333333,403903099214301,6.930775000000035,1.4707750000000352,Unseen_Well_Test,Model_B,Random Forest
404033099373001,PHELPS,40.67593911111111,-99.62515633333332,2012,2012-05-14,7.2,2339.74,13.358688524590164,358.44,54.12587431693989,3.549207650273224,17.25153005464481,404033099373001,train,6.32,8.25,202.0,0.5530458590006845,9,7.62,1.1260106571431725,-1.93,-3.769692513368984,9.753333333333334,3.273003208064422,6.32,17.74,0,0,1.3333333333333333,404033099373001,8.591199999999992,1.3911999999999916,Unseen_Well_Test,Model_B,Random Forest
404040099383501,PHELPS,40.67796833333333,-99.64313333333334,2012,2012-05-14,9.06,2346.64,13.358688524590164,358.44,54.12587431693989,3.549207650273224,17.25153005464481,404040099383501,train,7.61,10.21,202.0,0.5530458590006845,9,9.326666666666666,1.4868871286460628,-2.6000000000000005,-5.078342245989306,10.595555555555556,1.6572198942137335,7.61,13.9,0,0,1.3333333333333333,404040099383501,9.404999999999996,0.3449999999999953,Unseen_Well_Test,Model_B,Random Forest
404102099373001,PHELPS,40.68405933333333,-99.62523716666666,2012,2012-05-14,9.73,2334.85,13.358688524590164,358.44,54.12587431693989,3.549207650273224,17.25153005464481,404102099373001,train,7.78,8.07,202.0,0.5530458590006845,9,8.233333333333334,0.5533835318595349,-0.29,-0.5664304812834225,9.447777777777778,1.4625985246965223,7.63,11.76,0,0,1.3333333333333333,404102099373001,8.199249999999989,-1.5307500000000118,Unseen_Well_Test,Model_B,Random Forest
403408099130501,PHELPS,40.56878722222223,-99.21816944444444,2012,2012-05-15,12.03,2216.56,13.358688524590164,358.44,54.12587431693989,3.549207650273224,17.25153005464481,403408099130501,train,12.41,12.27,203.0,0.5557837097878165,6,12.39,0.1113552872566007,0.1400000000000005,0.2840833333333345,13.786666666666669,1.9561254220184008,12.27,17.36,0,0,1.3333333333333333,403408099130501,12.754025000000018,0.7240250000000188,Unseen_Well_Test,Model_B,Random Forest
403645099242701,PHELPS,40.61264497222222,-99.40752011111113,2012,2012-05-14,17.41,2297.96,13.358688524590164,358.44,54.12587431693989,3.549207650273224,17.25153005464481,403645099242701,train,16.66,16.42,202.0,0.5530458590006845,9,17.02333333333333,0.8457146879020907,0.2399999999999984,0.4869999999999968,20.084444444444443,3.3102421025927664,16.42,27.3,0,0,1.3333333333333333,403645099242701,18.679775000000028,1.2697750000000276,Unseen_Well_Test,Model_B,Random Forest
402421099112000,PHELPS,40.40549166666666,-99.18921666666668,2012,2012-04-23,53.4,2216.62,13.358688524590164,358.44,54.12587431693989,3.549207650273224,17.25153005464481,402421099112000,train,55.09,53.37,168.0,0.459958932238193,29,54.95,1.5148597294799298,1.720000000000006,3.09472906403942,56.35392857142857,3.436194427394518,50.0,61.82,0,0,1.6666666666666667,402421099112000,76.28153749999981,22.881537499999816,Unseen_Well_Test,Model_B,Random Forest
403315099351501,PHELPS,40.554270555555554,-99.58744083333332,2012,2012-05-15,66.68,2447.59,13.358688524590164,358.44,54.12587431693989,3.549207650273224,17.25153005464481,403315099351501,train,67.14,67.99,203.0,0.5557837097878165,6,68.50666666666666,1.6854771826795332,-0.8499999999999943,-1.715262430939215,69.485,1.7115928254114654,67.14,71.27,0,0,1.3333333333333333,403315099351501,69.38148124999998,2.701481249999972,Unseen_Well_Test,Model_B,Random Forest
403946099383201,PHELPS,40.66301611111111,-99.64228555555556,2012,2012-05-14,92.27,2446.94,13.358688524590164,358.44,54.12587431693989,3.549207650273224,17.25153005464481,403946099383201,train,91.95,93.79,202.0,0.5530458590006845,9,93.52666666666666,1.4628852768871985,-1.840000000000004,-3.593903743315515,94.98,1.6600752994969834,91.95,98.31,0,0,1.3333333333333333,403946099383201,90.94325000000016,-1.3267499999998478,Unseen_Well_Test,Model_B,Random Forest
403322099272302,PHELPS,40.5545803,-99.4609332,2012,2012-04-18,10.5,2349.56,13.358688524590164,358.44,54.12587431693989,3.549207650273224,17.25153005464481,403322099272302,train,14.67,13.78,364.0,0.9965776865160848,13,14.886666666666668,1.2294036494712934,0.8900000000000006,0.90549442896936,18.21923076923077,2.859622532020796,13.78,22.91,0,0,1.0,403322099272302,13.267525000000012,2.7675250000000133,Unseen_Well_Test,Model_B,Random Forest
402906099342201,PHELPS,40.485083333333336,-99.57288888888888,2012,2012-04-24,147.63,2458.82,13.358688524590164,358.44,54.12587431693989,3.549207650273224,17.25153005464481,402906099342201,train,149.86,149.48,172.0,0.4709103353867214,28,150.14333333333337,0.8415660005806672,0.3800000000000239,0.7045431472081661,151.02259259259262,1.73164793142387,148.14,154.32,0,0,1.3333333333333333,402906099342201,149.75664999999998,2.126649999999984,Unseen_Well_Test,Model_B,Random Forest
402630099305500,PHELPS,40.44133611111111,-99.51204166666666,2012,2012-04-24,174.62,2426.38,13.358688524590164,358.44,54.12587431693989,3.549207650273224,17.25153005464481,402630099305500,train,177.46,176.35,172.0,0.4709103353867214,28,178.01333333333332,1.9983076172935228,1.1100000000000136,2.058007614213224,179.30185185185186,2.0690615431919057,176.14,183.34,0,0,1.3333333333333333,402630099305500,177.30707767857135,2.68707767857137,Unseen_Well_Test,Model_B,Random Forest
402340099353701,PHELPS,40.39445302,-99.59399869,2012,2012-03-28,24.35,2264.29,13.358688524590164,358.44,54.12587431693989,3.549207650273224,17.25153005464481,402340099353701,train,24.62,24.61,324.0,0.8870636550308009,11,24.73,0.1992485884517131,0.0100000000000015,0.0098450134770904,25.071818181818184,0.3731974861067044,24.41,25.44,0,0,0.6666666666666666,402340099353701,28.717499999999937,4.367499999999936,Unseen_Well_Test,Model_B,Random Forest
402524099201601,PHELPS,40.42334431,-99.33815365,2012,2012-03-28,110.51,2312.07,13.358688524590164,358.44,54.12587431693989,3.549207650273224,17.25153005464481,402524099201601,train,112.01,114.02,324.0,0.8870636550308009,12,113.52,1.3323287882501045,-2.009999999999991,-1.9788477088948693,114.2425,3.27884160531235,109.06,120.28,0,0,1.0,402524099201601,110.77962500000004,0.2696250000000333,Unseen_Well_Test,Model_B,Random Forest
403646099293301,PHELPS,40.6127772,-99.4935704,2012,2012-04-18,17.01,2354.25,13.358688524590164,358.44,54.12587431693989,3.549207650273224,17.25153005464481,403646099293301,train,17.59,15.9,364.0,0.9965776865160848,20,17.243333333333336,1.207904521613083,1.6899999999999995,1.7051726519337012,17.2565,2.050012259270148,10.52,19.47,0,0,1.0,403646099293301,17.69255000000003,0.6825500000000275,Unseen_Well_Test,Model_B,Random Forest
403507099254101,PHELPS,40.58520714,-99.42844836,2012,2012-04-18,18.81,2318.5,13.358688524590164,358.44,54.12587431693989,3.549207650273224,17.25153005464481,403507099254101,train,21.3,20.95,364.0,0.9965776865160848,15,21.936666666666667,1.4166980388683157,0.3500000000000014,0.3531422651933716,22.985333333333337,2.994768931383681,16.61,27.0,0,0,1.0,403507099254101,22.392149999999983,3.5821499999999844,Unseen_Well_Test,Model_B,Random Forest
403138099235801,PHELPS,40.5255500233333,-99.399115,2012,2012-04-18,21.05,2328.14,13.358688524590164,358.44,54.12587431693989,3.549207650273224,17.25153005464481,403138099235801,train,23.25,25.88,365.0,0.999315537303217,20,26.41333333333333,3.46095844143401,-2.629999999999999,-2.660962603878115,26.585500000000003,4.208218118971747,18.67,34.37,0,0,1.0,403138099235801,25.22967500000001,4.17967500000001,Unseen_Well_Test,Model_B,Random Forest
403037099111401,PHELPS,40.5103457694444,-99.1873426,2012,2012-04-17,27.52,2237.5,13.358688524590164,358.44,54.12587431693989,3.549207650273224,17.25153005464481,403037099111401,train,28.58,28.47,365.0,0.999315537303217,6,29.07333333333333,0.9513323989717456,0.1099999999999994,0.0548124147339697,30.451666666666664,1.8843292352098864,28.47,33.09,0,0,0.3333333333333333,403037099111401,30.54769999999997,3.0276999999999745,Unseen_Well_Test,Model_B,Random Forest
402905099115301,PHELPS,40.4848551,-99.1983097,2012,2012-04-17,29.54,2241.11,13.358688524590164,358.44,54.12587431693989,3.549207650273224,17.25153005464481,402905099115301,train,30.15,30.68,365.0,0.999315537303217,16,31.356666666666666,1.6524022916146477,-0.5300000000000011,-0.5362396121883668,31.955625,3.02682444981535,25.73,36.8,0,0,0.6666666666666666,402905099115301,31.907150000000005,2.367150000000006,Unseen_Well_Test,Model_B,Random Forest
403651099281401,PHELPS,40.613021,-99.4747929,2012,2012-04-18,35.68,2345.39,13.358688524590164,358.44,54.12587431693989,3.549207650273224,17.25153005464481,403651099281401,train,34.86,37.32,364.0,0.9965776865160848,18,37.49333333333333,2.7241390077111203,-2.460000000000001,-2.482085635359117,40.38000000000001,2.73187072297699,34.86,43.93,0,0,1.0,403651099281401,36.59272499999992,0.9127249999999164,Unseen_Well_Test,Model_B,Random Forest
403037099111401,PHELPS,40.5103457694444,-99.1873426,2012,2012-10-15,32.0,2237.5,13.358688524590164,358.44,54.12587431693989,3.549207650273224,17.25153005464481,403037099111401,train,27.52,28.58,181.0,0.4955509924709103,7,28.19,0.5828378848359116,-1.0599999999999987,-1.060726027397259,30.032857142857143,2.046148530660425,27.52,33.09,0,0,0.6666666666666666,403037099111401,31.53455000000001,-0.4654499999999899,Unseen_Well_Test,Model_B,Random Forest
402905099115301,PHELPS,40.4848551,-99.1983097,2012,2012-10-15,36.0,2241.11,13.358688524590164,358.44,54.12587431693989,3.549207650273224,17.25153005464481,402905099115301,train,29.54,30.15,181.0,0.4955509924709103,17,30.12333333333333,0.570467644422831,-0.6099999999999994,-0.6104178082191775,31.81352941176471,2.98869733574778,25.73,36.8,0,0,1.0,402905099115301,32.21652500000001,-3.7834749999999886,Unseen_Well_Test,Model_B,Random Forest
402924099235501,PHELPS,40.4901949,-99.398706,2012,2012-10-16,55.52,2336.37,13.358688524590164,358.44,54.12587431693989,3.549207650273224,17.25153005464481,402924099235501,train,48.31,50.42,181.0,0.4955509924709103,18,50.42,2.1099999999999994,-2.1099999999999994,-2.1114452054794515,54.13555555555556,3.591901384441889,47.25,59.81,0,0,1.0,402924099235501,49.78830000000004,-5.731699999999961,Unseen_Well_Test,Model_B,Random Forest
402821099282901,PHELPS,40.47215973,-99.47068872,2012,2012-10-17,94.39,2363.91,13.358688524590164,358.44,54.12587431693989,3.549207650273224,17.25153005464481,402821099282901,train,88.91,91.88,182.0,0.4982888432580424,13,91.67666666666666,2.670811362364128,-2.969999999999999,-2.9801991758241746,94.07923076923076,3.465199516955367,88.91,100.93,0,0,1.0,402821099282901,92.39642500000012,-1.993574999999879,Unseen_Well_Test,Model_B,Random Forest
403322099201601,PHELPS,40.5547811,-99.3416484,2012,2012-10-16,7.05,2267.67,13.358688524590164,358.44,54.12587431693989,3.549207650273224,17.25153005464481,403322099201601,train,2.69,5.74,181.0,0.4955509924709103,17,4.64,1.69336942218761,-3.0500000000000003,-3.0520890410958907,7.299411764705883,2.644942037616881,2.69,11.61,0,0,0.6666666666666666,403322099201601,9.098450000000026,2.0484500000000265,Unseen_Well_Test,Model_B,Random Forest
403138099235801,PHELPS,40.5255500233333,-99.399115,2012,2012-10-16,31.44,2328.14,13.358688524590164,358.44,54.12587431693989,3.549207650273224,17.25153005464481,403138099235801,train,21.05,23.25,181.0,0.4955509924709103,21,23.39333333333333,2.418188026877424,-2.2,-2.201506849315068,26.32190476190476,4.275836314743139,18.67,34.37,0,0,1.0,403138099235801,24.419775,-7.020225,Unseen_Well_Test,Model_B,Random Forest
403507099254101,PHELPS,40.58520714,-99.42844836,2012,2012-10-16,23.82,2318.5,13.358688524590164,358.44,54.12587431693989,3.549207650273224,17.25153005464481,403507099254101,train,18.81,21.3,181.0,0.4955509924709103,16,20.35333333333333,1.3479737880735423,-2.490000000000002,-2.498550824175826,22.724375,3.0757632521592644,16.61,27.0,0,0,1.0,403507099254101,22.14642499999997,-1.673575000000028,Unseen_Well_Test,Model_B,Random Forest
403322099304801,PHELPS,40.5542755075,-99.5122815,2012,2012-10-17,57.8,2411.43,13.358688524590164,358.44,54.12587431693989,3.549207650273224,17.25153005464481,403322099304801,train,52.42,54.37,182.0,0.4982888432580424,21,54.53666666666667,2.204729764241716,-1.949999999999996,-1.956696428571424,57.81523809523809,2.944949267895152,52.42,62.54,0,0,1.0,403322099304801,57.611226666666646,-0.1887733333333514,Unseen_Well_Test,Model_B,Random Forest
403322099272302,PHELPS,40.5545803,-99.4609332,2012,2012-10-17,20.01,2349.56,13.358688524590164,358.44,54.12587431693989,3.549207650273224,17.25153005464481,403322099272302,train,10.5,14.67,182.0,0.4982888432580424,14,12.983333333333334,2.196186088047489,-4.17,-4.184320054945054,17.667857142857144,3.4357804590278125,10.5,22.91,0,0,1.0,403322099272302,15.46927500000002,-4.540724999999981,Unseen_Well_Test,Model_B,Random Forest
403217099312001,PHELPS,40.5392815,-99.5207383,2012,2012-10-17,100.76,2451.89,13.358688524590164,358.44,54.12587431693989,3.549207650273224,17.25153005464481,403217099312001,train,95.01,96.9,182.0,0.4982888432580424,21,97.3,2.513980906848732,-1.8900000000000008,-1.896490384615385,101.35000000000002,3.354911325206672,95.01,107.27,0,0,1.0,403217099312001,94.70665,-6.053350000000009,Unseen_Well_Test,Model_B,Random Forest
403558099371801,PHELPS,40.5994522,-99.622055,2012,2012-10-17,72.6,2483.53,13.358688524590164,358.44,54.12587431693989,3.549207650273224,17.25153005464481,403558099371801,train,71.13,70.66,182.0,0.4982888432580424,3,70.85333333333334,0.2458319208998967,0.4699999999999988,0.4716140109890098,70.85333333333334,0.2458319208998967,70.66,71.13,0,0,1.0,403558099371801,73.82855000000006,1.2285500000000695,Unseen_Well_Test,Model_B,Random Forest
403915099190801,PHELPS,40.6573434,-99.3214291,2012,2012-10-16,10.5,2234.03,13.358688524590164,358.44,54.12587431693989,3.549207650273224,17.25153005464481,403915099190801,train,8.07,7.71,546.0,1.4948665297741273,16,8.26,0.6656575696257048,0.3600000000000003,0.3642382271468147,9.2275,1.092193511547595,7.28,11.0,0,0,0.6666666666666666,403915099190801,8.338199999999992,-2.1618000000000084,Unseen_Well_Test,Model_B,Random Forest
403646099293301,PHELPS,40.6127772,-99.4935704,2012,2012-10-16,18.67,2354.25,13.358688524590164,358.44,54.12587431693989,3.549207650273224,17.25153005464481,403646099293301,train,17.01,17.59,181.0,0.4955509924709103,21,16.833333333333332,0.8587393861546897,-0.5799999999999983,-0.5819917582417565,17.244761904761905,1.99882870463584,10.52,19.47,0,0,1.0,403646099293301,18.397175,-0.272825000000001,Unseen_Well_Test,Model_B,Random Forest
403651099281401,PHELPS,40.613021,-99.4747929,2012,2012-10-16,43.65,2345.39,13.358688524590164,358.44,54.12587431693989,3.549207650273224,17.25153005464481,403651099281401,train,35.68,34.86,181.0,0.4955509924709103,19,35.95333333333334,1.2525706899545967,0.8200000000000003,0.8228159340659343,40.132631578947375,2.8655072114631586,34.86,43.93,0,0,1.0,403651099281401,39.34289999999992,-4.3071000000000765,Unseen_Well_Test,Model_B,Random Forest
403928099371801,PHELPS,40.655954,-99.6202609,2012,2012-10-16,84.44,2432.98,13.358688524590164,358.44,54.12587431693989,3.549207650273224,17.25153005464481,403928099371801,train,80.25,81.33,181.0,0.4955509924709103,21,81.04333333333334,0.6957969052340859,-1.0799999999999983,-1.0837087912087895,82.37571428571428,1.3987657824974546,80.21,84.27,0,0,1.0,403928099371801,80.21117500000015,-4.228824999999844,Unseen_Well_Test,Model_B,Random Forest
402924099235501,PHELPS,40.4901949,-99.398706,2012,2012-04-18,48.31,2336.37,13.358688524590164,358.44,54.12587431693989,3.549207650273224,17.25153005464481,402924099235501,train,50.42,52.53,365.0,0.999315537303217,17,51.80666666666667,1.2012632239993577,-2.1099999999999994,-2.134840720221606,54.478235294117646,3.38559860898726,47.25,59.81,0,0,1.0,402924099235501,52.89995000000005,4.589950000000044,Unseen_Well_Test,Model_B,Random Forest
403322099304801,PHELPS,40.5542755075,-99.5122815,2012,2012-04-18,52.42,2411.43,13.358688524590164,358.44,54.12587431693989,3.549207650273224,17.25153005464481,403322099304801,train,54.37,56.82,364.0,0.9965776865160848,20,56.48333333333333,1.966731637344896,-2.450000000000003,-2.492653203342621,58.085,2.742362600309986,53.15,62.54,0,0,1.0,403322099304801,57.869801666666746,5.449801666666744,Unseen_Well_Test,Model_B,Random Forest
403558099371801,PHELPS,40.5994522,-99.622055,2012,2012-04-18,71.13,2483.53,13.358688524590164,358.44,54.12587431693989,3.549207650273224,17.25153005464481,403558099371801,train,70.66,70.77,364.0,0.9965776865160848,2,70.715,0.0777817459305198,-0.1099999999999994,-0.1119150417827292,70.715,0.0777817459305198,70.66,70.77,0,0,0.6666666666666666,403558099371801,73.33617500000015,2.206175000000158,Unseen_Well_Test,Model_B,Random Forest
403928099371801,PHELPS,40.655954,-99.6202609,2012,2012-04-18,80.25,2432.98,13.358688524590164,358.44,54.12587431693989,3.549207650273224,17.25153005464481,403928099371801,train,81.33,81.55,364.0,0.9965776865160848,20,81.94999999999999,0.8901685233707161,-0.2199999999999988,-0.2219751381215458,82.482,1.3452904206116525,80.21,84.27,0,0,1.0,403928099371801,80.87860000000013,0.6286000000001337,Unseen_Well_Test,Model_B,Random Forest
402821099282901,PHELPS,40.47215973,-99.47068872,2012,2012-04-18,88.91,2363.91,13.358688524590164,358.44,54.12587431693989,3.549207650273224,17.25153005464481,402821099282901,train,91.88,94.24,364.0,0.9965776865160848,12,94.63666666666666,2.9749005585621457,-2.3599999999999994,-2.40108635097493,94.51,3.2353670580013048,90.09,100.93,0,0,1.0,402821099282901,93.50090000000016,4.590900000000175,Unseen_Well_Test,Model_B,Random Forest
403217099312001,PHELPS,40.5392815,-99.5207383,2012,2012-04-18,95.01,2451.89,13.358688524590164,358.44,54.12587431693989,3.549207650273224,17.25153005464481,403217099312001,train,96.9,99.99,364.0,0.9965776865160848,20,99.13333333333333,1.9515207745072365,-3.089999999999989,-3.1437952646239444,101.667,3.102657774095926,96.74,107.27,0,0,1.0,403217099312001,99.09007499999991,4.080074999999923,Unseen_Well_Test,Model_B,Random Forest
402905099115301,PHELPS,40.4848551,-99.1983097,2013,2013-04-10,33.67,2241.11,11.076767123287672,506.1,60.45969863013699,3.705178082191781,16.202739726027396,402905099115301,train,36.0,29.54,177.0,0.4845995893223819,18,31.896666666666665,3.56665576322321,6.460000000000001,13.035994475138123,32.04611111111112,3.062772943686025,25.73,36.8,0,0,1.3333333333333333,402905099115301,36.45962500000003,2.7896250000000293,Unseen_Well_Test,Model_B,Random Forest
402924099235501,PHELPS,40.4901949,-99.398706,2013,2013-04-11,52.61,2336.37,11.076767123287672,506.1,60.45969863013699,3.705178082191781,16.202739726027396,402924099235501,train,55.52,48.31,177.0,0.4845995893223819,19,51.41666666666666,3.706889981282603,7.210000000000001,14.549461325966853,54.20842105263158,3.505120481615899,47.25,59.81,0,0,1.3333333333333333,402924099235501,54.55214999999988,1.9421499999998773,Unseen_Well_Test,Model_B,Random Forest
403037099111401,PHELPS,40.5103457694444,-99.1873426,2013,2013-04-10,31.33,2237.5,11.076767123287672,506.1,60.45969863013699,3.705178082191781,16.202739726027396,403037099111401,train,32.0,27.52,177.0,0.4845995893223819,8,29.366666666666664,2.341310174524797,4.48,9.040441988950278,30.27875,2.018000690216505,27.52,33.09,0,0,1.0,403037099111401,32.421225000000014,1.0912250000000157,Unseen_Well_Test,Model_B,Random Forest
403138099235801,PHELPS,40.5255500233333,-99.399115,2013,2013-04-11,25.23,2328.14,11.076767123287672,506.1,60.45969863013699,3.705178082191781,16.202739726027396,403138099235801,train,31.44,21.05,177.0,0.4845995893223819,22,25.246666666666663,5.475219934699732,10.39,20.966560773480666,26.55454545454546,4.313101554756741,18.67,34.37,0,0,1.3333333333333333,403138099235801,30.726775,5.496774999999992,Unseen_Well_Test,Model_B,Random Forest
403217099312001,PHELPS,40.5392815,-99.5207383,2013,2013-04-12,96.78,2451.89,11.076767123287672,506.1,60.45969863013699,3.705178082191781,16.202739726027396,403217099312001,train,100.76,95.01,177.0,0.4845995893223819,22,97.55666666666669,2.93070526210558,5.75,11.539491758241756,101.32318181818184,3.276473694405291,95.01,107.27,0,0,1.3333333333333333,403217099312001,99.6569,2.8769000000000062,Unseen_Well_Test,Model_B,Random Forest
403322099201601,PHELPS,40.5547811,-99.3416484,2013,2013-04-11,7.62,2267.67,11.076767123287672,506.1,60.45969863013699,3.705178082191781,16.202739726027396,403322099201601,train,7.05,2.69,177.0,0.4845995893223819,18,5.16,2.237118682591516,4.359999999999999,8.798287292817678,7.285555555555557,2.566644002955707,2.69,11.61,0,0,1.0,403322099201601,7.944550000000006,0.3245500000000056,Unseen_Well_Test,Model_B,Random Forest
403322099304801,PHELPS,40.5542755075,-99.5122815,2013,2013-04-12,54.61,2411.43,11.076767123287672,506.1,60.45969863013699,3.705178082191781,16.202739726027396,403322099304801,train,57.8,52.42,177.0,0.4845995893223819,22,54.86333333333332,2.7237168232643647,5.379999999999996,10.79695054945054,57.814545454545446,2.8739780415914424,52.42,62.54,0,0,1.3333333333333333,403322099304801,58.068248333333294,3.4582483333332945,Unseen_Well_Test,Model_B,Random Forest
403507099254101,PHELPS,40.58520714,-99.42844836,2013,2013-04-12,24.86,2318.5,11.076767123287672,506.1,60.45969863013699,3.705178082191781,16.202739726027396,403507099254101,train,23.82,18.81,178.0,0.487337440109514,17,21.31,2.50501497001515,5.010000000000002,10.109958563535915,22.788823529411765,2.989926592646008,16.61,27.0,0,0,1.3333333333333333,403507099254101,23.272700000000004,-1.5872999999999955,Unseen_Well_Test,Model_B,Random Forest
403646099293301,PHELPS,40.6127772,-99.4935704,2013,2013-04-11,21.02,2354.25,11.076767123287672,506.1,60.45969863013699,3.705178082191781,16.202739726027396,403646099293301,train,18.67,17.01,177.0,0.4845995893223819,22,17.756666666666668,0.8424567249024331,1.66,3.3498066298342546,17.309545454545454,1.974182114609749,10.52,19.47,0,0,1.3333333333333333,403646099293301,18.49490000000001,-2.525099999999988,Unseen_Well_Test,Model_B,Random Forest
403651099281401,PHELPS,40.613021,-99.4747929,2013,2013-04-11,38.8,2345.39,11.076767123287672,506.1,60.45969863013699,3.705178082191781,16.202739726027396,403651099281401,train,43.65,35.68,177.0,0.4845995893223819,20,38.06333333333333,4.855536358975528,7.969999999999999,16.083107734806628,40.3085,2.8978545148909185,34.86,43.93,0,0,1.3333333333333333,403651099281401,38.91967499999998,0.1196749999999795,Unseen_Well_Test,Model_B,Random Forest
403915099190801,PHELPS,40.6573434,-99.3214291,2013,2013-04-11,9.73,2234.03,11.076767123287672,506.1,60.45969863013699,3.705178082191781,16.202739726027396,403915099190801,train,10.5,8.07,177.0,0.4845995893223819,17,8.76,1.5175967843930085,2.43,1.6255631868131866,9.30235294117647,1.1016268050692388,7.28,11.0,0,0,1.0,403915099190801,9.429074999999992,-0.3009250000000083,Unseen_Well_Test,Model_B,Random Forest
403928099371801,PHELPS,40.655954,-99.6202609,2013,2013-04-11,80.95,2432.98,11.076767123287672,506.1,60.45969863013699,3.705178082191781,16.202739726027396,403928099371801,train,84.44,80.25,177.0,0.4845995893223819,22,82.00666666666666,2.1754156690925366,4.189999999999998,8.45523480662983,82.46954545454545,1.4342493549314268,80.21,84.44,0,0,1.3333333333333333,403928099371801,81.63945000000007,0.6894500000000647,Unseen_Well_Test,Model_B,Random Forest
403322099272302,PHELPS,40.5545803,-99.4609332,2013,2013-04-12,17.07,2349.56,11.076767123287672,506.1,60.45969863013699,3.705178082191781,16.202739726027396,403322099272302,train,20.01,10.5,177.0,0.4845995893223819,15,15.060000000000002,4.766980176170235,9.510000000000002,19.08531593406593,17.824,3.365577428699484,10.5,22.91,0,0,1.3333333333333333,403322099272302,17.15242499999999,0.0824249999999899,Unseen_Well_Test,Model_B,Random Forest
404033099373001,PHELPS,40.67593911111111,-99.62515633333332,2013,2013-04-30,7.96,2339.74,11.076767123287672,506.1,60.45969863013699,3.705178082191781,16.202739726027396,404033099373001,train,7.2,6.32,351.0,0.9609856262833676,10,7.256666666666667,0.9662470353555208,0.8799999999999999,1.591188118811881,9.498,3.1897049671995963,6.32,17.74,0,0,1.0,404033099373001,7.947024999999979,-0.0129750000000212,Unseen_Well_Test,Model_B,Random Forest
404040099383501,PHELPS,40.67796833333333,-99.64313333333334,2013,2013-04-30,9.47,2346.64,11.076767123287672,506.1,60.45969863013699,3.705178082191781,16.202739726027396,404040099383501,train,9.06,7.61,351.0,0.9609856262833676,10,8.96,1.3028814220795386,1.4500000000000002,2.621844059405941,10.442,1.6361594597647804,7.61,13.9,0,0,1.0,404040099383501,9.01499999999998,-0.4550000000000196,Unseen_Well_Test,Model_B,Random Forest
404102099373001,PHELPS,40.68405933333333,-99.62523716666666,2013,2013-04-30,9.55,2334.85,11.076767123287672,506.1,60.45969863013699,3.705178082191781,16.202739726027396,404102099373001,train,9.73,7.78,351.0,0.9609856262833676,10,8.526666666666667,1.0521565156065582,1.95,3.5259282178217823,9.476,1.3818361375760555,7.63,11.76,0,0,1.0,404102099373001,8.530449999999984,-1.0195500000000166,Unseen_Well_Test,Model_B,Random Forest
403946099383201,PHELPS,40.66301611111111,-99.64228555555556,2013,2013-04-30,93.49,2446.94,11.076767123287672,506.1,60.45969863013699,3.705178082191781,16.202739726027396,403946099383201,train,92.27,91.95,351.0,0.9609856262833676,10,92.67,0.983056458195564,0.3199999999999932,0.5786138613861262,94.709,1.7843918976627438,91.95,98.31,0,0,1.0,403946099383201,91.62120000000016,-1.8687999999998224,Unseen_Well_Test,Model_B,Random Forest
403408099130501,PHELPS,40.56878722222223,-99.21816944444444,2013,2013-05-02,15.16,2216.56,11.076767123287672,506.1,60.45969863013699,3.705178082191781,16.202739726027396,403408099130501,train,12.03,12.41,352.0,0.9637234770704995,7,12.236666666666666,0.1921804707386613,-0.3800000000000008,-0.6837192118226615,13.535714285714286,1.9051321663938623,12.03,17.36,0,0,1.0,403408099130501,15.309099999999995,0.1490999999999953,Unseen_Well_Test,Model_B,Random Forest
403645099242701,PHELPS,40.61264497222222,-99.40752011111113,2013,2013-05-10,20.13,2297.96,11.076767123287672,506.1,60.45969863013699,3.705178082191781,16.202739726027396,403645099242701,train,17.41,16.66,361.0,0.9883641341546886,10,16.83,0.5164300533470136,0.75,1.3561262376237624,19.817,3.233488140623923,16.42,27.3,0,0,1.0,403645099242701,19.05087500000004,-1.0791249999999586,Unseen_Well_Test,Model_B,Random Forest
403315099351501,PHELPS,40.554270555555554,-99.58744083333332,2013,2013-05-10,68.8,2447.59,11.076767123287672,506.1,60.45969863013699,3.705178082191781,16.202739726027396,403315099351501,train,66.68,67.14,360.0,0.9856262833675564,7,67.27,0.6646051459325245,-0.4599999999999937,-0.8276600985221563,69.08428571428571,1.8881989402854864,66.68,71.27,0,0,1.0,403315099351501,70.00091874999991,1.2009187499999143,Unseen_Well_Test,Model_B,Random Forest
403903099214301,PHELPS,40.650864722222224,-99.3618686111111,2013,2013-05-10,8.16,2248.47,11.076767123287672,506.1,60.45969863013699,3.705178082191781,16.202739726027396,403903099214301,train,5.46,5.83,361.0,0.9883641341546886,8,5.86,0.4158124577258358,-0.3700000000000001,-0.6657266009852219,6.8375,1.1008016559372926,5.46,8.77,0,0,1.0,403903099214301,6.364725000000012,-1.7952749999999875,Unseen_Well_Test,Model_B,Random Forest
402421099112000,PHELPS,40.40549166666666,-99.18921666666668,2013,2013-05-13,56.66,2216.62,11.076767123287672,506.1,60.45969863013699,3.705178082191781,16.202739726027396,402421099112000,train,53.4,55.09,385.0,1.054072553045859,30,53.95333333333334,0.9844964872122904,-1.6900000000000048,-3.674241071428582,56.25206896551724,3.418570481638639,50.0,61.82,0,0,1.0,402421099112000,75.94793749999984,19.28793749999984,Unseen_Well_Test,Model_B,Random Forest
402630099305500,PHELPS,40.44133611111111,-99.51204166666666,2013,2013-05-14,176.04,2426.38,11.076767123287672,506.1,60.45969863013699,3.705178082191781,16.202739726027396,402630099305500,train,174.62,177.46,385.0,1.054072553045859,29,176.14333333333337,1.4312348980280405,-2.8400000000000034,-6.030872093023262,179.13464285714286,2.214792828941857,174.62,183.34,0,0,1.0,402630099305500,175.96436250000005,-0.0756374999999422,Unseen_Well_Test,Model_B,Random Forest
402906099342201,PHELPS,40.485083333333336,-99.57288888888888,2013,2013-05-14,149.36,2458.82,11.076767123287672,506.1,60.45969863013699,3.705178082191781,16.202739726027396,402906099342201,train,147.63,149.86,385.0,1.054072553045859,29,148.99,1.1930213744941929,-2.230000000000018,-4.735508720930271,150.9014285714286,1.8162062908726253,147.63,154.32,0,0,1.0,402906099342201,148.78295000000023,-0.5770499999997867,Unseen_Well_Test,Model_B,Random Forest
402340099353701,PHELPS,40.39445302,-99.59399869,2013,2013-04-16,24.7,2264.29,11.076767123287672,506.1,60.45969863013699,3.705178082191781,16.202739726027396,402340099353701,train,24.35,24.62,384.0,1.051334702258727,12,24.52666666666667,0.1530795000427331,-0.2699999999999996,-0.3043749999999995,25.01166666666667,0.4123509831846329,24.35,25.44,0,0,1.0,402340099353701,27.35174999999997,2.651749999999975,Unseen_Well_Test,Model_B,Random Forest
402524099201601,PHELPS,40.42334431,-99.33815365,2013,2013-04-16,113.48,2312.07,11.076767123287672,506.1,60.45969863013699,3.705178082191781,16.202739726027396,402524099201601,train,110.51,112.01,384.0,1.051334702258727,13,112.18,1.761164387557273,-1.5,-1.690972222222222,113.95538461538462,3.305534791287221,109.06,120.28,0,0,1.0,402524099201601,110.47053333333348,-3.009466666666526,Unseen_Well_Test,Model_B,Random Forest
402905099115301,PHELPS,40.4848551,-99.1983097,2015,2015-04-16,36.8,2241.11,11.98898630136986,615.12,62.941945205479456,3.5071506849315064,16.03131506849315,402905099115301,train,36.25,33.67,374.0,1.0239561943874058,20,35.306666666666665,1.4228961077089677,2.5799999999999983,2.603162983425413,32.3375,3.061487211694411,25.73,36.8,0,0,1.3333333333333333,402905099115301,37.146925,0.3469249999999988,Unseen_Well_Test,Model_B,Random Forest
402924099235501,PHELPS,40.4901949,-99.398706,2015,2015-04-16,53.7,2336.37,11.98898630136986,615.12,62.941945205479456,3.5071506849315064,16.03131506849315,402924099235501,train,53.47,52.61,373.0,1.0212183436002735,21,53.86666666666667,1.4950027870654086,0.8599999999999994,0.8677209944751375,54.097142857142856,3.3465342413564856,47.25,59.81,0,0,1.3333333333333333,402924099235501,53.32452500000004,-0.375474999999966,Unseen_Well_Test,Model_B,Random Forest
403037099111401,PHELPS,40.5103457694444,-99.1873426,2015,2015-04-16,35.2,2237.5,11.98898630136986,615.12,62.941945205479456,3.5071506849315064,16.03131506849315,403037099111401,train,34.54,31.33,374.0,1.0239561943874058,10,32.623333333333335,1.6933497374533513,3.210000000000001,3.2388190607734817,30.81,2.234760737876777,27.52,34.54,0,0,1.3333333333333333,403037099111401,34.935175,-0.2648250000000018,Unseen_Well_Test,Model_B,Random Forest
403138099235801,PHELPS,40.5255500233333,-99.399115,2015,2015-04-16,29.38,2328.14,11.98898630136986,615.12,62.941945205479456,3.5071506849315064,16.03131506849315,403138099235801,train,27.8,25.23,373.0,1.0212183436002735,24,28.156666666666663,3.1203258376864,2.5700000000000003,2.59307320441989,26.55125,4.138709431799914,18.67,34.37,0,0,1.3333333333333333,403138099235801,29.92244999999992,0.542449999999917,Unseen_Well_Test,Model_B,Random Forest
403217099312001,PHELPS,40.5392815,-99.5207383,2015,2015-04-20,103.35,2451.89,11.98898630136986,615.12,62.941945205479456,3.5071506849315064,16.03131506849315,403217099312001,train,101.62,96.78,377.0,1.0321697467488022,24,99.72,2.5821696303690063,4.840000000000003,4.896980609418286,101.14625,3.266550916686335,95.01,107.27,0,0,1.0,403217099312001,101.60557500000009,-1.7444249999999073,Unseen_Well_Test,Model_B,Random Forest
403322099201601,PHELPS,40.5547811,-99.3416484,2015,2015-04-16,10.03,2267.67,11.98898630136986,615.12,62.941945205479456,3.5071506849315064,16.03131506849315,403322099201601,train,8.4,7.62,373.0,1.0212183436002735,20,7.69,0.6777167549942973,0.7800000000000002,0.7870027624309395,7.358000000000001,2.4413016372850214,2.69,11.61,0,0,1.3333333333333333,403322099201601,8.617075000000002,-1.4129249999999978,Unseen_Well_Test,Model_B,Random Forest
403322099304801,PHELPS,40.5542755075,-99.5122815,2015,2015-04-20,60.63,2411.43,11.98898630136986,615.12,62.941945205479456,3.5071506849315064,16.03131506849315,403322099304801,train,58.73,54.61,377.0,1.0321697467488022,24,57.04666666666666,2.160840885704759,4.119999999999997,4.168504155124651,57.719166666666666,2.8310666551314365,52.42,62.54,0,0,1.0,403322099304801,60.32437249999992,-0.3056275000000852,Unseen_Well_Test,Model_B,Random Forest
403646099293301,PHELPS,40.6127772,-99.4935704,2015,2015-04-20,21.05,2354.25,11.98898630136986,615.12,62.941945205479456,3.5071506849315064,16.03131506849315,403646099293301,train,22.4,21.02,377.0,1.0321697467488022,24,20.696666666666665,1.885903850500689,1.379999999999999,1.39238950276243,17.67625,2.267906164188725,10.52,22.4,0,0,1.0,403646099293301,22.849975,1.7999749999999928,Unseen_Well_Test,Model_B,Random Forest
403651099281401,PHELPS,40.613021,-99.4747929,2015,2015-04-20,42.85,2345.39,11.98898630136986,615.12,62.941945205479456,3.5071506849315064,16.03131506849315,403651099281401,train,42.28,38.8,377.0,1.0321697467488022,22,41.57666666666666,2.500326645327234,3.480000000000004,3.511243093922656,40.32954545454545,2.8090525046759045,34.86,43.93,0,0,1.0,403651099281401,43.1863749999999,0.3363749999998973,Unseen_Well_Test,Model_B,Random Forest
403915099190801,PHELPS,40.6573434,-99.3214291,2015,2015-04-16,10.36,2234.03,11.98898630136986,615.12,62.941945205479456,3.5071506849315064,16.03131506849315,403915099190801,train,10.0,9.73,373.0,1.0212183436002735,19,10.076666666666666,0.390683162336609,0.2699999999999996,0.2724240331491708,9.36157894736842,1.0546261220498674,7.28,11.0,0,0,1.0,403915099190801,9.758924999999971,-0.6010750000000282,Unseen_Well_Test,Model_B,Random Forest
403928099371801,PHELPS,40.655954,-99.6202609,2015,2015-04-20,82.71,2432.98,11.98898630136986,615.12,62.941945205479456,3.5071506849315064,16.03131506849315,403928099371801,train,83.42,80.95,377.0,1.0321697467488022,24,82.93666666666667,1.7945008591063214,2.469999999999999,2.49217541436464,82.44583333333333,1.42030895802001,80.21,84.44,0,0,1.0,403928099371801,81.771725,-0.9382749999999902,Unseen_Well_Test,Model_B,Random Forest
402905099115301,PHELPS,40.4848551,-99.1983097,2014,2014-04-07,36.25,2241.11,10.515890410958905,614.52,61.372684931506846,3.6656164383561647,16.403945205479452,402905099115301,train,33.67,36.0,362.0,0.9911019849418208,19,33.07,3.271528694662482,-2.3299999999999983,-4.80809322033898,32.13157894736842,2.999704176447876,25.73,36.8,0,0,1.3333333333333333,402905099115301,34.65822500000007,-1.591774999999927,Unseen_Well_Test,Model_B,Random Forest
402924099235501,PHELPS,40.4901949,-99.398706,2014,2014-04-08,53.47,2336.37,10.515890410958905,614.52,61.372684931506846,3.6656164383561647,16.403945205479452,402924099235501,train,52.61,55.52,362.0,0.9911019849418208,20,52.14666666666667,3.6272625123270767,-2.910000000000004,-6.004957627118651,54.1285,3.4303049964137378,47.25,59.81,0,0,1.3333333333333333,402924099235501,53.30279999999996,-0.1672000000000437,Unseen_Well_Test,Model_B,Random Forest
403037099111401,PHELPS,40.5103457694444,-99.1873426,2014,2014-04-07,34.54,2237.5,10.515890410958905,614.52,61.372684931506846,3.6656164383561647,16.403945205479452,403037099111401,train,31.33,32.0,362.0,0.9911019849418208,9,30.28333333333333,2.4164505650505936,-0.6700000000000017,-1.3825847457627154,30.39555555555556,1.9199160861292304,27.52,33.09,0,0,1.3333333333333333,403037099111401,33.016924999999944,-1.5230750000000557,Unseen_Well_Test,Model_B,Random Forest
403138099235801,PHELPS,40.5255500233333,-99.399115,2014,2014-04-08,27.8,2328.14,10.515890410958905,614.52,61.372684931506846,3.6656164383561647,16.403945205479452,403138099235801,train,25.23,31.44,362.0,0.9911019849418208,23,25.906666666666663,5.227947334598287,-6.210000000000001,-12.814703389830507,26.496956521739133,4.22297765992262,18.67,34.37,0,0,1.3333333333333333,403138099235801,28.626174999999986,0.826174999999985,Unseen_Well_Test,Model_B,Random Forest
403217099312001,PHELPS,40.5392815,-99.5207383,2014,2014-04-08,101.62,2451.89,10.515890410958905,614.52,61.372684931506846,3.6656164383561647,16.403945205479452,403217099312001,train,96.78,100.76,361.0,0.9883641341546886,23,97.51666666666668,2.944933502361868,-3.980000000000004,-8.212966101694922,101.12565217391308,3.3383717126317123,95.01,107.27,0,0,1.3333333333333333,403217099312001,98.78817499999997,-2.8318250000000376,Unseen_Well_Test,Model_B,Random Forest
403322099201601,PHELPS,40.5547811,-99.3416484,2014,2014-04-08,8.4,2267.67,10.515890410958905,614.52,61.372684931506846,3.6656164383561647,16.403945205479452,403322099201601,train,7.62,7.05,362.0,0.9911019849418208,19,5.786666666666666,2.696893274368368,0.5700000000000003,1.1762288135593226,7.303157894736843,2.495509417225667,2.69,11.61,0,0,1.3333333333333333,403322099201601,8.065025000000006,-0.3349749999999947,Unseen_Well_Test,Model_B,Random Forest
403322099304801,PHELPS,40.5542755075,-99.5122815,2014,2014-04-08,58.73,2411.43,10.515890410958905,614.52,61.372684931506846,3.6656164383561647,16.403945205479452,403322099304801,train,54.61,57.8,361.0,0.9883641341546886,23,54.94333333333333,2.705445126653528,-3.1899999999999977,-6.582754237288131,57.675217391304336,2.8863107461463944,52.42,62.54,0,0,1.3333333333333333,403322099304801,58.41723666666677,-0.3127633333332227,Unseen_Well_Test,Model_B,Random Forest
403646099293301,PHELPS,40.6127772,-99.4935704,2014,2014-04-08,22.4,2354.25,10.515890410958905,614.52,61.372684931506846,3.6656164383561647,16.403945205479452,403646099293301,train,21.02,18.67,362.0,0.9911019849418208,23,18.9,2.014869722835696,2.349999999999998,4.849364406779657,17.47086956521739,2.0781786454040563,10.52,21.02,0,0,1.3333333333333333,403646099293301,20.99247499999997,-1.407525000000028,Unseen_Well_Test,Model_B,Random Forest
403651099281401,PHELPS,40.613021,-99.4747929,2014,2014-04-08,42.28,2345.39,10.515890410958905,614.52,61.372684931506846,3.6656164383561647,16.403945205479452,403651099281401,train,38.8,43.65,362.0,0.9911019849418208,21,39.376666666666665,4.0161714770827865,-4.850000000000001,-10.00826271186441,40.236666666666665,2.843596900640689,34.86,43.93,0,0,1.3333333333333333,403651099281401,40.15987500000004,-2.120124999999966,Unseen_Well_Test,Model_B,Random Forest
403915099190801,PHELPS,40.6573434,-99.3214291,2014,2014-04-08,10.0,2234.03,10.515890410958905,614.52,61.372684931506846,3.6656164383561647,16.403945205479452,403915099190801,train,9.73,10.5,362.0,0.9911019849418208,18,9.433333333333334,1.2418668742394787,-0.7699999999999996,-1.5889406779661008,9.32611111111111,1.0734777944435547,7.28,11.0,0,0,1.0,403915099190801,10.312599999999982,0.312599999999982,Unseen_Well_Test,Model_B,Random Forest
403928099371801,PHELPS,40.655954,-99.6202609,2014,2014-04-08,83.42,2432.98,10.515890410958905,614.52,61.372684931506846,3.6656164383561647,16.403945205479452,403928099371801,train,80.95,84.44,362.0,0.9911019849418208,23,81.88,2.244482122896057,-3.489999999999995,-7.201822033898294,82.40347826086956,1.436648905979253,80.21,84.44,0,0,1.3333333333333333,403928099371801,81.02537500000008,-2.39462499999992,Unseen_Well_Test,Model_B,Random Forest
403322099272302,PHELPS,40.5545803,-99.4609332,2014,2014-04-08,19.87,2349.56,10.515890410958905,614.52,61.372684931506846,3.6656164383561647,16.403945205479452,403322099272302,train,17.07,20.01,361.0,0.9883641341546886,16,15.86,4.869096425416117,-2.9400000000000013,-6.066864406779663,17.776875,3.2569161666623643,10.5,22.91,0,0,1.3333333333333333,403322099272302,17.47274999999998,-2.397250000000021,Unseen_Well_Test,Model_B,Random Forest
402421099112000,PHELPS,40.40549166666666,-99.18921666666668,2014,2014-04-25,59.66,2216.62,10.515890410958905,614.52,61.372684931506846,3.6656164383561647,16.403945205479452,402421099112000,train,56.66,53.4,347.0,0.9500342231348392,31,55.05,1.6303680566056231,3.259999999999998,3.092766233766232,56.26566666666667,3.3599380980887887,50.0,61.82,0,0,1.0,402421099112000,78.19041249999991,18.530412499999912,Unseen_Well_Test,Model_B,Random Forest
403315099351501,PHELPS,40.554270555555554,-99.58744083333332,2014,2014-04-24,71.32,2447.59,10.515890410958905,614.52,61.372684931506846,3.6656164383561647,16.403945205479452,403315099351501,train,68.8,66.68,349.0,0.9555099247091032,8,67.54,1.1151681487560476,2.1199999999999903,2.150916666666657,69.04875,1.7510196009345926,66.68,71.27,0,0,1.3333333333333333,403315099351501,71.60052499999988,0.2805249999998835,Unseen_Well_Test,Model_B,Random Forest
403946099383201,PHELPS,40.66301611111111,-99.64228555555556,2014,2014-05-01,95.53,2446.94,10.515890410958905,614.52,61.372684931506846,3.6656164383561647,16.403945205479452,403946099383201,train,93.49,92.27,366.0,1.002053388090349,11,92.57,0.8126499861563986,1.2199999999999989,1.2695299145299133,94.5981818181818,1.732263364398257,91.95,98.31,0,0,1.0,403946099383201,90.97834000000005,-4.551659999999956,Unseen_Well_Test,Model_B,Random Forest
402906099342201,PHELPS,40.485083333333336,-99.57288888888888,2014,2014-05-02,150.75,2458.82,10.515890410958905,614.52,61.372684931506846,3.6656164383561647,16.403945205479452,402906099342201,train,149.36,147.63,353.0,0.9664613278576316,30,148.95000000000002,1.1701709276853631,1.7300000000000182,1.641253246753264,150.848275862069,1.806302594816112,147.63,154.32,0,0,1.0,402906099342201,150.49675000000002,-0.25324999999998,Unseen_Well_Test,Model_B,Random Forest
402630099305500,PHELPS,40.44133611111111,-99.51204166666666,2014,2014-05-02,177.92,2426.38,10.515890410958905,614.52,61.372684931506846,3.6656164383561647,16.403945205479452,402630099305500,train,176.04,174.62,353.0,0.9664613278576316,30,176.04,1.4200000000000017,1.4199999999999875,1.3471558441558322,179.02793103448278,2.249522773692146,174.62,183.34,0,0,1.0,402630099305500,176.42326250000016,-1.4967374999998242,Unseen_Well_Test,Model_B,Random Forest
404033099373001,PHELPS,40.67593911111111,-99.62515633333332,2014,2014-05-01,8.8,2339.74,10.515890410958905,614.52,61.372684931506846,3.6656164383561647,16.403945205479452,404033099373001,train,7.96,7.2,366.0,1.002053388090349,11,7.16,0.8207313811473275,0.7599999999999998,0.7908547008547006,9.358181818181816,3.061345515232863,6.32,17.74,0,0,1.0,404033099373001,8.300525000000007,-0.4994749999999932,Unseen_Well_Test,Model_B,Random Forest
403903099214301,PHELPS,40.650864722222224,-99.3618686111111,2014,2014-04-24,8.94,2248.47,10.515890410958905,614.52,61.372684931506846,3.6656164383561647,16.403945205479452,403903099214301,train,8.16,5.46,349.0,0.9555099247091032,9,6.483333333333333,1.463773661920904,2.7,2.731786703601108,6.984444444444445,1.120101681892219,5.46,8.77,0,0,1.3333333333333333,403903099214301,8.527450000000044,-0.4125499999999551,Unseen_Well_Test,Model_B,Random Forest
404102099373001,PHELPS,40.68405933333333,-99.62523716666666,2014,2014-05-01,9.52,2334.85,10.515890410958905,614.52,61.372684931506846,3.6656164383561647,16.403945205479452,404102099373001,train,9.55,9.73,366.0,1.002053388090349,11,9.02,1.0776363022838458,-0.1799999999999997,-0.187307692307692,9.482727272727272,1.3111147235012726,7.63,11.76,0,0,1.0,404102099373001,9.146949999999986,-0.3730500000000134,Unseen_Well_Test,Model_B,Random Forest
404040099383501,PHELPS,40.67796833333333,-99.64313333333334,2014,2014-05-01,10.47,2346.64,10.515890410958905,614.52,61.372684931506846,3.6656164383561647,16.403945205479452,404040099383501,train,9.47,9.06,366.0,1.002053388090349,11,8.713333333333333,0.9772580689527888,0.4100000000000001,0.4266452991452993,10.353636363636364,1.5796219340543023,7.61,13.9,0,0,1.0,404040099383501,9.162549999999989,-1.3074500000000118,Unseen_Well_Test,Model_B,Random Forest
403408099130501,PHELPS,40.56878722222223,-99.21816944444444,2014,2014-04-24,16.69,2216.56,10.515890410958905,614.52,61.372684931506846,3.6656164383561647,16.403945205479452,403408099130501,train,15.16,12.03,357.0,0.9774127310061602,8,13.199999999999998,1.708010538609174,3.130000000000001,3.247819602272728,13.73875,1.8549427214876475,12.03,17.36,0,0,1.3333333333333333,403408099130501,16.277775000000048,-0.4122249999999532,Unseen_Well_Test,Model_B,Random Forest
403645099242701,PHELPS,40.61264497222222,-99.40752011111113,2014,2014-04-24,22.85,2297.96,10.515890410958905,614.52,61.372684931506846,3.6656164383561647,16.403945205479452,403645099242701,train,20.13,17.41,349.0,0.9555099247091032,11,18.066666666666663,1.8258240148856983,2.719999999999999,2.7520221606648185,19.845454545454544,3.069007538721154,16.42,27.3,0,0,1.3333333333333333,403645099242701,20.45317499999999,-2.3968250000000104,Unseen_Well_Test,Model_B,Random Forest
402421099112000,PHELPS,40.40549166666666,-99.18921666666668,2015,2015-04-06,59.27,2216.62,11.98898630136986,615.12,62.941945205479456,3.5071506849315064,16.03131506849315,402421099112000,train,59.66,56.66,346.0,0.947296372347707,32,56.57333333333333,3.130899764178554,3.0,3.157780979827089,56.37516129032259,3.359246811382716,50.0,61.82,0,0,1.0,402421099112000,74.37606249999972,15.106062499999716,Unseen_Well_Test,Model_B,Random Forest
402630099305500,PHELPS,40.44133611111111,-99.51204166666666,2015,2015-04-07,177.68,2426.38,11.98898630136986,615.12,62.941945205479456,3.5071506849315064,16.03131506849315,402630099305500,train,177.92,176.04,340.0,0.9308692676249144,31,176.1933333333333,1.6553348100409493,1.879999999999996,1.9452407932011284,178.991,2.2196339399969105,174.62,183.34,0,0,1.0,402630099305500,176.81408750000006,-0.8659124999999506,Unseen_Well_Test,Model_B,Random Forest
402906099342201,PHELPS,40.485083333333336,-99.57288888888888,2015,2015-04-07,151.61,2458.82,11.98898630136986,615.12,62.941945205479456,3.5071506849315064,16.03131506849315,402906099342201,train,150.75,149.36,340.0,0.9308692676249144,31,149.24666666666667,1.5630845573203462,1.3899999999999864,1.4382365439093343,150.845,1.774976930398895,147.63,154.32,0,0,1.0,402906099342201,151.4472750000001,-0.1627249999999094,Unseen_Well_Test,Model_B,Random Forest
403408099130501,PHELPS,40.56878722222223,-99.21816944444444,2015,2015-04-08,17.01,2216.56,11.98898630136986,615.12,62.941945205479456,3.5071506849315064,16.03131506849315,403408099130501,train,16.69,15.16,349.0,0.9555099247091032,9,14.626666666666663,2.375338572358336,1.5300000000000011,1.565357142857144,14.066666666666666,1.994611490992669,12.03,17.36,0,0,1.0,403408099130501,17.77194999999991,0.76194999999991,Unseen_Well_Test,Model_B,Random Forest
403645099242701,PHELPS,40.61264497222222,-99.40752011111113,2015,2015-04-10,23.88,2297.96,11.98898630136986,615.12,62.941945205479456,3.5071506849315064,16.03131506849315,403645099242701,train,22.85,20.13,351.0,0.9609856262833676,12,20.13,2.7200000000000006,2.7200000000000024,2.8466475644699165,20.09583333333333,3.052020071223569,16.42,27.3,0,0,1.0,403645099242701,23.17762499999999,-0.7023750000000106,Unseen_Well_Test,Model_B,Random Forest
403315099351501,PHELPS,40.554270555555554,-99.58744083333332,2015,2015-04-13,72.93,2447.59,11.98898630136986,615.12,62.941945205479456,3.5071506849315064,16.03131506849315,403315099351501,train,71.32,68.8,354.0,0.969199178644764,9,68.93333333333334,2.322871785814556,2.519999999999996,2.6373352435530046,69.30111111111111,1.8044351224444464,66.68,71.32,0,0,1.0,403315099351501,72.61629999999988,-0.3137000000001251,Unseen_Well_Test,Model_B,Random Forest
403903099214301,PHELPS,40.650864722222224,-99.3618686111111,2015,2015-04-08,9.48,2248.47,11.98898630136986,615.12,62.941945205479456,3.5071506849315064,16.03131506849315,403903099214301,train,8.94,8.16,349.0,0.9555099247091032,10,7.52,1.826143477386156,0.7799999999999994,0.8163180515759306,7.18,1.223782842028946,5.46,8.94,0,0,1.0,403903099214301,9.05477499999998,-0.4252250000000206,Unseen_Well_Test,Model_B,Random Forest
404033099373001,PHELPS,40.67593911111111,-99.62515633333332,2015,2015-04-06,8.06,2339.74,11.98898630136986,615.12,62.941945205479456,3.5071506849315064,16.03131506849315,404033099373001,train,8.8,7.96,340.0,0.9308692676249144,12,7.986666666666667,0.8003332639178092,0.8400000000000007,0.838278688524591,9.311666666666666,2.9233226218662813,6.32,17.74,0,0,1.0,404033099373001,8.032499999999976,-0.0275000000000247,Unseen_Well_Test,Model_B,Random Forest
404040099383501,PHELPS,40.67796833333333,-99.64313333333334,2015,2015-04-06,9.64,2346.64,11.98898630136986,615.12,62.941945205479456,3.5071506849315064,16.03131506849315,404040099383501,train,10.47,9.47,340.0,0.9308692676249144,12,9.666666666666666,0.7252815545244021,1.0,0.9979508196721312,10.363333333333332,1.5064849716133812,7.61,13.9,0,0,1.0,404040099383501,9.045899999999993,-0.5941000000000081,Unseen_Well_Test,Model_B,Random Forest
404102099373001,PHELPS,40.68405933333333,-99.62523716666666,2015,2015-04-06,8.87,2334.85,11.98898630136986,615.12,62.941945205479456,3.5071506849315064,16.03131506849315,404102099373001,train,9.52,9.55,340.0,0.9308692676249144,12,9.6,0.1135781669160057,-0.0300000000000011,-0.029938524590165,9.485833333333334,1.250145143088545,7.63,11.76,0,0,1.0,404102099373001,8.666274999999985,-0.2037250000000146,Unseen_Well_Test,Model_B,Random Forest
403946099383201,PHELPS,40.66301611111111,-99.64228555555556,2015,2015-04-06,94.93,2446.94,11.98898630136986,615.12,62.941945205479456,3.5071506849315064,16.03131506849315,403946099383201,train,95.53,93.49,340.0,0.9308692676249144,12,93.76333333333332,1.647098458906857,2.0400000000000063,2.035819672131154,94.67583333333332,1.673409466455908,91.95,98.31,0,0,1.0,403946099383201,92.35677500000016,-2.5732249999998515,Unseen_Well_Test,Model_B,Random Forest
402340099353701,PHELPS,40.39445302,-99.59399869,2015,2015-04-07,24.81,2264.29,11.98898630136986,615.12,62.941945205479456,3.5071506849315064,16.03131506849315,402340099353701,train,24.7,24.35,721.0,1.9739904175222447,13,24.55666666666667,0.183393929379718,0.3499999999999978,0.332910156249998,24.98769230769231,0.4041483606745146,24.35,25.44,0,0,0.3333333333333333,402340099353701,27.870224999999984,3.060224999999985,Unseen_Well_Test,Model_B,Random Forest
402524099201601,PHELPS,40.42334431,-99.33815365,2015,2015-04-07,121.51,2312.07,11.98898630136986,615.12,62.941945205479456,3.5071506849315064,16.03131506849315,402524099201601,train,113.48,110.51,721.0,1.9739904175222447,14,112.0,1.4850252523105452,2.969999999999999,2.824980468749999,113.92142857142858,3.178395476053569,109.06,120.28,0,0,0.3333333333333333,402524099201601,111.25096249999996,-10.259037500000034,Unseen_Well_Test,Model_B,Random Forest
403408099130501,PHELPS,40.56878722222223,-99.21816944444444,2016,2016-05-09,19.59,2216.56,12.36688524590164,602.36,63.09775956284152,3.5339344262295085,16.29153005464481,403408099130501,train,19.08,17.01,208.0,0.5694729637234771,11,17.593333333333334,1.2973948255382126,2.0699999999999967,4.000357142857136,14.79,2.446818342255918,12.03,19.08,0,0,1.0,403408099130501,19.67715000000006,0.0871500000000615,Unseen_Well_Test,Model_B,Random Forest
403645099242701,PHELPS,40.61264497222222,-99.40752011111113,2016,2016-05-09,25.53,2297.96,12.36688524590164,602.36,63.09775956284152,3.5339344262295085,16.29153005464481,403645099242701,train,26.11,23.88,214.0,0.5859000684462696,14,24.28,1.6664033125267117,2.2300000000000004,4.500041436464089,20.795714285714286,3.352330335948216,16.42,27.3,0,0,1.3333333333333333,403645099242701,25.92995000000004,0.3999500000000324,Unseen_Well_Test,Model_B,Random Forest
403915099190801,PHELPS,40.6573434,-99.3214291,2016,2016-04-21,9.58,2234.03,12.36688524590164,602.36,63.09775956284152,3.5339344262295085,16.29153005464481,403915099190801,train,10.36,10.0,371.0,1.0157426420260096,20,10.03,0.3160696125855816,0.3599999999999994,0.3525201072386053,9.411499999999998,1.0504949961052197,7.28,11.0,0,0,0.6666666666666666,403915099190801,9.65029999999997,0.0702999999999693,Unseen_Well_Test,Model_B,Random Forest
403322099201601,PHELPS,40.5547811,-99.3416484,2016,2016-04-21,10.25,2267.67,12.36688524590164,602.36,63.09775956284152,3.5339344262295085,16.29153005464481,403322099201601,train,10.03,8.4,371.0,1.0157426420260096,21,8.683333333333332,1.2297289674287306,1.629999999999999,1.596132707774798,7.485238095238096,2.449884934129803,2.69,11.61,0,0,0.6666666666666666,403322099201601,9.306699999999992,-0.9433000000000078,Unseen_Well_Test,Model_B,Random Forest
403646099293301,PHELPS,40.6127772,-99.4935704,2016,2016-04-21,20.07,2354.25,12.36688524590164,602.36,63.09775956284152,3.5339344262295085,16.29153005464481,403646099293301,train,21.05,22.4,367.0,1.0047912388774811,25,21.49,0.7882258559575412,-1.349999999999998,-1.3079244031830215,17.8112,2.3204261821197125,10.52,22.4,0,0,0.6666666666666666,403646099293301,21.948899999999995,1.8788999999999945,Unseen_Well_Test,Model_B,Random Forest
403138099235801,PHELPS,40.5255500233333,-99.399115,2016,2016-04-21,28.82,2328.14,12.36688524590164,602.36,63.09775956284152,3.5339344262295085,16.29153005464481,403138099235801,train,29.38,27.8,371.0,1.0157426420260096,25,27.47,2.0945882650296688,1.5799999999999983,1.5471715817694354,26.6644,4.090878145337501,18.67,34.37,0,0,0.6666666666666666,403138099235801,30.33687499999992,1.5168749999999172,Unseen_Well_Test,Model_B,Random Forest
403037099111401,PHELPS,40.5103457694444,-99.1873426,2016,2016-04-14,35.97,2237.5,12.36688524590164,602.36,63.09775956284152,3.5339344262295085,16.29153005464481,403037099111401,train,35.2,34.54,364.0,0.9965776865160848,11,33.690000000000005,2.070289834781596,0.6600000000000037,0.6445588235294154,31.20909090909091,2.499349733612544,27.52,35.2,0,0,0.6666666666666666,403037099111401,35.57035000000006,-0.3996499999999372,Unseen_Well_Test,Model_B,Random Forest
402905099115301,PHELPS,40.4848551,-99.1983097,2016,2016-04-14,37.68,2241.11,12.36688524590164,602.36,63.09775956284152,3.5339344262295085,16.29153005464481,402905099115301,train,36.8,36.25,364.0,0.9965776865160848,21,35.57333333333333,1.6711173906501382,0.5499999999999972,0.5371323529411738,32.55,3.1388453290979466,25.73,36.8,0,0,0.6666666666666666,402905099115301,37.25322500000004,-0.4267749999999566,Unseen_Well_Test,Model_B,Random Forest
403651099281401,PHELPS,40.613021,-99.4747929,2016,2016-04-21,41.21,2345.39,12.36688524590164,602.36,63.09775956284152,3.5339344262295085,16.29153005464481,403651099281401,train,42.85,42.28,367.0,1.0047912388774811,23,41.31,2.192327530274619,0.5700000000000003,0.5522347480106103,40.43913043478261,2.7943350372486218,34.86,43.93,0,0,0.6666666666666666,403651099281401,43.4514999999999,2.2414999999999026,Unseen_Well_Test,Model_B,Random Forest
402924099235501,PHELPS,40.4901949,-99.398706,2016,2016-04-21,53.82,2336.37,12.36688524590164,602.36,63.09775956284152,3.5339344262295085,16.29153005464481,402924099235501,train,53.7,53.47,371.0,1.0157426420260096,22,53.26,0.5745432968889302,0.2300000000000039,0.2252211796246687,54.07909090909091,3.2669804160663465,47.25,59.81,0,0,0.6666666666666666,402924099235501,53.154250000000005,-0.6657499999999956,Unseen_Well_Test,Model_B,Random Forest
403322099304801,PHELPS,40.5542755075,-99.5122815,2016,2016-04-21,61.41,2411.43,12.36688524590164,602.36,63.09775956284152,3.5339344262295085,16.29153005464481,403322099304801,train,60.63,58.73,367.0,1.0047912388774811,25,57.99,3.0774664904755675,1.9000000000000057,1.8407824933687056,57.83560000000001,2.831942913737257,52.42,62.54,0,0,0.6666666666666666,403322099304801,60.408310833333296,-1.0016891666667007,Unseen_Well_Test,Model_B,Random Forest
403928099371801,PHELPS,40.655954,-99.6202609,2016,2016-04-21,82.33,2432.98,12.36688524590164,602.36,63.09775956284152,3.5339344262295085,16.29153005464481,403928099371801,train,82.71,83.42,367.0,1.0047912388774811,25,82.36,1.2716524682475143,-0.710000000000008,-0.6878713527851535,82.45639999999999,1.391407800275199,80.21,84.44,0,0,0.6666666666666666,403928099371801,81.41872500000008,-0.911274999999918,Unseen_Well_Test,Model_B,Random Forest
404102099373001,PHELPS,40.68405933333333,-99.62523716666666,2015,2015-10-08,8.13,2334.85,11.98898630136986,615.12,62.941945205479456,3.5071506849315064,16.03131506849315,404102099373001,train,8.87,9.52,185.0,0.5065023956194388,13,9.313333333333333,0.3842308333974952,-0.6500000000000004,-0.6982720588235298,9.43846153846154,1.2090481528448054,7.63,11.76,0,0,1.0,404102099373001,8.697249999999986,0.5672499999999854,Unseen_Well_Test,Model_B,Random Forest
404033099373001,PHELPS,40.67593911111111,-99.62515633333332,2015,2015-10-08,8.27,2339.74,11.98898630136986,615.12,62.941945205479456,3.5071506849315064,16.03131506849315,404033099373001,train,8.06,8.8,185.0,0.5065023956194388,13,8.273333333333333,0.4588391148685273,-0.7400000000000002,-0.7949558823529415,9.215384615384616,2.820315039685623,6.32,17.74,0,0,1.0,404033099373001,8.131874999999976,-0.1381250000000236,Unseen_Well_Test,Model_B,Random Forest
404040099383501,PHELPS,40.67796833333333,-99.64313333333334,2015,2015-10-08,9.51,2346.64,11.98898630136986,615.12,62.941945205479456,3.5071506849315064,16.03131506849315,404040099383501,train,9.64,10.47,185.0,0.5065023956194388,13,9.86,0.5350700888668699,-0.8300000000000001,-0.8916397058823531,10.307692307692308,1.4562346070497123,7.61,13.9,0,0,1.0,404040099383501,9.686624999999994,0.1766249999999942,Unseen_Well_Test,Model_B,Random Forest
403903099214301,PHELPS,40.650864722222224,-99.3618686111111,2015,2015-10-08,10.94,2248.47,11.98898630136986,615.12,62.941945205479456,3.5071506849315064,16.03131506849315,403903099214301,train,9.48,8.94,183.0,0.5010266940451745,11,8.860000000000001,0.6636264009214824,0.5400000000000009,0.5651432664756457,7.38909090909091,1.3523272869054632,5.46,9.48,0,0,1.0,403903099214301,9.834924999999958,-1.105075000000042,Unseen_Well_Test,Model_B,Random Forest
402340099353701,PHELPS,40.39445302,-99.59399869,2016,2016-04-11,24.7,2264.29,12.36688524590164,602.36,63.09775956284152,3.5339344262295085,16.29153005464481,402340099353701,train,24.81,24.7,370.0,1.0130047912388775,14,24.62,0.2402082429892848,0.1099999999999994,0.0557246879334255,24.975,0.3911865578939584,24.35,25.44,0,0,0.6666666666666666,402340099353701,28.55307499999993,3.853074999999933,Unseen_Well_Test,Model_B,Random Forest
402524099201601,PHELPS,40.42334431,-99.33815365,2016,2016-04-11,117.9,2312.07,12.36688524590164,602.36,63.09775956284152,3.5339344262295085,16.29153005464481,402524099201601,train,121.51,113.48,370.0,1.0130047912388775,15,115.16666666666669,5.690661941578795,8.030000000000001,4.067902219140084,114.42733333333334,3.635891454192034,109.06,121.51,0,0,0.6666666666666666,402524099201601,114.27914999999996,-3.620850000000047,Unseen_Well_Test,Model_B,Random Forest
403217099312001,PHELPS,40.5392815,-99.5207383,2016,2016-04-21,104.2,2451.89,12.36688524590164,602.36,63.09775956284152,3.5339344262295085,16.29153005464481,403217099312001,train,103.35,101.62,367.0,1.0047912388774811,25,100.58333333333331,3.405471088312646,1.7299999999999898,1.676080901856754,101.2344,3.2280051631515896,95.01,107.27,0,0,0.6666666666666666,403217099312001,103.25497499999976,-0.9450250000002428,Unseen_Well_Test,Model_B,Random Forest
404033099373001,PHELPS,40.67593911111111,-99.62515633333332,2016,2016-05-10,7.04,2339.74,12.36688524590164,602.36,63.09775956284152,3.5339344262295085,16.29153005464481,404033099373001,train,8.27,8.06,215.0,0.5886379192334018,14,8.376666666666667,0.3813572253587619,0.209999999999999,0.4146081081081063,9.147857142857143,2.721425470852838,6.32,17.74,0,0,1.0,404033099373001,7.827924999999977,0.7879249999999773,Unseen_Well_Test,Model_B,Random Forest
403903099214301,PHELPS,40.650864722222224,-99.3618686111111,2016,2016-05-09,9.39,2248.47,12.36688524590164,602.36,63.09775956284152,3.5339344262295085,16.29153005464481,403903099214301,train,10.94,9.48,214.0,0.5859000684462696,12,9.786666666666669,1.0346658075597808,1.459999999999999,2.9140163934426213,7.685,1.6472042430074716,5.46,10.94,0,0,1.3333333333333333,403903099214301,9.577724999999976,0.1877249999999755,Unseen_Well_Test,Model_B,Random Forest
404040099383501,PHELPS,40.67796833333333,-99.64313333333334,2016,2016-05-10,10.02,2346.64,12.36688524590164,602.36,63.09775956284152,3.5339344262295085,16.29153005464481,404040099383501,train,9.51,9.64,215.0,0.5886379192334018,14,9.873333333333331,0.5208006656421761,-0.1300000000000007,-0.2566621621621637,10.250714285714285,1.415254607622107,7.61,13.9,0,0,1.0,404040099383501,8.785724999999989,-1.234275000000011,Unseen_Well_Test,Model_B,Random Forest
404102099373001,PHELPS,40.68405933333333,-99.62523716666666,2016,2016-05-10,10.17,2334.85,12.36688524590164,602.36,63.09775956284152,3.5339344262295085,16.29153005464481,404102099373001,train,8.13,8.87,215.0,0.5886379192334018,14,8.840000000000002,0.6954854419756025,-0.7399999999999984,-1.4609999999999967,9.345,1.2131126525151354,7.63,11.76,0,0,1.0,404102099373001,8.245449999999988,-1.9245500000000124,Unseen_Well_Test,Model_B,Random Forest
403315099351501,PHELPS,40.554270555555554,-99.58744083333332,2016,2016-05-09,76.55,2447.59,12.36688524590164,602.36,63.09775956284152,3.5339344262295085,16.29153005464481,403315099351501,train,75.04,72.93,214.0,0.5859000684462696,11,73.09666666666668,1.8655919525269604,2.1099999999999994,4.329648876404494,70.15272727272728,2.533255182207632,66.68,75.04,0,0,1.3333333333333333,403315099351501,76.28334999999993,-0.2666500000000695,Unseen_Well_Test,Model_B,Random Forest
403946099383201,PHELPS,40.66301611111111,-99.64228555555556,2016,2016-05-10,97.18,2446.94,12.36688524590164,602.36,63.09775956284152,3.5339344262295085,16.29153005464481,403946099383201,train,95.76,94.93,215.0,0.5886379192334018,14,95.40666666666668,0.428524600616268,0.8299999999999983,1.6386891891891855,94.77142857142856,1.5668530790819462,91.95,98.31,0,0,1.0,403946099383201,91.44822500000024,-5.731774999999772,Unseen_Well_Test,Model_B,Random Forest
403408099130501,PHELPS,40.56878722222223,-99.21816944444444,2015,2015-10-14,19.08,2216.56,11.98898630136986,615.12,62.941945205479456,3.5071506849315064,16.03131506849315,403408099130501,train,17.01,16.69,189.0,0.5174537987679672,10,16.286666666666665,0.9887534239300184,0.3200000000000003,0.334899713467049,14.361,2.0982715108711107,12.03,17.36,0,0,1.0,403408099130501,17.841599999999975,-1.2384000000000237,Unseen_Well_Test,Model_B,Random Forest
403645099242701,PHELPS,40.61264497222222,-99.40752011111113,2015,2015-10-08,26.11,2297.96,11.98898630136986,615.12,62.941945205479456,3.5071506849315064,16.03131506849315,403645099242701,train,23.88,22.85,181.0,0.4955509924709103,13,22.286666666666665,1.937429568612324,1.0299999999999976,1.0718162393162367,20.386923076923075,3.104854759392632,16.42,27.3,0,0,1.0,403645099242701,24.087150000000005,-2.0228499999999947,Unseen_Well_Test,Model_B,Random Forest
402421099112000,PHELPS,40.40549166666666,-99.18921666666668,2015,2015-10-05,63.68,2216.62,11.98898630136986,615.12,62.941945205479456,3.5071506849315064,16.03131506849315,402421099112000,train,59.27,59.66,182.0,0.4982888432580424,33,58.53,1.6311652276823476,-0.3899999999999934,-0.4116979768786058,56.465625,3.3440095090735302,50.0,61.82,0,0,1.0,402421099112000,74.7381874999997,11.058187499999695,Unseen_Well_Test,Model_B,Random Forest
403315099351501,PHELPS,40.554270555555554,-99.58744083333332,2015,2015-10-08,75.04,2447.59,11.98898630136986,615.12,62.941945205479456,3.5071506849315064,16.03131506849315,403315099351501,train,72.93,71.32,178.0,0.487337440109514,10,71.01666666666667,2.081641980104492,1.6100000000000136,1.661165254237302,69.66400000000002,2.052094864603811,66.68,72.93,0,0,1.0,403315099351501,73.1776249999998,-1.8623750000002133,Unseen_Well_Test,Model_B,Random Forest
403946099383201,PHELPS,40.66301611111111,-99.64228555555556,2015,2015-10-08,95.76,2446.94,11.98898630136986,615.12,62.941945205479456,3.5071506849315064,16.03131506849315,403946099383201,train,94.93,95.53,185.0,0.5065023956194388,13,94.65,1.0484273937664967,-0.5999999999999943,-0.6445588235294056,94.6953846153846,1.6037176361224754,91.95,98.31,0,0,1.0,403946099383201,91.69590000000012,-4.064099999999897,Unseen_Well_Test,Model_B,Random Forest
402906099342201,PHELPS,40.485083333333336,-99.57288888888888,2015,2015-10-06,154.79,2458.82,11.98898630136986,615.12,62.941945205479456,3.5071506849315064,16.03131506849315,402906099342201,train,151.61,150.75,182.0,0.4982888432580424,32,150.57333333333335,1.1353560381366414,0.8600000000000136,0.9238676470588384,150.86967741935484,1.7505436943436916,147.63,154.32,0,0,1.0,402906099342201,151.94682500000013,-2.84317499999986,Unseen_Well_Test,Model_B,Random Forest
402630099305500,PHELPS,40.44133611111111,-99.51204166666666,2015,2015-10-05,180.42,2426.38,11.98898630136986,615.12,62.941945205479456,3.5071506849315064,16.03131506849315,402630099305500,train,177.68,177.92,181.0,0.4955509924709103,32,177.21333333333334,1.0231976022906508,-0.2399999999999806,-0.2578235294117439,178.94870967741937,2.1949923947256007,174.62,183.34,0,0,1.0,402630099305500,177.27392499999985,-3.1460750000001383,Unseen_Well_Test,Model_B,Random Forest
403322099272302,PHELPS,40.5545803,-99.4609332,2016,2016-04-21,19.56,2349.56,12.36688524590164,602.36,63.09775956284152,3.5339344262295085,16.29153005464481,403322099272302,train,19.87,17.07,744.0,2.036960985626284,17,18.98333333333333,1.658473193432241,2.8000000000000007,2.8329639889196683,17.900000000000002,3.1940961162745247,10.5,22.91,1,0,0.3333333333333333,403322099272302,19.069025,-0.4909750000000024,Unseen_Well_Test,Model_B,Random Forest
402906099342201,PHELPS,40.485083333333336,-99.57288888888888,2016,2016-05-19,152.3,2458.82,12.36688524590164,602.36,63.09775956284152,3.5339344262295085,16.29153005464481,402906099342201,train,154.79,151.61,226.0,0.6187542778918549,33,152.38333333333333,2.128129068767518,3.1799999999999784,6.381840659340615,150.9921875,1.856294843055608,147.63,154.79,0,0,1.0,402906099342201,151.59332500000002,-0.70667499999999,Unseen_Well_Test,Model_B,Random Forest
402630099305500,PHELPS,40.44133611111111,-99.51204166666666,2016,2016-05-17,177.79,2426.38,12.36688524590164,602.36,63.09775956284152,3.5339344262295085,16.29153005464481,402630099305500,train,180.42,177.68,225.0,0.6160164271047228,33,178.67333333333332,1.517410074216365,2.7399999999999807,5.529198895027585,178.9946875,2.174906723064752,174.62,183.34,0,0,1.0,402630099305500,177.24816250000018,-0.541837499999815,Unseen_Well_Test,Model_B,Random Forest
402421099112000,PHELPS,40.40549166666666,-99.18921666666668,2016,2016-05-17,61.13,2216.62,12.36688524590164,602.36,63.09775956284152,3.5339344262295085,16.29153005464481,402421099112000,train,63.68,59.27,225.0,0.6160164271047228,34,60.870000000000005,2.4413316038588446,4.409999999999997,8.850288461538454,56.68424242424243,3.522802533409152,50.0,63.68,0,0,1.0,402421099112000,73.1141374999998,11.984137499999797,Unseen_Well_Test,Model_B,Random Forest
402630099305500,PHELPS,40.44133611111111,-99.51204166666666,2017,2017-04-03,178.74,2426.38,11.735479452054792,669.93,62.23112328767123,3.4706849315068493,16.177616438356164,402630099305500,train,177.79,180.42,321.0,0.8788501026694046,34,178.63,1.551160855617488,-2.6299999999999955,-4.269366666666659,178.95818181818183,2.1509016344103444,174.62,183.34,0,0,1.3333333333333333,402630099305500,178.25139999999982,-0.48860000000019,Unseen_Well_Test,Model_B,Random Forest
404040099383501,PHELPS,40.67796833333333,-99.64313333333334,2017,2017-04-04,12.2,2346.64,11.735479452054792,669.93,62.23112328767123,3.4706849315068493,16.177616438356164,404040099383501,train,10.02,9.51,329.0,0.9007529089664612,15,9.723333333333333,0.2650157228040125,0.5099999999999998,0.8664069767441857,10.235333333333331,1.365073868575128,7.61,13.9,0,0,1.3333333333333333,404040099383501,8.80009999999998,-3.39990000000002,Unseen_Well_Test,Model_B,Random Forest
403946099383201,PHELPS,40.66301611111111,-99.64228555555556,2017,2017-04-04,98.06,2446.94,11.735479452054792,669.93,62.23112328767123,3.4706849315068493,16.177616438356164,403946099383201,train,97.18,95.76,329.0,0.9007529089664612,15,95.95666666666666,1.137819552184499,1.4200000000000017,2.412348837209305,94.932,1.632916759316637,91.95,98.31,0,0,1.3333333333333333,403946099383201,94.7931000000002,-3.2668999999997936,Unseen_Well_Test,Model_B,Random Forest
404033099373001,PHELPS,40.67593911111111,-99.62515633333332,2017,2017-04-04,9.65,2339.74,11.735479452054792,669.93,62.23112328767123,3.4706849315068493,16.177616438356164,404033099373001,train,7.04,8.27,329.0,0.9007529089664612,15,7.789999999999999,0.6579513659838392,-1.2299999999999995,-2.0895697674418594,9.007333333333332,2.6783109460646126,6.32,17.74,0,0,1.3333333333333333,404033099373001,7.458549999999978,-2.1914500000000228,Unseen_Well_Test,Model_B,Random Forest
404102099373001,PHELPS,40.68405933333333,-99.62523716666666,2017,2017-04-04,10.31,2334.85,11.735479452054792,669.93,62.23112328767123,3.4706849315068493,16.177616438356164,404102099373001,train,10.17,8.13,329.0,0.9007529089664612,15,9.056666666666668,1.0327310072489024,2.039999999999999,3.4656279069767426,9.4,1.1882339836917644,7.63,11.76,0,0,1.3333333333333333,404102099373001,8.61424999999998,-1.69575000000002,Unseen_Well_Test,Model_B,Random Forest
403408099130501,PHELPS,40.56878722222223,-99.21816944444444,2017,2017-04-06,20.61,2216.56,11.735479452054792,669.93,62.23112328767123,3.4706849315068493,16.177616438356164,403408099130501,train,19.59,19.08,332.0,0.9089664613278576,12,18.56,1.3663454907160182,0.5100000000000016,0.8955649038461565,15.19,2.713421188362497,12.03,19.59,0,0,1.3333333333333333,403408099130501,20.439075000000013,-0.1709249999999862,Unseen_Well_Test,Model_B,Random Forest
402421099112000,PHELPS,40.40549166666666,-99.18921666666668,2017,2017-04-06,62.46,2216.62,11.735479452054792,669.93,62.23112328767123,3.4706849315068493,16.177616438356164,402421099112000,train,61.13,63.68,324.0,0.8870636550308009,35,61.36000000000001,2.2139783196770453,-2.549999999999997,-4.139499999999996,56.815000000000005,3.551814943650555,50.0,63.68,0,0,1.3333333333333333,402421099112000,74.16553749999974,11.705537499999744,Unseen_Well_Test,Model_B,Random Forest
402906099342201,PHELPS,40.485083333333336,-99.57288888888888,2017,2017-04-11,153.65,2458.82,11.735479452054792,669.93,62.23112328767123,3.4706849315068493,16.177616438356164,402906099342201,train,152.3,154.79,327.0,0.8952772073921971,34,152.9,1.672752223134066,-2.4899999999999807,-4.02421460176988,151.03181818181818,1.841189246359292,147.63,154.79,0,0,1.3333333333333333,402906099342201,153.15020000000027,-0.4997999999997375,Unseen_Well_Test,Model_B,Random Forest
403645099242701,PHELPS,40.61264497222222,-99.40752011111113,2017,2017-04-12,25.27,2297.96,11.735479452054792,669.93,62.23112328767123,3.4706849315068493,16.177616438356164,403645099242701,train,25.53,26.11,338.0,0.9253935660506504,15,25.17333333333333,1.1569932295970164,-0.5799999999999983,-0.9899299065420532,21.11133333333333,3.453929163527629,16.42,27.3,0,0,1.3333333333333333,403645099242701,25.74182500000003,0.471825000000031,Unseen_Well_Test,Model_B,Random Forest
403903099214301,PHELPS,40.650864722222224,-99.3618686111111,2017,2017-04-12,12.37,2248.47,11.735479452054792,669.93,62.23112328767123,3.4706849315068493,16.177616438356164,403903099214301,train,9.39,10.94,338.0,0.9253935660506504,13,9.936666666666667,0.8700766249781293,-1.549999999999999,-2.645502336448597,7.8161538461538465,1.6464483920525137,5.46,10.94,0,0,1.3333333333333333,403903099214301,10.599650000000029,-1.7703499999999703,Unseen_Well_Test,Model_B,Random Forest
403315099351501,PHELPS,40.554270555555554,-99.58744083333332,2017,2017-04-17,76.49,2447.59,11.735479452054792,669.93,62.23112328767123,3.4706849315068493,16.177616438356164,403315099351501,train,76.55,75.04,343.0,0.9390828199863108,12,74.84000000000002,1.818268407029057,1.509999999999991,2.5772313084111995,70.68583333333333,3.040461861844897,66.68,76.55,0,0,1.3333333333333333,403315099351501,77.16507500000017,0.6750750000001773,Unseen_Well_Test,Model_B,Random Forest
402905099115301,PHELPS,40.4848551,-99.1983097,2017,2017-04-07,38.21,2241.11,11.735479452054792,669.93,62.23112328767123,3.4706849315068493,16.177616438356164,402905099115301,train,37.68,36.8,358.0,0.9801505817932924,22,36.91,0.7213182376732201,0.8800000000000026,0.8830219780219806,32.783181818181816,3.252600990509472,25.73,37.68,0,0,1.0,402905099115301,37.07702499999999,-1.132975000000016,Unseen_Well_Test,Model_B,Random Forest
402924099235501,PHELPS,40.4901949,-99.398706,2017,2017-04-11,55.56,2336.37,11.735479452054792,669.93,62.23112328767123,3.4706849315068493,16.177616438356164,402924099235501,train,53.82,53.7,355.0,0.971937029431896,23,53.66333333333333,0.177857620959389,0.1199999999999974,0.1181401617250648,54.06782608695652,3.1923245399519526,47.25,59.81,0,0,0.6666666666666666,402924099235501,53.78427499999997,-1.7757250000000298,Unseen_Well_Test,Model_B,Random Forest
403037099111401,PHELPS,40.5103457694444,-99.1873426,2017,2017-04-07,36.11,2237.5,11.735479452054792,669.93,62.23112328767123,3.4706849315068493,16.177616438356164,403037099111401,train,35.97,35.2,358.0,0.9801505817932924,12,35.23666666666667,0.715704780851248,0.769999999999996,0.7726442307692267,31.605833333333333,2.750948459030526,27.52,35.97,0,0,1.0,403037099111401,37.12289999999992,1.0128999999999166,Unseen_Well_Test,Model_B,Random Forest
403138099235801,PHELPS,40.5255500233333,-99.399115,2017,2017-04-11,29.19,2328.14,11.735479452054792,669.93,62.23112328767123,3.4706849315068493,16.177616438356164,403138099235801,train,28.82,29.38,355.0,0.971937029431896,26,28.666666666666668,0.8010826008180005,-0.5599999999999987,-0.5513207547169798,26.747307692307693,4.030457599521233,18.67,34.37,0,0,0.6666666666666666,403138099235801,29.999174999999955,0.8091749999999536,Unseen_Well_Test,Model_B,Random Forest
403217099312001,PHELPS,40.5392815,-99.5207383,2017,2017-04-12,109.52,2451.89,11.735479452054792,669.93,62.23112328767123,3.4706849315068493,16.177616438356164,403217099312001,train,104.2,103.35,356.0,0.974674880219028,26,103.05666666666669,1.314775012438755,0.8500000000000085,0.8459468664850222,101.34846153846152,3.215816776257865,95.01,107.27,0,0,0.6666666666666666,403217099312001,104.78654999999992,-4.733450000000076,Unseen_Well_Test,Model_B,Random Forest
403322099201601,PHELPS,40.5547811,-99.3416484,2017,2017-04-11,10.04,2267.67,11.735479452054792,669.93,62.23112328767123,3.4706849315068493,16.177616438356164,403322099201601,train,10.25,10.03,355.0,0.971937029431896,22,9.56,1.0105938848023963,0.2200000000000006,0.2165902964959574,7.610909090909092,2.46243377303433,2.69,11.61,0,0,0.6666666666666666,403322099201601,9.788974999999988,-0.2510250000000109,Unseen_Well_Test,Model_B,Random Forest
403322099304801,PHELPS,40.5542755075,-99.5122815,2017,2017-04-12,61.29,2411.43,11.735479452054792,669.93,62.23112328767123,3.4706849315068493,16.177616438356164,403322099304801,train,61.41,60.63,356.0,0.974674880219028,26,60.25666666666666,1.378453239443883,0.779999999999994,0.7762806539509478,57.97307692307693,2.861905336283182,52.42,62.54,0,0,0.6666666666666666,403322099304801,60.18291999999999,-1.1070800000000105,Unseen_Well_Test,Model_B,Random Forest
403646099293301,PHELPS,40.6127772,-99.4935704,2017,2017-04-12,21.4,2354.25,11.735479452054792,669.93,62.23112328767123,3.4706849315068493,16.177616438356164,403646099293301,train,20.07,21.05,356.0,0.974674880219028,26,21.173333333333336,1.1698860343355375,-0.9800000000000004,-0.9753269754768396,17.898076923076925,2.3162988049572,10.52,22.4,0,0,0.6666666666666666,403646099293301,20.46530000000003,-0.9346999999999674,Unseen_Well_Test,Model_B,Random Forest
403651099281401,PHELPS,40.613021,-99.4747929,2017,2017-04-12,40.6,2345.39,11.735479452054792,669.93,62.23112328767123,3.4706849315068493,16.177616438356164,403651099281401,train,41.21,42.85,356.0,0.974674880219028,24,42.11333333333334,0.8326063495634259,-1.6400000000000006,-1.6321798365122622,40.47125,2.737439794851164,34.86,43.93,0,0,0.6666666666666666,403651099281401,40.98241666666668,0.3824166666666784,Unseen_Well_Test,Model_B,Random Forest
403915099190801,PHELPS,40.6573434,-99.3214291,2017,2017-04-11,11.38,2234.03,11.735479452054792,669.93,62.23112328767123,3.4706849315068493,16.177616438356164,403915099190801,train,9.58,10.36,355.0,0.971937029431896,21,9.98,0.3903844259188624,-0.7799999999999994,-0.7679110512129373,9.419523809523808,1.0245558852033216,7.28,11.0,0,0,0.6666666666666666,403915099190801,10.163024999999983,-1.2169750000000177,Unseen_Well_Test,Model_B,Random Forest
403322099272302,PHELPS,40.5545803,-99.4609332,2017,2017-04-12,21.12,2349.56,11.735479452054792,669.93,62.23112328767123,3.4706849315068493,16.177616438356164,403322099272302,train,19.56,19.87,356.0,0.974674880219028,18,18.83333333333333,1.5349375665913365,-0.3100000000000023,-0.1521875000000011,17.992222222222225,3.123332600916482,10.5,22.91,0,0,0.3333333333333333,403322099272302,19.90992500000002,-1.210074999999982,Unseen_Well_Test,Model_B,Random Forest
402340099353701,PHELPS,40.39445302,-99.59399869,2017,2017-04-20,24.79,2264.29,11.735479452054792,669.93,62.23112328767123,3.4706849315068493,16.177616438356164,402340099353701,train,24.7,24.81,374.0,1.0239561943874058,15,24.736666666666665,0.0635085296108585,-0.1099999999999994,-0.1085878378378372,24.956666666666667,0.3835858381615455,24.35,25.44,0,0,0.6666666666666666,402340099353701,27.48939999999998,2.69939999999998,Unseen_Well_Test,Model_B,Random Forest
402524099201601,PHELPS,40.42334431,-99.33815365,2017,2017-04-21,119.08,2312.07,11.735479452054792,669.93,62.23112328767123,3.4706849315068493,16.177616438356164,402524099201601,train,117.9,121.51,375.0,1.026694045174538,16,117.63,4.021803078222503,-3.61,-3.5636554054054046,114.644375,3.618301569797631,109.06,121.51,0,0,0.6666666666666666,402524099201601,111.77407500000014,-7.30592499999986,Unseen_Well_Test,Model_B,Random Forest
403037099111401,PHELPS,40.5103457694444,-99.1873426,2018,2018-04-23,35.91,2237.5,10.204739726027396,794.55,68.55860273972603,3.414328767123288,15.796301369863013,403037099111401,train,36.11,35.97,381.0,1.0431211498973303,13,35.76,0.4899999999999979,0.1400000000000005,0.1428351955307268,31.95230769230769,2.915073337688533,27.52,36.11,0,0,0.6666666666666666,403037099111401,36.253299999999946,0.3432999999999495,Unseen_Well_Test,Model_B,Random Forest
402905099115301,PHELPS,40.4848551,-99.1983097,2018,2018-04-23,37.58,2241.11,10.204739726027396,794.55,68.55860273972603,3.414328767123288,15.796301369863013,402905099115301,train,38.21,37.68,381.0,1.0431211498973303,23,37.56333333333333,0.7122031545376193,0.5300000000000011,0.5407332402234648,33.0191304347826,3.373274525986283,25.73,38.21,0,0,0.6666666666666666,402905099115301,35.46392499999993,-2.116075000000066,Unseen_Well_Test,Model_B,Random Forest
402924099235501,PHELPS,40.4901949,-99.398706,2018,2018-04-24,56.18,2336.37,10.204739726027396,794.55,68.55860273972603,3.414328767123288,15.796301369863013,402924099235501,train,55.56,53.82,378.0,1.0349075975359343,24,54.36000000000001,1.0409610943738483,1.740000000000002,1.7902394366197203,54.13,3.136977221300232,47.25,59.81,0,0,0.6666666666666666,402924099235501,54.274724999999954,-1.9052750000000456,Unseen_Well_Test,Model_B,Random Forest
402821099282901,PHELPS,40.47215973,-99.47068872,2018,2018-04-17,96.65,2363.91,10.204739726027396,794.55,68.55860273972603,3.414328767123288,15.796301369863013,402821099282901,train,94.39,88.91,2008.0,5.49760438056126,14,91.72666666666667,2.7432158743586594,5.480000000000004,10.99763736263737,94.10142857142856,3.330291872500663,88.91,100.93,1,1,0.0,402821099282901,94.1821000000001,-2.4678999999999007,Unseen_Well_Test,Model_B,Random Forest
403322099201601,PHELPS,40.5547811,-99.3416484,2018,2018-04-24,12.2,2267.67,10.204739726027396,794.55,68.55860273972603,3.414328767123288,15.796301369863013,403322099201601,train,10.04,10.25,378.0,1.0349075975359343,23,10.106666666666667,0.1242309676905619,-0.2100000000000008,-0.216063380281691,7.716521739130435,2.45855761242173,2.69,11.61,0,0,0.6666666666666666,403322099201601,9.278149999999991,-2.9218500000000063,Unseen_Well_Test,Model_B,Random Forest
403138099235801,PHELPS,40.5255500233333,-99.399115,2018,2018-04-24,29.39,2328.14,10.204739726027396,794.55,68.55860273972603,3.414328767123288,15.796301369863013,403138099235801,train,29.19,28.82,378.0,1.0349075975359343,27,29.13,0.2847806173179624,0.370000000000001,0.3806830985915503,26.83777777777778,3.980048640341871,18.67,34.37,0,0,0.6666666666666666,403138099235801,29.44342499999996,0.0534249999999616,Unseen_Well_Test,Model_B,Random Forest
403322099304801,PHELPS,40.5542755075,-99.5122815,2018,2018-04-17,61.24,2411.43,10.204739726027396,794.55,68.55860273972603,3.414328767123288,15.796301369863013,403322099304801,train,61.29,61.41,370.0,1.0130047912388775,27,61.10999999999999,0.4199999999999971,-0.1199999999999974,-0.1231179775280872,58.09592592592593,2.878013817333671,52.42,62.54,0,0,1.0,403322099304801,60.48479583333327,-0.7552041666667293,Unseen_Well_Test,Model_B,Random Forest
403322099272302,PHELPS,40.5545803,-99.4609332,2018,2018-04-17,20.81,2349.56,10.204739726027396,794.55,68.55860273972603,3.414328767123288,15.796301369863013,403322099272302,train,21.12,19.56,370.0,1.0130047912388775,19,20.183333333333334,0.8258530942808986,1.5600000000000025,1.600533707865171,18.15684210526316,3.1189974397616567,10.5,22.91,0,0,0.6666666666666666,403322099272302,21.180174999999984,0.3701749999999855,Unseen_Well_Test,Model_B,Random Forest
403217099312001,PHELPS,40.5392815,-99.5207383,2018,2018-04-17,103.41,2451.89,10.204739726027396,794.55,68.55860273972603,3.414328767123288,15.796301369863013,403217099312001,train,109.52,104.2,370.0,1.0130047912388775,27,105.69,3.3439946172205475,5.319999999999993,5.4582303370786445,101.65111111111108,3.5237538259136394,95.01,109.52,0,0,1.0,403217099312001,106.95454999999995,3.544549999999973,Unseen_Well_Test,Model_B,Random Forest
403558099371801,PHELPS,40.5994522,-99.622055,2018,2018-04-17,70.63,2483.53,10.204739726027396,794.55,68.55860273972603,3.414328767123288,15.796301369863013,403558099371801,train,72.6,71.13,2008.0,5.49760438056126,4,71.46333333333332,1.0120441360599504,1.4699999999999989,2.950096153846152,71.28999999999999,0.8961026726887931,70.66,72.6,1,1,0.0,403558099371801,73.96957500000002,3.339575000000025,Unseen_Well_Test,Model_B,Random Forest
403915099190801,PHELPS,40.6573434,-99.3214291,2018,2018-04-24,10.4,2234.03,10.204739726027396,794.55,68.55860273972603,3.414328767123288,15.796301369863013,403915099190801,train,11.38,9.58,378.0,1.0349075975359343,22,10.44,0.9026627277117408,1.8000000000000007,1.851971830985916,9.508636363636365,1.0837118552832137,7.28,11.38,0,0,0.6666666666666666,403915099190801,10.533849999999989,0.1338499999999864,Unseen_Well_Test,Model_B,Random Forest
403646099293301,PHELPS,40.6127772,-99.4935704,2018,2018-04-17,21.73,2354.25,10.204739726027396,794.55,68.55860273972603,3.414328767123288,15.796301369863013,403646099293301,train,21.4,20.07,370.0,1.0130047912388775,27,20.84,0.6894200461257267,1.3299999999999983,1.3645575842696611,18.02777777777778,2.3691954709325227,10.52,22.4,0,0,1.0,403646099293301,21.462274999999977,-0.2677250000000235,Unseen_Well_Test,Model_B,Random Forest
403651099281401,PHELPS,40.613021,-99.4747929,2018,2018-04-17,41.14,2345.39,10.204739726027396,794.55,68.55860273972603,3.414328767123288,15.796301369863013,403651099281401,train,40.6,41.21,370.0,1.0130047912388775,25,41.553333333333335,1.1636293797138906,-0.6099999999999994,-0.6258497191011231,40.4764,2.6799267402922293,34.86,43.93,0,0,1.0,403651099281401,40.67669166666666,-0.4633083333333374,Unseen_Well_Test,Model_B,Random Forest
403928099371801,PHELPS,40.655954,-99.6202609,2018,2018-04-17,82.58,2432.98,10.204739726027396,794.55,68.55860273972603,3.414328767123288,15.796301369863013,403928099371801,train,82.33,82.71,726.0,1.9876796714579053,26,82.82,0.5532630477449245,-0.3799999999999954,-0.3781880108991781,82.45153846153845,1.3635210077081834,80.21,84.44,0,0,0.6666666666666666,403928099371801,81.57962499999991,-1.0003750000000906,Unseen_Well_Test,Model_B,Random Forest
402340099353701,PHELPS,40.39445302,-99.59399869,2018,2018-04-24,24.75,2264.29,10.204739726027396,794.55,68.55860273972603,3.414328767123288,15.796301369863013,402340099353701,train,24.79,24.7,369.0,1.0102669404517457,16,24.766666666666666,0.0585946527708229,0.0899999999999998,0.0878943850267378,24.94625,0.3729141992469584,24.35,25.44,0,0,0.6666666666666666,402340099353701,27.10744999999996,2.357449999999961,Unseen_Well_Test,Model_B,Random Forest
402524099201601,PHELPS,40.42334431,-99.33815365,2018,2018-04-24,118.11,2312.07,10.204739726027396,794.55,68.55860273972603,3.414328767123288,15.796301369863013,402524099201601,train,119.08,117.9,368.0,1.0075290896646132,17,119.49666666666668,1.840715440619037,1.1799999999999926,1.149319999999993,114.90529411764705,3.664858656290612,109.06,121.51,0,0,0.6666666666666666,402524099201601,111.79746250000004,-6.312537499999948,Unseen_Well_Test,Model_B,Random Forest
402421099112000,PHELPS,40.40549166666666,-99.18921666666668,2018,2018-04-05,61.61,2216.62,10.204739726027396,794.55,68.55860273972603,3.414328767123288,15.796301369863013,402421099112000,train,62.46,61.13,364.0,0.9965776865160848,36,62.42333333333334,1.275395363537648,1.3299999999999983,1.4993287037037015,56.97628571428572,3.626955525858378,50.0,63.68,0,0,1.3333333333333333,402421099112000,75.80635749999986,14.196357499999865,Unseen_Well_Test,Model_B,Random Forest
402630099305500,PHELPS,40.44133611111111,-99.51204166666666,2018,2018-04-11,178.68,2426.38,10.204739726027396,794.55,68.55860273972603,3.414328767123288,15.796301369863013,402630099305500,train,178.74,177.79,373.0,1.0212183436002735,35,178.98333333333335,1.3317782598215526,0.950000000000017,1.080957943925253,178.95176470588234,2.1183920010781123,174.62,183.34,0,0,1.0,402630099305500,176.9009750000001,-1.7790249999999048,Unseen_Well_Test,Model_B,Random Forest
402906099342201,PHELPS,40.485083333333336,-99.57288888888888,2018,2018-04-11,152.69,2458.82,10.204739726027396,794.55,68.55860273972603,3.414328767123288,15.796301369863013,402906099342201,train,153.65,152.3,365.0,0.999315537303217,35,153.58,1.2464750298341225,1.3499999999999943,1.507912844036691,151.10882352941175,1.8678504331561767,147.63,154.79,0,0,1.0,402906099342201,152.06219999999996,-0.6278000000000361,Unseen_Well_Test,Model_B,Random Forest
403408099130501,PHELPS,40.56878722222223,-99.21816944444444,2018,2018-04-11,20.26,2216.56,10.204739726027396,794.55,68.55860273972603,3.414328767123288,15.796301369863013,403408099130501,train,20.61,19.59,370.0,1.0130047912388775,13,19.76,0.7790378681424932,1.0199999999999996,1.1221536144578308,15.606923076923076,3.0014701525957364,12.03,20.61,0,0,1.0,403408099130501,19.85240000000003,-0.4075999999999702,Unseen_Well_Test,Model_B,Random Forest
403645099242701,PHELPS,40.61264497222222,-99.40752011111113,2018,2018-04-12,25.91,2297.96,10.204739726027396,794.55,68.55860273972603,3.414328767123288,15.796301369863013,403645099242701,train,25.27,25.53,365.0,0.999315537303217,16,25.636666666666667,0.4300387579432034,-0.2600000000000015,-0.2809615384615401,21.37125,3.4950286121861724,16.42,27.3,0,0,1.0,403645099242701,25.71274999999998,-0.1972500000000216,Unseen_Well_Test,Model_B,Random Forest
403315099351501,PHELPS,40.554270555555554,-99.58744083333332,2018,2018-04-12,76.7,2447.59,10.204739726027396,794.55,68.55860273972603,3.414328767123288,15.796301369863013,403315099351501,train,76.49,76.55,360.0,0.9856262833675564,13,76.02666666666666,0.8550048732804529,-0.0600000000000022,-0.0638921282798858,71.13230769230769,3.326477500916332,66.68,76.55,0,0,1.3333333333333333,403315099351501,76.52072500000013,-0.1792749999998761,Unseen_Well_Test,Model_B,Random Forest
403903099214301,PHELPS,40.650864722222224,-99.3618686111111,2018,2018-04-11,12.45,2248.47,10.204739726027396,794.55,68.55860273972603,3.414328767123288,15.796301369863013,403903099214301,train,12.37,9.39,364.0,0.9965776865160848,14,10.9,1.490402630164077,2.979999999999998,3.2202514792899395,8.141428571428571,1.995875967869968,5.46,12.37,0,0,1.0,403903099214301,11.245724999999975,-1.204275000000024,Unseen_Well_Test,Model_B,Random Forest
404040099383501,PHELPS,40.67796833333333,-99.64313333333334,2018,2018-04-16,12.87,2346.64,10.204739726027396,794.55,68.55860273972603,3.414328767123288,15.796301369863013,404040099383501,train,12.2,10.02,377.0,1.0321697467488022,16,10.576666666666666,1.4287873646324467,2.18,2.420197568389057,10.358125,1.4072821027308868,7.61,13.9,0,0,1.0,404040099383501,10.608399999999984,-2.261600000000014,Unseen_Well_Test,Model_B,Random Forest
404033099373001,PHELPS,40.67593911111111,-99.62515633333332,2018,2018-04-16,10.17,2339.74,10.204739726027396,794.55,68.55860273972603,3.414328767123288,15.796301369863013,404033099373001,train,9.65,7.04,377.0,1.0321697467488022,16,8.32,1.305718193179524,2.6100000000000003,2.897575987841946,9.0475,2.592477579459464,6.32,17.74,0,0,1.0,404033099373001,8.420824999999994,-1.7491750000000064,Unseen_Well_Test,Model_B,Random Forest
404102099373001,PHELPS,40.68405933333333,-99.62523716666666,2018,2018-04-16,10.44,2334.85,10.204739726027396,794.55,68.55860273972603,3.414328767123288,15.796301369863013,404102099373001,train,10.31,10.17,377.0,1.0321697467488022,16,9.536666666666669,1.2202185596577904,0.1400000000000005,0.1554255319148942,9.456875,1.1702690217780412,7.63,11.76,0,0,1.0,404102099373001,8.891699999999984,-1.548300000000015,Unseen_Well_Test,Model_B,Random Forest
403946099383201,PHELPS,40.66301611111111,-99.64228555555556,2018,2018-04-16,98.54,2446.94,10.204739726027396,794.55,68.55860273972603,3.414328767123288,15.796301369863013,403946099383201,train,98.06,97.18,377.0,1.0321697467488022,16,97.0,1.1605171261123195,0.8799999999999955,0.9769604863221836,95.1275,1.7607328019889912,91.95,98.31,0,0,1.0,403946099383201,95.52950000000014,-3.0104999999998654,Unseen_Well_Test,Model_B,Random Forest
402340099353701,PHELPS,40.39445302,-99.59399869,2019,2019-04-17,24.11,2264.29,9.81704109589041,868.24,72.97915068493151,3.4735068493150685,15.89427397260274,402340099353701,train,24.75,24.79,358.0,0.9801505817932924,17,24.746666666666663,0.0450924975282289,-0.0399999999999991,-0.0395934959349585,24.93470588235294,0.3641963352207645,24.35,25.44,0,0,0.6666666666666666,402340099353701,25.79472499999996,1.684724999999954,Unseen_Well_Test,Model_B,Random Forest
402524099201601,PHELPS,40.42334431,-99.33815365,2019,2019-04-17,124.9,2312.07,9.81704109589041,868.24,72.97915068493151,3.4735068493150685,15.89427397260274,402524099201601,train,118.11,119.08,358.0,0.9801505817932924,18,118.36333333333334,0.6294706771036517,-0.9699999999999988,-0.9627513586956512,115.08333333333331,3.63478780026306,109.06,121.51,0,0,0.6666666666666666,402524099201601,111.63541666666686,-13.26458333333315,Unseen_Well_Test,Model_B,Random Forest
402905099115301,PHELPS,40.4848551,-99.1983097,2019,2019-04-03,35.14,2241.11,9.81704109589041,868.24,72.97915068493151,3.4735068493150685,15.89427397260274,402905099115301,train,37.58,38.21,345.0,0.944558521560575,24,37.82333333333333,0.3385754470326135,-0.6300000000000026,-0.6039566929133884,33.20916666666667,3.42796925137986,25.73,38.21,0,0,1.0,402905099115301,33.80404999999991,-1.3359500000000892,Unseen_Well_Test,Model_B,Random Forest
402924099235501,PHELPS,40.4901949,-99.398706,2019,2019-04-03,55.86,2336.37,9.81704109589041,868.24,72.97915068493151,3.4735068493150685,15.89427397260274,402924099235501,train,56.18,55.56,344.0,0.9418206707734428,25,55.18666666666667,1.2234922694211572,0.6199999999999974,0.5990873015872991,54.212,3.0981768832653827,47.25,59.81,0,0,1.0,402924099235501,55.09409999999996,-0.7659000000000447,Unseen_Well_Test,Model_B,Random Forest
403037099111401,PHELPS,40.5103457694444,-99.1873426,2019,2019-04-03,33.12,2237.5,9.81704109589041,868.24,72.97915068493151,3.4735068493150685,15.89427397260274,403037099111401,train,35.91,36.11,345.0,0.944558521560575,14,35.99666666666666,0.1026320287889389,-0.2000000000000028,-0.1917322834645696,32.235,2.993792937703968,27.52,36.11,0,0,1.0,403037099111401,34.44359999999997,1.3235999999999706,Unseen_Well_Test,Model_B,Random Forest
403138099235801,PHELPS,40.5255500233333,-99.399115,2019,2019-04-03,27.95,2328.14,9.81704109589041,868.24,72.97915068493151,3.4735068493150685,15.89427397260274,403138099235801,train,29.39,29.19,344.0,0.9418206707734428,28,29.133333333333336,0.2891942830232532,0.1999999999999993,0.1932539682539675,26.92892857142857,3.9353180861467134,18.67,34.37,0,0,1.0,403138099235801,28.508725000000016,0.5587250000000168,Unseen_Well_Test,Model_B,Random Forest
403217099312001,PHELPS,40.5392815,-99.5207383,2019,2019-04-03,104.2,2451.89,9.81704109589041,868.24,72.97915068493151,3.4735068493150685,15.89427397260274,403217099312001,train,103.41,109.52,351.0,0.9609856262833676,28,105.71,3.323116007604909,-6.109999999999999,-6.03156081081081,101.71392857142855,3.47382310396945,95.01,109.52,0,0,1.0,403217099312001,103.88812500000006,-0.3118749999999437,Unseen_Well_Test,Model_B,Random Forest
403322099201601,PHELPS,40.5547811,-99.3416484,2019,2019-04-03,1.72,2267.67,9.81704109589041,868.24,72.97915068493151,3.4735068493150685,15.89427397260274,403322099201601,train,12.2,10.04,344.0,0.9418206707734428,24,10.829999999999998,1.191091935998225,2.16,2.087142857142857,7.903333333333333,2.572793553059916,2.69,12.2,0,0,1.0,403322099201601,10.35995,8.63995,Unseen_Well_Test,Model_B,Random Forest
403322099272302,PHELPS,40.5545803,-99.4609332,2019,2019-04-03,16.68,2349.56,9.81704109589041,868.24,72.97915068493151,3.4735068493150685,15.89427397260274,403322099272302,train,20.81,21.12,351.0,0.9609856262833676,20,20.496666666666663,0.8258530942808986,-0.3100000000000023,-0.3060202702702725,18.2895,3.0932345104828545,10.5,22.91,0,0,1.0,403322099272302,19.18010000000001,2.5001000000000104,Unseen_Well_Test,Model_B,Random Forest
403322099304801,PHELPS,40.5542755075,-99.5122815,2019,2019-04-03,60.29,2411.43,9.81704109589041,868.24,72.97915068493151,3.4735068493150685,15.89427397260274,403322099304801,train,61.24,61.29,351.0,0.9609856262833676,28,61.31333333333333,0.0873689494805384,-0.0499999999999971,-0.0493581081081053,58.20821428571429,2.8860405448390747,52.42,62.54,0,0,1.0,403322099304801,60.67433999999993,0.3843399999999306,Unseen_Well_Test,Model_B,Random Forest
403646099293301,PHELPS,40.6127772,-99.4935704,2019,2019-04-03,16.4,2354.25,9.81704109589041,868.24,72.97915068493151,3.4735068493150685,15.89427397260274,403646099293301,train,21.73,21.4,351.0,0.9609856262833676,28,21.066666666666663,0.8787680771018784,0.3300000000000018,0.3257635135135153,18.16,2.427902615656384,10.52,22.4,0,0,1.0,403646099293301,19.22697500000001,2.826975000000012,Unseen_Well_Test,Model_B,Random Forest
403651099281401,PHELPS,40.613021,-99.4747929,2019,2019-04-03,38.43,2345.39,9.81704109589041,868.24,72.97915068493151,3.4735068493150685,15.89427397260274,403651099281401,train,41.14,40.6,351.0,0.9609856262833676,26,40.98333333333333,0.3338163167571847,0.5399999999999991,0.5330675675675667,40.50192307692308,2.6290044035425564,34.86,43.93,0,0,1.0,403651099281401,40.34002499999995,1.910024999999948,Unseen_Well_Test,Model_B,Random Forest
403915099190801,PHELPS,40.6573434,-99.3214291,2019,2019-04-03,8.1,2234.03,9.81704109589041,868.24,72.97915068493151,3.4735068493150685,15.89427397260274,403915099190801,train,10.4,11.38,344.0,0.9418206707734428,23,10.453333333333331,0.9011844058422972,-0.9800000000000004,-0.9469444444444448,9.547391304347824,1.0749850628615705,7.28,11.38,0,0,1.0,403915099190801,9.618425000000007,1.5184250000000077,Unseen_Well_Test,Model_B,Random Forest
403928099371801,PHELPS,40.655954,-99.6202609,2019,2019-04-03,82.08,2432.98,9.81704109589041,868.24,72.97915068493151,3.4735068493150685,15.89427397260274,403928099371801,train,82.58,82.33,351.0,0.9609856262833676,27,82.54,0.1931320791582776,0.25,0.1257747933884297,82.45629629629629,1.337270895254005,80.21,84.44,0,0,0.6666666666666666,403928099371801,81.31135000000005,-0.7686499999999512,Unseen_Well_Test,Model_B,Random Forest
402421099112000,PHELPS,40.40549166666666,-99.18921666666668,2019,2019-04-02,61.24,2216.62,9.81704109589041,868.24,72.97915068493151,3.4735068493150685,15.89427397260274,402421099112000,train,61.61,62.46,362.0,0.9911019849418208,37,61.73333333333333,0.6735230755759839,-0.8500000000000014,-0.8529189560439574,57.105,3.6572366617433993,50.0,63.68,0,0,1.0,402421099112000,76.61520749999985,15.375207499999853,Unseen_Well_Test,Model_B,Random Forest
402906099342201,PHELPS,40.485083333333336,-99.57288888888888,2019,2019-04-01,150.65,2458.82,9.81704109589041,868.24,72.97915068493151,3.4735068493150685,15.89427397260274,402906099342201,train,152.69,153.65,355.0,0.971937029431896,36,152.88000000000002,0.6947661477072686,-0.960000000000008,-0.9606575342465832,151.154,1.859484748367615,147.63,154.79,0,0,1.0,402906099342201,153.19557499999996,2.545574999999957,Unseen_Well_Test,Model_B,Random Forest
403408099130501,PHELPS,40.56878722222223,-99.21816944444444,2019,2019-04-05,18.67,2216.56,9.81704109589041,868.24,72.97915068493151,3.4735068493150685,15.89427397260274,403408099130501,train,20.26,20.61,359.0,0.9828884325804244,14,20.153333333333336,0.5182984982935348,-0.3499999999999978,-0.3455067567567546,15.939285714285711,3.140437167719744,12.03,20.61,0,0,1.0,403408099130501,18.267300000000013,-0.4026999999999887,Unseen_Well_Test,Model_B,Random Forest
403645099242701,PHELPS,40.61264497222222,-99.40752011111113,2019,2019-04-02,23.68,2297.96,9.81704109589041,868.24,72.97915068493151,3.4735068493150685,15.89427397260274,403645099242701,train,25.91,25.27,355.0,0.971937029431896,17,25.57,0.3218695387886218,0.6400000000000006,0.6404383561643842,21.63823529411765,3.5585886164568774,16.42,27.3,0,0,1.0,403645099242701,24.1079,0.4278999999999939,Unseen_Well_Test,Model_B,Random Forest
403315099351501,PHELPS,40.554270555555554,-99.58744083333332,2019,2019-04-24,75.05,2447.59,9.81704109589041,868.24,72.97915068493151,3.4735068493150685,15.89427397260274,403315099351501,train,76.7,76.49,377.0,1.0321697467488022,14,76.58,0.1081665382639237,0.2100000000000079,0.2130625000000081,71.53,3.525406686850796,66.68,76.7,0,0,1.0,403315099351501,76.27687499999998,1.2268749999999784,Unseen_Well_Test,Model_B,Random Forest
403903099214301,PHELPS,40.650864722222224,-99.3618686111111,2019,2019-04-14,9.87,2248.47,9.81704109589041,868.24,72.97915068493151,3.4735068493150685,15.89427397260274,403903099214301,train,12.45,12.37,368.0,1.0075290896646132,15,11.40333333333333,1.7440565740059384,0.08,0.0802747252747253,8.428666666666667,2.221839220963012,5.46,12.45,0,0,1.0,403903099214301,10.649625000000022,0.7796250000000224,Unseen_Well_Test,Model_B,Random Forest
404033099373001,PHELPS,40.67593911111111,-99.62515633333332,2019,2019-04-02,9.2,2339.74,9.81704109589041,868.24,72.97915068493151,3.4735068493150685,15.89427397260274,404033099373001,train,10.17,9.65,351.0,0.9609856262833676,17,8.953333333333333,1.6772696066325572,0.5199999999999996,0.5037931034482754,9.113529411764704,2.524876088980582,6.32,17.74,0,0,1.0,404033099373001,7.687674999999993,-1.512325000000006,Unseen_Well_Test,Model_B,Random Forest
404040099383501,PHELPS,40.67796833333333,-99.64313333333334,2019,2019-04-02,11.92,2346.64,9.81704109589041,868.24,72.97915068493151,3.4735068493150685,15.89427397260274,404040099383501,train,12.87,12.2,351.0,0.9609856262833676,17,11.696666666666664,1.4901789601699968,0.6699999999999999,0.6491180371352784,10.505882352941176,1.492586089742939,7.61,13.9,0,0,1.0,404040099383501,11.465125,-0.4548749999999995,Unseen_Well_Test,Model_B,Random Forest
404102099373001,PHELPS,40.68405933333333,-99.62523716666666,2019,2019-04-02,10.67,2334.85,9.81704109589041,868.24,72.97915068493151,3.4735068493150685,15.89427397260274,404102099373001,train,10.44,10.31,351.0,0.9609856262833676,17,10.306666666666668,0.1350308606701937,0.129999999999999,0.125948275862068,9.514705882352942,1.157924423521775,7.63,11.76,0,0,1.0,404102099373001,9.042725000000006,-1.6272749999999938,Unseen_Well_Test,Model_B,Random Forest
403946099383201,PHELPS,40.66301611111111,-99.64228555555556,2019,2019-04-02,97.82,2446.94,9.81704109589041,868.24,72.97915068493151,3.4735068493150685,15.89427397260274,403946099383201,train,98.54,98.06,351.0,0.9609856262833676,17,97.92666666666668,0.689734248340136,0.480000000000004,0.4650397877984123,95.32823529411765,1.895106313950876,91.95,98.54,0,0,1.0,403946099383201,98.5362000000001,0.7162000000001001,Unseen_Well_Test,Model_B,Random Forest
403322099254102,PHELPS,40.554275,-99.4303056,2008,2008-04-08,16.84,2335.12,9.928142076502732,875.2,67.25486338797813,3.604426229508197,16.340491803278688,403322099254102,train,18.86,12.72,727.0,1.990417522245037,3,15.583333333333334,3.0907981709152943,6.139999999999999,6.161085164835163,15.583333333333334,3.0907981709152943,12.72,18.86,0,0,0.6666666666666666,403322099254102,18.16039999999999,1.3203999999999887,Unseen_Well_Test,Model_B,Random Forest
403322099254102,PHELPS,40.554275,-99.4303056,2008,2008-10-10,16.08,2335.12,9.928142076502732,875.2,67.25486338797813,3.604426229508197,16.340491803278688,403322099254102,train,16.84,18.86,185.0,0.5065023956194388,4,16.14,3.1292810675936407,-2.02,-1.0148624484181563,15.8975,2.600671387674088,12.72,18.86,0,0,0.6666666666666666,403322099254102,15.577900000000016,-0.5020999999999809,Unseen_Well_Test,Model_B,Random Forest
403322099254102,PHELPS,40.554275,-99.4303056,2009,2009-04-16,15.72,2335.12,9.77372602739726,654.45,68.90076712328766,3.458410958904109,15.795123287671233,403322099254102,train,16.08,16.84,188.0,0.5147159479808351,5,17.26,1.4368020044529453,-0.7600000000000016,-1.5004864864864895,15.934,2.2537258040853145,12.72,18.86,0,0,0.6666666666666666,403322099254102,14.034224999999992,-1.6857750000000085,Unseen_Well_Test,Model_B,Random Forest
403322099254102,PHELPS,40.554275,-99.4303056,2009,2009-10-15,15.54,2335.12,9.77372602739726,654.45,68.90076712328766,3.458410958904109,15.795123287671233,403322099254102,train,15.72,16.08,182.0,0.4982888432580424,6,16.213333333333335,0.5717808437971084,-0.3599999999999976,-0.6994148936170167,15.898333333333332,2.017685968298007,12.72,18.86,0,0,1.0,403322099254102,14.008624999999965,-1.531375000000036,Unseen_Well_Test,Model_B,Random Forest
403322099254102,PHELPS,40.554275,-99.4303056,2010,2010-04-23,14.18,2335.12,10.826602739726027,732.57,68.62682191780821,3.442082191780821,16.382575342465753,403322099254102,train,15.54,15.72,190.0,0.5201916495550992,7,15.78,0.2749545416973498,-0.1800000000000015,-0.3612362637362667,15.847142857142858,1.8468596254698069,12.72,18.86,0,0,1.3333333333333333,403322099254102,13.442275000000006,-0.737724999999994,Unseen_Well_Test,Model_B,Random Forest
403322099254102,PHELPS,40.554275,-99.4303056,2010,2010-10-13,13.07,2335.12,10.826602739726027,732.57,68.62682191780821,3.442082191780821,16.382575342465753,403322099254102,train,14.18,15.54,173.0,0.4736481861738535,8,15.146666666666668,0.8419817891934086,-1.3599999999999994,-2.614421052631578,15.63875,1.808601966002628,12.72,18.86,0,0,1.6666666666666667,403322099254102,13.262324999999992,0.1923249999999932,Unseen_Well_Test,Model_B,Random Forest
403322099254102,PHELPS,40.554275,-99.4303056,2011,2011-04-20,15.02,2335.12,10.774520547945205,719.81,64.5308493150685,3.4391506849315068,15.93164383561644,403322099254102,train,13.07,14.18,189.0,0.5174537987679672,9,14.263333333333334,1.237106839902412,-1.1099999999999994,-2.3435115606936403,15.353333333333332,1.8961342252066435,12.72,18.86,0,0,1.6666666666666667,403322099254102,13.038125000000004,-1.9818749999999952,Unseen_Well_Test,Model_B,Random Forest
403322099254102,PHELPS,40.554275,-99.4303056,2011,2011-10-11,10.15,2335.12,10.774520547945205,719.81,64.5308493150685,3.4391506849315068,15.93164383561644,403322099254102,train,15.02,13.07,174.0,0.4763860369609856,10,14.089999999999998,0.978110423214066,1.9499999999999995,3.7684523809523793,15.320000000000002,1.790797463577485,12.72,18.86,0,0,1.6666666666666667,403322099254102,13.927599999999977,3.777599999999975,Unseen_Well_Test,Model_B,Random Forest
403138099235801,PHELPS,40.5255500233333,-99.399115,2020,2020-04-13,23.8,2328.14,11.539398907103823,434.29,62.598606557377046,3.5709562841530054,16.58270491803279,403138099235801,validation,27.95,29.39,376.0,1.0294318959616702,29,28.843333333333334,0.7800854654032049,-1.4400000000000013,-1.5289534883720943,26.96413793103449,3.86905444081753,18.67,34.37,0,0,0.6666666666666666,403138099235801,29.997549999999936,6.197549999999936,Unseen_Well_Test,Model_B,Random Forest
403322099201601,PHELPS,40.5547811,-99.3416484,2020,2020-04-13,2.85,2267.67,11.539398907103823,434.29,62.598606557377046,3.5709562841530054,16.58270491803279,403322099201601,validation,1.72,12.2,376.0,1.0294318959616702,25,7.9866666666666655,5.533510037339169,-10.48,-11.127383720930233,7.656000000000001,2.8058525145369515,1.72,12.2,0,0,0.6666666666666666,403322099201601,9.136700000000008,6.286700000000009,Unseen_Well_Test,Model_B,Random Forest
403915099190801,PHELPS,40.6573434,-99.3214291,2020,2020-04-13,7.6,2234.03,11.539398907103823,434.29,62.598606557377046,3.5709562841530054,16.58270491803279,403915099190801,validation,8.1,10.4,376.0,1.0294318959616702,24,9.96,1.6836864316136786,-2.3000000000000007,-2.442078488372094,9.487083333333333,1.0920801020416782,7.28,11.38,0,0,0.6666666666666666,403915099190801,9.822949999999986,2.2229499999999867,Unseen_Well_Test,Model_B,Random Forest
403217099312001,PHELPS,40.5392815,-99.5207383,2020,2020-04-14,98.2,2451.89,11.539398907103823,434.29,62.598606557377046,3.5709562841530054,16.58270491803279,403217099312001,validation,104.2,103.41,377.0,1.0321697467488022,29,105.71,3.323116007604909,0.7900000000000063,0.822072649572656,101.79965517241376,3.442323221686418,95.01,109.52,0,0,0.6666666666666666,403217099312001,103.14544999999984,4.945449999999838,Unseen_Well_Test,Model_B,Random Forest
403322099304801,PHELPS,40.5542755075,-99.5122815,2020,2020-04-14,55.59,2411.43,11.539398907103823,434.29,62.598606557377046,3.5709562841530054,16.58270491803279,403322099304801,validation,60.29,61.24,377.0,1.0321697467488022,29,60.94,0.5634713834792331,-0.9500000000000028,-0.988568376068379,58.28,2.860279706602136,52.42,62.54,0,0,0.6666666666666666,403322099304801,59.84389250000008,4.25389250000007,Unseen_Well_Test,Model_B,Random Forest
403646099293301,PHELPS,40.6127772,-99.4935704,2020,2020-04-14,17.4,2354.25,11.539398907103823,434.29,62.598606557377046,3.5709562841530054,16.58270491803279,403646099293301,validation,16.4,21.73,377.0,1.0321697467488022,29,19.84333333333333,2.9865755194425163,-5.330000000000002,-5.546388888888891,18.099310344827582,2.4064495646884354,10.52,22.4,0,0,0.6666666666666666,403646099293301,15.54092500000001,-1.8590749999999885,Unseen_Well_Test,Model_B,Random Forest
403928099371801,PHELPS,40.655954,-99.6202609,2020,2020-04-14,81.18,2432.98,11.539398907103823,434.29,62.598606557377046,3.5709562841530054,16.58270491803279,403928099371801,validation,82.08,82.58,377.0,1.0321697467488022,28,82.33,0.25,-0.5,-0.5202991452991452,82.44285714285714,1.3141984097987114,80.21,84.44,0,0,0.6666666666666666,403928099371801,80.95257500000007,-0.2274249999999398,Unseen_Well_Test,Model_B,Random Forest
402421099112000,PHELPS,40.40549166666666,-99.18921666666668,2020,2020-04-15,57.35,2216.62,11.539398907103823,434.29,62.598606557377046,3.5709562841530054,16.58270491803279,402421099112000,validation,61.24,61.61,379.0,1.0376454483230664,38,61.77,0.6255397669213362,-0.3699999999999974,-0.3733218232044173,57.21675675675676,3.669598868521716,50.0,63.68,0,0,0.6666666666666666,402421099112000,77.11713749999987,19.76713749999987,Unseen_Well_Test,Model_B,Random Forest
402630099305500,PHELPS,40.44133611111111,-99.51204166666666,2020,2020-04-15,174.8,2426.38,11.539398907103823,434.29,62.598606557377046,3.5709562841530054,16.58270491803279,402630099305500,validation,178.68,178.74,735.0,2.0123203285420943,36,178.40333333333334,0.5320087718575166,-0.0600000000000022,-0.0587533512064365,178.944,2.087512169742617,174.62,183.34,1,0,0.3333333333333333,402630099305500,176.60714166666654,1.8071416666665243,Unseen_Well_Test,Model_B,Random Forest
402906099342201,PHELPS,40.485083333333336,-99.57288888888888,2020,2020-04-15,148.1,2458.82,11.539398907103823,434.29,62.598606557377046,3.5709562841530054,16.58270491803279,402906099342201,validation,150.65,152.69,380.0,1.0403832991101984,37,152.33,1.5320574401764435,-2.039999999999992,-2.098901408450696,151.14,1.834652166332512,147.63,154.79,0,0,0.6666666666666666,402906099342201,152.12969999999984,4.029699999999849,Unseen_Well_Test,Model_B,Random Forest
403315099351501,PHELPS,40.554270555555554,-99.58744083333332,2020,2020-05-15,71.15,2447.59,11.539398907103823,434.29,62.598606557377046,3.5709562841530054,16.58270491803279,403315099351501,validation,75.05,76.7,387.0,1.0595482546201231,15,76.08,0.8981647955692779,-1.6500000000000057,-1.5985742705570347,71.76466666666667,3.51664179634627,66.68,76.7,0,0,0.6666666666666666,403315099351501,74.87265000000016,3.722650000000158,Unseen_Well_Test,Model_B,Random Forest
403408099130501,PHELPS,40.56878722222223,-99.21816944444444,2020,2020-04-27,14.49,2216.56,11.539398907103823,434.29,62.598606557377046,3.5709562841530054,16.58270491803279,403408099130501,validation,18.67,20.26,388.0,1.0622861054072552,15,19.846666666666668,1.033940681728566,-1.59,-1.6176810584958217,16.121333333333332,3.107251579925961,12.03,20.61,0,0,0.6666666666666666,403408099130501,16.18232499999997,1.69232499999997,Unseen_Well_Test,Model_B,Random Forest
403645099242701,PHELPS,40.61264497222222,-99.40752011111113,2020,2020-05-05,19.23,2297.96,11.539398907103823,434.29,62.598606557377046,3.5709562841530054,16.58270491803279,403645099242701,validation,23.68,25.91,399.0,1.0924024640657084,18,24.953333333333333,1.1482305227319702,-2.2300000000000004,-2.2943873239436625,21.75166666666667,3.4857191848016265,16.42,27.3,0,0,0.6666666666666666,403645099242701,20.95752500000001,1.7275250000000175,Unseen_Well_Test,Model_B,Random Forest
403903099214301,PHELPS,40.650864722222224,-99.3618686111111,2020,2020-04-28,7.96,2248.47,11.539398907103823,434.29,62.598606557377046,3.5709562841530054,16.58270491803279,403903099214301,validation,9.87,12.45,380.0,1.0403832991101984,16,11.563333333333333,1.4670151101244095,-2.58,-2.5607201086956524,8.51875,2.1765350904591454,5.46,12.45,0,0,0.6666666666666666,403903099214301,9.067249999999987,1.107249999999989,Unseen_Well_Test,Model_B,Random Forest
403946099383201,PHELPS,40.66301611111111,-99.64228555555556,2020,2020-05-01,96.57,2446.94,11.539398907103823,434.29,62.598606557377046,3.5709562841530054,16.58270491803279,403946099383201,validation,97.82,98.54,395.0,1.08145106091718,18,98.14,0.3666060555964733,-0.7200000000000131,-0.7492307692307828,95.46666666666664,1.930053336660141,91.95,98.54,0,0,0.6666666666666666,403946099383201,97.71725000000002,1.147250000000028,Unseen_Well_Test,Model_B,Random Forest
404033099373001,PHELPS,40.67593911111111,-99.62515633333332,2020,2020-05-01,9.38,2339.74,11.539398907103823,434.29,62.598606557377046,3.5709562841530054,16.58270491803279,404033099373001,validation,9.2,10.17,395.0,1.08145106091718,18,9.673333333333334,0.48542077966784,-0.9700000000000006,-1.0093803418803424,9.118333333333332,2.449574392804258,6.32,17.74,0,0,0.6666666666666666,404033099373001,8.856649999999993,-0.5233500000000078,Unseen_Well_Test,Model_B,Random Forest
404040099383501,PHELPS,40.67796833333333,-99.64313333333334,2020,2020-05-01,11.98,2346.64,11.539398907103823,434.29,62.598606557377046,3.5709562841530054,16.58270491803279,404040099383501,validation,11.92,12.87,395.0,1.08145106091718,18,12.33,0.4881598098983566,-0.9499999999999992,-0.9885683760683752,10.584444444444443,1.485887424372552,7.61,13.9,0,0,0.6666666666666666,404040099383501,11.975000000000016,-0.0049999999999847,Unseen_Well_Test,Model_B,Random Forest
404102099373001,PHELPS,40.68405933333333,-99.62523716666666,2020,2020-05-01,10.55,2334.85,11.539398907103823,434.29,62.598606557377046,3.5709562841530054,16.58270491803279,404102099373001,validation,10.67,10.44,395.0,1.08145106091718,18,10.473333333333334,0.1823001188516706,0.2300000000000004,0.2393376068376072,9.578888888888889,1.1558846313736295,7.63,11.76,0,0,0.6666666666666666,404102099373001,9.765049999999992,-0.7849500000000074,Unseen_Well_Test,Model_B,Random Forest
403322099201601,PHELPS,40.5547811,-99.3416484,2021,2021-04-22,4.18,2267.67,11.854109589041096,675.54,63.41326027397261,3.3998082191780825,16.312,403322099201601,validation,2.85,1.72,374.0,1.0239561943874058,26,5.59,5.752243040762447,1.13,1.097692819148936,7.471153846153846,2.9062461381281204,1.72,12.2,0,0,1.0,403322099201601,7.014025000000006,2.8340250000000067,Unseen_Well_Test,Model_B,Random Forest
403915099190801,PHELPS,40.6573434,-99.3214291,2021,2021-04-22,8.2,2234.03,11.854109589041096,675.54,63.41326027397261,3.3998082191780825,16.312,403915099190801,validation,7.6,8.1,374.0,1.0239561943874058,25,8.700000000000001,1.4933184523068084,-0.5,-0.4857047872340425,9.4116,1.1337499724366038,7.28,11.38,0,0,1.0,403915099190801,7.807399999999989,-0.3926000000000105,Unseen_Well_Test,Model_B,Random Forest
403646099293301,PHELPS,40.6127772,-99.4935704,2021,2021-04-22,16.75,2354.25,11.854109589041096,675.54,63.41326027397261,3.3998082191780825,16.312,403646099293301,validation,17.4,16.4,373.0,1.0212183436002735,30,18.51,2.833072537017012,1.0,0.9688328912466844,18.076,2.368039491748977,10.52,22.4,0,0,0.6666666666666666,403646099293301,15.402525,-1.347474999999999,Unseen_Well_Test,Model_B,Random Forest
403138099235801,PHELPS,40.5255500233333,-99.399115,2021,2021-04-22,27.0,2328.14,11.854109589041096,675.54,63.41326027397261,3.3998082191780825,16.312,403138099235801,validation,23.8,27.95,374.0,1.0239561943874058,30,27.046666666666667,2.9024185317306204,-4.149999999999999,-4.031349734042552,26.85866666666667,3.845401851861369,18.67,34.37,0,0,1.0,403138099235801,25.309625,-1.6903749999999995,Unseen_Well_Test,Model_B,Random Forest
403037099111401,PHELPS,40.5103457694444,-99.1873426,2021,2021-04-22,32.72,2237.5,11.854109589041096,675.54,63.41326027397261,3.3998082191780825,16.312,403037099111401,validation,33.12,35.91,750.0,2.053388090349076,15,35.04666666666666,1.6715362195696912,-2.789999999999999,-2.9537608695652167,32.294,2.8939266453335386,27.52,36.11,1,0,0.6666666666666666,403037099111401,35.00472500000002,2.284725000000023,Unseen_Well_Test,Model_B,Random Forest
402905099115301,PHELPS,40.4848551,-99.1983097,2021,2021-04-22,34.3,2241.11,11.854109589041096,675.54,63.41326027397261,3.3998082191780825,16.312,402905099115301,validation,35.14,37.58,750.0,2.053388090349076,25,36.97666666666667,1.621491083334513,-2.4399999999999977,-2.583217391304345,33.2864,3.37793931265794,25.73,38.21,1,0,0.6666666666666666,402905099115301,35.04400000000002,0.7440000000000211,Unseen_Well_Test,Model_B,Random Forest
403651099281401,PHELPS,40.613021,-99.4747929,2021,2021-04-22,38.0,2345.39,11.854109589041096,675.54,63.41326027397261,3.3998082191780825,16.312,403651099281401,validation,38.43,41.14,750.0,2.053388090349076,27,40.05666666666667,1.4343755900507145,-2.710000000000001,-2.820021367521368,40.42518518518519,2.608606127019931,34.86,43.93,1,0,0.3333333333333333,403651099281401,39.04662499999994,1.046624999999942,Unseen_Well_Test,Model_B,Random Forest
402924099235501,PHELPS,40.4901949,-99.398706,2021,2021-04-22,51.85,2336.37,11.854109589041096,675.54,63.41326027397261,3.3998082191780825,16.312,402924099235501,validation,55.86,56.18,750.0,2.053388090349076,26,55.866666666666674,0.3100537587795583,-0.3200000000000003,-0.3397674418604654,54.27538461538461,3.052738090002784,47.25,59.81,1,0,0.6666666666666666,402924099235501,52.71099999999991,0.8609999999999118,Unseen_Well_Test,Model_B,Random Forest
403322099304801,PHELPS,40.5542755075,-99.5122815,2021,2021-04-22,56.04,2411.43,11.854109589041096,675.54,63.41326027397261,3.3998082191780825,16.312,403322099304801,validation,55.59,60.29,373.0,1.0212183436002735,30,59.04,3.0253099014811675,-4.699999999999996,-4.553514588859412,58.190333333333335,2.8531198692844555,52.42,62.54,0,0,0.6666666666666666,403322099304801,58.51967291666651,2.479672916666509,Unseen_Well_Test,Model_B,Random Forest
403928099371801,PHELPS,40.655954,-99.6202609,2021,2021-04-22,83.21,2432.98,11.854109589041096,675.54,63.41326027397261,3.3998082191780825,16.312,403928099371801,validation,81.18,82.08,373.0,1.0212183436002735,29,81.94666666666667,0.7094598884597542,-0.8999999999999915,-0.8719496021220076,82.39931034482757,1.3116508982262525,80.21,84.44,0,0,0.6666666666666666,403928099371801,80.85847500000004,-2.351524999999953,Unseen_Well_Test,Model_B,Random Forest
403217099312001,PHELPS,40.5392815,-99.5207383,2021,2021-04-22,97.4,2451.89,11.854109589041096,675.54,63.41326027397261,3.3998082191780825,16.312,403217099312001,validation,98.2,104.2,373.0,1.0212183436002735,30,101.93666666666668,3.2600664614902137,-6.0,-5.812997347480106,101.67966666666663,3.4457074578462774,95.01,109.52,0,0,0.6666666666666666,403217099312001,100.66992500000008,3.269925000000086,Unseen_Well_Test,Model_B,Random Forest
404040099383501,PHELPS,40.67796833333333,-99.64313333333334,2021,2021-04-01,7.86,2346.64,11.854109589041096,675.54,63.41326027397261,3.3998082191780825,16.312,404040099383501,validation,11.98,11.92,335.0,0.917180013689254,19,12.256666666666666,0.5320087718575068,0.0600000000000005,0.0554810126582283,10.657894736842104,1.4790897311348414,7.61,13.9,0,0,1.0,404040099383501,12.095950000000007,4.235950000000009,Unseen_Well_Test,Model_B,Random Forest
403946099383201,PHELPS,40.66301611111111,-99.64228555555556,2021,2021-04-01,90.75,2446.94,11.854109589041096,675.54,63.41326027397261,3.3998082191780825,16.312,403946099383201,validation,96.57,97.82,335.0,0.917180013689254,19,97.64333333333332,0.9968115836673171,-1.25,-1.1558544303797469,95.52473684210526,1.892677023633318,91.95,98.54,0,0,1.0,403946099383201,95.21730000000012,4.467300000000122,Unseen_Well_Test,Model_B,Random Forest
404033099373001,PHELPS,40.67593911111111,-99.62515633333332,2021,2021-04-01,6.73,2339.74,11.854109589041096,675.54,63.41326027397261,3.3998082191780825,16.312,404033099373001,validation,9.38,9.2,335.0,0.917180013689254,19,9.583333333333334,0.5159780357082396,0.1800000000000015,0.1664430379746849,9.132105263157891,2.3813151803791306,6.32,17.74,0,0,1.0,404033099373001,7.258574999999984,0.528574999999984,Unseen_Well_Test,Model_B,Random Forest
404102099373001,PHELPS,40.68405933333333,-99.62523716666666,2021,2021-04-01,7.01,2334.85,11.854109589041096,675.54,63.41326027397261,3.3998082191780825,16.312,404102099373001,validation,10.55,10.67,335.0,0.917180013689254,19,10.553333333333333,0.1150362261782495,-0.1199999999999992,-0.1109620253164549,9.63,1.1451977024853732,7.63,11.76,0,0,1.0,404102099373001,8.727949999999996,1.7179499999999963,Unseen_Well_Test,Model_B,Random Forest
403645099242701,PHELPS,40.61264497222222,-99.40752011111113,2021,2021-04-15,17.96,2297.96,11.854109589041096,675.54,63.41326027397261,3.3998082191780825,16.312,403645099242701,validation,19.23,23.68,345.0,0.944558521560575,19,22.94,3.4009263443950086,-4.449999999999999,-4.073590225563909,21.61894736842105,3.436553335888933,16.42,27.3,0,0,0.6666666666666666,403645099242701,20.107124999999964,2.1471249999999635,Unseen_Well_Test,Model_B,Random Forest
403903099214301,PHELPS,40.650864722222224,-99.3618686111111,2021,2021-04-05,3.74,2248.47,11.854109589041096,675.54,63.41326027397261,3.3998082191780825,16.312,403903099214301,validation,7.96,9.87,342.0,0.9363449691991786,17,10.093333333333334,2.253316074884598,-1.91,-1.8358618421052624,8.485882352941177,2.1117737178244544,5.46,12.45,0,0,1.0,403903099214301,6.7112250000000016,2.9712250000000013,Unseen_Well_Test,Model_B,Random Forest
403408099130501,PHELPS,40.56878722222223,-99.21816944444444,2021,2021-04-06,11.22,2216.56,11.854109589041096,675.54,63.41326027397261,3.3998082191780825,16.312,403408099130501,validation,14.49,18.67,344.0,0.9418206707734428,16,17.80666666666667,2.980307590389512,-4.1800000000000015,-3.934909793814435,16.019375000000004,3.0294674311942464,12.03,20.61,0,0,1.0,403408099130501,12.92715000000005,1.70715000000005,Unseen_Well_Test,Model_B,Random Forest
403315099351501,PHELPS,40.554270555555554,-99.58744083333332,2021,2021-04-05,66.33,2447.59,11.854109589041096,675.54,63.41326027397261,3.3998082191780825,16.312,403315099351501,validation,71.15,75.05,325.0,0.8898015058179329,16,74.3,2.849999999999997,-3.899999999999992,-3.680813953488365,71.72625,3.400872192051131,66.68,76.7,0,0,1.0,403315099351501,70.72044999999984,4.390449999999845,Unseen_Well_Test,Model_B,Random Forest
402906099342201,PHELPS,40.485083333333336,-99.57288888888888,2021,2021-04-08,146.18,2458.82,11.854109589041096,675.54,63.41326027397261,3.3998082191780825,16.312,402906099342201,validation,148.1,150.65,358.0,0.9801505817932924,38,150.48000000000002,2.299717373939678,-2.550000000000012,-2.4510197368421163,151.0578378378378,1.876758634713846,147.63,154.79,0,0,1.0,402906099342201,146.34935000000013,0.1693500000001222,Unseen_Well_Test,Model_B,Random Forest
402630099305500,PHELPS,40.44133611111111,-99.51204166666666,2021,2021-04-08,174.26,2426.38,11.854109589041096,675.54,63.41326027397261,3.3998082191780825,16.312,402630099305500,validation,174.8,178.68,358.0,0.9801505817932924,37,177.40666666666667,2.2576388846166973,-3.879999999999996,-1.9281224489795896,178.82888888888888,2.170304491840162,174.62,183.34,0,0,0.6666666666666666,402630099305500,176.30402499999985,2.0440249999998343,Unseen_Well_Test,Model_B,Random Forest
402421099112000,PHELPS,40.40549166666666,-99.18921666666668,2021,2021-04-08,58.4,2216.62,11.854109589041096,675.54,63.41326027397261,3.3998082191780825,16.312,402421099112000,validation,57.35,61.24,358.0,0.9801505817932924,39,60.06666666666666,2.359964689001369,-3.890000000000001,-3.7488720316622697,57.220263157894735,3.619734563093629,50.0,63.68,0,0,0.6666666666666666,402421099112000,74.21404499999976,15.81404499999976,Unseen_Well_Test,Model_B,Random Forest
403408099130501,PHELPS,40.56878722222223,-99.21816944444444,2022,2022-04-05,10.82,2216.56,11.837698630136988,392.3,54.23123287671233,3.722191780821917,17.027561643835618,403408099130501,validation,27.05,11.22,183.0,0.5010266940451745,18,17.58666666666667,8.356987096635565,15.83,31.94424033149172,16.36555555555556,4.059966998159442,11.22,27.05,0,0,1.3333333333333333,403408099130501,25.02467499999995,14.204674999999948,Unseen_Well_Test,Model_B,Random Forest
402630099305500,PHELPS,40.44133611111111,-99.51204166666666,2022,2022-04-11,170.73,2426.38,11.837698630136988,392.3,54.23123287671233,3.722191780821917,17.027561643835618,402630099305500,validation,175.62,174.26,189.0,0.5174537987679672,39,174.89333333333337,0.6847870715290566,1.3600000000000136,2.7750837988827093,178.6242105263158,2.2923935697879454,174.26,183.34,0,0,1.0,402630099305500,174.93766666666687,4.207666666666881,Unseen_Well_Test,Model_B,Random Forest
402906099342201,PHELPS,40.485083333333336,-99.57288888888888,2022,2022-04-11,143.44,2458.82,11.837698630136988,392.3,54.23123287671233,3.722191780821917,17.027561643835618,402906099342201,validation,146.18,148.1,368.0,1.0075290896646132,39,148.31,2.242387120904863,-1.9199999999999875,-1.958882681564233,150.9294736842105,2.01324794376464,146.18,154.79,0,0,0.6666666666666666,402906099342201,148.23799999999991,4.7979999999999166,Unseen_Well_Test,Model_B,Random Forest
403903099214301,PHELPS,40.650864722222224,-99.3618686111111,2022,2022-04-12,4.6,2248.47,11.837698630136988,392.3,54.23123287671233,3.722191780821917,17.027561643835618,403903099214301,validation,7.15,3.74,190.0,0.5201916495550992,19,6.283333333333334,2.239516316826768,3.41,6.843420329670329,8.165789473684212,2.281747176055795,3.74,12.45,0,0,1.3333333333333333,403903099214301,7.879424999999984,3.2794249999999847,Unseen_Well_Test,Model_B,Random Forest
403315099351501,PHELPS,40.554270555555554,-99.58744083333332,2022,2022-04-26,68.84,2447.59,11.837698630136988,392.3,54.23123287671233,3.722191780821917,17.027561643835618,403315099351501,validation,69.87,66.33,202.0,0.5530458590006845,18,69.11666666666667,2.496744547071917,3.5400000000000063,7.027092391304361,71.32333333333332,3.4567240526936174,66.33,76.7,0,0,1.0,403315099351501,70.77809999999985,1.9380999999998487,Unseen_Well_Test,Model_B,Random Forest
403645099242701,PHELPS,40.61264497222222,-99.40752011111113,2022,2022-04-26,16.56,2297.96,11.837698630136988,392.3,54.23123287671233,3.722191780821917,17.027561643835618,403645099242701,validation,20.06,17.96,204.0,0.5585215605749486,21,19.08333333333333,1.057654638023836,2.099999999999998,4.4594476744186,21.3704761904762,3.3697173118682766,16.42,27.3,0,0,1.0,403645099242701,19.429874999999928,2.8698749999999293,Unseen_Well_Test,Model_B,Random Forest
403946099383201,PHELPS,40.66301611111111,-99.64228555555556,2022,2022-04-28,93.09,2446.94,11.837698630136988,392.3,54.23123287671233,3.722191780821917,17.027561643835618,403946099383201,validation,95.47,90.75,192.0,0.5256673511293635,21,94.26333333333332,3.091946528213791,4.719999999999999,8.619899999999998,95.2947619047619,2.0756989643192947,90.75,98.54,0,0,1.0,403946099383201,92.25352500000012,-0.8364749999998793,Unseen_Well_Test,Model_B,Random Forest
404033099373001,PHELPS,40.67593911111111,-99.62515633333332,2022,2022-04-28,7.19,2339.74,11.837698630136988,392.3,54.23123287671233,3.722191780821917,17.027561643835618,404033099373001,validation,9.96,6.73,205.0,0.5612594113620808,21,8.69,1.7220046457544766,3.2300000000000004,6.308863636363638,9.057142857142855,2.3281905911182244,6.32,17.74,0,0,1.0,404033099373001,7.649474999999987,0.459474999999987,Unseen_Well_Test,Model_B,Random Forest
404040099383501,PHELPS,40.67796833333333,-99.64313333333334,2022,2022-04-28,7.29,2346.64,11.837698630136988,392.3,54.23123287671233,3.722191780821917,17.027561643835618,404040099383501,validation,10.15,7.86,205.0,0.5612594113620808,21,9.996666666666668,2.0642754984093896,2.29,4.472847593582888,10.50047619047619,1.5320655214137422,7.61,13.9,0,0,1.0,404040099383501,9.316874999999987,2.026874999999987,Unseen_Well_Test,Model_B,Random Forest
404102099373001,PHELPS,40.68405933333333,-99.62523716666666,2022,2022-04-28,7.93,2334.85,11.837698630136988,392.3,54.23123287671233,3.722191780821917,17.027561643835618,404102099373001,validation,10.33,7.01,205.0,0.5612594113620808,21,9.296666666666669,1.983364145418923,3.3200000000000003,6.484652406417113,9.538571428571428,1.2406743558012543,7.01,11.76,0,0,1.0,404102099373001,8.515274999999987,0.5852749999999869,Unseen_Well_Test,Model_B,Random Forest
403217099312001,PHELPS,40.5392815,-99.5207383,2022,2022-05-13,101.53,2451.89,11.837698630136988,392.3,54.23123287671233,3.722191780821917,17.027561643835618,403217099312001,validation,97.4,98.2,386.0,1.056810403832991,31,99.93333333333334,3.716629297271027,-0.7999999999999972,-0.7833780160857882,101.54161290322578,3.4738970400921896,95.01,109.52,0,0,0.6666666666666666,403217099312001,99.113125,-2.4168750000000045,Unseen_Well_Test,Model_B,Random Forest
403322099304801,PHELPS,40.5542755075,-99.5122815,2022,2022-05-13,56.74,2411.43,11.837698630136988,392.3,54.23123287671233,3.722191780821917,17.027561643835618,403322099304801,validation,56.04,55.59,386.0,1.056810403832991,31,57.306666666666665,2.593421163894003,0.4499999999999957,0.4406501340482532,58.12096774193548,2.831626570057934,52.42,62.54,0,0,0.6666666666666666,403322099304801,58.20317916666676,1.4631791666667553,Unseen_Well_Test,Model_B,Random Forest
403646099293301,PHELPS,40.6127772,-99.4935704,2022,2022-05-13,19.08,2354.25,11.837698630136988,392.3,54.23123287671233,3.722191780821917,17.027561643835618,403646099293301,validation,16.75,17.4,386.0,1.056810403832991,31,16.849999999999998,0.5074445782546109,-0.6499999999999986,-0.6364946380697037,18.03322580645161,2.340386559376854,10.52,22.4,0,0,0.6666666666666666,403646099293301,16.57817500000001,-2.501824999999989,Unseen_Well_Test,Model_B,Random Forest
403651099281401,PHELPS,40.613021,-99.4747929,2022,2022-05-13,38.43,2345.39,11.837698630136988,392.3,54.23123287671233,3.722191780821917,17.027561643835618,403651099281401,validation,38.0,38.43,386.0,1.056810403832991,28,39.19,1.7023806859806656,-0.4299999999999997,-0.2094099999999998,40.33857142857143,2.600547968303937,34.86,43.93,0,0,0.3333333333333333,403651099281401,39.07574999999999,0.6457499999999854,Unseen_Well_Test,Model_B,Random Forest
403928099371801,PHELPS,40.655954,-99.6202609,2022,2022-05-13,87.42,2432.98,11.837698630136988,392.3,54.23123287671233,3.722191780821917,17.027561643835618,403928099371801,validation,83.21,81.18,386.0,1.056810403832991,30,82.15666666666665,1.0171692746703078,2.029999999999987,1.9878217158176816,82.42633333333332,1.2973088413654852,80.21,84.44,0,0,0.6666666666666666,403928099371801,81.32325000000006,-6.096749999999943,Unseen_Well_Test,Model_B,Random Forest
402421099112000,PHELPS,40.40549166666666,-99.18921666666668,2023,2023-04-06,60.46,2216.62,12.096410958904109,567.81,61.07383561643836,3.2536164383561643,16.480931506849316,402421099112000,test,63.0,60.13,182.0,0.4982888432580424,42,60.51,2.323424197171064,2.869999999999997,2.8563147138964555,57.4609756097561,3.62518882603241,50.0,63.68,0,0,1.3333333333333333,402421099112000,75.19462083333316,14.73462083333316,Unseen_Well_Test,Model_B,Random Forest
402630099305500,PHELPS,40.44133611111111,-99.51204166666666,2023,2023-04-06,174.71,2426.38,12.096410958904109,567.81,61.07383561643836,3.2536164383561643,16.480931506849316,402630099305500,test,177.92,170.73,182.0,0.4982888432580424,41,174.75666666666666,3.671925017389835,7.189999999999998,14.753637640449432,178.40925,2.559064720476945,170.73,183.34,0,0,1.6666666666666667,402630099305500,175.11238749999987,0.4023874999998611,Unseen_Well_Test,Model_B,Random Forest
402906099342201,PHELPS,40.485083333333336,-99.57288888888888,2023,2023-04-06,147.99,2458.82,12.096410958904109,567.81,61.07383561643836,3.2536164383561643,16.480931506849316,402906099342201,test,143.44,146.18,360.0,0.9856262833675564,40,145.90666666666667,2.341993452880116,-2.740000000000009,-2.719524456521748,150.7374358974359,2.3205100595714305,143.44,154.79,0,0,1.0,402906099342201,147.90292500000024,-0.0870749999997713,Unseen_Well_Test,Model_B,Random Forest
403315099351501,PHELPS,40.554270555555554,-99.58744083333332,2023,2023-04-12,71.02,2447.59,12.096410958904109,567.81,61.07383561643836,3.2536164383561643,16.480931506849316,403315099351501,test,70.85,68.84,183.0,0.5010266940451745,20,69.85333333333334,1.0051036430803166,2.009999999999991,4.369955357142837,71.17549999999997,3.317306255001742,66.33,76.7,0,0,1.6666666666666667,403315099351501,72.06934999999976,1.0493499999997624,Unseen_Well_Test,Model_B,Random Forest
403408099130501,PHELPS,40.56878722222223,-99.21816944444444,2023,2023-04-11,15.9,2216.56,12.096410958904109,567.81,61.07383561643836,3.2536164383561643,16.480931506849316,403408099130501,test,16.95,10.82,182.0,0.4982888432580424,20,18.273333333333337,8.19552520179966,6.129999999999999,11.846468253968252,16.117500000000003,4.03980702379132,10.82,27.05,0,0,1.6666666666666667,403408099130501,16.683475000000048,0.7834750000000472,Unseen_Well_Test,Model_B,Random Forest
403645099242701,PHELPS,40.61264497222222,-99.40752011111113,2023,2023-04-12,21.65,2297.96,12.096410958904109,567.81,61.07383561643836,3.2536164383561643,16.480931506849316,403645099242701,test,22.65,16.56,183.0,0.5010266940451745,23,19.756666666666664,3.056310411809202,6.09,13.2403125,21.21695652173913,3.379992515837073,16.42,27.3,0,0,1.6666666666666667,403645099242701,22.232975000000028,0.5829750000000296,Unseen_Well_Test,Model_B,Random Forest
403903099214301,PHELPS,40.650864722222224,-99.3618686111111,2023,2023-04-12,8.89,2248.47,12.096410958904109,567.81,61.07383561643836,3.2536164383561643,16.480931506849316,403903099214301,test,10.09,4.6,183.0,0.5010266940451745,21,7.28,2.7473077730753066,5.49,11.017706043956045,8.087619047619048,2.3452481846531823,3.74,12.45,0,0,1.6666666666666667,403903099214301,8.424600000000009,-0.4653999999999918,Unseen_Well_Test,Model_B,Random Forest
403946099383201,PHELPS,40.66301611111111,-99.64228555555556,2023,2023-04-14,96.69,2446.94,12.096410958904109,567.81,61.07383561643836,3.2536164383561643,16.480931506849316,403946099383201,test,97.29,93.09,176.0,0.4818617385352498,23,95.28333333333336,2.106213031327396,4.200000000000003,8.766000000000007,95.28565217391304,2.078139084694759,90.75,98.54,0,0,1.6666666666666667,403946099383201,93.5878500000001,-3.102149999999895,Unseen_Well_Test,Model_B,Random Forest
404033099373001,PHELPS,40.67593911111111,-99.62515633333332,2023,2023-04-14,10.56,2339.74,12.096410958904109,567.81,61.07383561643836,3.2536164383561643,16.480931506849316,404033099373001,test,11.6,7.19,176.0,0.4818617385352498,23,9.583333333333334,2.228998280244588,4.409999999999999,9.204299999999998,9.086521739130433,2.3193055557363635,6.32,17.74,0,0,1.6666666666666667,404033099373001,10.108575000000013,-0.451424999999988,Unseen_Well_Test,Model_B,Random Forest
404040099383501,PHELPS,40.67796833333333,-99.64313333333334,2023,2023-04-14,10.68,2346.64,12.096410958904109,567.81,61.07383561643836,3.2536164383561643,16.480931506849316,404040099383501,test,7.29,10.15,351.0,0.9609856262833676,22,8.433333333333334,1.51374810762337,-2.8600000000000003,-5.0956829268292685,10.354545454545454,1.6443720100267172,7.29,13.9,0,0,1.3333333333333333,404040099383501,9.475324999999987,-1.2046750000000124,Unseen_Well_Test,Model_B,Random Forest
404102099373001,PHELPS,40.68405933333333,-99.62523716666666,2023,2023-04-14,9.55,2334.85,12.096410958904109,567.81,61.07383561643836,3.2536164383561643,16.480931506849316,404102099373001,test,10.74,7.93,176.0,0.4818617385352498,23,9.666666666666666,1.517904256971873,2.8100000000000005,5.86487142857143,9.520869565217392,1.2578694579019436,7.01,11.76,0,0,1.6666666666666667,404102099373001,9.120699999999996,-0.4293000000000049,Unseen_Well_Test,Model_B,Random Forest
403316099192301,PHELPS,40.554508,-99.32334,2023,2023-04-12,17.95,2267.0,12.096410958904109,567.81,61.07383561643836,3.2536164383561643,16.480931506849316,403316099192301,test,,,,,0,,,,,,,,,0,0,0.0,403316099192301,17.350531250000095,-0.5994687499999038,Unseen_Well_Test,Model_B,Random Forest
G-187841Deep,PHELPS,40.55758333,-99.32308333,2023,2023-04-12,18.79,2268.0,12.096410958904109,567.81,61.07383561643836,3.2536164383561643,16.480931506849316,G-187841Deep,test,,,,,0,,,,,,,,,0,0,0.0,G-187841Deep,18.36823125000011,-0.4217687499998881,Unseen_Well_Test,Model_B,Random Forest
402421099112000,PHELPS,40.40549166666666,-99.18921666666668,2022,2022-10-06,63.0,2216.62,11.837698630136988,392.3,54.23123287671233,3.722191780821917,17.027561643835618,402421099112000,validation,60.13,58.4,367.0,1.0047912388774811,41,58.626666666666665,1.4037924822897918,1.730000000000004,3.530069832402243,57.322500000000005,3.5598615285659783,50.0,63.68,0,0,1.0,402421099112000,77.09744583333314,14.09744583333314,Unseen_Well_Test,Model_B,Random Forest
402630099305500,PHELPS,40.44133611111111,-99.51204166666666,2022,2022-10-06,177.92,2426.38,11.837698630136988,392.3,54.23123287671233,3.722191780821917,17.027561643835618,402630099305500,validation,170.73,175.62,178.0,0.487337440109514,40,173.53666666666666,2.523971737823814,-4.890000000000015,-9.450119047619076,178.42179487179487,2.591271656719994,170.73,183.34,0,0,1.3333333333333333,402630099305500,171.2603749999997,-6.65962500000029,Unseen_Well_Test,Model_B,Random Forest
403408099130501,PHELPS,40.56878722222223,-99.21816944444444,2022,2022-10-11,16.95,2216.56,11.837698630136988,392.3,54.23123287671233,3.722191780821917,17.027561643835618,403408099130501,validation,10.82,27.05,189.0,0.5174537987679672,19,16.363333333333333,9.257085574484734,-16.23,-32.39348360655738,16.07368421052632,4.145621801003929,10.82,27.05,0,0,1.3333333333333333,403408099130501,15.56417500000004,-1.3858249999999597,Unseen_Well_Test,Model_B,Random Forest
403645099242701,PHELPS,40.61264497222222,-99.40752011111113,2022,2022-10-11,22.65,2297.96,11.837698630136988,392.3,54.23123287671233,3.722191780821917,17.027561643835618,403645099242701,validation,16.56,20.06,168.0,0.459958932238193,22,18.19333333333333,1.761628034896508,-3.5,-6.26654411764706,21.151818181818182,3.444724933885124,16.42,27.3,0,0,1.3333333333333333,403645099242701,20.06542499999997,-2.5845750000000294,Unseen_Well_Test,Model_B,Random Forest
403315099351501,PHELPS,40.554270555555554,-99.58744083333332,2022,2022-10-11,70.85,2447.59,11.837698630136988,392.3,54.23123287671233,3.722191780821917,17.027561643835618,403315099351501,validation,68.84,69.87,168.0,0.459958932238193,19,68.34666666666666,1.8208331426392,-1.0300000000000011,-1.862413366336636,71.19263157894734,3.4072990967191186,66.33,76.7,0,0,1.3333333333333333,403315099351501,70.56587500000008,-0.2841249999999178,Unseen_Well_Test,Model_B,Random Forest
403903099214301,PHELPS,40.650864722222224,-99.3618686111111,2022,2022-10-11,10.09,2248.47,11.837698630136988,392.3,54.23123287671233,3.722191780821917,17.027561643835618,403903099214301,validation,4.6,7.15,182.0,0.4982888432580424,20,5.163333333333333,1.773424183136492,-2.5500000000000007,-4.902039473684212,7.987500000000002,2.359680787956844,3.74,12.45,0,0,1.3333333333333333,403903099214301,8.268250000000013,-1.8217499999999875,Unseen_Well_Test,Model_B,Random Forest
404033099373001,PHELPS,40.67593911111111,-99.62515633333332,2022,2022-10-20,11.6,2339.74,11.837698630136988,392.3,54.23123287671233,3.722191780821917,17.027561643835618,404033099373001,validation,7.19,9.96,175.0,0.4791238877481177,22,7.960000000000001,1.747254989977136,-2.7700000000000005,-4.935329268292684,8.972272727272726,2.306689922436129,6.32,17.74,0,0,1.3333333333333333,404033099373001,8.93799999999999,-2.6620000000000097,Unseen_Well_Test,Model_B,Random Forest
404102099373001,PHELPS,40.68405933333333,-99.62523716666666,2022,2022-10-20,10.74,2334.85,11.837698630136988,392.3,54.23123287671233,3.722191780821917,17.027561643835618,404102099373001,validation,7.93,10.33,175.0,0.4791238877481177,22,8.423333333333334,1.7140984024650785,-2.4000000000000004,-4.27609756097561,9.465454545454548,1.2584068812541829,7.01,11.76,0,0,1.3333333333333333,404102099373001,9.518174999999983,-1.221825000000015,Unseen_Well_Test,Model_B,Random Forest
403946099383201,PHELPS,40.66301611111111,-99.64228555555556,2022,2022-10-20,97.29,2446.94,11.837698630136988,392.3,54.23123287671233,3.722191780821917,17.027561643835618,403946099383201,validation,93.09,95.47,175.0,0.4791238877481177,22,93.10333333333334,2.360028248418508,-2.3799999999999955,-4.527578124999991,95.19454545454543,2.079497941405976,90.75,98.54,0,0,1.3333333333333333,403946099383201,90.27910000000016,-7.01089999999985,Unseen_Well_Test,Model_B,Random Forest
402421099112000,PHELPS,40.40549166666666,-99.18921666666668,2021,2021-10-04,60.13,2216.62,11.854109589041096,675.54,63.41326027397261,3.3998082191780825,16.312,402421099112000,validation,58.4,57.35,179.0,0.4900752908966461,40,58.99666666666667,2.012469461466021,1.0499999999999972,1.071263966480444,57.25051282051282,3.576781079125364,50.0,63.68,0,0,1.0,402421099112000,74.6032699999998,14.473269999999792,Unseen_Well_Test,Model_B,Random Forest
402630099305500,PHELPS,40.44133611111111,-99.51204166666666,2021,2021-10-04,175.62,2426.38,11.854109589041096,675.54,63.41326027397261,3.3998082191780825,16.312,402630099305500,validation,174.26,174.8,179.0,0.4900752908966461,38,175.91333333333333,2.411168458099383,-0.5400000000000205,-0.550935754189965,178.70540540540543,2.2679427714151905,174.26,183.34,0,0,0.6666666666666666,402630099305500,175.6008000000001,-0.0191999999998699,Unseen_Well_Test,Model_B,Random Forest
403315099351501,PHELPS,40.554270555555554,-99.58744083333332,2021,2021-10-06,69.87,2447.59,11.854109589041096,675.54,63.41326027397261,3.3998082191780825,16.312,403315099351501,validation,66.33,71.15,184.0,0.5037645448323066,17,70.84333333333332,4.36808119582653,-4.820000000000007,-5.41693846153847,71.40882352941175,3.5434409165967145,66.33,76.7,0,0,1.0,403315099351501,69.25828125000002,-0.6117187499999801,Unseen_Well_Test,Model_B,Random Forest
403408099130501,PHELPS,40.56878722222223,-99.21816944444444,2021,2021-10-04,27.05,2216.56,11.854109589041096,675.54,63.41326027397261,3.3998082191780825,16.312,403408099130501,validation,11.22,14.49,181.0,0.4955509924709103,17,14.793333333333337,3.734251375220117,-3.27,-3.471998546511627,15.737058823529416,3.155789847062622,11.22,20.61,0,0,1.0,403408099130501,16.781174999999966,-10.268825000000035,Unseen_Well_Test,Model_B,Random Forest
403645099242701,PHELPS,40.61264497222222,-99.40752011111113,2021,2021-10-04,20.06,2297.96,11.854109589041096,675.54,63.41326027397261,3.3998082191780825,16.312,403645099242701,validation,17.96,19.23,172.0,0.4709103353867214,20,20.29,3.003714367245993,-1.2699999999999996,-1.3445434782608692,21.436,3.443504029328265,16.42,27.3,0,0,1.0,403645099242701,18.71522499999997,-1.3447750000000234,Unseen_Well_Test,Model_B,Random Forest
403903099214301,PHELPS,40.650864722222224,-99.3618686111111,2021,2021-10-04,7.15,2248.47,11.854109589041096,675.54,63.41326027397261,3.3998082191780825,16.312,403903099214301,validation,3.74,7.96,182.0,0.4982888432580424,18,7.19,3.1367020897751825,-4.22,-4.50688596491228,8.222222222222223,2.3342149594937016,3.74,12.45,0,0,1.0,403903099214301,7.706825000000001,0.5568250000000008,Unseen_Well_Test,Model_B,Random Forest
403946099383201,PHELPS,40.66301611111111,-99.64228555555556,2021,2021-10-18,95.47,2446.94,11.854109589041096,675.54,63.41326027397261,3.3998082191780825,16.312,403946099383201,validation,90.75,96.57,200.0,0.5475701574264202,20,95.04666666666668,3.7731463440122894,-5.819999999999993,-6.345537313432828,95.286,2.129223728078036,90.75,98.54,0,0,1.0,403946099383201,89.92457500000005,-5.545424999999952,Unseen_Well_Test,Model_B,Random Forest
404033099373001,PHELPS,40.67593911111111,-99.62515633333332,2021,2021-10-05,9.96,2339.74,11.854109589041096,675.54,63.41326027397261,3.3998082191780825,16.312,404033099373001,validation,6.73,9.38,187.0,0.5119780971937029,20,8.436666666666666,1.4807543122791618,-2.6500000000000004,-2.88929104477612,9.011999999999995,2.379224995444392,6.32,17.74,0,0,1.0,404033099373001,7.058975000000003,-2.901024999999998,Unseen_Well_Test,Model_B,Random Forest
404040099383501,PHELPS,40.67796833333333,-99.64313333333334,2021,2021-10-05,10.15,2346.64,11.854109589041096,675.54,63.41326027397261,3.3998082191780825,16.312,404040099383501,validation,7.86,11.98,187.0,0.5119780971937029,20,10.586666666666666,2.3615531612337954,-4.12,-4.492029850746269,10.518,1.5697053025463426,7.61,13.9,0,0,1.0,404040099383501,9.458225,-0.6917749999999998,Unseen_Well_Test,Model_B,Random Forest
404102099373001,PHELPS,40.68405933333333,-99.62523716666666,2021,2021-10-05,10.33,2334.85,11.854109589041096,675.54,63.41326027397261,3.3998082191780825,16.312,404102099373001,validation,7.01,10.55,187.0,0.5119780971937029,20,9.409999999999998,2.079326814139616,-3.540000000000001,-3.859656716417912,9.499,1.2592349389923023,7.01,11.76,0,0,1.0,404102099373001,8.073650000000004,-2.256349999999996,Unseen_Well_Test,Model_B,Random Forest
402905099115301,PHELPS,40.4848551,-99.1983097,2023,2023-05-08,37.68,2241.11,12.096410958904109,567.81,61.07383561643836,3.2536164383561643,16.480931506849316,402905099115301,test,34.3,35.14,746.0,2.0424366872005475,26,35.67333333333333,1.7037996752357167,-0.8400000000000034,-0.4090800000000017,33.325384615384614,3.3156552664826062,25.73,38.21,1,0,0.3333333333333333,402905099115301,35.11730000000003,-2.562699999999971,Unseen_Well_Test,Model_B,Random Forest
402924099235501,PHELPS,40.4901949,-99.398706,2023,2023-05-08,53.31,2336.37,12.096410958904109,567.81,61.07383561643836,3.2536164383561643,16.480931506849316,402924099235501,test,51.85,55.86,746.0,2.0424366872005475,27,54.63,2.412861371898517,-4.009999999999998,-1.9528699999999992,54.185555555555545,3.0296284785347387,47.25,59.81,1,0,0.3333333333333333,402924099235501,52.70904999999994,-0.6009500000000614,Unseen_Well_Test,Model_B,Random Forest
403037099111401,PHELPS,40.5103457694444,-99.1873426,2023,2023-05-08,35.96,2237.5,12.096410958904109,567.81,61.07383561643836,3.2536164383561643,16.480931506849316,403037099111401,test,32.72,33.12,746.0,2.0424366872005475,16,33.916666666666664,1.7378243102607729,-0.3999999999999986,-0.1947999999999993,32.320625,2.7978264629291547,27.52,36.11,1,0,0.3333333333333333,403037099111401,34.085749999999955,-1.8742500000000464,Unseen_Well_Test,Model_B,Random Forest
403138099235801,PHELPS,40.5255500233333,-99.399115,2023,2023-05-08,28.05,2328.14,12.096410958904109,567.81,61.07383561643836,3.2536164383561643,16.480931506849316,403138099235801,test,27.0,23.8,746.0,2.0424366872005475,31,26.25,2.1742814905158894,3.2,3.125133689839572,26.863225806451617,3.7808538604366193,18.67,34.37,1,0,0.3333333333333333,403138099235801,29.876374999999925,1.826374999999924,Unseen_Well_Test,Model_B,Random Forest
403217099312001,PHELPS,40.5392815,-99.5207383,2023,2023-05-09,103.55,2451.89,12.096410958904109,567.81,61.07383561643836,3.2536164383561643,16.480931506849316,403217099312001,test,101.53,97.4,361.0,0.9883641341546886,32,99.04333333333334,2.1903500481277702,4.129999999999996,3.9079857512953327,101.54125,3.417407761220718,95.01,109.52,0,0,0.6666666666666666,403217099312001,102.78687499999998,-0.7631250000000165,Unseen_Well_Test,Model_B,Random Forest
403322099201601,PHELPS,40.5547811,-99.3416484,2023,2023-05-08,6.08,2267.67,12.096410958904109,567.81,61.07383561643836,3.2536164383561643,16.480931506849316,403322099201601,test,4.18,2.85,746.0,2.0424366872005475,27,2.9166666666666665,1.2313542680046767,1.3299999999999996,1.298883689839572,7.349259259259259,2.919346510023098,1.72,12.2,1,0,0.3333333333333333,403322099201601,7.0422750000000045,0.9622750000000044,Unseen_Well_Test,Model_B,Random Forest
403322099304801,PHELPS,40.5542755075,-99.5122815,2023,2023-05-09,58.1,2411.43,12.096410958904109,567.81,61.07383561643836,3.2536164383561643,16.480931506849316,403322099304801,test,56.74,56.04,361.0,0.9883641341546886,32,56.123333333333335,0.5795112883571233,0.7000000000000028,0.6623704663212462,58.07781249999999,2.796257561600228,52.42,62.54,0,0,0.6666666666666666,403322099304801,57.251277916666574,-0.8487220833334277,Unseen_Well_Test,Model_B,Random Forest
403646099293301,PHELPS,40.6127772,-99.4935704,2023,2023-05-08,20.9,2354.25,12.096410958904109,567.81,61.07383561643836,3.2536164383561643,16.480931506849316,403646099293301,test,19.08,16.75,360.0,0.9856262833675564,32,17.743333333333332,1.2023449310964518,2.3299999999999983,2.204747409326423,18.0659375,2.309753316496053,10.52,22.4,0,0,0.6666666666666666,403646099293301,18.361150000000013,-2.538849999999986,Unseen_Well_Test,Model_B,Random Forest
403651099281401,PHELPS,40.613021,-99.4747929,2023,2023-05-08,40.58,2345.39,12.096410958904109,567.81,61.07383561643836,3.2536164383561643,16.480931506849316,403651099281401,test,38.43,38.0,360.0,0.9856262833675564,29,38.28666666666667,0.2482606157515389,0.4299999999999997,0.4068847150259064,40.27275862068966,2.57816365510654,34.86,43.93,0,0,0.6666666666666666,403651099281401,39.58994999999997,-0.990050000000025,Unseen_Well_Test,Model_B,Random Forest
403915099190801,PHELPS,40.6573434,-99.3214291,2023,2023-05-08,10.0,2234.03,12.096410958904109,567.81,61.07383561643836,3.2536164383561643,16.480931506849316,403915099190801,test,8.2,7.6,746.0,2.0424366872005475,26,7.966666666666666,0.3214550253664317,0.5999999999999996,0.5859625668449194,9.364999999999998,1.135972710939836,7.28,11.38,1,0,0.3333333333333333,403915099190801,8.661899999999989,-1.3381000000000114,Unseen_Well_Test,Model_B,Random Forest
403928099371801,PHELPS,40.655954,-99.6202609,2023,2023-05-08,86.45,2432.98,12.096410958904109,567.81,61.07383561643836,3.2536164383561643,16.480931506849316,403928099371801,test,87.42,83.21,360.0,0.9856262833675564,31,83.93666666666667,3.182834166797467,4.210000000000008,3.983685233160629,82.5874193548387,1.5592689905677717,80.21,87.42,0,0,0.6666666666666666,403928099371801,82.86704999999995,-3.5829500000000536,Unseen_Well_Test,Model_B,Random Forest
402421099112000,PHELPS,40.40549166666666,-99.18921666666668,2024,2024-04-04,61.95,2216.62,12.596065573770492,607.89,60.55073770491804,3.417677595628415,16.566120218579236,402421099112000,test,60.46,63.0,364.0,0.9965776865160848,43,61.196666666666665,1.5704245710422804,-2.539999999999999,-5.097445054945053,57.53238095238096,3.610485278864412,50.0,63.68,0,0,1.3333333333333333,402421099112000,75.46848749999978,13.51848749999978,Unseen_Well_Test,Model_B,Random Forest
402630099305500,PHELPS,40.44133611111111,-99.51204166666666,2024,2024-04-04,174.98,2426.38,12.596065573770492,607.89,60.55073770491804,3.417677595628415,16.566120218579236,402630099305500,test,174.71,177.92,364.0,0.9965776865160848,42,174.45333333333335,3.601865257520516,-3.2099999999999795,-6.442046703296662,178.31902439024392,2.592076199572506,170.73,183.34,0,0,1.6666666666666667,402630099305500,174.21042499999984,-0.7695750000001453,Unseen_Well_Test,Model_B,Random Forest
403408099130501,PHELPS,40.56878722222223,-99.21816944444444,2024,2024-04-04,17.53,2216.56,12.596065573770492,607.89,60.55073770491804,3.417677595628415,16.566120218579236,403408099130501,test,15.9,16.95,359.0,0.9828884325804244,21,14.556666666666668,3.278358329001473,-1.049999999999999,-2.107211538461536,16.10714285714286,3.93780286817045,10.82,27.05,0,0,1.6666666666666667,403408099130501,16.872175000000095,-0.6578249999999066,Unseen_Well_Test,Model_B,Random Forest
403645099242701,PHELPS,40.61264497222222,-99.40752011111113,2024,2024-04-01,22.63,2297.96,12.596065573770492,607.89,60.55073770491804,3.417677595628415,16.566120218579236,403645099242701,test,21.65,22.65,355.0,0.971937029431896,24,20.286666666666665,3.2658893633026413,-1.0,-1.9959016393442623,21.235,3.306879522134582,16.42,27.3,0,0,1.6666666666666667,403645099242701,23.12447499999997,0.4944749999999764,Unseen_Well_Test,Model_B,Random Forest
403645099242701,PHELPS,40.61264497222222,-99.40752011111113,2024,2024-04-17,23.15,2297.96,12.596065573770492,607.89,60.55073770491804,3.417677595628415,16.566120218579236,403645099242701,test,22.63,21.65,16.0,0.0438056125941136,25,22.31,0.5716642371182582,0.9800000000000004,1.0082957746478878,21.2908,3.2492536578933526,16.42,27.3,0,0,1.6666666666666667,403645099242701,24.183174999999963,1.0331749999999644,Unseen_Well_Test,Model_B,Random Forest
G-187841Deep,PHELPS,40.55758333,-99.32308333,2024,2024-04-04,19.39,2268.0,12.596065573770492,607.89,60.55073770491804,3.417677595628415,16.566120218579236,G-187841Deep,test,18.79,,358.0,0.9801505817932924,1,18.79,,,,18.79,,18.79,18.79,0,0,0.3333333333333333,G-187841Deep,19.754925000000043,0.3649250000000421,Unseen_Well_Test,Model_B,Random Forest
403316099192301,PHELPS,40.554508,-99.32334,2024,2024-04-04,19.66,2267.0,12.596065573770492,607.89,60.55073770491804,3.417677595628415,16.566120218579236,403316099192301,test,17.95,,358.0,0.9801505817932924,1,17.95,,,,17.95,,17.95,17.95,0,0,0.3333333333333333,403316099192301,18.88390000000001,-0.7760999999999854,Unseen_Well_Test,Model_B,Random Forest
403315099351501,PHELPS,40.554270555555554,-99.58744083333332,2024,2024-04-17,68.78,2447.59,12.596065573770492,607.89,60.55073770491804,3.417677595628415,16.566120218579236,403315099351501,test,71.02,70.85,371.0,1.0157426420260096,21,70.23666666666666,1.2125317865249232,0.1700000000000017,0.339303278688528,71.16809523809522,3.233488238802824,66.33,76.7,0,0,1.3333333333333333,403315099351501,72.09979999999975,3.319799999999745,Unseen_Well_Test,Model_B,Random Forest
403903099214301,PHELPS,40.650864722222224,-99.3618686111111,2024,2024-04-17,8.89,2248.47,12.596065573770492,607.89,60.55073770491804,3.417677595628415,16.566120218579236,403903099214301,test,8.89,10.09,371.0,1.0157426420260096,22,7.859999999999999,2.886295203197345,-1.1999999999999993,-2.3950819672131134,8.12409090909091,2.295112112814886,3.74,12.45,0,0,1.3333333333333333,403903099214301,8.454899999999977,-0.4351000000000233,Unseen_Well_Test,Model_B,Random Forest
404040099383501,PHELPS,40.67796833333333,-99.64313333333334,2024,2024-05-01,8.8,2346.64,12.596065573770492,607.89,60.55073770491804,3.417677595628415,16.566120218579236,404040099383501,test,10.68,7.29,383.0,1.0485968514715949,23,9.373333333333331,1.8235770708509509,3.39,3.5276282051282046,10.368695652173912,1.6079979204753232,7.29,13.9,0,0,1.0,404040099383501,9.005124999999998,0.2051249999999971,Unseen_Well_Test,Model_B,Random Forest
404033099373001,PHELPS,40.67593911111111,-99.62515633333332,2024,2024-05-01,7.9,2339.74,12.596065573770492,607.89,60.55073770491804,3.417677595628415,16.566120218579236,404033099373001,test,10.56,11.6,383.0,1.0485968514715949,24,9.783333333333331,2.305305475058204,-1.0399999999999991,-2.1582954545454527,9.147916666666667,2.2881794152189823,6.32,17.74,0,0,1.3333333333333333,404033099373001,9.171499999999988,1.2714999999999872,Unseen_Well_Test,Model_B,Random Forest
404102099373001,PHELPS,40.68405933333333,-99.62523716666666,2024,2024-05-01,9.83,2334.85,12.596065573770492,607.89,60.55073770491804,3.417677595628415,16.566120218579236,404102099373001,test,9.55,10.74,383.0,1.0485968514715949,24,9.406666666666668,1.4104727339914565,-1.1899999999999995,-2.469588068181817,9.522083333333333,1.2302349693087675,7.01,11.76,0,0,1.3333333333333333,404102099373001,9.322099999999985,-0.5079000000000153,Unseen_Well_Test,Model_B,Random Forest
403946099383201,PHELPS,40.66301611111111,-99.64228555555556,2024,2024-05-01,95.78,2446.94,12.596065573770492,607.89,60.55073770491804,3.417677595628415,16.566120218579236,403946099383201,test,96.69,97.29,383.0,1.0485968514715949,24,95.69,2.2715633383201093,-0.6000000000000085,-1.2451704545454725,95.34416666666668,2.0525761473279647,90.75,98.54,0,0,1.3333333333333333,403946099383201,93.81665000000014,-1.963349999999864,Unseen_Well_Test,Model_B,Random Forest
