CSD_ID,County,LatDD,LongDD,YearMsr,DateMsr,WatLevel,Predicted_WatLevel,Prediction_Error,Absolute_Error
402340099353701,PHELPS,40.39445302,-99.59399869,2000,2000-04-12,25.44,92.01112781573048,-66.57112781573048,66.57112781573048
402421099112000,PHELPS,40.40549166666666,-99.18921666666668,2000,2000-04-15,50.0,65.613175262144,-15.613175262143997,15.613175262143997
402524099201601,PHELPS,40.42334431,-99.33815365,2000,2000-04-12,120.28,91.07250139418775,29.207498605812248,29.207498605812248
402532099235801,PHELPS,40.42582814,-99.40068743,2000,2000-04-28,115.9,85.9157966493208,29.98420335067921,29.98420335067921
402630099305500,PHELPS,40.44133611111111,-99.51204166666666,2000,2000-04-15,176.14,156.34240098540076,19.79759901459923,19.79759901459923
402703099150901,PHELPS,40.44969595,-99.25284899,2000,2000-05-01,36.83,62.258757965835024,-25.428757965835025,25.428757965835025
402821099282901,PHELPS,40.47215973,-99.47068872,2000,2000-04-15,90.1,94.14789133285315,-4.047891332853155,4.047891332853155
402905099115301,PHELPS,40.4848551,-99.1983097,2000,2000-04-15,25.73,23.179445405396184,2.550554594603817,2.550554594603817
402906099342201,PHELPS,40.485083333333336,-99.57288888888888,2000,2000-04-15,148.14,78.9111179595587,69.22888204044129,69.22888204044129
402924099235501,PHELPS,40.4901949,-99.398706,2000,2000-04-15,47.25,32.352108340546046,14.897891659453954,14.897891659453954
403138099235801,PHELPS,40.5255500233333,-99.399115,2000,2000-04-28,18.67,29.620289392643894,-10.950289392643892,10.950289392643892
403217099312001,PHELPS,40.5392815,-99.5207383,2000,2000-04-25,96.74,94.72101146332255,2.0189885366774405,2.0189885366774405
403322099201601,PHELPS,40.5547811,-99.3416484,2000,2000-04-28,3.62,6.308232306273028,-2.6882323062730276,2.6882323062730276
403322099272302,PHELPS,40.5545803,-99.4609332,2000,2000-04-25,15.25,29.4737960484174,-14.223796048417402,14.223796048417402
403322099304801,PHELPS,40.5542755075,-99.5122815,2000,2000-04-25,53.15,71.91044014262027,-18.760440142620276,18.760440142620276
403336099225701,PHELPS,40.55616214,-99.37615377,2000,2000-04-15,19.51,25.30765555062469,-5.79765555062469,5.79765555062469
403507099254101,PHELPS,40.58520714,-99.42844836,2000,2000-04-15,17.5,15.53400943304628,1.9659905669537192,1.9659905669537192
403646099293301,PHELPS,40.6127772,-99.4935704,2000,2000-04-25,14.31,21.351291086803393,-7.041291086803392,7.041291086803392
403651099281401,PHELPS,40.613021,-99.4747929,2000,2000-04-25,35.0,38.05271816991408,-3.0527181699140797,3.0527181699140797
403915099190801,PHELPS,40.6573434,-99.3214291,2000,2000-04-15,7.28,4.889808540002697,2.390191459997303,2.390191459997303
403928099371801,PHELPS,40.655954,-99.6202609,2000,2000-04-25,80.32,74.18962043037271,6.13037956962728,6.13037956962728
402340099353701,PHELPS,40.39445302,-99.59399869,2001,2001-05-09,25.07,92.27916596948751,-67.20916596948751,67.20916596948751
402421099112000,PHELPS,40.40549166666666,-99.18921666666668,2001,2001-04-15,51.46,68.59924850046525,-17.13924850046525,17.13924850046525
402524099201601,PHELPS,40.42334431,-99.33815365,2001,2001-05-03,109.06,91.65801795846056,17.40198204153944,17.40198204153944
402532099235801,PHELPS,40.42582814,-99.40068743,2001,2001-05-07,116.18,87.302208388065,28.87779161193501,28.87779161193501
402630099305500,PHELPS,40.44133611111111,-99.51204166666666,2001,2001-04-15,177.18,155.94694716114464,21.23305283885537,21.23305283885537
402703099150901,PHELPS,40.44969595,-99.25284899,2001,2001-05-01,37.0,64.39891959688472,-27.398919596884724,27.398919596884724
402906099342201,PHELPS,40.485083333333336,-99.57288888888888,2001,2001-04-15,149.07,79.74050278634284,69.32949721365715,69.32949721365715
403217099312001,PHELPS,40.5392815,-99.5207383,2001,2001-05-08,98.0,94.35246019945134,3.647539800548657,3.647539800548657
403322099201601,PHELPS,40.5547811,-99.3416484,2001,2001-05-07,4.12,5.295908284074849,-1.1759082840748487,1.1759082840748487
403322099304801,PHELPS,40.5542755075,-99.5122815,2001,2001-05-08,54.32,70.81174479177777,-16.49174479177777,16.49174479177777
403507099254101,PHELPS,40.58520714,-99.42844836,2001,2001-05-07,16.61,15.33910592031692,1.2708940796830799,1.2708940796830799
403646099293301,PHELPS,40.6127772,-99.4935704,2001,2001-05-07,10.52,22.019078768749868,-11.499078768749868,11.499078768749868
403915099190801,PHELPS,40.6573434,-99.3214291,2001,2001-05-07,8.61,7.040860500264542,1.5691394997354573,1.5691394997354573
403928099371801,PHELPS,40.655954,-99.6202609,2001,2001-05-07,80.21,74.2702426790146,5.939757320985393,5.939757320985393
402340099353701,PHELPS,40.39445302,-99.59399869,2002,2002-04-24,25.21,90.51815970966848,-65.30815970966847,65.30815970966847
402421099112000,PHELPS,40.40549166666666,-99.18921666666668,2002,2002-04-15,52.18,66.01077428757642,-13.830774287576425,13.830774287576425
402524099201601,PHELPS,40.42334431,-99.33815365,2002,2002-04-24,109.8,90.72323780920127,19.076762190798732,19.076762190798732
402532099235801,PHELPS,40.42582814,-99.40068743,2002,2002-04-25,115.52,84.4669021865694,31.053097813430597,31.053097813430597
402630099305500,PHELPS,40.44133611111111,-99.51204166666666,2002,2002-04-15,178.77,153.9983256193364,24.771674380663598,24.771674380663598
402703099150901,PHELPS,40.44969595,-99.25284899,2002,2002-04-24,39.36,62.82916946039173,-23.469169460391733,23.469169460391733
402821099282901,PHELPS,40.47215973,-99.47068872,2002,2002-04-15,90.09,94.12933592437308,-4.039335924373077,4.039335924373077
402905099115301,PHELPS,40.4848551,-99.1983097,2002,2002-04-15,27.76,25.758226513386514,2.0017734866134873,2.0017734866134873
402906099342201,PHELPS,40.485083333333336,-99.57288888888888,2002,2002-04-15,148.66,78.60010529726392,70.05989470273607,70.05989470273607
402924099235501,PHELPS,40.4901949,-99.398706,2002,2002-04-15,50.56,33.7038061263445,16.8561938736555,16.8561938736555
403138099235801,PHELPS,40.5255500233333,-99.399115,2002,2002-04-15,20.89,31.050393086502922,-10.160393086502921,10.160393086502921
403217099312001,PHELPS,40.5392815,-99.5207383,2002,2002-04-15,98.69,94.36469723342341,4.325302766576584,4.325302766576584
403322099201601,PHELPS,40.5547811,-99.3416484,2002,2002-04-15,6.35,8.49178618748301,-2.14178618748301,2.14178618748301
403322099272302,PHELPS,40.5545803,-99.4609332,2002,2002-04-15,17.0,31.18416879772411,-14.184168797724109,14.184168797724109
403322099304801,PHELPS,40.5542755075,-99.5122815,2002,2002-04-15,54.81,72.19681665372816,-17.38681665372816,17.38681665372816
403507099254101,PHELPS,40.58520714,-99.42844836,2002,2002-04-25,21.14,17.775014820672567,3.3649851793274337,3.3649851793274337
403646099293301,PHELPS,40.6127772,-99.4935704,2002,2002-04-15,15.07,23.48618752491101,-8.41618752491101,8.41618752491101
403651099281401,PHELPS,40.613021,-99.4747929,2002,2002-04-15,38.14,40.06363737568455,-1.9236373756845495,1.9236373756845495
403915099190801,PHELPS,40.6573434,-99.3214291,2002,2002-04-15,8.94,6.744285520784482,2.1957144792155177,2.1957144792155177
403928099371801,PHELPS,40.655954,-99.6202609,2002,2002-04-15,81.04,74.16496273162734,6.875037268372665,6.875037268372665
402340099353701,PHELPS,40.39445302,-99.59399869,2003,2003-05-05,25.25,92.61315669348839,-67.36315669348839,67.36315669348839
402421099112000,PHELPS,40.40549166666666,-99.18921666666668,2003,2003-04-15,55.45,67.95502589707142,-12.50502589707142,12.50502589707142
402524099201601,PHELPS,40.42334431,-99.33815365,2003,2003-04-24,111.68,92.87104991809231,18.808950081907696,18.808950081907696
402532099235801,PHELPS,40.42582814,-99.40068743,2003,2003-04-10,117.29,87.81404727244067,29.47595272755933,29.47595272755933
402630099305500,PHELPS,40.44133611111111,-99.51204166666666,2003,2003-04-15,177.87,157.01723674062026,20.852763259379742,20.852763259379742
402703099150901,PHELPS,40.44969595,-99.25284899,2003,2003-04-09,42.44,65.09461096957324,-22.65461096957324,22.65461096957324
402821099282901,PHELPS,40.47215973,-99.47068872,2003,2003-04-15,92.28,96.0023439228342,-3.722343922834199,3.722343922834199
402905099115301,PHELPS,40.4848551,-99.1983097,2003,2003-04-15,31.26,27.36474160846207,3.895258391537933,3.895258391537933
402906099342201,PHELPS,40.485083333333336,-99.57288888888888,2003,2003-04-15,149.9,80.93036878230915,68.96963121769086,68.96963121769086
402924099235501,PHELPS,40.4901949,-99.398706,2003,2003-04-15,55.35,36.9152665356109,18.434733464389105,18.434733464389105
403138099235801,PHELPS,40.5255500233333,-99.399115,2003,2003-04-15,25.16,34.395055215208416,-9.235055215208416,9.235055215208416
403217099312001,PHELPS,40.5392815,-99.5207383,2003,2003-04-15,101.7,96.78467956849047,4.915320431509528,4.915320431509528
403322099201601,PHELPS,40.5547811,-99.3416484,2003,2003-04-15,9.29,9.59227660023607,-0.3022766002360715,0.3022766002360715
403322099272302,PHELPS,40.5545803,-99.4609332,2003,2003-04-15,19.67,31.241682941765497,-11.571682941765495,11.571682941765495
403322099304801,PHELPS,40.5542755075,-99.5122815,2003,2003-04-15,57.5,73.6550594420555,-16.155059442055503,16.155059442055503
403507099254101,PHELPS,40.58520714,-99.42844836,2003,2003-04-10,24.25,20.436432677478415,3.8135673225215854,3.8135673225215854
403646099293301,PHELPS,40.6127772,-99.4935704,2003,2003-04-15,17.49,25.272638509678615,-7.782638509678616,7.782638509678616
403651099281401,PHELPS,40.613021,-99.4747929,2003,2003-04-15,41.97,42.30600178481814,-0.33600178481814424,0.33600178481814424
403915099190801,PHELPS,40.6573434,-99.3214291,2003,2003-04-15,9.99,7.762683659161247,2.227316340838753,2.227316340838753
403928099371801,PHELPS,40.655954,-99.6202609,2003,2003-04-15,82.22,73.95535089015073,8.264649109849273,8.264649109849273
402340099353701,PHELPS,40.39445302,-99.59399869,2004,2004-04-29,25.37,92.3918221114107,-67.0218221114107,67.0218221114107
402421099112000,PHELPS,40.40549166666666,-99.18921666666668,2004,2004-04-15,57.55,70.2341139033593,-12.684113903359304,12.684113903359304
402524099201601,PHELPS,40.42334431,-99.33815365,2004,2004-04-29,113.94,94.07897560328865,19.861024396711343,19.861024396711343
402532099235801,PHELPS,40.42582814,-99.40068743,2004,2004-04-08,118.12,89.33425447474256,28.78574552525744,28.78574552525744
402630099305500,PHELPS,40.44133611111111,-99.51204166666666,2004,2004-04-15,178.37,155.85312021246435,22.516879787535657,22.516879787535657
402703099150901,PHELPS,40.44969595,-99.25284899,2004,2004-04-07,43.62,66.11321412733196,-22.49321412733196,22.49321412733196
402821099282901,PHELPS,40.47215973,-99.47068872,2004,2004-04-15,94.41,98.24275376773875,-3.832753767738751,3.832753767738751
402905099115301,PHELPS,40.4848551,-99.1983097,2004,2004-04-15,33.0,30.451663103203046,2.548336896796954,2.548336896796954
402906099342201,PHELPS,40.485083333333336,-99.57288888888888,2004,2004-04-15,150.45,83.85598792516072,66.59401207483927,66.59401207483927
402924099235501,PHELPS,40.4901949,-99.398706,2004,2004-04-15,57.0,39.535041761677874,17.464958238322126,17.464958238322126
403138099235801,PHELPS,40.5255500233333,-99.399115,2004,2004-04-15,27.0,37.84740357589343,-10.84740357589343,10.84740357589343
403217099312001,PHELPS,40.5392815,-99.5207383,2004,2004-04-15,104.61,98.74328896780311,5.866711032196889,5.866711032196889
403322099201601,PHELPS,40.5547811,-99.3416484,2004,2004-04-15,11.61,10.875805288228051,0.7341947117719485,0.7341947117719485
403322099272302,PHELPS,40.5545803,-99.4609332,2004,2004-04-15,21.38,32.185798249317564,-10.805798249317565,10.805798249317565
403322099304801,PHELPS,40.5542755075,-99.5122815,2004,2004-04-15,60.02,74.03031134677737,-14.010311346777364,14.010311346777364
403507099254101,PHELPS,40.58520714,-99.42844836,2004,2004-04-12,25.82,21.356815118395357,4.4631848816046436,4.4631848816046436
403646099293301,PHELPS,40.6127772,-99.4935704,2004,2004-04-15,18.73,26.58259555018808,-7.852595550188081,7.852595550188081
403651099281401,PHELPS,40.613021,-99.4747929,2004,2004-04-15,43.0,43.70262161963112,-0.7026216196311168,0.7026216196311168
403915099190801,PHELPS,40.6573434,-99.3214291,2004,2004-04-08,10.43,9.033112804934847,1.396887195065153,1.396887195065153
403928099371801,PHELPS,40.655954,-99.6202609,2004,2004-04-15,83.73,75.60199162631837,8.128008373681638,8.128008373681638
402340099353701,PHELPS,40.39445302,-99.59399869,2005,2005-05-11,25.42,93.66565843194405,-68.24565843194405,68.24565843194405
402421099112000,PHELPS,40.40549166666666,-99.18921666666668,2005,2005-04-15,58.66,71.7250179418982,-13.065017941898205,13.065017941898205
402524099201601,PHELPS,40.42334431,-99.33815365,2005,2005-05-11,115.43,95.72548629973267,19.70451370026734,19.70451370026734
402532099235801,PHELPS,40.42582814,-99.40068743,2005,2005-04-13,120.1,90.77802467376142,29.321975326238572,29.321975326238572
402630099305500,PHELPS,40.44133611111111,-99.51204166666666,2005,2005-04-15,182.94,156.9582168600128,25.981783139987186,25.981783139987186
402703099150901,PHELPS,40.44969595,-99.25284899,2005,2005-04-12,46.63,67.57654846547402,-20.946548465474017,20.946548465474017
402821099282901,PHELPS,40.47215973,-99.47068872,2005,2005-04-15,96.0,99.32344622415457,-3.3234462241545657,3.3234462241545657
402905099115301,PHELPS,40.4848551,-99.1983097,2005,2005-04-12,34.0,31.295646248867946,2.7043537511320537,2.7043537511320537
402906099342201,PHELPS,40.485083333333336,-99.57288888888888,2005,2005-04-15,150.85,85.18284361393044,65.66715638606955,65.66715638606955
402924099235501,PHELPS,40.4901949,-99.398706,2005,2005-04-13,57.63,39.56074590821614,18.06925409178386,18.06925409178386
403138099235801,PHELPS,40.5255500233333,-99.399115,2005,2005-04-15,28.06,37.872123026466845,-9.812123026466846,9.812123026466846
403217099312001,PHELPS,40.5392815,-99.5207383,2005,2005-04-15,104.82,100.26455570222485,4.555444297775139,4.555444297775139
403322099201601,PHELPS,40.5547811,-99.3416484,2005,2005-04-15,10.27,11.013412655663657,-0.7434126556636578,0.7434126556636578
403322099272302,PHELPS,40.5545803,-99.4609332,2005,2005-04-15,19.71,33.38225528518115,-13.672255285181151,13.672255285181151
403322099304801,PHELPS,40.5542755075,-99.5122815,2005,2005-04-15,60.61,76.03891183943043,-15.428911839430427,15.428911839430427
403336099225701,PHELPS,40.55616214,-99.37615377,2005,2005-04-15,26.56,32.02362695049728,-5.463626950497282,5.463626950497282
403507099254101,PHELPS,40.58520714,-99.42844836,2005,2005-04-13,25.3,22.000563869750135,3.299436130249866,3.299436130249866
403646099293301,PHELPS,40.6127772,-99.4935704,2005,2005-04-15,18.25,27.82676857958427,-9.576768579584272,9.576768579584272
403651099281401,PHELPS,40.613021,-99.4747929,2005,2005-04-15,43.47,44.8468431978689,-1.3768431978689009,1.3768431978689009
403915099190801,PHELPS,40.6573434,-99.3214291,2005,2005-04-13,10.42,9.570623433495028,0.8493765665049722,0.8493765665049722
403928099371801,PHELPS,40.655954,-99.6202609,2005,2005-04-15,84.0,75.99929793837734,8.000702061622661,8.000702061622661
402340099353701,PHELPS,40.39445302,-99.59399869,2006,2006-05-01,25.43,94.29173886535219,-68.86173886535218,68.86173886535218
402421099112000,PHELPS,40.40549166666666,-99.18921666666668,2006,2006-04-15,59.78,73.11294414787379,-13.33294414787379,13.33294414787379
402524099201601,PHELPS,40.42334431,-99.33815365,2006,2006-05-01,117.42,97.38914253292847,20.030857467071527,20.030857467071527
402532099235801,PHELPS,40.42582814,-99.40068743,2006,2006-04-10,120.0,91.47292979435757,28.52707020564243,28.52707020564243
402630099305500,PHELPS,40.44133611111111,-99.51204166666666,2006,2006-04-15,180.05,158.85749547031327,21.192504529686744,21.192504529686744
402821099282901,PHELPS,40.47215973,-99.47068872,2006,2006-04-15,97.56,99.44366436007329,-1.8836643600732828,1.8836643600732828
402905099115301,PHELPS,40.4848551,-99.1983097,2006,2006-04-15,35.91,32.06411863942618,3.84588136057382,3.84588136057382
402906099342201,PHELPS,40.485083333333336,-99.57288888888888,2006,2006-04-15,152.46,87.24819287414604,65.21180712585397,65.21180712585397
402924099235501,PHELPS,40.4901949,-99.398706,2006,2006-04-15,59.22,41.20260713283694,18.01739286716306,18.01739286716306
403138099235801,PHELPS,40.5255500233333,-99.399115,2006,2006-04-10,32.0,39.47770277398645,-7.477702773986451,7.477702773986451
403217099312001,PHELPS,40.5392815,-99.5207383,2006,2006-04-12,107.27,102.86080873137865,4.409191268621342,4.409191268621342
403322099201601,PHELPS,40.5547811,-99.3416484,2006,2006-04-10,10.91,11.289874451151375,-0.37987445115137497,0.37987445115137497
403322099272302,PHELPS,40.5545803,-99.4609332,2006,2006-04-15,22.91,34.7601491435998,-11.850149143599797,11.850149143599797
403322099304801,PHELPS,40.5542755075,-99.5122815,2006,2006-04-12,62.54,77.30460458845535,-14.764604588455349,14.764604588455349
403336099225701,PHELPS,40.55616214,-99.37615377,2006,2006-04-15,24.2,33.42161886400958,-9.221618864009582,9.221618864009582
403507099254101,PHELPS,40.58520714,-99.42844836,2006,2006-04-12,27.0,23.630070614140376,3.369929385859624,3.369929385859624
403646099293301,PHELPS,40.6127772,-99.4935704,2006,2006-04-15,18.0,29.631439815472785,-11.631439815472785,11.631439815472785
403651099281401,PHELPS,40.613021,-99.4747929,2006,2006-04-15,43.0,45.856866812653315,-2.8568668126533154,2.8568668126533154
403915099190801,PHELPS,40.6573434,-99.3214291,2006,2006-04-10,11.0,10.005386604234316,0.9946133957656844,0.9946133957656844
403928099371801,PHELPS,40.655954,-99.6202609,2006,2006-04-12,84.27,77.87658268111963,6.393417318880367,6.393417318880367
402340099353701,PHELPS,40.39445302,-99.59399869,2007,2007-05-08,24.41,93.79486953013651,-69.38486953013651,69.38486953013651
402421099112000,PHELPS,40.40549166666666,-99.18921666666668,2007,2007-04-15,59.94,73.64240467097278,-13.702404670972783,13.702404670972783
402524099201601,PHELPS,40.42334431,-99.33815365,2007,2007-05-09,117.57,95.25394632646146,22.316053673538534,22.316053673538534
402532099235801,PHELPS,40.42582814,-99.40068743,2007,2007-04-10,119.41,90.87421314849918,28.535786851500816,28.535786851500816
402630099305500,PHELPS,40.44133611111111,-99.51204166666666,2007,2007-04-15,179.48,158.074082201139,21.405917798860997,21.405917798860997
402821099282901,PHELPS,40.47215973,-99.47068872,2007,2007-04-15,100.93,98.20892611941697,2.7210738805830346,2.7210738805830346
402905099115301,PHELPS,40.4848551,-99.1983097,2007,2007-04-15,36.8,30.745808963686088,6.0541910363139095,6.0541910363139095
402906099342201,PHELPS,40.485083333333336,-99.57288888888888,2007,2007-04-15,151.96,85.27213665638249,66.68786334361752,66.68786334361752
402924099235501,PHELPS,40.4901949,-99.398706,2007,2007-04-15,59.81,38.73877022228706,21.071229777712944,21.071229777712944
403138099235801,PHELPS,40.5255500233333,-99.399115,2007,2007-04-15,32.0,37.68339624359242,-5.683396243592419,5.683396243592419
403217099312001,PHELPS,40.5392815,-99.5207383,2007,2007-04-15,106.52,101.35248415383363,5.167515846166367,5.167515846166367
403322099272302,PHELPS,40.5545803,-99.4609332,2007,2007-04-15,20.41,32.35372899279313,-11.94372899279313,11.94372899279313
403322099304801,PHELPS,40.5542755075,-99.5122815,2007,2007-04-15,62.22,76.8871390075315,-14.667139007531503,14.667139007531503
403336099225701,PHELPS,40.55616214,-99.37615377,2007,2007-04-15,29.15,30.847195133564018,-1.6971951335640192,1.6971951335640192
403507099254101,PHELPS,40.58520714,-99.42844836,2007,2007-04-10,24.91,21.329940093780596,3.580059906219404,3.580059906219404
403645099242701,PHELPS,40.61264497222222,-99.40752011111113,2007,2007-04-15,22.53,22.19640384577469,0.33359615422531164,0.33359615422531164
403646099293301,PHELPS,40.6127772,-99.4935704,2007,2007-04-15,17.14,26.37676066978682,-9.236760669786818,9.236760669786818
403651099281401,PHELPS,40.613021,-99.4747929,2007,2007-04-15,43.37,43.19411464457068,0.17588535542931538,0.17588535542931538
403915099190801,PHELPS,40.6573434,-99.3214291,2007,2007-04-10,9.11,7.532108475633826,1.5778915243661737,1.5778915243661737
403928099371801,PHELPS,40.655954,-99.6202609,2007,2007-04-15,84.0,77.01810458929035,6.9818954107096545,6.9818954107096545
403946099383201,PHELPS,40.66301611111111,-99.64228555555556,2007,2007-04-20,95.34,108.70347824599874,-13.363478245998735,13.363478245998735
404033099373001,PHELPS,40.67593911111111,-99.62515633333332,2007,2007-04-15,8.9,4.442611830963193,4.457388169036808,4.457388169036808
404040099383501,PHELPS,40.67796833333333,-99.64313333333334,2007,2007-04-20,10.79,12.078376869954308,-1.288376869954309,1.288376869954309
404102099373001,PHELPS,40.68405933333333,-99.62523716666666,2007,2007-04-15,9.85,8.672737418943688,1.1772625810563113,1.1772625810563113
402340099353701,PHELPS,40.39445302,-99.59399869,2008,2008-04-30,24.96,93.56210758768351,-68.60210758768352,68.60210758768352
402421099112000,PHELPS,40.40549166666666,-99.18921666666668,2008,2008-04-09,58.14,72.79867471557934,-14.658674715579338,14.658674715579338
402524099201601,PHELPS,40.42334431,-99.33815365,2008,2008-04-29,115.17,94.70729947560356,20.46270052439644,20.46270052439644
402532099235801,PHELPS,40.42582814,-99.40068743,2008,2008-04-15,118.78,90.356123310515,28.423876689485,28.423876689485
402630099305500,PHELPS,40.44133611111111,-99.51204166666666,2008,2008-04-15,178.18,157.32385299204358,20.856147007956423,20.856147007956423
402821099282901,PHELPS,40.47215973,-99.47068872,2008,2008-04-15,95.0,98.10802075267648,-3.108020752676481,3.108020752676481
402905099115301,PHELPS,40.4848551,-99.1983097,2008,2008-04-15,34.86,29.841534779986677,5.018465220013322,5.018465220013322
402906099342201,PHELPS,40.485083333333336,-99.57288888888888,2008,2008-04-15,150.52,84.16786251919328,66.35213748080673,66.35213748080673
402924099235501,PHELPS,40.4901949,-99.398706,2008,2008-04-15,56.48,38.71936811679632,17.76063188320368,17.76063188320368
403138099235801,PHELPS,40.5255500233333,-99.399115,2008,2008-04-15,29.0,38.082860634935216,-9.082860634935216,9.082860634935216
403217099312001,PHELPS,40.5392815,-99.5207383,2008,2008-04-15,105.0,100.42181086372453,4.578189136275469,4.578189136275469
403322099201601,PHELPS,40.5547811,-99.3416484,2008,2008-04-15,8.76,10.756541339771562,-1.9965413397715626,1.9965413397715626
403322099272302,PHELPS,40.5545803,-99.4609332,2008,2008-04-15,20.46,32.32833168721683,-11.86833168721683,11.86833168721683
403322099304801,PHELPS,40.5542755075,-99.5122815,2008,2008-04-15,60.66,76.24704997692935,-15.58704997692935,15.58704997692935
403336099225701,PHELPS,40.55616214,-99.37615377,2008,2008-04-15,20.78,29.942141983077512,-9.162141983077511,9.162141983077511
403507099254101,PHELPS,40.58520714,-99.42844836,2008,2008-04-08,24.32,20.47138046517603,3.848619534823971,3.848619534823971
403645099242701,PHELPS,40.61264497222222,-99.40752011111113,2008,2008-04-04,19.94,20.939179845396787,-0.9991798453967853,0.9991798453967853
403646099293301,PHELPS,40.6127772,-99.4935704,2008,2008-04-15,19.07,25.517036426047536,-6.447036426047536,6.447036426047536
403651099281401,PHELPS,40.613021,-99.4747929,2008,2008-04-15,41.18,42.22379300983786,-1.043793009837863,1.043793009837863
403915099190801,PHELPS,40.6573434,-99.3214291,2008,2008-04-08,9.36,6.96612112227611,2.393878877723889,2.393878877723889
403928099371801,PHELPS,40.655954,-99.6202609,2008,2008-04-15,84.24,77.09321687871979,7.146783121280208,7.146783121280208
403946099383201,PHELPS,40.66301611111111,-99.64228555555556,2008,2008-04-01,95.4,107.82246237740623,-12.42246237740622,12.42246237740622
403903099214301,PHELPS,40.650864722222224,-99.3618686111111,2008,2008-04-15,7.4,7.925517720920745,-0.5255177209207442,0.5255177209207442
404033099373001,PHELPS,40.67593911111111,-99.62515633333332,2008,2008-04-04,9.75,4.05203475483211,5.69796524516789,5.69796524516789
404040099383501,PHELPS,40.67796833333333,-99.64313333333334,2008,2008-04-01,11.48,11.526676365461448,-0.04667636546144749,0.04667636546144749
404102099373001,PHELPS,40.68405933333333,-99.62523716666666,2008,2008-04-04,10.0,8.337800834641302,1.6621991653586985,1.6621991653586985
402906099342201,PHELPS,40.485083333333336,-99.57288888888888,2008,2008-10-10,153.25,84.16786251919328,69.08213748080672,69.08213748080672
404040099383501,PHELPS,40.67796833333333,-99.64313333333334,2008,2008-11-03,10.56,11.526676365461448,-0.9666763654614474,0.9666763654614474
403946099383201,PHELPS,40.66301611111111,-99.64228555555556,2008,2008-11-03,94.98,107.82246237740623,-12.842462377406221,12.842462377406221
402630099305500,PHELPS,40.44133611111111,-99.51204166666666,2008,2008-10-10,181.23,157.32385299204358,23.906147007956406,23.906147007956406
404033099373001,PHELPS,40.67593911111111,-99.62515633333332,2008,2008-11-03,9.12,4.05203475483211,5.06796524516789,5.06796524516789
404102099373001,PHELPS,40.68405933333333,-99.62523716666666,2008,2008-11-03,10.02,8.337800834641302,1.682199165358698,1.682199165358698
403645099242701,PHELPS,40.61264497222222,-99.40752011111113,2008,2008-10-09,20.08,20.939179845396787,-0.8591798453967883,0.8591798453967883
403903099214301,PHELPS,40.650864722222224,-99.3618686111111,2008,2008-10-09,6.72,7.925517720920745,-1.2055177209207448,1.2055177209207448
402421099112000,PHELPS,40.40549166666666,-99.18921666666668,2008,2008-10-09,57.85,72.79867471557934,-14.948674715579337,14.948674715579337
403408099130501,PHELPS,40.56878722222223,-99.21816944444444,2008,2008-10-09,14.48,14.981840865462539,-0.5018408654625386,0.5018408654625386
403315099351501,PHELPS,40.554270555555554,-99.58744083333332,2008,2008-10-10,69.0,73.24209786026255,-4.242097860262547,4.242097860262547
402421099112000,PHELPS,40.40549166666666,-99.18921666666668,2009,2009-04-24,56.97,72.38210105724956,-15.412101057249558,15.412101057249558
402630099305500,PHELPS,40.44133611111111,-99.51204166666666,2009,2009-04-23,178.29,157.1443501677979,21.145649832202082,21.145649832202082
402906099342201,PHELPS,40.485083333333336,-99.57288888888888,2009,2009-04-23,150.58,86.26573202080233,64.31426797919768,64.31426797919768
403408099130501,PHELPS,40.56878722222223,-99.21816944444444,2009,2009-04-24,17.36,15.203686838676106,2.1563131613238937,2.1563131613238937
403645099242701,PHELPS,40.61264497222222,-99.40752011111113,2009,2009-04-24,19.92,21.22681964331217,-1.306819643312167,1.306819643312167
403315099351501,PHELPS,40.554270555555554,-99.58744083333332,2009,2009-04-24,71.27,74.37410573102657,-3.1041057310265785,3.1041057310265785
403903099214301,PHELPS,40.650864722222224,-99.3618686111111,2009,2009-04-24,8.77,8.37501228084974,0.39498771915025976,0.39498771915025976
404040099383501,PHELPS,40.67796833333333,-99.64313333333334,2009,2009-04-22,13.9,12.231703965140593,1.6682960348594076,1.6682960348594076
404033099373001,PHELPS,40.67593911111111,-99.62515633333332,2009,2009-04-22,11.22,4.760796584746846,6.459203415253155,6.459203415253155
404102099373001,PHELPS,40.68405933333333,-99.62523716666666,2009,2009-04-22,11.07,8.558788730424876,2.5112112695751243,2.5112112695751243
403946099383201,PHELPS,40.66301611111111,-99.64228555555556,2009,2009-04-22,98.31,109.33423364297651,-11.024233642976512,11.024233642976512
402532099235801,PHELPS,40.42582814,-99.40068743,2009,2009-04-15,117.81,90.48951139519767,27.320488604802335,27.320488604802335
403037099111401,PHELPS,40.5103457694444,-99.1873426,2009,2009-04-15,28.47,30.88296068453484,-2.4129606845348412,2.4129606845348412
402905099115301,PHELPS,40.4848551,-99.1983097,2009,2009-04-15,33.24,29.916780867285535,3.323219132714467,3.323219132714467
402924099235501,PHELPS,40.4901949,-99.398706,2009,2009-04-15,56.15,38.28136938229716,17.86863061770284,17.86863061770284
402821099282901,PHELPS,40.47215973,-99.47068872,2009,2009-04-16,93.84,99.13488702543879,-5.294887025438783,5.294887025438783
403322099201601,PHELPS,40.5547811,-99.3416484,2009,2009-04-15,7.23,9.996859585894795,-2.766859585894794,2.766859585894794
403138099235801,PHELPS,40.5255500233333,-99.399115,2009,2009-04-15,29.53,36.69645401224401,-7.16645401224401,7.16645401224401
403507099254101,PHELPS,40.58520714,-99.42844836,2009,2009-04-16,23.0,19.962874168762742,3.037125831237258,3.037125831237258
403322099304801,PHELPS,40.5542755075,-99.5122815,2009,2009-04-16,60.0,75.30087120933239,-15.300871209332385,15.300871209332385
403322099272302,PHELPS,40.5545803,-99.4609332,2009,2009-04-16,19.25,31.170598158109264,-11.920598158109264,11.920598158109264
403217099312001,PHELPS,40.5392815,-99.5207383,2009,2009-04-16,104.24,100.65844290543922,3.581557094560779,3.581557094560779
403915099190801,PHELPS,40.6573434,-99.3214291,2009,2009-04-15,8.32,7.4741586760311725,0.8458413239688278,0.8458413239688278
403646099293301,PHELPS,40.6127772,-99.4935704,2009,2009-04-16,17.68,25.511387078696988,-7.831387078696988,7.831387078696988
403651099281401,PHELPS,40.613021,-99.4747929,2009,2009-04-16,40.48,42.274252770677556,-1.7942527706775593,1.7942527706775593
403928099371801,PHELPS,40.655954,-99.6202609,2009,2009-04-16,84.12,78.15576836061723,5.964231639382774,5.964231639382774
402524099201601,PHELPS,40.42334431,-99.33815365,2009,2009-05-06,114.53,95.53260832085874,18.99739167914126,18.99739167914126
403037099111401,PHELPS,40.5103457694444,-99.1873426,2006,2006-10-16,33.09,33.14454551014304,-0.054545510143036324,0.054545510143036324
403037099111401,PHELPS,40.5103457694444,-99.1873426,2007,2007-04-09,32.24,31.65708252281726,0.5829174771827432,0.5829174771827432
403037099111401,PHELPS,40.5103457694444,-99.1873426,2007,2007-10-09,30.16,31.65708252281726,-1.4970825228172586,1.4970825228172586
403037099111401,PHELPS,40.5103457694444,-99.1873426,2008,2008-04-07,30.17,31.021230107476963,-0.8512301074769617,0.8512301074769617
402421099112000,PHELPS,40.40549166666666,-99.18921666666668,2000,2000-04-04,50.1,65.613175262144,-15.513175262143996,15.513175262143996
402421099112000,PHELPS,40.40549166666666,-99.18921666666668,2000,2000-10-20,53.99,65.613175262144,-11.623175262143995,11.623175262143995
402421099112000,PHELPS,40.40549166666666,-99.18921666666668,2001,2001-04-17,51.56,68.59924850046525,-17.03924850046525,17.03924850046525
402421099112000,PHELPS,40.40549166666666,-99.18921666666668,2001,2001-10-23,54.35,68.59924850046525,-14.24924850046525,14.24924850046525
402421099112000,PHELPS,40.40549166666666,-99.18921666666668,2002,2002-04-16,52.28,66.01077428757642,-13.730774287576423,13.730774287576423
402421099112000,PHELPS,40.40549166666666,-99.18921666666668,2003,2003-04-21,55.55,67.95502589707142,-12.405025897071425,12.405025897071425
402421099112000,PHELPS,40.40549166666666,-99.18921666666668,2003,2003-10-20,60.17,67.95502589707142,-7.785025897071421,7.785025897071421
402421099112000,PHELPS,40.40549166666666,-99.18921666666668,2004,2004-04-09,57.85,70.2341139033593,-12.3841139033593,12.3841139033593
402421099112000,PHELPS,40.40549166666666,-99.18921666666668,2005,2005-04-25,59.06,71.7250179418982,-12.6650179418982,12.6650179418982
402421099112000,PHELPS,40.40549166666666,-99.18921666666668,2006,2006-04-21,59.88,73.11294414787379,-13.232944147873788,13.232944147873788
402421099112000,PHELPS,40.40549166666666,-99.18921666666668,2006,2006-10-20,61.82,73.11294414787379,-11.29294414787379,11.29294414787379
402421099112000,PHELPS,40.40549166666666,-99.18921666666668,2007,2007-04-19,60.04,73.64240467097278,-13.602404670972781,13.602404670972781
402421099112000,PHELPS,40.40549166666666,-99.18921666666668,2007,2007-10-12,60.49,73.64240467097278,-13.152404670972778,13.152404670972778
402421099112000,PHELPS,40.40549166666666,-99.18921666666668,2008,2008-10-09,57.89,72.79867471557934,-14.908674715579338,14.908674715579338
402532099235801,PHELPS,40.42582814,-99.40068743,2006,2006-10-17,121.35,91.47292979435757,29.877070205642426,29.877070205642426
402532099235801,PHELPS,40.42582814,-99.40068743,2007,2007-10-10,120.1,90.87421314849918,29.225786851500814,29.225786851500814
402532099235801,PHELPS,40.42582814,-99.40068743,2008,2008-04-08,118.7,90.356123310515,28.343876689485,28.343876689485
402630099305500,PHELPS,40.44133611111111,-99.51204166666666,2000,2000-04-13,176.24,156.34240098540076,19.89759901459925,19.89759901459925
402630099305500,PHELPS,40.44133611111111,-99.51204166666666,2000,2000-10-19,181.49,156.34240098540076,25.14759901459925,25.14759901459925
402630099305500,PHELPS,40.44133611111111,-99.51204166666666,2001,2001-05-07,177.28,155.94694716114464,21.333052838855366,21.333052838855366
402630099305500,PHELPS,40.44133611111111,-99.51204166666666,2001,2001-10-24,180.05,155.94694716114464,24.103052838855376,24.103052838855376
402630099305500,PHELPS,40.44133611111111,-99.51204166666666,2002,2002-04-15,175.87,153.9983256193364,21.871674380663592,21.871674380663592
402630099305500,PHELPS,40.44133611111111,-99.51204166666666,2003,2003-04-22,177.97,157.01723674062026,20.952763259379736,20.952763259379736
402630099305500,PHELPS,40.44133611111111,-99.51204166666666,2003,2003-10-20,182.14,157.01723674062026,25.122763259379724,25.122763259379724
402630099305500,PHELPS,40.44133611111111,-99.51204166666666,2004,2004-04-07,178.67,155.85312021246435,22.81687978753564,22.81687978753564
402630099305500,PHELPS,40.44133611111111,-99.51204166666666,2005,2005-04-25,183.34,156.9582168600128,26.381783139987192,26.381783139987192
402630099305500,PHELPS,40.44133611111111,-99.51204166666666,2006,2006-04-21,180.15,158.85749547031327,21.292504529686738,21.292504529686738
402630099305500,PHELPS,40.44133611111111,-99.51204166666666,2006,2006-10-20,181.82,158.85749547031327,22.962504529686726,22.962504529686726
402630099305500,PHELPS,40.44133611111111,-99.51204166666666,2007,2007-04-19,179.58,158.074082201139,21.50591779886102,21.50591779886102
402630099305500,PHELPS,40.44133611111111,-99.51204166666666,2007,2007-10-11,181.36,158.074082201139,23.28591779886102,23.28591779886102
402905099115301,PHELPS,40.4848551,-99.1983097,2003,2003-04-09,27.94,27.36474160846207,0.5752583915379326,0.5752583915379326
402905099115301,PHELPS,40.4848551,-99.1983097,2006,2006-10-16,33.49,32.06411863942618,1.4258813605738254,1.4258813605738254
402905099115301,PHELPS,40.4848551,-99.1983097,2007,2007-04-09,33.48,30.745808963686088,2.7341910363139093,2.7341910363139093
402905099115301,PHELPS,40.4848551,-99.1983097,2007,2007-10-09,31.45,30.745808963686088,0.7041910363139117,0.7041910363139117
402905099115301,PHELPS,40.4848551,-99.1983097,2008,2008-04-07,31.54,29.841534779986677,1.698465220013322,1.698465220013322
402906099342201,PHELPS,40.485083333333336,-99.57288888888888,2000,2000-04-13,148.24,78.9111179595587,69.32888204044131,69.32888204044131
402906099342201,PHELPS,40.485083333333336,-99.57288888888888,2000,2000-10-19,152.14,78.9111179595587,73.22888204044129,73.22888204044129
402906099342201,PHELPS,40.485083333333336,-99.57288888888888,2001,2001-05-07,149.17,79.74050278634284,69.42949721365714,69.42949721365714
402906099342201,PHELPS,40.485083333333336,-99.57288888888888,2001,2001-10-24,150.41,79.74050278634284,70.66949721365715,70.66949721365715
402906099342201,PHELPS,40.485083333333336,-99.57288888888888,2002,2002-04-15,148.76,78.60010529726392,70.15989470273607,70.15989470273607
402906099342201,PHELPS,40.485083333333336,-99.57288888888888,2003,2003-04-22,150.0,80.93036878230915,69.06963121769085,69.06963121769085
402906099342201,PHELPS,40.485083333333336,-99.57288888888888,2003,2003-10-22,154.11,80.93036878230915,73.17963121769087,73.17963121769087
402906099342201,PHELPS,40.485083333333336,-99.57288888888888,2004,2004-04-07,150.75,83.85598792516072,66.89401207483928,66.89401207483928
402906099342201,PHELPS,40.485083333333336,-99.57288888888888,2005,2005-04-25,151.25,85.18284361393044,66.06715638606956,66.06715638606956
402906099342201,PHELPS,40.485083333333336,-99.57288888888888,2006,2006-04-20,152.56,87.24819287414604,65.31180712585396,65.31180712585396
402906099342201,PHELPS,40.485083333333336,-99.57288888888888,2006,2006-10-20,154.32,87.24819287414604,67.07180712585395,67.07180712585395
402906099342201,PHELPS,40.485083333333336,-99.57288888888888,2007,2007-04-19,152.06,85.27213665638249,66.78786334361752,66.78786334361752
402906099342201,PHELPS,40.485083333333336,-99.57288888888888,2007,2007-10-11,153.18,85.27213665638249,67.90786334361752,67.90786334361752
402924099235501,PHELPS,40.4901949,-99.398706,2003,2003-04-10,52.35,36.9152665356109,15.434733464389105,15.434733464389105
402924099235501,PHELPS,40.4901949,-99.398706,2006,2006-10-17,56.0,41.20260713283694,14.797392867163062,14.797392867163062
402924099235501,PHELPS,40.4901949,-99.398706,2007,2007-04-10,56.81,38.73877022228706,18.071229777712944,18.071229777712944
402924099235501,PHELPS,40.4901949,-99.398706,2007,2007-10-10,52.62,38.73877022228706,13.881229777712939,13.881229777712939
402924099235501,PHELPS,40.4901949,-99.398706,2008,2008-04-08,53.48,38.71936811679632,14.76063188320368,14.76063188320368
403138099235801,PHELPS,40.5255500233333,-99.399115,2001,2001-05-07,20.37,30.425417809848067,-10.055417809848066,10.055417809848066
403138099235801,PHELPS,40.5255500233333,-99.399115,2003,2003-04-10,22.21,34.395055215208416,-12.185055215208415,12.185055215208415
403138099235801,PHELPS,40.5255500233333,-99.399115,2004,2004-04-08,24.0,37.84740357589343,-13.84740357589343,13.84740357589343
403138099235801,PHELPS,40.5255500233333,-99.399115,2005,2005-04-13,25.06,37.872123026466845,-12.812123026466846,12.812123026466846
403138099235801,PHELPS,40.5255500233333,-99.399115,2006,2006-10-17,34.37,39.47770277398645,-5.107702773986453,5.107702773986453
403138099235801,PHELPS,40.5255500233333,-99.399115,2007,2007-04-10,29.05,37.68339624359242,-8.633396243592419,8.633396243592419
403138099235801,PHELPS,40.5255500233333,-99.399115,2007,2007-10-10,29.05,37.68339624359242,-8.633396243592419,8.633396243592419
403138099235801,PHELPS,40.5255500233333,-99.399115,2008,2008-04-08,26.05,38.082860634935216,-12.032860634935215,12.032860634935215
403217099312001,PHELPS,40.5392815,-99.5207383,2003,2003-04-11,97.9,96.78467956849047,1.1153204315095309,1.1153204315095309
403217099312001,PHELPS,40.5392815,-99.5207383,2004,2004-04-12,100.81,98.74328896780311,2.066711032196892,2.066711032196892
403217099312001,PHELPS,40.5392815,-99.5207383,2005,2005-04-13,101.02,100.26455570222485,0.7554442977751421,0.7554442977751421
403217099312001,PHELPS,40.5392815,-99.5207383,2006,2006-10-17,102.88,102.86080873137865,0.01919126862134135,0.01919126862134135
403217099312001,PHELPS,40.5392815,-99.5207383,2007,2007-04-10,102.72,101.35248415383363,1.36751584616637,1.36751584616637
403217099312001,PHELPS,40.5392815,-99.5207383,2007,2007-10-10,101.82,101.35248415383363,0.4675158461663642,0.4675158461663642
403217099312001,PHELPS,40.5392815,-99.5207383,2008,2008-04-09,101.2,100.42181086372453,0.778189136275472,0.778189136275472
403322099201601,PHELPS,40.5547811,-99.3416484,2003,2003-04-10,7.57,9.59227660023607,-2.0222766002360704,2.0222766002360704
403322099201601,PHELPS,40.5547811,-99.3416484,2004,2004-04-08,9.89,10.875805288228051,-0.9858052882280504,0.9858052882280504
403322099201601,PHELPS,40.5547811,-99.3416484,2005,2005-04-13,8.55,11.013412655663657,-2.4634126556636566,2.4634126556636566
403322099201601,PHELPS,40.5547811,-99.3416484,2007,2007-10-10,4.96,11.068609154417487,-6.108609154417487,6.108609154417487
403322099201601,PHELPS,40.5547811,-99.3416484,2008,2008-04-08,7.04,10.756541339771562,-3.7165413397715623,3.7165413397715623
403322099272302,PHELPS,40.5545803,-99.4609332,2005,2005-04-13,16.15,33.38225528518115,-17.232255285181154,17.232255285181154
403322099304801,PHELPS,40.5542755075,-99.5122815,2003,2003-04-11,54.79,73.6550594420555,-18.865059442055504,18.865059442055504
403322099304801,PHELPS,40.5542755075,-99.5122815,2004,2004-04-12,57.05,74.03031134677737,-16.98031134677737,16.98031134677737
403322099304801,PHELPS,40.5542755075,-99.5122815,2005,2005-04-13,57.64,76.03891183943043,-18.398911839430426,18.398911839430426
403322099304801,PHELPS,40.5542755075,-99.5122815,2006,2006-10-17,60.39,77.30460458845535,-16.914604588455347,16.914604588455347
403322099304801,PHELPS,40.5542755075,-99.5122815,2007,2007-04-10,59.51,76.8871390075315,-17.377139007531504,17.377139007531504
403322099304801,PHELPS,40.5542755075,-99.5122815,2007,2007-10-10,59.09,76.8871390075315,-17.7971390075315,17.7971390075315
403322099304801,PHELPS,40.5542755075,-99.5122815,2008,2008-04-09,57.95,76.24704997692935,-18.297049976929344,18.297049976929344
403507099254101,PHELPS,40.58520714,-99.42844836,2006,2006-10-17,25.69,23.630070614140376,2.0599293858596255,2.0599293858596255
403507099254101,PHELPS,40.58520714,-99.42844836,2007,2007-10-10,23.43,21.329940093780596,2.1000599062194034,2.1000599062194034
403645099242701,PHELPS,40.61264497222222,-99.40752011111113,2005,2005-07-21,27.3,24.63139465272845,2.6686053472715514,2.6686053472715514
403646099293301,PHELPS,40.6127772,-99.4935704,2003,2003-04-10,17.89,25.272638509678615,-7.382638509678614,7.382638509678614
403646099293301,PHELPS,40.6127772,-99.4935704,2004,2004-04-12,19.13,26.58259555018808,-7.452595550188082,7.452595550188082
403646099293301,PHELPS,40.6127772,-99.4935704,2005,2005-04-13,18.65,27.82676857958427,-9.176768579584273,9.176768579584273
403646099293301,PHELPS,40.6127772,-99.4935704,2006,2006-10-17,17.28,29.631439815472785,-12.351439815472784,12.351439815472784
403646099293301,PHELPS,40.6127772,-99.4935704,2007,2007-04-10,17.54,26.37676066978682,-8.83676066978682,8.83676066978682
403646099293301,PHELPS,40.6127772,-99.4935704,2007,2007-10-10,17.18,26.37676066978682,-9.19676066978682,9.19676066978682
403646099293301,PHELPS,40.6127772,-99.4935704,2008,2008-04-08,19.47,25.517036426047536,-6.047036426047537,6.047036426047537
403651099281401,PHELPS,40.613021,-99.4747929,2003,2003-04-10,39.4,42.30600178481814,-2.9060017848181445,2.9060017848181445
403651099281401,PHELPS,40.613021,-99.4747929,2005,2005-04-13,40.9,44.8468431978689,-3.946843197868901,3.946843197868901
403651099281401,PHELPS,40.613021,-99.4747929,2006,2006-10-17,43.93,45.856866812653315,-1.9268668126533157,1.9268668126533157
403651099281401,PHELPS,40.613021,-99.4747929,2007,2007-04-10,40.8,43.19411464457068,-2.394114644570685,2.394114644570685
403651099281401,PHELPS,40.613021,-99.4747929,2007,2007-10-10,41.11,43.19411464457068,-2.0841146445706826,2.0841146445706826
403651099281401,PHELPS,40.613021,-99.4747929,2008,2008-04-08,38.61,42.22379300983786,-3.6137930098378632,3.6137930098378632
403915099190801,PHELPS,40.6573434,-99.3214291,2003,2003-04-10,9.12,7.762683659161247,1.3573163408387519,1.3573163408387519
403915099190801,PHELPS,40.6573434,-99.3214291,2006,2006-10-17,10.78,10.005386604234316,0.7746133957656838,0.7746133957656838
403915099190801,PHELPS,40.6573434,-99.3214291,2007,2007-10-10,9.5,7.532108475633826,1.9678915243661743,1.9678915243661743
403928099371801,PHELPS,40.655954,-99.6202609,2003,2003-04-10,80.55,73.95535089015073,6.594649109849271,6.594649109849271
403928099371801,PHELPS,40.655954,-99.6202609,2004,2004-04-12,81.97,75.60199162631837,6.368008373681633,6.368008373681633
403928099371801,PHELPS,40.655954,-99.6202609,2005,2005-04-13,82.24,75.99929793837734,6.240702061622656,6.240702061622656
403928099371801,PHELPS,40.655954,-99.6202609,2006,2006-10-17,83.33,77.87658268111963,5.453417318880369,5.453417318880369
403928099371801,PHELPS,40.655954,-99.6202609,2007,2007-04-10,82.33,77.01810458929035,5.311895410709653,5.311895410709653
403928099371801,PHELPS,40.655954,-99.6202609,2007,2007-10-10,82.65,77.01810458929035,5.63189541070966,5.63189541070966
403928099371801,PHELPS,40.655954,-99.6202609,2008,2008-04-08,82.57,77.09321687871979,5.4767831212802065,5.4767831212802065
403946099383201,PHELPS,40.66301611111111,-99.64228555555556,2007,2007-10-09,95.15,108.70347824599874,-13.553478245998733,13.553478245998733
404033099373001,PHELPS,40.67593911111111,-99.62515633333332,2005,2005-07-21,17.74,6.108644353198465,11.631355646801534,11.631355646801534
404040099383501,PHELPS,40.67796833333333,-99.64313333333334,2007,2007-10-09,10.97,12.078376869954308,-1.1083768699543075,1.1083768699543075
404102099373001,PHELPS,40.68405933333333,-99.62523716666666,2005,2005-07-21,11.76,10.785422910730599,0.9745770892694008,0.9745770892694008
402421099112000,PHELPS,40.40549166666666,-99.18921666666668,2011,2011-04-18,53.37,69.68048870788675,-16.310488707886755,16.310488707886755
403322099254102,PHELPS,40.554275,-99.4303056,2000,2000-04-25,15.17,13.467658077340758,1.702341922659242,1.702341922659242
403322099254102,PHELPS,40.554275,-99.4303056,2005,2005-04-13,12.72,16.715607083617957,-3.9956070836179567,3.9956070836179567
403322099254102,PHELPS,40.554275,-99.4303056,2006,2006-04-12,18.86,17.807728571484347,1.0522714285156525,1.0522714285156525
402532099235801,PHELPS,40.42582814,-99.40068743,2011,2011-04-19,114.09,87.54438290268324,26.545617097316764,26.545617097316764
403037099111401,PHELPS,40.5103457694444,-99.1873426,2011,2011-04-18,28.58,28.772374189075556,-0.19237418907555792,0.19237418907555792
402905099115301,PHELPS,40.4848551,-99.1983097,2011,2011-04-18,30.15,27.187020179772748,2.9629798202272504,2.9629798202272504
402924099235501,PHELPS,40.4901949,-99.398706,2011,2011-04-19,50.42,36.02335797831974,14.396642021680265,14.396642021680265
402821099282901,PHELPS,40.47215973,-99.47068872,2011,2011-04-20,91.88,95.75107715476642,-3.871077154766425,3.871077154766425
403322099201601,PHELPS,40.5547811,-99.3416484,2011,2011-04-19,5.74,8.124670917303941,-2.384670917303941,2.384670917303941
403138099235801,PHELPS,40.5255500233333,-99.399115,2011,2011-04-19,23.25,34.76218252669585,-11.512182526695852,11.512182526695852
403507099254101,PHELPS,40.58520714,-99.42844836,2011,2011-04-20,21.3,16.87253162739495,4.427468372605052,4.427468372605052
403322099304801,PHELPS,40.5542755075,-99.5122815,2011,2011-04-20,54.37,72.49131450622485,-18.121314506224856,18.121314506224856
403322099272302,PHELPS,40.5545803,-99.4609332,2011,2011-04-20,14.67,27.84102424287682,-13.17102424287682,13.17102424287682
403217099312001,PHELPS,40.5392815,-99.5207383,2011,2011-04-20,96.9,96.64814719658357,0.25185280341644045,0.25185280341644045
403558099371801,PHELPS,40.5994522,-99.622055,2011,2011-04-20,70.66,98.76568117382459,-28.105681173824593,28.105681173824593
403915099190801,PHELPS,40.6573434,-99.3214291,2011,2011-04-19,8.07,6.295578972462535,1.774421027537465,1.774421027537465
403646099293301,PHELPS,40.6127772,-99.4935704,2011,2011-04-20,17.59,21.958413806920955,-4.368413806920955,4.368413806920955
403651099281401,PHELPS,40.613021,-99.4747929,2011,2011-04-20,34.86,38.77404248508429,-3.9140424850842876,3.9140424850842876
403928099371801,PHELPS,40.655954,-99.6202609,2011,2011-04-20,81.33,76.47084462142912,4.859155378570875,4.859155378570875
402630099305500,PHELPS,40.44133611111111,-99.51204166666666,2011,2011-04-21,176.35,154.7211398356668,21.62886016433319,21.62886016433319
402906099342201,PHELPS,40.485083333333336,-99.57288888888888,2011,2011-04-21,149.48,81.95676639769903,67.52323360230096,67.52323360230096
403408099130501,PHELPS,40.56878722222223,-99.21816944444444,2011,2011-04-28,12.27,12.83160322100547,-0.5616032210054698,0.5616032210054698
403645099242701,PHELPS,40.61264497222222,-99.40752011111113,2011,2011-04-28,16.42,18.098188194414,-1.6781881944139982,1.6781881944139982
403315099351501,PHELPS,40.554270555555554,-99.58744083333332,2011,2011-04-27,67.99,70.5313153277677,-2.5413153277677054,2.5413153277677054
403903099214301,PHELPS,40.650864722222224,-99.3618686111111,2011,2011-04-28,6.29,6.558447204702104,-0.26844720470210426,0.26844720470210426
404033099373001,PHELPS,40.67593911111111,-99.62515633333332,2011,2011-04-21,8.25,3.0068143064534567,5.243185693546543,5.243185693546543
404040099383501,PHELPS,40.67796833333333,-99.64313333333334,2011,2011-04-21,10.21,10.064486734222017,0.14551326577798385,0.14551326577798385
404102099373001,PHELPS,40.68405933333333,-99.62523716666666,2011,2011-04-21,8.07,6.783571424420274,1.286428575579726,1.286428575579726
403946099383201,PHELPS,40.66301611111111,-99.64228555555556,2011,2011-04-21,93.79,106.36045906689577,-12.570459066895765,12.570459066895765
402340099353701,PHELPS,40.39445302,-99.59399869,2011,2011-05-09,24.62,91.22641543060172,-66.60641543060171,66.60641543060171
402524099201601,PHELPS,40.42334431,-99.33815365,2011,2011-05-09,112.01,91.51281805186576,20.49718194813424,20.49718194813424
402421099112000,PHELPS,40.40549166666666,-99.18921666666668,2011,2011-11-07,55.09,69.68048870788675,-14.590488707886749,14.590488707886749
402630099305500,PHELPS,40.44133611111111,-99.51204166666666,2011,2011-11-04,177.46,154.7211398356668,22.738860164333204,22.738860164333204
402906099342201,PHELPS,40.485083333333336,-99.57288888888888,2011,2011-11-04,149.86,81.95676639769903,67.90323360230099,67.90323360230099
403408099130501,PHELPS,40.56878722222223,-99.21816944444444,2011,2011-10-25,12.41,12.83160322100547,-0.4216032210054692,0.4216032210054692
403645099242701,PHELPS,40.61264497222222,-99.40752011111113,2011,2011-10-25,16.66,18.098188194414,-1.4381881944139998,1.4381881944139998
403315099351501,PHELPS,40.554270555555554,-99.58744083333332,2011,2011-10-25,67.14,70.5313153277677,-3.3913153277676997,3.3913153277676997
403903099214301,PHELPS,40.650864722222224,-99.3618686111111,2011,2011-10-24,5.83,6.558447204702104,-0.7284472047021042,0.7284472047021042
404033099373001,PHELPS,40.67593911111111,-99.62515633333332,2011,2011-10-25,6.32,3.0068143064534567,3.3131856935465436,3.3131856935465436
404040099383501,PHELPS,40.67796833333333,-99.64313333333334,2011,2011-10-25,7.61,10.064486734222017,-2.4544867342220167,2.4544867342220167
404102099373001,PHELPS,40.68405933333333,-99.62523716666666,2011,2011-10-25,7.78,6.783571424420274,0.996428575579726,0.996428575579726
403946099383201,PHELPS,40.66301611111111,-99.64228555555556,2011,2011-10-25,91.95,106.36045906689577,-14.410459066895768,14.410459066895768
402421099112000,PHELPS,40.40549166666666,-99.18921666666668,2010,2010-04-19,56.39,69.7807795960247,-13.3907795960247,13.3907795960247
402421099112000,PHELPS,40.40549166666666,-99.18921666666668,2009,2009-10-26,57.92,72.38210105724956,-14.462101057249555,14.462101057249555
402532099235801,PHELPS,40.42582814,-99.40068743,2009,2009-10-15,118.93,90.48951139519767,28.44048860480234,28.44048860480234
402532099235801,PHELPS,40.42582814,-99.40068743,2010,2010-04-23,117.19,88.50037426281058,28.689625737189417,28.689625737189417
402630099305500,PHELPS,40.44133611111111,-99.51204166666666,2010,2010-04-19,180.23,156.02515629501733,24.204843704982665,24.204843704982665
402630099305500,PHELPS,40.44133611111111,-99.51204166666666,2009,2009-10-27,179.97,157.1443501677979,22.82564983220209,22.82564983220209
402905099115301,PHELPS,40.4848551,-99.1983097,2010,2010-04-22,30.68,27.985032460799097,2.6949675392009027,2.6949675392009027
402906099342201,PHELPS,40.485083333333336,-99.57288888888888,2010,2010-04-19,151.09,83.91614886055154,67.17385113944846,67.17385113944846
402906099342201,PHELPS,40.485083333333336,-99.57288888888888,2009,2009-10-27,153.1,86.26573202080233,66.83426797919766,66.83426797919766
402924099235501,PHELPS,40.4901949,-99.398706,2009,2009-10-15,52.47,38.28136938229716,14.188630617702842,14.188630617702842
402924099235501,PHELPS,40.4901949,-99.398706,2010,2010-04-23,52.53,36.607978113540064,15.922021886459937,15.922021886459937
403138099235801,PHELPS,40.5255500233333,-99.399115,2009,2009-10-15,30.11,36.69645401224401,-6.586454012244012,6.586454012244012
403138099235801,PHELPS,40.5255500233333,-99.399115,2010,2010-04-23,25.88,34.82848793983357,-8.948487939833573,8.948487939833573
403217099312001,PHELPS,40.5392815,-99.5207383,2009,2009-10-16,100.51,100.65844290543922,-0.1484429054392109,0.1484429054392109
403217099312001,PHELPS,40.5392815,-99.5207383,2010,2010-04-26,99.99,99.20188149559316,0.7881185044068388,0.7881185044068388
403315099351501,PHELPS,40.554270555555554,-99.58744083333332,2010,2010-04-16,70.39,72.6897193660482,-2.299719366048194,2.299719366048194
403315099351501,PHELPS,40.554270555555554,-99.58744083333332,2009,2009-10-28,71.12,74.37410573102657,-3.25410573102657,3.25410573102657
403322099201601,PHELPS,40.5547811,-99.3416484,2009,2009-10-15,5.49,9.996859585894795,-4.506859585894794,4.506859585894794
403322099304801,PHELPS,40.5542755075,-99.5122815,2009,2009-10-16,58.26,75.30087120933239,-17.040871209332387,17.040871209332387
403322099304801,PHELPS,40.5542755075,-99.5122815,2010,2010-04-26,56.82,74.91307398229625,-18.093073982296254,18.093073982296254
403408099130501,PHELPS,40.56878722222223,-99.21816944444444,2010,2010-04-21,12.49,12.98004889708745,-0.4900488970874495,0.4900488970874495
403408099130501,PHELPS,40.56878722222223,-99.21816944444444,2009,2009-10-16,13.71,15.203686838676106,-1.4936868386761049,1.4936868386761049
403507099254101,PHELPS,40.58520714,-99.42844836,2009,2009-10-15,23.56,19.962874168762742,3.597125831237257,3.597125831237257
403507099254101,PHELPS,40.58520714,-99.42844836,2010,2010-04-23,20.95,17.354429547368753,3.5955704526312466,3.5955704526312466
403645099242701,PHELPS,40.61264497222222,-99.40752011111113,2010,2010-04-14,17.99,18.566233843361697,-0.5762338433616989,0.5762338433616989
403645099242701,PHELPS,40.61264497222222,-99.40752011111113,2009,2009-10-16,19.92,21.22681964331217,-1.306819643312167,1.306819643312167
403646099293301,PHELPS,40.6127772,-99.4935704,2009,2009-10-15,18.24,25.511387078696988,-7.271387078696989,7.271387078696989
403646099293301,PHELPS,40.6127772,-99.4935704,2010,2010-04-23,15.9,23.34350351909278,-7.443503519092781,7.443503519092781
403651099281401,PHELPS,40.613021,-99.4747929,2009,2009-10-15,40.3,42.274252770677556,-1.974252770677559,1.974252770677559
403651099281401,PHELPS,40.613021,-99.4747929,2010,2010-04-23,37.32,39.720245725993365,-2.400245725993365,2.400245725993365
403903099214301,PHELPS,40.650864722222224,-99.3618686111111,2010,2010-04-14,6.39,6.519095098090533,-0.12909509809053343,0.12909509809053343
403903099214301,PHELPS,40.650864722222224,-99.3618686111111,2009,2009-10-16,7.84,8.37501228084974,-0.53501228084974,0.53501228084974
403915099190801,PHELPS,40.6573434,-99.3214291,2009,2009-10-15,9.0,7.4741586760311725,1.5258413239688275,1.5258413239688275
403915099190801,PHELPS,40.6573434,-99.3214291,2010,2010-04-23,7.71,6.345653840566371,1.3643461594336292,1.3643461594336292
403928099371801,PHELPS,40.655954,-99.6202609,2009,2009-10-15,82.97,78.15576836061723,4.814231639382768,4.814231639382768
403928099371801,PHELPS,40.655954,-99.6202609,2010,2010-04-23,81.55,76.68977880478921,4.860221195210784,4.860221195210784
403946099383201,PHELPS,40.66301611111111,-99.64228555555556,2010,2010-04-16,94.84,107.592831970715,-12.752831970714993,12.752831970714993
403946099383201,PHELPS,40.66301611111111,-99.64228555555556,2009,2009-11-03,95.06,109.33423364297651,-14.274233642976512,14.274233642976512
404033099373001,PHELPS,40.67593911111111,-99.62515633333332,2010,2010-04-16,8.29,3.485101797435742,4.804898202564257,4.804898202564257
404033099373001,PHELPS,40.67593911111111,-99.62515633333332,2009,2009-11-03,8.19,4.760796584746846,3.429203415253154,3.429203415253154
404040099383501,PHELPS,40.67796833333333,-99.64313333333334,2010,2010-04-16,10.16,10.459985903789175,-0.29998590378917456,0.29998590378917456
404040099383501,PHELPS,40.67796833333333,-99.64313333333334,2009,2009-11-03,9.68,12.231703965140593,-2.551703965140593,2.551703965140593
404102099373001,PHELPS,40.68405933333333,-99.62523716666666,2010,2010-04-16,8.85,7.506469672871252,1.3435303271287475,1.3435303271287475
404102099373001,PHELPS,40.68405933333333,-99.62523716666666,2009,2009-11-03,7.63,8.558788730424876,-0.9287887304248761,0.9287887304248761
402821099282901,PHELPS,40.47215973,-99.47068872,2009,2009-10-16,97.79,99.13488702543879,-1.34488702543878,1.34488702543878
403322099272302,PHELPS,40.5545803,-99.4609332,2009,2009-10-16,16.21,31.170598158109264,-14.960598158109264,14.960598158109264
402821099282901,PHELPS,40.47215973,-99.47068872,2010,2010-04-26,94.24,96.907630326656,-2.6676303266560097,2.6676303266560097
403322099272302,PHELPS,40.5545803,-99.4609332,2010,2010-04-26,13.78,28.818138501967354,-15.038138501967355,15.038138501967355
403558099371801,PHELPS,40.5994522,-99.622055,2010,2010-04-26,70.77,100.09023435780982,-29.320234357809824,29.320234357809824
402340099353701,PHELPS,40.39445302,-99.59399869,2010,2010-05-03,24.61,91.88993805276046,-67.27993805276046,67.27993805276046
402524099201601,PHELPS,40.42334431,-99.33815365,2010,2010-05-03,114.02,92.91306952478044,21.106930475219556,21.106930475219556
403322099201601,PHELPS,40.5547811,-99.3416484,2012,2012-04-18,2.69,8.80054238099084,-6.110542380990841,6.110542380990841
403903099214301,PHELPS,40.650864722222224,-99.3618686111111,2012,2012-05-14,5.46,6.72556290505265,-1.2655629050526498,1.2655629050526498
404033099373001,PHELPS,40.67593911111111,-99.62515633333332,2012,2012-05-14,7.2,4.501538562324946,2.6984614376750544,2.6984614376750544
404040099383501,PHELPS,40.67796833333333,-99.64313333333334,2012,2012-05-14,9.06,12.479760677015037,-3.419760677015036,3.419760677015036
404102099373001,PHELPS,40.68405933333333,-99.62523716666666,2012,2012-05-14,9.73,7.511285658658312,2.2187143413416885,2.2187143413416885
403408099130501,PHELPS,40.56878722222223,-99.21816944444444,2012,2012-05-15,12.03,13.249768705055804,-1.2197687050558041,1.2197687050558041
403645099242701,PHELPS,40.61264497222222,-99.40752011111113,2012,2012-05-14,17.41,19.104950198391666,-1.6949501983916662,1.6949501983916662
402421099112000,PHELPS,40.40549166666666,-99.18921666666668,2012,2012-04-23,53.4,68.97115940926317,-15.571159409263167,15.571159409263167
403315099351501,PHELPS,40.554270555555554,-99.58744083333332,2012,2012-05-15,66.68,71.04607169951245,-4.366071699512446,4.366071699512446
403946099383201,PHELPS,40.66301611111111,-99.64228555555556,2012,2012-05-14,92.27,107.70682807520996,-15.43682807520996,15.43682807520996
403322099272302,PHELPS,40.5545803,-99.4609332,2012,2012-04-18,10.5,29.887311209904077,-19.387311209904077,19.387311209904077
402906099342201,PHELPS,40.485083333333336,-99.57288888888888,2012,2012-04-24,147.63,80.94278528569508,66.68721471430491,66.68721471430491
402630099305500,PHELPS,40.44133611111111,-99.51204166666666,2012,2012-04-24,174.62,153.02541081334198,21.594589186658027,21.594589186658027
402340099353701,PHELPS,40.39445302,-99.59399869,2012,2012-03-28,24.35,90.39812519386017,-66.04812519386016,66.04812519386016
402524099201601,PHELPS,40.42334431,-99.33815365,2012,2012-03-28,110.51,91.83839286608574,18.671607133914264,18.671607133914264
403646099293301,PHELPS,40.6127772,-99.4935704,2012,2012-04-18,17.01,25.323740576842738,-8.313740576842736,8.313740576842736
403507099254101,PHELPS,40.58520714,-99.42844836,2012,2012-04-18,18.81,17.586612425241007,1.2233875747589913,1.2233875747589913
403138099235801,PHELPS,40.5255500233333,-99.399115,2012,2012-04-18,21.05,31.96996658286296,-10.919966582862958,10.919966582862958
403037099111401,PHELPS,40.5103457694444,-99.1873426,2012,2012-04-17,27.52,30.851415634786104,-3.3314156347861044,3.3314156347861044
402905099115301,PHELPS,40.4848551,-99.1983097,2012,2012-04-17,29.54,29.82350023202943,-0.2835002320294322,0.2835002320294322
403651099281401,PHELPS,40.613021,-99.4747929,2012,2012-04-18,35.68,41.60121076490144,-5.9212107649014385,5.9212107649014385
403037099111401,PHELPS,40.5103457694444,-99.1873426,2012,2012-10-15,32.0,30.851415634786104,1.148584365213896,1.148584365213896
402905099115301,PHELPS,40.4848551,-99.1983097,2012,2012-10-15,36.0,29.82350023202943,6.176499767970569,6.176499767970569
402924099235501,PHELPS,40.4901949,-99.398706,2012,2012-10-16,55.52,34.1191539109395,21.4008460890605,21.4008460890605
402821099282901,PHELPS,40.47215973,-99.47068872,2012,2012-10-17,94.39,93.09611910428602,1.2938808957139827,1.2938808957139827
403322099201601,PHELPS,40.5547811,-99.3416484,2012,2012-10-16,7.05,8.80054238099084,-1.750542380990841,1.750542380990841
403138099235801,PHELPS,40.5255500233333,-99.399115,2012,2012-10-16,31.44,31.96996658286296,-0.5299665828629578,0.5299665828629578
403507099254101,PHELPS,40.58520714,-99.42844836,2012,2012-10-16,23.82,17.586612425241007,6.233387574758993,6.233387574758993
403322099304801,PHELPS,40.5542755075,-99.5122815,2012,2012-10-17,57.8,73.50334891559264,-15.703348915592642,15.703348915592642
403322099272302,PHELPS,40.5545803,-99.4609332,2012,2012-10-17,20.01,29.887311209904077,-9.877311209904075,9.877311209904075
403217099312001,PHELPS,40.5392815,-99.5207383,2012,2012-10-17,100.76,97.00059943461605,3.759400565383956,3.759400565383956
403558099371801,PHELPS,40.5994522,-99.622055,2012,2012-10-17,72.6,99.35413108025267,-26.754131080252677,26.754131080252677
403915099190801,PHELPS,40.6573434,-99.3214291,2012,2012-10-16,10.5,6.578433812935786,3.9215661870642142,3.9215661870642142
403646099293301,PHELPS,40.6127772,-99.4935704,2012,2012-10-16,18.67,25.323740576842738,-6.653740576842736,6.653740576842736
403651099281401,PHELPS,40.613021,-99.4747929,2012,2012-10-16,43.65,41.60121076490144,2.0487892350985604,2.0487892350985604
403928099371801,PHELPS,40.655954,-99.6202609,2012,2012-10-16,84.44,76.46106804105784,7.978931958942155,7.978931958942155
402924099235501,PHELPS,40.4901949,-99.398706,2012,2012-04-18,48.31,34.1191539109395,14.1908460890605,14.1908460890605
403322099304801,PHELPS,40.5542755075,-99.5122815,2012,2012-04-18,52.42,73.50334891559264,-21.083348915592637,21.083348915592637
403558099371801,PHELPS,40.5994522,-99.622055,2012,2012-04-18,71.13,99.35413108025267,-28.224131080252675,28.224131080252675
403928099371801,PHELPS,40.655954,-99.6202609,2012,2012-04-18,80.25,76.46106804105784,3.7889319589421575,3.7889319589421575
402821099282901,PHELPS,40.47215973,-99.47068872,2012,2012-04-18,88.91,93.09611910428602,-4.186119104286021,4.186119104286021
403217099312001,PHELPS,40.5392815,-99.5207383,2012,2012-04-18,95.01,97.00059943461605,-1.990599434616044,1.990599434616044
402905099115301,PHELPS,40.4848551,-99.1983097,2013,2013-04-10,33.67,30.85400085987938,2.8159991401206206,2.8159991401206206
402924099235501,PHELPS,40.4901949,-99.398706,2013,2013-04-11,52.61,38.828871399047344,13.781128600952655,13.781128600952655
403037099111401,PHELPS,40.5103457694444,-99.1873426,2013,2013-04-10,31.33,31.54692765650468,-0.21692765650468004,0.21692765650468004
403138099235801,PHELPS,40.5255500233333,-99.399115,2013,2013-04-11,25.23,35.467028114710544,-10.237028114710544,10.237028114710544
403217099312001,PHELPS,40.5392815,-99.5207383,2013,2013-04-12,96.78,97.8074441172437,-1.0274441172437037,1.0274441172437037
403322099201601,PHELPS,40.5547811,-99.3416484,2013,2013-04-11,7.62,10.00052542832903,-2.3805254283290305,2.3805254283290305
403322099304801,PHELPS,40.5542755075,-99.5122815,2013,2013-04-12,54.61,73.21809141276184,-18.608091412761837,18.608091412761837
403507099254101,PHELPS,40.58520714,-99.42844836,2013,2013-04-12,24.86,20.09942707038288,4.760572929617119,4.760572929617119
403646099293301,PHELPS,40.6127772,-99.4935704,2013,2013-04-11,21.02,24.92799840924103,-3.9079984092410314,3.9079984092410314
403651099281401,PHELPS,40.613021,-99.4747929,2013,2013-04-11,38.8,42.23617365970601,-3.4361736597060144,3.4361736597060144
403915099190801,PHELPS,40.6573434,-99.3214291,2013,2013-04-11,9.73,7.8570608484766415,1.8729391515233589,1.8729391515233589
403928099371801,PHELPS,40.655954,-99.6202609,2013,2013-04-11,80.95,76.34831923194919,4.601680768050812,4.601680768050812
403322099272302,PHELPS,40.5545803,-99.4609332,2013,2013-04-12,17.07,31.437055104858775,-14.367055104858775,14.367055104858775
404033099373001,PHELPS,40.67593911111111,-99.62515633333332,2013,2013-04-30,7.96,5.027412624574596,2.9325873754254044,2.9325873754254044
404040099383501,PHELPS,40.67796833333333,-99.64313333333334,2013,2013-04-30,9.47,12.490210065333788,-3.020210065333787,3.020210065333787
404102099373001,PHELPS,40.68405933333333,-99.62523716666666,2013,2013-04-30,9.55,8.092880326591823,1.4571196734081777,1.4571196734081777
403946099383201,PHELPS,40.66301611111111,-99.64228555555556,2013,2013-04-30,93.49,108.14280174858632,-14.652801748586327,14.652801748586327
403408099130501,PHELPS,40.56878722222223,-99.21816944444444,2013,2013-05-02,15.16,15.424230607890243,-0.26423060789024255,0.26423060789024255
403645099242701,PHELPS,40.61264497222222,-99.40752011111113,2013,2013-05-10,20.13,21.15863261988223,-1.0286326198822309,1.0286326198822309
403315099351501,PHELPS,40.554270555555554,-99.58744083333332,2013,2013-05-10,68.8,72.25766684446737,-3.4576668444673686,3.4576668444673686
403903099214301,PHELPS,40.650864722222224,-99.3618686111111,2013,2013-05-10,8.16,8.35021414243762,-0.19021414243762003,0.19021414243762003
402421099112000,PHELPS,40.40549166666666,-99.18921666666668,2013,2013-05-13,56.66,71.13428719316954,-14.474287193169545,14.474287193169545
402630099305500,PHELPS,40.44133611111111,-99.51204166666666,2013,2013-05-14,176.04,154.58084236911606,21.459157630883936,21.459157630883936
402906099342201,PHELPS,40.485083333333336,-99.57288888888888,2013,2013-05-14,149.36,83.66205299296244,65.69794700703757,65.69794700703757
402340099353701,PHELPS,40.39445302,-99.59399869,2013,2013-04-16,24.7,91.85540423020345,-67.15540423020344,67.15540423020344
402524099201601,PHELPS,40.42334431,-99.33815365,2013,2013-04-16,113.48,92.92401589281032,20.555984107189687,20.555984107189687
402905099115301,PHELPS,40.4848551,-99.1983097,2015,2015-04-16,36.8,33.34815776667318,3.451842233326815,3.451842233326815
402924099235501,PHELPS,40.4901949,-99.398706,2015,2015-04-16,53.7,42.055753946340715,11.644246053659288,11.644246053659288
403037099111401,PHELPS,40.5103457694444,-99.1873426,2015,2015-04-16,35.2,34.03781099546091,1.1621890045390941,1.1621890045390941
403138099235801,PHELPS,40.5255500233333,-99.399115,2015,2015-04-16,29.38,39.66346586972252,-10.283465869722523,10.283465869722523
403217099312001,PHELPS,40.5392815,-99.5207383,2015,2015-04-20,103.35,102.83209098140892,0.5179090185910695,0.5179090185910695
403322099201601,PHELPS,40.5547811,-99.3416484,2015,2015-04-16,10.03,11.926824527255702,-1.8968245272557027,1.8968245272557027
403322099304801,PHELPS,40.5542755075,-99.5122815,2015,2015-04-20,60.63,77.16195894150397,-16.531958941503966,16.531958941503966
403646099293301,PHELPS,40.6127772,-99.4935704,2015,2015-04-20,21.05,27.919474139006095,-6.869474139006094,6.869474139006094
403651099281401,PHELPS,40.613021,-99.4747929,2015,2015-04-20,42.85,45.306582148039034,-2.4565821480390326,2.4565821480390326
403915099190801,PHELPS,40.6573434,-99.3214291,2015,2015-04-16,10.36,9.514433308467348,0.8455666915326514,0.8455666915326514
403928099371801,PHELPS,40.655954,-99.6202609,2015,2015-04-20,82.71,78.2130837839989,4.496916216001097,4.496916216001097
402905099115301,PHELPS,40.4848551,-99.1983097,2014,2014-04-07,36.25,33.03408732308533,3.2159126769146695,3.2159126769146695
402924099235501,PHELPS,40.4901949,-99.398706,2014,2014-04-08,53.47,40.60198973288821,12.868010267111792,12.868010267111792
403037099111401,PHELPS,40.5103457694444,-99.1873426,2014,2014-04-07,34.54,33.68423077050382,0.8557692294961825,0.8557692294961825
403138099235801,PHELPS,40.5255500233333,-99.399115,2014,2014-04-08,27.8,37.8417469681904,-10.041746968190399,10.041746968190399
403217099312001,PHELPS,40.5392815,-99.5207383,2014,2014-04-08,101.62,100.59478732114165,1.0252126788583524,1.0252126788583524
403322099201601,PHELPS,40.5547811,-99.3416484,2014,2014-04-08,8.4,11.016047852877241,-2.616047852877241,2.616047852877241
403322099304801,PHELPS,40.5542755075,-99.5122815,2014,2014-04-08,58.73,76.60157006227931,-17.87157006227931,17.87157006227931
403646099293301,PHELPS,40.6127772,-99.4935704,2014,2014-04-08,22.4,27.65734145634485,-5.25734145634485,5.25734145634485
403651099281401,PHELPS,40.613021,-99.4747929,2014,2014-04-08,42.28,44.37332827918864,-2.09332827918864,2.09332827918864
403915099190801,PHELPS,40.6573434,-99.3214291,2014,2014-04-08,10.0,8.948496876879638,1.0515031231203622,1.0515031231203622
403928099371801,PHELPS,40.655954,-99.6202609,2014,2014-04-08,83.42,78.40218095264453,5.017819047355474,5.017819047355474
403322099272302,PHELPS,40.5545803,-99.4609332,2014,2014-04-08,19.87,32.57073204511966,-12.700732045119661,12.700732045119661
402421099112000,PHELPS,40.40549166666666,-99.18921666666668,2014,2014-04-25,59.66,72.99898509390961,-13.338985093909614,13.338985093909614
403315099351501,PHELPS,40.554270555555554,-99.58744083333332,2014,2014-04-24,71.32,74.0608085114234,-2.7408085114234098,2.7408085114234098
403946099383201,PHELPS,40.66301611111111,-99.64228555555556,2014,2014-05-01,95.53,109.27488187490088,-13.744881874900884,13.744881874900884
402906099342201,PHELPS,40.485083333333336,-99.57288888888888,2014,2014-05-02,150.75,86.11484558224447,64.63515441775553,64.63515441775553
402630099305500,PHELPS,40.44133611111111,-99.51204166666666,2014,2014-05-02,177.92,156.61652871407307,21.303471285926918,21.303471285926918
404033099373001,PHELPS,40.67593911111111,-99.62515633333332,2014,2014-05-01,8.8,5.506759050562415,3.2932409494375854,3.2932409494375854
403903099214301,PHELPS,40.650864722222224,-99.3618686111111,2014,2014-04-24,8.94,9.703380845392537,-0.7633808453925379,0.7633808453925379
404102099373001,PHELPS,40.68405933333333,-99.62523716666666,2014,2014-05-01,9.52,8.81622724686207,0.7037727531379296,0.7037727531379296
404040099383501,PHELPS,40.67796833333333,-99.64313333333334,2014,2014-05-01,10.47,12.792918670897993,-2.3229186708979928,2.3229186708979928
403408099130501,PHELPS,40.56878722222223,-99.21816944444444,2014,2014-04-24,16.69,16.83336547836316,-0.14336547836315816,0.14336547836315816
403645099242701,PHELPS,40.61264497222222,-99.40752011111113,2014,2014-04-24,22.85,23.29502052410332,-0.44502052410332027,0.44502052410332027
402421099112000,PHELPS,40.40549166666666,-99.18921666666668,2015,2015-04-06,59.27,74.9531977686053,-15.683197768605304,15.683197768605304
402630099305500,PHELPS,40.44133611111111,-99.51204166666666,2015,2015-04-07,177.68,156.75562165202155,20.92437834797846,20.92437834797846
402906099342201,PHELPS,40.485083333333336,-99.57288888888888,2015,2015-04-07,151.61,88.22453110333967,63.38546889666034,63.38546889666034
403408099130501,PHELPS,40.56878722222223,-99.21816944444444,2015,2015-04-08,17.01,18.673276587547615,-1.6632765875476139,1.6632765875476139
403645099242701,PHELPS,40.61264497222222,-99.40752011111113,2015,2015-04-10,23.88,24.866401878277383,-0.986401878277384,0.986401878277384
403315099351501,PHELPS,40.554270555555554,-99.58744083333332,2015,2015-04-13,72.93,76.16506251655592,-3.2350625165559137,3.2350625165559137
403903099214301,PHELPS,40.650864722222224,-99.3618686111111,2015,2015-04-08,9.48,9.833155316773349,-0.3531553167733481,0.3531553167733481
404033099373001,PHELPS,40.67593911111111,-99.62515633333332,2015,2015-04-06,8.06,4.176773275189335,3.8832267248106653,3.8832267248106653
404040099383501,PHELPS,40.67796833333333,-99.64313333333334,2015,2015-04-06,9.64,11.397597974669383,-1.7575979746693822,1.7575979746693822
404102099373001,PHELPS,40.68405933333333,-99.62523716666666,2015,2015-04-06,8.87,7.605089464985017,1.264910535014982,1.264910535014982
403946099383201,PHELPS,40.66301611111111,-99.64228555555556,2015,2015-04-06,94.93,108.87385879296197,-13.943858792961962,13.943858792961962
402340099353701,PHELPS,40.39445302,-99.59399869,2015,2015-04-07,24.81,93.57121964785206,-68.76121964785206,68.76121964785206
402524099201601,PHELPS,40.42334431,-99.33815365,2015,2015-04-07,121.51,96.76802593241884,24.741974067581168,24.741974067581168
403408099130501,PHELPS,40.56878722222223,-99.21816944444444,2016,2016-05-09,19.59,19.095811960281235,0.49418803971876457,0.49418803971876457
403645099242701,PHELPS,40.61264497222222,-99.40752011111113,2016,2016-05-09,25.53,25.16792054658875,0.36207945341125125,0.36207945341125125
403915099190801,PHELPS,40.6573434,-99.3214291,2016,2016-04-21,9.58,9.709904647416467,-0.1299046474164669,0.1299046474164669
403322099201601,PHELPS,40.5547811,-99.3416484,2016,2016-04-21,10.25,11.932758623505652,-1.6827586235056522,1.6827586235056522
403646099293301,PHELPS,40.6127772,-99.4935704,2016,2016-04-21,20.07,28.222248119718763,-8.152248119718763,8.152248119718763
403138099235801,PHELPS,40.5255500233333,-99.399115,2016,2016-04-21,28.82,39.89056777445067,-11.070567774450673,11.070567774450673
403037099111401,PHELPS,40.5103457694444,-99.1873426,2016,2016-04-14,35.97,35.14457875111247,0.8254212488875297,0.8254212488875297
402905099115301,PHELPS,40.4848551,-99.1983097,2016,2016-04-14,37.68,34.50826819599727,3.1717318040027322,3.1717318040027322
403651099281401,PHELPS,40.613021,-99.4747929,2016,2016-04-21,41.21,45.78056974572808,-4.570569745728079,4.570569745728079
402924099235501,PHELPS,40.4901949,-99.398706,2016,2016-04-21,53.82,42.125005499875165,11.694994500124835,11.694994500124835
403322099304801,PHELPS,40.5542755075,-99.5122815,2016,2016-04-21,61.41,77.89019995607565,-16.48019995607565,16.48019995607565
403928099371801,PHELPS,40.655954,-99.6202609,2016,2016-04-21,82.33,78.95907217617759,3.370927823822413,3.370927823822413
404102099373001,PHELPS,40.68405933333333,-99.62523716666666,2015,2015-10-08,8.13,7.605089464985017,0.5249105350149836,0.5249105350149836
404033099373001,PHELPS,40.67593911111111,-99.62515633333332,2015,2015-10-08,8.27,4.176773275189335,4.093226724810664,4.093226724810664
404040099383501,PHELPS,40.67796833333333,-99.64313333333334,2015,2015-10-08,9.51,11.397597974669383,-1.887597974669383,1.887597974669383
403903099214301,PHELPS,40.650864722222224,-99.3618686111111,2015,2015-10-08,10.94,9.833155316773349,1.106844683226651,1.106844683226651
402340099353701,PHELPS,40.39445302,-99.59399869,2016,2016-04-11,24.7,93.91018878863841,-69.2101887886384,69.2101887886384
402524099201601,PHELPS,40.42334431,-99.33815365,2016,2016-04-11,117.9,97.40473945398963,20.49526054601037,20.49526054601037
403217099312001,PHELPS,40.5392815,-99.5207383,2016,2016-04-21,104.2,103.04627567220349,1.1537243277965104,1.1537243277965104
404033099373001,PHELPS,40.67593911111111,-99.62515633333332,2016,2016-05-10,7.04,4.795341389365716,2.244658610634284,2.244658610634284
403903099214301,PHELPS,40.650864722222224,-99.3618686111111,2016,2016-05-09,9.39,10.010834688356153,-0.6208346883561529,0.6208346883561529
404040099383501,PHELPS,40.67796833333333,-99.64313333333334,2016,2016-05-10,10.02,11.790926501014637,-1.7709265010146371,1.7709265010146371
404102099373001,PHELPS,40.68405933333333,-99.62523716666666,2016,2016-05-10,10.17,8.21152447000034,1.9584755299996601,1.9584755299996601
403315099351501,PHELPS,40.554270555555554,-99.58744083333332,2016,2016-05-09,76.55,77.14831010268792,-0.5983101026879183,0.5983101026879183
403946099383201,PHELPS,40.66301611111111,-99.64228555555556,2016,2016-05-10,97.18,109.18214624932736,-12.002146249327353,12.002146249327353
403408099130501,PHELPS,40.56878722222223,-99.21816944444444,2015,2015-10-14,19.08,18.673276587547615,0.40672341245238286,0.40672341245238286
403645099242701,PHELPS,40.61264497222222,-99.40752011111113,2015,2015-10-08,26.11,24.866401878277383,1.2435981217226164,1.2435981217226164
402421099112000,PHELPS,40.40549166666666,-99.18921666666668,2015,2015-10-05,63.68,74.9531977686053,-11.273197768605307,11.273197768605307
403315099351501,PHELPS,40.554270555555554,-99.58744083333332,2015,2015-10-08,75.04,76.16506251655592,-1.1250625165559143,1.1250625165559143
403946099383201,PHELPS,40.66301611111111,-99.64228555555556,2015,2015-10-08,95.76,108.87385879296197,-13.113858792961963,13.113858792961963
402906099342201,PHELPS,40.485083333333336,-99.57288888888888,2015,2015-10-06,154.79,88.22453110333967,66.56546889666032,66.56546889666032
402630099305500,PHELPS,40.44133611111111,-99.51204166666666,2015,2015-10-05,180.42,156.75562165202155,23.66437834797844,23.66437834797844
403322099272302,PHELPS,40.5545803,-99.4609332,2016,2016-04-21,19.56,33.82071862048079,-14.260718620480791,14.260718620480791
402906099342201,PHELPS,40.485083333333336,-99.57288888888888,2016,2016-05-19,152.3,88.59722942409489,63.70277057590512,63.70277057590512
402630099305500,PHELPS,40.44133611111111,-99.51204166666666,2016,2016-05-17,177.79,157.49273242920833,20.29726757079166,20.29726757079166
402421099112000,PHELPS,40.40549166666666,-99.18921666666668,2016,2016-05-17,61.13,75.32835615181608,-14.198356151816078,14.198356151816078
402630099305500,PHELPS,40.44133611111111,-99.51204166666666,2017,2017-04-03,178.74,157.934675846497,20.805324153503022,20.805324153503022
404040099383501,PHELPS,40.67796833333333,-99.64313333333334,2017,2017-04-04,12.2,12.415207057046446,-0.21520705704644705,0.21520705704644705
403946099383201,PHELPS,40.66301611111111,-99.64228555555556,2017,2017-04-04,98.06,109.53184369711819,-11.471843697118189,11.471843697118189
404033099373001,PHELPS,40.67593911111111,-99.62515633333332,2017,2017-04-04,9.65,5.296830569885936,4.353169430114065,4.353169430114065
404102099373001,PHELPS,40.68405933333333,-99.62523716666666,2017,2017-04-04,10.31,8.971577056084445,1.338422943915555,1.338422943915555
403408099130501,PHELPS,40.56878722222223,-99.21816944444444,2017,2017-04-06,20.61,19.830695337282965,0.7793046627170348,0.7793046627170348
402421099112000,PHELPS,40.40549166666666,-99.18921666666668,2017,2017-04-06,62.46,75.69443187814247,-13.234431878142466,13.234431878142466
402906099342201,PHELPS,40.485083333333336,-99.57288888888888,2017,2017-04-11,153.65,88.74885478112323,64.90114521887678,64.90114521887678
403645099242701,PHELPS,40.61264497222222,-99.40752011111113,2017,2017-04-12,25.27,25.480904879813522,-0.21090487981352268,0.21090487981352268
403903099214301,PHELPS,40.650864722222224,-99.3618686111111,2017,2017-04-12,12.37,11.266636503815269,1.1033634961847305,1.1033634961847305
403315099351501,PHELPS,40.554270555555554,-99.58744083333332,2017,2017-04-17,76.49,76.5994320180053,-0.10943201800530744,0.10943201800530744
402905099115301,PHELPS,40.4848551,-99.1983097,2017,2017-04-07,38.21,34.80308055296996,3.4069194470300417,3.4069194470300417
402924099235501,PHELPS,40.4901949,-99.398706,2017,2017-04-11,55.56,41.80016851010457,13.759831489895433,13.759831489895433
403037099111401,PHELPS,40.5103457694444,-99.1873426,2017,2017-04-07,36.11,35.094869922756764,1.015130077243235,1.015130077243235
403138099235801,PHELPS,40.5255500233333,-99.399115,2017,2017-04-11,29.19,39.262133610792944,-10.072133610792942,10.072133610792942
403217099312001,PHELPS,40.5392815,-99.5207383,2017,2017-04-12,109.52,102.69388299745863,6.826117002541366,6.826117002541366
403322099201601,PHELPS,40.5547811,-99.3416484,2017,2017-04-11,10.04,12.818680878332211,-2.778680878332212,2.778680878332212
403322099304801,PHELPS,40.5542755075,-99.5122815,2017,2017-04-12,61.29,77.44662219674125,-16.156622196741246,16.156622196741246
403646099293301,PHELPS,40.6127772,-99.4935704,2017,2017-04-12,21.4,28.504416889855804,-7.1044168898558056,7.1044168898558056
403651099281401,PHELPS,40.613021,-99.4747929,2017,2017-04-12,40.6,45.91743933947555,-5.317439339475548,5.317439339475548
403915099190801,PHELPS,40.6573434,-99.3214291,2017,2017-04-11,11.38,11.180932746869917,0.19906725313008344,0.19906725313008344
403322099272302,PHELPS,40.5545803,-99.4609332,2017,2017-04-12,21.12,33.64636373729491,-12.526363737294911,12.526363737294911
402340099353701,PHELPS,40.39445302,-99.59399869,2017,2017-04-20,24.79,95.05894282105058,-70.26894282105059,70.26894282105059
402524099201601,PHELPS,40.42334431,-99.33815365,2017,2017-04-21,119.08,98.41264590650862,20.667354093491383,20.667354093491383
403037099111401,PHELPS,40.5103457694444,-99.1873426,2018,2018-04-23,35.91,35.37179901020719,0.5382009897928057,0.5382009897928057
402905099115301,PHELPS,40.4848551,-99.1983097,2018,2018-04-23,37.58,34.75449632658817,2.8255036734118306,2.8255036734118306
402924099235501,PHELPS,40.4901949,-99.398706,2018,2018-04-24,56.18,41.950687970962974,14.229312029037025,14.229312029037025
402821099282901,PHELPS,40.47215973,-99.47068872,2018,2018-04-17,96.65,99.28790338500886,-2.6379033850088547,2.6379033850088547
403322099201601,PHELPS,40.5547811,-99.3416484,2018,2018-04-24,12.2,14.304199190390367,-2.104199190390368,2.104199190390368
403138099235801,PHELPS,40.5255500233333,-99.399115,2018,2018-04-24,29.39,39.911151295755616,-10.521151295755615,10.521151295755615
403322099304801,PHELPS,40.5542755075,-99.5122815,2018,2018-04-17,61.24,77.36592946238376,-16.12592946238376,16.12592946238376
403322099272302,PHELPS,40.5545803,-99.4609332,2018,2018-04-17,20.81,33.98614432815054,-13.176144328150539,13.176144328150539
403217099312001,PHELPS,40.5392815,-99.5207383,2018,2018-04-17,103.41,102.2677896302381,1.142210369761898,1.142210369761898
403558099371801,PHELPS,40.5994522,-99.622055,2018,2018-04-17,70.63,103.33785668136761,-32.707856681367616,32.707856681367616
403915099190801,PHELPS,40.6573434,-99.3214291,2018,2018-04-24,10.4,10.360470915240967,0.039529084759033495,0.039529084759033495
403646099293301,PHELPS,40.6127772,-99.4935704,2018,2018-04-17,21.73,28.780887358960985,-7.050887358960985,7.050887358960985
403651099281401,PHELPS,40.613021,-99.4747929,2018,2018-04-17,41.14,45.73946099906063,-4.599460999060632,4.599460999060632
403928099371801,PHELPS,40.655954,-99.6202609,2018,2018-04-17,82.58,79.06507517612407,3.51492482387593,3.51492482387593
402340099353701,PHELPS,40.39445302,-99.59399869,2018,2018-04-24,24.75,94.68921125747958,-69.93921125747958,69.93921125747958
402524099201601,PHELPS,40.42334431,-99.33815365,2018,2018-04-24,118.11,96.87587612480225,21.234123875197753,21.234123875197753
402421099112000,PHELPS,40.40549166666666,-99.18921666666668,2018,2018-04-05,61.61,75.54982875470311,-13.939828754703115,13.939828754703115
402630099305500,PHELPS,40.44133611111111,-99.51204166666666,2018,2018-04-11,178.68,157.892426687922,20.787573312077996,20.787573312077996
402906099342201,PHELPS,40.485083333333336,-99.57288888888888,2018,2018-04-11,152.69,88.32174470245461,64.36825529754539,64.36825529754539
403408099130501,PHELPS,40.56878722222223,-99.21816944444444,2018,2018-04-11,20.26,19.68110683467241,0.5788931653275924,0.5788931653275924
403645099242701,PHELPS,40.61264497222222,-99.40752011111113,2018,2018-04-12,25.91,25.01088545477873,0.8991145452212699,0.8991145452212699
403315099351501,PHELPS,40.554270555555554,-99.58744083333332,2018,2018-04-12,76.7,76.26079196464084,0.4392080353591581,0.4392080353591581
403903099214301,PHELPS,40.650864722222224,-99.3618686111111,2018,2018-04-11,12.45,10.907357208287824,1.5426427917121757,1.5426427917121757
404040099383501,PHELPS,40.67796833333333,-99.64313333333334,2018,2018-04-16,12.87,11.893594638908953,0.9764053610910466,0.9764053610910466
404033099373001,PHELPS,40.67593911111111,-99.62515633333332,2018,2018-04-16,10.17,4.820712488566998,5.349287511433002,5.349287511433002
404102099373001,PHELPS,40.68405933333333,-99.62523716666666,2018,2018-04-16,10.44,8.712142472352083,1.7278575276479167,1.7278575276479167
403946099383201,PHELPS,40.66301611111111,-99.64228555555556,2018,2018-04-16,98.54,109.03030400011139,-10.49030400011138,10.49030400011138
402340099353701,PHELPS,40.39445302,-99.59399869,2019,2019-04-17,24.11,93.98827033701284,-69.87827033701284,69.87827033701284
402524099201601,PHELPS,40.42334431,-99.33815365,2019,2019-04-17,124.9,95.61719243242572,29.28280756757428,29.28280756757428
402905099115301,PHELPS,40.4848551,-99.1983097,2019,2019-04-03,35.14,32.14599626988795,2.9940037301120483,2.9940037301120483
402924099235501,PHELPS,40.4901949,-99.398706,2019,2019-04-03,55.86,38.2780981756033,17.581901824396702,17.581901824396702
403037099111401,PHELPS,40.5103457694444,-99.1873426,2019,2019-04-03,33.12,33.03598778538146,0.08401221461853936,0.08401221461853936
403138099235801,PHELPS,40.5255500233333,-99.399115,2019,2019-04-03,27.95,36.557073602756496,-8.607073602756497,8.607073602756497
403217099312001,PHELPS,40.5392815,-99.5207383,2019,2019-04-03,104.2,100.97256975333937,3.2274302466606315,3.2274302466606315
403322099201601,PHELPS,40.5547811,-99.3416484,2019,2019-04-03,1.72,11.69906573182006,-9.979065731820059,9.979065731820059
403322099272302,PHELPS,40.5545803,-99.4609332,2019,2019-04-03,16.68,31.27451902553293,-14.594519025532929,14.594519025532929
403322099304801,PHELPS,40.5542755075,-99.5122815,2019,2019-04-03,60.29,76.36309440415236,-16.073094404152364,16.073094404152364
403646099293301,PHELPS,40.6127772,-99.4935704,2019,2019-04-03,16.4,26.219365748872764,-9.819365748872766,9.819365748872766
403651099281401,PHELPS,40.613021,-99.4747929,2019,2019-04-03,38.43,43.1647477227006,-4.734747722700597,4.734747722700597
403915099190801,PHELPS,40.6573434,-99.3214291,2019,2019-04-03,8.1,8.85795813433048,-0.7579581343304795,0.7579581343304795
403928099371801,PHELPS,40.655954,-99.6202609,2019,2019-04-03,82.08,75.98276218023123,6.097237819768765,6.097237819768765
402421099112000,PHELPS,40.40549166666666,-99.18921666666668,2019,2019-04-02,61.24,75.58526190457094,-14.34526190457094,14.34526190457094
402906099342201,PHELPS,40.485083333333336,-99.57288888888888,2019,2019-04-01,150.65,85.78161536226209,64.86838463773792,64.86838463773792
403408099130501,PHELPS,40.56878722222223,-99.21816944444444,2019,2019-04-05,18.67,17.958927003317186,0.711072996682816,0.711072996682816
403645099242701,PHELPS,40.61264497222222,-99.40752011111113,2019,2019-04-02,23.68,22.003177510499466,1.676822489500534,1.676822489500534
403315099351501,PHELPS,40.554270555555554,-99.58744083333332,2019,2019-04-24,75.05,74.51136013859175,0.5386398614082424,0.5386398614082424
403903099214301,PHELPS,40.650864722222224,-99.3618686111111,2019,2019-04-14,9.87,9.334142438122008,0.5358575618779913,0.5358575618779913
404033099373001,PHELPS,40.67593911111111,-99.62515633333332,2019,2019-04-02,9.2,3.5631824733538484,5.636817526646151,5.636817526646151
404040099383501,PHELPS,40.67796833333333,-99.64313333333334,2019,2019-04-02,11.92,11.142420071213783,0.7775799287862171,0.7775799287862171
404102099373001,PHELPS,40.68405933333333,-99.62523716666666,2019,2019-04-02,10.67,7.883143401082879,2.7868565989171206,2.7868565989171206
403946099383201,PHELPS,40.66301611111111,-99.64228555555556,2019,2019-04-02,97.82,106.46339885453193,-8.643398854531938,8.643398854531938
403322099254102,PHELPS,40.554275,-99.4303056,2008,2008-04-08,16.84,17.88218141800582,-1.0421814180058213,1.0421814180058213
403322099254102,PHELPS,40.554275,-99.4303056,2008,2008-10-10,16.08,17.88218141800582,-1.8021814180058229,1.8021814180058229
403322099254102,PHELPS,40.554275,-99.4303056,2009,2009-04-16,15.72,15.596335633854444,0.12366436614555631,0.12366436614555631
403322099254102,PHELPS,40.554275,-99.4303056,2009,2009-10-15,15.54,15.596335633854444,-0.05633563385444518,0.05633563385444518
403322099254102,PHELPS,40.554275,-99.4303056,2010,2010-04-23,14.18,14.537300166560323,-0.35730016656032326,0.35730016656032326
403322099254102,PHELPS,40.554275,-99.4303056,2010,2010-10-13,13.07,14.537300166560323,-1.4673001665603227,1.4673001665603227
403322099254102,PHELPS,40.554275,-99.4303056,2011,2011-04-20,15.02,13.87601146011829,1.1439885398817093,1.1439885398817093
403322099254102,PHELPS,40.554275,-99.4303056,2011,2011-10-11,10.15,13.87601146011829,-3.72601146011829,3.72601146011829
403138099235801,PHELPS,40.5255500233333,-99.399115,2020,2020-04-13,23.8,33.38834474427632,-9.588344744276316,9.588344744276316
403322099201601,PHELPS,40.5547811,-99.3416484,2020,2020-04-13,2.85,8.410207483421416,-5.560207483421417,5.560207483421417
403915099190801,PHELPS,40.6573434,-99.3214291,2020,2020-04-13,7.6,7.481665246311098,0.11833475368890145,0.11833475368890145
403217099312001,PHELPS,40.5392815,-99.5207383,2020,2020-04-14,98.2,97.74352180062378,0.456478199376221,0.456478199376221
403322099304801,PHELPS,40.5542755075,-99.5122815,2020,2020-04-14,55.59,74.17809493943585,-18.588094939435848,18.588094939435848
403646099293301,PHELPS,40.6127772,-99.4935704,2020,2020-04-14,17.4,25.16258611474327,-7.7625861147432715,7.7625861147432715
403928099371801,PHELPS,40.655954,-99.6202609,2020,2020-04-14,81.18,75.92889003276255,5.251109967237454,5.251109967237454
402421099112000,PHELPS,40.40549166666666,-99.18921666666668,2020,2020-04-15,57.35,71.28600284739257,-13.936002847392565,13.936002847392565
402630099305500,PHELPS,40.44133611111111,-99.51204166666666,2020,2020-04-15,174.8,154.53688131408342,20.263118685916595,20.263118685916595
402906099342201,PHELPS,40.485083333333336,-99.57288888888888,2020,2020-04-15,148.1,83.33945501245168,64.76054498754831,64.76054498754831
403315099351501,PHELPS,40.554270555555554,-99.58744083333332,2020,2020-05-15,71.15,72.36838878293392,-1.2183887829339142,1.2183887829339142
403408099130501,PHELPS,40.56878722222223,-99.21816944444444,2020,2020-04-27,14.49,13.88085846641298,0.609141533587021,0.609141533587021
403645099242701,PHELPS,40.61264497222222,-99.40752011111113,2020,2020-05-05,19.23,20.573305244775597,-1.3433052447755962,1.3433052447755962
403903099214301,PHELPS,40.650864722222224,-99.3618686111111,2020,2020-04-28,7.96,8.208673793960017,-0.248673793960017,0.248673793960017
403946099383201,PHELPS,40.66301611111111,-99.64228555555556,2020,2020-05-01,96.57,107.70065629411424,-11.130656294114246,11.130656294114246
404033099373001,PHELPS,40.67593911111111,-99.62515633333332,2020,2020-05-01,9.38,4.919954663469386,4.460045336530615,4.460045336530615
404040099383501,PHELPS,40.67796833333333,-99.64313333333334,2020,2020-05-01,11.98,12.438726407034208,-0.45872640703420764,0.45872640703420764
404102099373001,PHELPS,40.68405933333333,-99.62523716666666,2020,2020-05-01,10.55,8.63776658111087,1.9122334188891301,1.9122334188891301
403322099201601,PHELPS,40.5547811,-99.3416484,2021,2021-04-22,4.18,8.641254578754692,-4.4612545787546924,4.4612545787546924
403915099190801,PHELPS,40.6573434,-99.3214291,2021,2021-04-22,8.2,6.588132918919929,1.61186708108007,1.61186708108007
403646099293301,PHELPS,40.6127772,-99.4935704,2021,2021-04-22,16.75,23.979841061729644,-7.229841061729644,7.229841061729644
403138099235801,PHELPS,40.5255500233333,-99.399115,2021,2021-04-22,27.0,35.028026043790625,-8.028026043790625,8.028026043790625
403037099111401,PHELPS,40.5103457694444,-99.1873426,2021,2021-04-22,32.72,30.706448277153303,2.013551722846696,2.013551722846696
402905099115301,PHELPS,40.4848551,-99.1983097,2021,2021-04-22,34.3,29.439944332026407,4.86005566797359,4.86005566797359
403651099281401,PHELPS,40.613021,-99.4747929,2021,2021-04-22,38.0,39.67382216797172,-1.6738221679717213,1.6738221679717213
402924099235501,PHELPS,40.4901949,-99.398706,2021,2021-04-22,51.85,35.70824598845984,16.141754011540158,16.141754011540158
403322099304801,PHELPS,40.5542755075,-99.5122815,2021,2021-04-22,56.04,73.26124324007246,-17.22124324007246,17.22124324007246
403928099371801,PHELPS,40.655954,-99.6202609,2021,2021-04-22,83.21,75.93088911317889,7.279110886821101,7.279110886821101
403217099312001,PHELPS,40.5392815,-99.5207383,2021,2021-04-22,97.4,97.27494675967559,0.12505324032441933,0.12505324032441933
404040099383501,PHELPS,40.67796833333333,-99.64313333333334,2021,2021-04-01,7.86,11.192797793022562,-3.3327977930225616,3.3327977930225616
403946099383201,PHELPS,40.66301611111111,-99.64228555555556,2021,2021-04-01,90.75,106.64219965394577,-15.892199653945767,15.892199653945767
404033099373001,PHELPS,40.67593911111111,-99.62515633333332,2021,2021-04-01,6.73,4.1357139229643565,2.594286077035644,2.594286077035644
404102099373001,PHELPS,40.68405933333333,-99.62523716666666,2021,2021-04-01,7.01,7.236443173559067,-0.2264431735590673,0.2264431735590673
403645099242701,PHELPS,40.61264497222222,-99.40752011111113,2021,2021-04-15,17.96,19.699734644543096,-1.7397346445430948,1.7397346445430948
403903099214301,PHELPS,40.650864722222224,-99.3618686111111,2021,2021-04-05,3.74,6.575048489403046,-2.8350484894030457,2.8350484894030457
403408099130501,PHELPS,40.56878722222223,-99.21816944444444,2021,2021-04-06,11.22,14.997931096520555,-3.777931096520554,3.777931096520554
403315099351501,PHELPS,40.554270555555554,-99.58744083333332,2021,2021-04-05,66.33,70.15662691793099,-3.8266269179309944,3.8266269179309944
402906099342201,PHELPS,40.485083333333336,-99.57288888888888,2021,2021-04-08,146.18,82.16391055190599,64.01608944809402,64.01608944809402
402630099305500,PHELPS,40.44133611111111,-99.51204166666666,2021,2021-04-08,174.26,151.9568454967615,22.30315450323849,22.30315450323849
402421099112000,PHELPS,40.40549166666666,-99.18921666666668,2021,2021-04-08,58.4,71.57466665701615,-13.174666657016154,13.174666657016154
403408099130501,PHELPS,40.56878722222223,-99.21816944444444,2022,2022-04-05,10.82,14.40818194295377,-3.588181942953769,3.588181942953769
402630099305500,PHELPS,40.44133611111111,-99.51204166666666,2022,2022-04-11,170.73,152.92968644419722,17.800313555802774,17.800313555802774
402906099342201,PHELPS,40.485083333333336,-99.57288888888888,2022,2022-04-11,143.44,81.19372936396337,62.24627063603663,62.24627063603663
403903099214301,PHELPS,40.650864722222224,-99.3618686111111,2022,2022-04-12,4.6,8.20396862219613,-3.603968622196131,3.603968622196131
403315099351501,PHELPS,40.554270555555554,-99.58744083333332,2022,2022-04-26,68.84,71.43566481914942,-2.5956648191494196,2.5956648191494196
403645099242701,PHELPS,40.61264497222222,-99.40752011111113,2022,2022-04-26,16.56,21.084604150104127,-4.524604150104128,4.524604150104128
403946099383201,PHELPS,40.66301611111111,-99.64228555555556,2022,2022-04-28,93.09,107.0855787416473,-13.995578741647293,13.995578741647293
404033099373001,PHELPS,40.67593911111111,-99.62515633333332,2022,2022-04-28,7.19,4.976801295235795,2.2131987047642054,2.2131987047642054
404040099383501,PHELPS,40.67796833333333,-99.64313333333334,2022,2022-04-28,7.29,12.789143045714775,-5.499143045714775,5.499143045714775
404102099373001,PHELPS,40.68405933333333,-99.62523716666666,2022,2022-04-28,7.93,7.862070598247143,0.06792940175285711,0.06792940175285711
403217099312001,PHELPS,40.5392815,-99.5207383,2022,2022-05-13,101.53,97.25875740095215,4.271242599047852,4.271242599047852
403322099304801,PHELPS,40.5542755075,-99.5122815,2022,2022-05-13,56.74,74.81138857907199,-18.071388579071986,18.071388579071986
403646099293301,PHELPS,40.6127772,-99.4935704,2022,2022-05-13,19.08,26.822711875033498,-7.7427118750335,7.7427118750335
403651099281401,PHELPS,40.613021,-99.4747929,2022,2022-05-13,38.43,42.457300454822686,-4.0273004548226865,4.0273004548226865
403928099371801,PHELPS,40.655954,-99.6202609,2022,2022-05-13,87.42,75.52346242336127,11.896537576638735,11.896537576638735
402421099112000,PHELPS,40.40549166666666,-99.18921666666668,2023,2023-04-06,60.46,73.58778199740773,-13.12778199740773,13.12778199740773
402630099305500,PHELPS,40.44133611111111,-99.51204166666666,2023,2023-04-06,174.71,152.65633038704868,22.053669612951325,22.053669612951325
402906099342201,PHELPS,40.485083333333336,-99.57288888888888,2023,2023-04-06,147.99,84.59810023222234,63.39189976777767,63.39189976777767
403315099351501,PHELPS,40.554270555555554,-99.58744083333332,2023,2023-04-12,71.02,73.18648109903036,-2.1664810990303636,2.1664810990303636
403408099130501,PHELPS,40.56878722222223,-99.21816944444444,2023,2023-04-11,15.9,17.044298860586974,-1.1442988605869733,1.1442988605869733
403645099242701,PHELPS,40.61264497222222,-99.40752011111113,2023,2023-04-12,21.65,22.390518798608806,-0.7405187986088073,0.7405187986088073
403903099214301,PHELPS,40.650864722222224,-99.3618686111111,2023,2023-04-12,8.89,9.126976991357049,-0.2369769913570483,0.2369769913570483
403946099383201,PHELPS,40.66301611111111,-99.64228555555556,2023,2023-04-14,96.69,109.55670608615961,-12.86670608615961,12.86670608615961
404033099373001,PHELPS,40.67593911111111,-99.62515633333332,2023,2023-04-14,10.56,6.608234519234465,3.951765480765536,3.951765480765536
404040099383501,PHELPS,40.67796833333333,-99.64313333333334,2023,2023-04-14,10.68,13.552944344475913,-2.872944344475913,2.872944344475913
404102099373001,PHELPS,40.68405933333333,-99.62523716666666,2023,2023-04-14,9.55,8.963124388706937,0.5868756112930633,0.5868756112930633
403316099192301,PHELPS,40.554508,-99.32334,2023,2023-04-12,17.95,10.798747177666387,7.151252822333612,7.151252822333612
G-187841Deep,PHELPS,40.55758333,-99.32308333,2023,2023-04-12,18.79,18.279506725365614,0.5104932746343849,0.5104932746343849
402421099112000,PHELPS,40.40549166666666,-99.18921666666668,2022,2022-10-06,63.0,69.98441256989453,-6.9844125698945305,6.9844125698945305
402630099305500,PHELPS,40.44133611111111,-99.51204166666666,2022,2022-10-06,177.92,152.92968644419722,24.99031355580277,24.99031355580277
403408099130501,PHELPS,40.56878722222223,-99.21816944444444,2022,2022-10-11,16.95,14.40818194295377,2.54181805704623,2.54181805704623
403645099242701,PHELPS,40.61264497222222,-99.40752011111113,2022,2022-10-11,22.65,21.084604150104127,1.5653958498958715,1.5653958498958715
403315099351501,PHELPS,40.554270555555554,-99.58744083333332,2022,2022-10-11,70.85,71.43566481914942,-0.5856648191494287,0.5856648191494287
403903099214301,PHELPS,40.650864722222224,-99.3618686111111,2022,2022-10-11,10.09,8.20396862219613,1.886031377803869,1.886031377803869
404033099373001,PHELPS,40.67593911111111,-99.62515633333332,2022,2022-10-20,11.6,4.976801295235795,6.623198704764205,6.623198704764205
404102099373001,PHELPS,40.68405933333333,-99.62523716666666,2022,2022-10-20,10.74,7.862070598247143,2.8779294017528576,2.8779294017528576
403946099383201,PHELPS,40.66301611111111,-99.64228555555556,2022,2022-10-20,97.29,107.0855787416473,-9.79557874164729,9.79557874164729
402421099112000,PHELPS,40.40549166666666,-99.18921666666668,2021,2021-10-04,60.13,71.57466665701615,-11.44466665701615,11.44466665701615
402630099305500,PHELPS,40.44133611111111,-99.51204166666666,2021,2021-10-04,175.62,151.9568454967615,23.663154503238502,23.663154503238502
403315099351501,PHELPS,40.554270555555554,-99.58744083333332,2021,2021-10-06,69.87,70.15662691793099,-0.28662691793098816,0.28662691793098816
403408099130501,PHELPS,40.56878722222223,-99.21816944444444,2021,2021-10-04,27.05,14.997931096520555,12.052068903479446,12.052068903479446
403645099242701,PHELPS,40.61264497222222,-99.40752011111113,2021,2021-10-04,20.06,19.699734644543096,0.3602653554569031,0.3602653554569031
403903099214301,PHELPS,40.650864722222224,-99.3618686111111,2021,2021-10-04,7.15,6.575048489403046,0.5749515105969545,0.5749515105969545
403946099383201,PHELPS,40.66301611111111,-99.64228555555556,2021,2021-10-18,95.47,106.64219965394577,-11.172199653945768,11.172199653945768
404033099373001,PHELPS,40.67593911111111,-99.62515633333332,2021,2021-10-05,9.96,4.1357139229643565,5.824286077035644,5.824286077035644
404040099383501,PHELPS,40.67796833333333,-99.64313333333334,2021,2021-10-05,10.15,11.192797793022562,-1.0427977930225616,1.0427977930225616
404102099373001,PHELPS,40.68405933333333,-99.62523716666666,2021,2021-10-05,10.33,7.236443173559067,3.093556826440933,3.093556826440933
402905099115301,PHELPS,40.4848551,-99.1983097,2023,2023-05-08,37.68,32.611563337800675,5.068436662199325,5.068436662199325
402924099235501,PHELPS,40.4901949,-99.398706,2023,2023-05-08,53.31,37.72932510260124,15.580674897398765,15.580674897398765
403037099111401,PHELPS,40.5103457694444,-99.1873426,2023,2023-05-08,35.96,33.56095414745367,2.3990458525463296,2.3990458525463296
403138099235801,PHELPS,40.5255500233333,-99.399115,2023,2023-05-08,28.05,35.91176432643036,-7.861764326430357,7.861764326430357
403217099312001,PHELPS,40.5392815,-99.5207383,2023,2023-05-09,103.55,99.72053853400571,3.829461465994285,3.829461465994285
403322099201601,PHELPS,40.5547811,-99.3416484,2023,2023-05-08,6.08,7.1657668172128055,-1.0857668172128054,1.0857668172128054
403322099304801,PHELPS,40.5542755075,-99.5122815,2023,2023-05-09,58.1,75.30662945621272,-17.206629456212717,17.206629456212717
403646099293301,PHELPS,40.6127772,-99.4935704,2023,2023-05-08,20.9,28.353748101103594,-7.453748101103596,7.453748101103596
403651099281401,PHELPS,40.613021,-99.4747929,2023,2023-05-08,40.58,43.9669989404666,-3.3869989404666043,3.3869989404666043
403915099190801,PHELPS,40.6573434,-99.3214291,2023,2023-05-08,10.0,8.920388184685757,1.0796118153142427,1.0796118153142427
403928099371801,PHELPS,40.655954,-99.6202609,2023,2023-05-08,86.45,78.61001657962628,7.839983420373727,7.839983420373727
402421099112000,PHELPS,40.40549166666666,-99.18921666666668,2024,2024-04-04,61.95,73.9736877441034,-12.023687744103398,12.023687744103398
402630099305500,PHELPS,40.44133611111111,-99.51204166666666,2024,2024-04-04,174.98,153.428509862348,21.551490137651996,21.551490137651996
403408099130501,PHELPS,40.56878722222223,-99.21816944444444,2024,2024-04-04,17.53,17.612121648379425,-0.08212164837942382,0.08212164837942382
403645099242701,PHELPS,40.61264497222222,-99.40752011111113,2024,2024-04-01,22.63,22.738744421288935,-0.10874442128893591,0.10874442128893591
403645099242701,PHELPS,40.61264497222222,-99.40752011111113,2024,2024-04-17,23.15,22.738744421288935,0.41125557871106366,0.41125557871106366
G-187841Deep,PHELPS,40.55758333,-99.32308333,2024,2024-04-04,19.39,19.228400144985148,0.16159985501485252,0.16159985501485252
403316099192301,PHELPS,40.554508,-99.32334,2024,2024-04-04,19.66,12.071793504362406,7.5882064956375945,7.5882064956375945
403315099351501,PHELPS,40.554270555555554,-99.58744083333332,2024,2024-04-17,68.78,72.57889639376249,-3.79889639376249,3.79889639376249
403903099214301,PHELPS,40.650864722222224,-99.3618686111111,2024,2024-04-17,8.89,8.997489106656984,-0.10748910665698297,0.10748910665698297
404040099383501,PHELPS,40.67796833333333,-99.64313333333334,2024,2024-05-01,8.8,11.82079020419829,-3.02079020419829,3.02079020419829
404033099373001,PHELPS,40.67593911111111,-99.62515633333332,2024,2024-05-01,7.9,4.70119652136379,3.1988034786362105,3.1988034786362105
404102099373001,PHELPS,40.68405933333333,-99.62523716666666,2024,2024-05-01,9.83,7.76843650433793,2.06156349566207,2.06156349566207
403946099383201,PHELPS,40.66301611111111,-99.64228555555556,2024,2024-05-01,95.78,107.78819537549485,-12.00819537549485,12.00819537549485
