CSD_ID,County,LatDD,LongDD,YearMsr,DateMsr,WatLevel,Predicted_WatLevel,Prediction_Error,Absolute_Error
402340099353701,PHELPS,40.39445302,-99.59399869,2000,2000-04-12,25.44,94.01032083333334,-68.57032083333334,68.57032083333334
402421099112000,PHELPS,40.40549166666666,-99.18921666666668,2000,2000-04-15,50.0,105.9334593434344,-55.93345934343439,55.93345934343439
402524099201601,PHELPS,40.42334431,-99.33815365,2000,2000-04-12,120.28,86.72828928571427,33.55171071428573,33.55171071428573
402532099235801,PHELPS,40.42582814,-99.40068743,2000,2000-04-28,115.9,100.3328408630953,15.567159136904706,15.567159136904706
402630099305500,PHELPS,40.44133611111111,-99.51204166666666,2000,2000-04-15,176.14,160.83568004960313,15.30431995039686,15.30431995039686
402703099150901,PHELPS,40.44969595,-99.25284899,2000,2000-05-01,36.83,91.03660531746029,-54.20660531746029,54.20660531746029
402821099282901,PHELPS,40.47215973,-99.47068872,2000,2000-04-15,90.1,91.3105956547617,-1.210595654761704,1.210595654761704
402905099115301,PHELPS,40.4848551,-99.1983097,2000,2000-04-15,25.73,24.319754166666748,1.4102458333332528,1.4102458333332528
402906099342201,PHELPS,40.485083333333336,-99.57288888888888,2000,2000-04-15,148.14,94.61171666666628,53.528283333333704,53.528283333333704
402924099235501,PHELPS,40.4901949,-99.398706,2000,2000-04-15,47.25,46.19654750992055,1.0534524900794509,1.0534524900794509
403138099235801,PHELPS,40.5255500233333,-99.399115,2000,2000-04-28,18.67,18.723774999999907,-0.05377499999990576,0.05377499999990576
403217099312001,PHELPS,40.5392815,-99.5207383,2000,2000-04-25,96.74,94.61991666666628,2.12008333333371,2.12008333333371
403322099201601,PHELPS,40.5547811,-99.3416484,2000,2000-04-28,3.62,10.378412916666694,-6.7584129166666935,6.7584129166666935
403322099272302,PHELPS,40.5545803,-99.4609332,2000,2000-04-25,15.25,14.643513392857141,0.606486607142859,0.606486607142859
403322099304801,PHELPS,40.5542755075,-99.5122815,2000,2000-04-25,53.15,69.01569327380972,-15.865693273809718,15.865693273809718
403336099225701,PHELPS,40.55616214,-99.37615377,2000,2000-04-15,19.51,12.208720892857158,7.301279107142843,7.301279107142843
403507099254101,PHELPS,40.58520714,-99.42844836,2000,2000-04-15,17.5,14.02267999999999,3.4773200000000095,3.4773200000000095
403646099293301,PHELPS,40.6127772,-99.4935704,2000,2000-04-25,14.31,23.416641666666578,-9.106641666666578,9.106641666666578
403651099281401,PHELPS,40.613021,-99.4747929,2000,2000-04-25,35.0,19.804329166666577,15.195670833333423,15.195670833333423
403915099190801,PHELPS,40.6573434,-99.3214291,2000,2000-04-15,7.28,11.849761875000008,-4.569761875000007,4.569761875000007
403928099371801,PHELPS,40.655954,-99.6202609,2000,2000-04-25,80.32,70.0856025000001,10.234397499999886,10.234397499999886
402340099353701,PHELPS,40.39445302,-99.59399869,2001,2001-05-09,25.07,93.73181598214282,-68.66181598214283,68.66181598214283
402421099112000,PHELPS,40.40549166666666,-99.18921666666668,2001,2001-04-15,51.46,105.862411607143,-54.402411607143,54.402411607143
402524099201601,PHELPS,40.42334431,-99.33815365,2001,2001-05-03,109.06,87.23586773809502,21.82413226190498,21.82413226190498
402532099235801,PHELPS,40.42582814,-99.40068743,2001,2001-05-07,116.18,99.67054678571417,16.50945321428584,16.50945321428584
402630099305500,PHELPS,40.44133611111111,-99.51204166666666,2001,2001-04-15,177.18,159.83757912698422,17.342420873015783,17.342420873015783
402703099150901,PHELPS,40.44969595,-99.25284899,2001,2001-05-01,37.0,91.33577970238086,-54.33577970238086,54.33577970238086
402906099342201,PHELPS,40.485083333333336,-99.57288888888888,2001,2001-04-15,149.07,92.95095833333316,56.11904166666683,56.11904166666683
403217099312001,PHELPS,40.5392815,-99.5207383,2001,2001-05-08,98.0,92.90249583333316,5.0975041666668375,5.0975041666668375
403322099201601,PHELPS,40.5547811,-99.3416484,2001,2001-05-07,4.12,11.823132916666674,-7.703132916666674,7.703132916666674
403322099304801,PHELPS,40.5542755075,-99.5122815,2001,2001-05-08,54.32,70.53263869047619,-16.21263869047619,16.21263869047619
403507099254101,PHELPS,40.58520714,-99.42844836,2001,2001-05-07,16.61,13.056034880952373,3.5539651190476267,3.5539651190476267
403646099293301,PHELPS,40.6127772,-99.4935704,2001,2001-05-07,10.52,25.139067559523813,-14.619067559523813,14.619067559523813
403915099190801,PHELPS,40.6573434,-99.3214291,2001,2001-05-07,8.61,11.65545148809526,-3.04545148809526,3.04545148809526
403928099371801,PHELPS,40.655954,-99.6202609,2001,2001-05-07,80.21,70.75839291666655,9.451607083333442,9.451607083333442
402340099353701,PHELPS,40.39445302,-99.59399869,2002,2002-04-24,25.21,92.9908523809524,-67.78085238095241,67.78085238095241
402421099112000,PHELPS,40.40549166666666,-99.18921666666668,2002,2002-04-15,52.18,104.98712361111122,-52.807123611111216,52.807123611111216
402524099201601,PHELPS,40.42334431,-99.33815365,2002,2002-04-24,109.8,86.40285819444432,23.397141805555677,23.397141805555677
402532099235801,PHELPS,40.42582814,-99.40068743,2002,2002-04-25,115.52,98.99290117063484,16.52709882936516,16.52709882936516
402630099305500,PHELPS,40.44133611111111,-99.51204166666666,2002,2002-04-15,178.77,159.11393764880967,19.656062351190343,19.656062351190343
402703099150901,PHELPS,40.44969595,-99.25284899,2002,2002-04-24,39.36,90.58579444444439,-51.22579444444439,51.22579444444439
402821099282901,PHELPS,40.47215973,-99.47068872,2002,2002-04-15,90.09,91.90489440476178,-1.8148944047617732,1.8148944047617732
402905099115301,PHELPS,40.4848551,-99.1983097,2002,2002-04-15,27.76,24.552575833333364,3.2074241666666374,3.2074241666666374
402906099342201,PHELPS,40.485083333333336,-99.57288888888888,2002,2002-04-15,148.66,92.69339999999987,55.96660000000013,55.96660000000013
402924099235501,PHELPS,40.4901949,-99.398706,2002,2002-04-15,50.56,45.16172664682537,5.3982733531746305,5.3982733531746305
403138099235801,PHELPS,40.5255500233333,-99.399115,2002,2002-04-15,20.89,19.429050000000082,1.4609499999999187,1.4609499999999187
403217099312001,PHELPS,40.5392815,-99.5207383,2002,2002-04-15,98.69,92.70074999999989,5.989250000000112,5.989250000000112
403322099201601,PHELPS,40.5547811,-99.3416484,2002,2002-04-15,6.35,11.97337958333332,-5.623379583333321,5.623379583333321
403322099272302,PHELPS,40.5545803,-99.4609332,2002,2002-04-15,17.0,15.269481369047588,1.730518630952412,1.730518630952412
403322099304801,PHELPS,40.5542755075,-99.5122815,2002,2002-04-15,54.81,68.18300285714312,-13.37300285714312,13.37300285714312
403507099254101,PHELPS,40.58520714,-99.42844836,2002,2002-04-25,21.14,15.127882500000057,6.012117499999944,6.012117499999944
403646099293301,PHELPS,40.6127772,-99.4935704,2002,2002-04-15,15.07,24.718974166666648,-9.648974166666648,9.648974166666648
403651099281401,PHELPS,40.613021,-99.4747929,2002,2002-04-15,38.14,21.513425000000026,16.626574999999974,16.626574999999974
403915099190801,PHELPS,40.6573434,-99.3214291,2002,2002-04-15,8.94,10.983675845959608,-2.0436758459596085,2.0436758459596085
403928099371801,PHELPS,40.655954,-99.6202609,2002,2002-04-15,81.04,69.89816000000015,11.14183999999986,11.14183999999986
402340099353701,PHELPS,40.39445302,-99.59399869,2003,2003-05-05,25.25,94.43438904761908,-69.18438904761908,69.18438904761908
402421099112000,PHELPS,40.40549166666666,-99.18921666666668,2003,2003-04-15,55.45,107.1804546130954,-51.730454613095404,51.730454613095404
402524099201601,PHELPS,40.42334431,-99.33815365,2003,2003-04-24,111.68,87.14975720238097,24.53024279761904,24.53024279761904
402532099235801,PHELPS,40.42582814,-99.40068743,2003,2003-04-10,117.29,98.88222041666671,18.407779583333294,18.407779583333294
402630099305500,PHELPS,40.44133611111111,-99.51204166666666,2003,2003-04-15,177.87,161.6883842658732,16.181615734126808,16.181615734126808
402703099150901,PHELPS,40.44969595,-99.25284899,2003,2003-04-09,42.44,92.31924336309521,-49.87924336309521,49.87924336309521
402821099282901,PHELPS,40.47215973,-99.47068872,2003,2003-04-15,92.28,90.5564173214284,1.7235826785716029,1.7235826785716029
402905099115301,PHELPS,40.4848551,-99.1983097,2003,2003-04-15,31.26,24.771122916666688,6.488877083333314,6.488877083333314
402906099342201,PHELPS,40.485083333333336,-99.57288888888888,2003,2003-04-15,149.9,93.28031874999988,56.61968125000013,56.61968125000013
402924099235501,PHELPS,40.4901949,-99.398706,2003,2003-04-15,55.35,44.57790793650784,10.77209206349216,10.77209206349216
403138099235801,PHELPS,40.5255500233333,-99.399115,2003,2003-04-15,25.16,21.716782499999912,3.443217500000088,3.443217500000088
403217099312001,PHELPS,40.5392815,-99.5207383,2003,2003-04-15,101.7,93.23462291666654,8.465377083333465,8.465377083333465
403322099201601,PHELPS,40.5547811,-99.3416484,2003,2003-04-15,9.29,13.04048669642857,-3.7504866964285704,3.7504866964285704
403322099272302,PHELPS,40.5545803,-99.4609332,2003,2003-04-15,19.67,15.882903392857175,3.7870966071428267,3.7870966071428267
403322099304801,PHELPS,40.5542755075,-99.5122815,2003,2003-04-15,57.5,69.11747285714284,-11.617472857142843,11.617472857142843
403507099254101,PHELPS,40.58520714,-99.42844836,2003,2003-04-10,24.25,15.733859107142873,8.516140892857127,8.516140892857127
403646099293301,PHELPS,40.6127772,-99.4935704,2003,2003-04-15,17.49,25.375887857142825,-7.885887857142826,7.885887857142826
403651099281401,PHELPS,40.613021,-99.4747929,2003,2003-04-15,41.97,22.20207458333327,19.767925416666728,19.767925416666728
403915099190801,PHELPS,40.6573434,-99.3214291,2003,2003-04-15,9.99,10.772951220238104,-0.7829512202381039,0.7829512202381039
403928099371801,PHELPS,40.655954,-99.6202609,2003,2003-04-15,82.22,69.59978374999993,12.62021625000007,12.62021625000007
402340099353701,PHELPS,40.39445302,-99.59399869,2004,2004-04-29,25.37,96.28417892857136,-70.91417892857136,70.91417892857136
402421099112000,PHELPS,40.40549166666666,-99.18921666666668,2004,2004-04-15,57.55,107.62427976190469,-50.07427976190469,50.07427976190469
402524099201601,PHELPS,40.42334431,-99.33815365,2004,2004-04-29,113.94,90.41525843253962,23.52474156746038,23.52474156746038
402532099235801,PHELPS,40.42582814,-99.40068743,2004,2004-04-08,118.12,103.20611102182525,14.913888978174754,14.913888978174754
402630099305500,PHELPS,40.44133611111111,-99.51204166666666,2004,2004-04-15,178.37,162.301155357143,16.068844642857016,16.068844642857016
402703099150901,PHELPS,40.44969595,-99.25284899,2004,2004-04-07,43.62,93.16481029761893,-49.54481029761893,49.54481029761893
402821099282901,PHELPS,40.47215973,-99.47068872,2004,2004-04-15,94.41,92.52656690476189,1.8834330952381038,1.8834330952381038
402905099115301,PHELPS,40.4848551,-99.1983097,2004,2004-04-15,33.0,27.832298333333338,5.167701666666662,5.167701666666662
402906099342201,PHELPS,40.485083333333336,-99.57288888888888,2004,2004-04-15,150.45,96.56616249999992,53.88383750000007,53.88383750000007
402924099235501,PHELPS,40.4901949,-99.398706,2004,2004-04-15,57.0,48.55654827380941,8.443451726190588,8.443451726190588
403138099235801,PHELPS,40.5255500233333,-99.399115,2004,2004-04-15,27.0,23.962137500000058,3.0378624999999424,3.0378624999999424
403217099312001,PHELPS,40.5392815,-99.5207383,2004,2004-04-15,104.61,96.58361249999993,8.02638750000007,8.02638750000007
403322099201601,PHELPS,40.5547811,-99.3416484,2004,2004-04-15,11.61,14.960688690476196,-3.350688690476197,3.350688690476197
403322099272302,PHELPS,40.5545803,-99.4609332,2004,2004-04-15,21.38,14.873674642857134,6.506325357142865,6.506325357142865
403322099304801,PHELPS,40.5542755075,-99.5122815,2004,2004-04-15,60.02,72.25558160714289,-12.235581607142883,12.235581607142883
403507099254101,PHELPS,40.58520714,-99.42844836,2004,2004-04-12,25.82,17.025157797619016,8.794842202380984,8.794842202380984
403646099293301,PHELPS,40.6127772,-99.4935704,2004,2004-04-15,18.73,26.230229940476214,-7.500229940476213,7.500229940476213
403651099281401,PHELPS,40.613021,-99.4747929,2004,2004-04-15,43.0,24.011457797619105,18.988542202380895,18.988542202380895
403915099190801,PHELPS,40.6573434,-99.3214291,2004,2004-04-08,10.43,12.325825595238102,-1.8958255952381027,1.8958255952381027
403928099371801,PHELPS,40.655954,-99.6202609,2004,2004-04-15,83.73,73.14767488095245,10.582325119047553,10.582325119047553
402340099353701,PHELPS,40.39445302,-99.59399869,2005,2005-05-11,25.42,96.23388553571425,-70.81388553571425,70.81388553571425
402421099112000,PHELPS,40.40549166666666,-99.18921666666668,2005,2005-04-15,58.66,108.530661666667,-49.870661666667004,49.870661666667004
402524099201601,PHELPS,40.42334431,-99.33815365,2005,2005-05-11,115.43,90.35025554563475,25.079744454365255,25.079744454365255
402532099235801,PHELPS,40.42582814,-99.40068743,2005,2005-04-13,120.1,101.94179167658713,18.158208323412865,18.158208323412865
402630099305500,PHELPS,40.44133611111111,-99.51204166666666,2005,2005-04-15,182.94,161.5834988988095,21.356501101190503,21.356501101190503
402703099150901,PHELPS,40.44969595,-99.25284899,2005,2005-04-12,46.63,93.31009482142854,-46.68009482142853,46.68009482142853
402821099282901,PHELPS,40.47215973,-99.47068872,2005,2005-04-15,96.0,92.81264482142859,3.1873551785714085,3.1873551785714085
402905099115301,PHELPS,40.4848551,-99.1983097,2005,2005-04-12,34.0,27.177704999999968,6.822295000000032,6.822295000000032
402906099342201,PHELPS,40.485083333333336,-99.57288888888888,2005,2005-04-15,150.85,95.49655416666694,55.353445833333055,55.353445833333055
402924099235501,PHELPS,40.4901949,-99.398706,2005,2005-04-13,57.63,48.06795087301578,9.56204912698422,9.56204912698422
403138099235801,PHELPS,40.5255500233333,-99.399115,2005,2005-04-15,28.06,24.847862500000016,3.212137499999983,3.212137499999983
403217099312001,PHELPS,40.5392815,-99.5207383,2005,2005-04-15,104.82,95.49330416666695,9.326695833333048,9.326695833333048
403322099201601,PHELPS,40.5547811,-99.3416484,2005,2005-04-15,10.27,16.051086666666652,-5.781086666666653,5.781086666666653
403322099272302,PHELPS,40.5545803,-99.4609332,2005,2005-04-15,19.71,15.005273452380955,4.704726547619046,4.704726547619046
403322099304801,PHELPS,40.5542755075,-99.5122815,2005,2005-04-15,60.61,73.10778202380975,-12.497782023809748,12.497782023809748
403336099225701,PHELPS,40.55616214,-99.37615377,2005,2005-04-15,26.56,15.959315297619055,10.600684702380944,10.600684702380944
403507099254101,PHELPS,40.58520714,-99.42844836,2005,2005-04-13,25.3,16.45180821428577,8.848191785714231,8.848191785714231
403646099293301,PHELPS,40.6127772,-99.4935704,2005,2005-04-15,18.25,26.913042619047648,-8.663042619047648,8.663042619047648
403651099281401,PHELPS,40.613021,-99.4747929,2005,2005-04-15,43.47,25.258442202380984,18.211557797619015,18.211557797619015
403915099190801,PHELPS,40.6573434,-99.3214291,2005,2005-04-13,10.42,12.257883988095264,-1.837883988095264,1.837883988095264
403928099371801,PHELPS,40.655954,-99.6202609,2005,2005-04-15,84.0,71.23827416666668,12.761725833333315,12.761725833333315
402340099353701,PHELPS,40.39445302,-99.59399869,2006,2006-05-01,25.43,96.84621148809516,-71.41621148809517,71.41621148809517
402421099112000,PHELPS,40.40549166666666,-99.18921666666668,2006,2006-04-15,59.78,109.69412949404757,-49.91412949404757,49.91412949404757
402524099201601,PHELPS,40.42334431,-99.33815365,2006,2006-05-01,117.42,90.08622934523807,27.333770654761935,27.333770654761935
402532099235801,PHELPS,40.42582814,-99.40068743,2006,2006-04-10,120.0,100.17804839285708,19.82195160714292,19.82195160714292
402630099305500,PHELPS,40.44133611111111,-99.51204166666666,2006,2006-04-15,180.05,162.2897611607145,17.760238839285506,17.760238839285506
402821099282901,PHELPS,40.47215973,-99.47068872,2006,2006-04-15,97.56,92.3477923214285,5.212207678571502,5.212207678571502
402905099115301,PHELPS,40.4848551,-99.1983097,2006,2006-04-15,35.91,28.084789404762006,7.825210595237991,7.825210595237991
402906099342201,PHELPS,40.485083333333336,-99.57288888888888,2006,2006-04-15,152.46,98.03978779761897,54.42021220238104,54.42021220238104
402924099235501,PHELPS,40.4901949,-99.398706,2006,2006-04-15,59.22,48.24824746482675,10.971752535173252,10.971752535173252
403138099235801,PHELPS,40.5255500233333,-99.399115,2006,2006-04-10,32.0,25.10112083333326,6.898879166666742,6.898879166666742
403217099312001,PHELPS,40.5392815,-99.5207383,2006,2006-04-12,107.27,98.03502113095232,9.23497886904768,9.23497886904768
403322099201601,PHELPS,40.5547811,-99.3416484,2006,2006-04-10,10.91,17.00129452380953,-6.09129452380953,6.09129452380953
403322099272302,PHELPS,40.5545803,-99.4609332,2006,2006-04-15,22.91,16.842917718254004,6.067082281745996,6.067082281745996
403322099304801,PHELPS,40.5542755075,-99.5122815,2006,2006-04-12,62.54,75.2968389880954,-12.756838988095403,12.756838988095403
403336099225701,PHELPS,40.55616214,-99.37615377,2006,2006-04-15,24.2,17.858746666666693,6.341253333333306,6.341253333333306
403507099254101,PHELPS,40.58520714,-99.42844836,2006,2006-04-12,27.0,18.366446845238144,8.633553154761856,8.633553154761856
403646099293301,PHELPS,40.6127772,-99.4935704,2006,2006-04-15,18.0,26.58037351190476,-8.58037351190476,8.58037351190476
403651099281401,PHELPS,40.613021,-99.4747929,2006,2006-04-15,43.0,23.915202202380932,19.084797797619068,19.084797797619068
403915099190801,PHELPS,40.6573434,-99.3214291,2006,2006-04-10,11.0,11.820470853174617,-0.8204708531746174,0.8204708531746174
403928099371801,PHELPS,40.655954,-99.6202609,2006,2006-04-12,84.27,71.75933101190475,12.510668988095247,12.510668988095247
402340099353701,PHELPS,40.39445302,-99.59399869,2007,2007-05-08,24.41,96.95068553571437,-72.54068553571437,72.54068553571437
402421099112000,PHELPS,40.40549166666666,-99.18921666666668,2007,2007-04-15,59.94,109.37384113095257,-49.43384113095257,49.43384113095257
402524099201601,PHELPS,40.42334431,-99.33815365,2007,2007-05-09,117.57,90.85396542658725,26.716034573412742,26.716034573412742
402532099235801,PHELPS,40.42582814,-99.40068743,2007,2007-04-10,119.41,102.58534870039682,16.824651299603175,16.824651299603175
402630099305500,PHELPS,40.44133611111111,-99.51204166666666,2007,2007-04-15,179.48,163.1581907142857,16.321809285714295,16.321809285714295
402821099282901,PHELPS,40.47215973,-99.47068872,2007,2007-04-15,100.93,93.82042482142867,7.109575178571333,7.109575178571333
402905099115301,PHELPS,40.4848551,-99.1983097,2007,2007-04-15,36.8,27.07670797619047,9.723292023809528,9.723292023809528
402906099342201,PHELPS,40.485083333333336,-99.57288888888888,2007,2007-04-15,151.96,97.77003291666684,54.18996708333317,54.18996708333317
402924099235501,PHELPS,40.4901949,-99.398706,2007,2007-04-15,59.81,47.87093821428569,11.939061785714316,11.939061785714316
403138099235801,PHELPS,40.5255500233333,-99.399115,2007,2007-04-15,32.0,24.414535416666652,7.585464583333348,7.585464583333348
403217099312001,PHELPS,40.5392815,-99.5207383,2007,2007-04-15,106.52,97.77102041666683,8.748979583333167,8.748979583333167
403322099272302,PHELPS,40.5545803,-99.4609332,2007,2007-04-15,20.41,15.294525535714268,5.115474464285732,5.115474464285732
403322099304801,PHELPS,40.5542755075,-99.5122815,2007,2007-04-15,62.22,74.78850077380964,-12.568500773809646,12.568500773809646
403336099225701,PHELPS,40.55616214,-99.37615377,2007,2007-04-15,29.15,16.25712879960319,12.892871200396808,12.892871200396808
403507099254101,PHELPS,40.58520714,-99.42844836,2007,2007-04-10,24.91,17.31277779761907,7.59722220238093,7.59722220238093
403645099242701,PHELPS,40.61264497222222,-99.40752011111113,2007,2007-04-15,22.53,22.266811309523806,0.26318869047619486,0.26318869047619486
403646099293301,PHELPS,40.6127772,-99.4935704,2007,2007-04-15,17.14,24.83938958333335,-7.69938958333335,7.69938958333335
403651099281401,PHELPS,40.613021,-99.4747929,2007,2007-04-15,43.37,22.36946922619047,21.000530773809526,21.000530773809526
403915099190801,PHELPS,40.6573434,-99.3214291,2007,2007-04-10,9.11,11.214519444444443,-2.1045194444444437,2.1045194444444437
403928099371801,PHELPS,40.655954,-99.6202609,2007,2007-04-15,84.0,74.24865976190468,9.751340238095324,9.751340238095324
403946099383201,PHELPS,40.66301611111111,-99.64228555555556,2007,2007-04-20,95.34,118.22750088293625,-22.88750088293625,22.88750088293625
404033099373001,PHELPS,40.67593911111111,-99.62515633333332,2007,2007-04-15,8.9,3.5633908333333557,5.336609166666644,5.336609166666644
404040099383501,PHELPS,40.67796833333333,-99.64313333333334,2007,2007-04-20,10.79,14.28154232142861,-3.4915423214286108,3.4915423214286108
404102099373001,PHELPS,40.68405933333333,-99.62523716666666,2007,2007-04-15,9.85,8.05906291666665,1.7909370833333504,1.7909370833333504
402340099353701,PHELPS,40.39445302,-99.59399869,2008,2008-04-30,24.96,96.12182874999989,-71.1618287499999,71.1618287499999
402421099112000,PHELPS,40.40549166666666,-99.18921666666668,2008,2008-04-09,58.14,108.7428120833332,-50.602812083333205,50.602812083333205
402524099201601,PHELPS,40.42334431,-99.33815365,2008,2008-04-29,115.17,90.32629738095238,24.84370261904762,24.84370261904762
402532099235801,PHELPS,40.42582814,-99.40068743,2008,2008-04-15,118.78,101.94054904761913,16.839450952380872,16.839450952380872
402630099305500,PHELPS,40.44133611111111,-99.51204166666666,2008,2008-04-15,178.18,163.08126967261916,15.09873032738085,15.09873032738085
402821099282901,PHELPS,40.47215973,-99.47068872,2008,2008-04-15,95.0,94.38156931547636,0.6184306845236449,0.6184306845236449
402905099115301,PHELPS,40.4848551,-99.1983097,2008,2008-04-15,34.86,26.80550916666666,8.05449083333334,8.05449083333334
402906099342201,PHELPS,40.485083333333336,-99.57288888888888,2008,2008-04-15,150.52,97.79794916666634,52.72205083333367,52.72205083333367
402924099235501,PHELPS,40.4901949,-99.398706,2008,2008-04-15,56.48,48.162921309523774,8.317078690476222,8.317078690476222
403138099235801,PHELPS,40.5255500233333,-99.399115,2008,2008-04-15,29.0,24.4664258333333,4.5335741666667,4.5335741666667
403217099312001,PHELPS,40.5392815,-99.5207383,2008,2008-04-15,105.0,97.79249916666635,7.207500833333654,7.207500833333654
403322099201601,PHELPS,40.5547811,-99.3416484,2008,2008-04-15,8.76,14.566437678571425,-5.806437678571426,5.806437678571426
403322099272302,PHELPS,40.5545803,-99.4609332,2008,2008-04-15,20.46,15.081634285714252,5.378365714285749,5.378365714285749
403322099304801,PHELPS,40.5542755075,-99.5122815,2008,2008-04-15,60.66,73.62550059523825,-12.965500595238254,12.965500595238254
403336099225701,PHELPS,40.55616214,-99.37615377,2008,2008-04-15,20.78,16.024022321428557,4.755977678571444,4.755977678571444
403507099254101,PHELPS,40.58520714,-99.42844836,2008,2008-04-08,24.32,16.81152125000001,7.508478749999991,7.508478749999991
403645099242701,PHELPS,40.61264497222222,-99.40752011111113,2008,2008-04-04,19.94,20.887672708333326,-0.9476727083333252,0.9476727083333252
403646099293301,PHELPS,40.6127772,-99.4935704,2008,2008-04-15,19.07,24.62187750000001,-5.5518775000000105,5.5518775000000105
403651099281401,PHELPS,40.613021,-99.4747929,2008,2008-04-15,41.18,21.94727749999998,19.23272250000002,19.23272250000002
403915099190801,PHELPS,40.6573434,-99.3214291,2008,2008-04-08,9.36,10.11627024801586,-0.756270248015861,0.756270248015861
403928099371801,PHELPS,40.655954,-99.6202609,2008,2008-04-15,84.24,71.52011583333312,12.719884166666873,12.719884166666873
403946099383201,PHELPS,40.66301611111111,-99.64228555555556,2008,2008-04-01,95.4,115.36555293921332,-19.96555293921331,19.96555293921331
403903099214301,PHELPS,40.650864722222224,-99.3618686111111,2008,2008-04-15,7.4,7.7329791666666505,-0.3329791666666502,0.3329791666666502
404033099373001,PHELPS,40.67593911111111,-99.62515633333332,2008,2008-04-04,9.75,3.9835862500000134,5.766413749999987,5.766413749999987
404040099383501,PHELPS,40.67796833333333,-99.64313333333334,2008,2008-04-01,11.48,13.31442571428574,-1.8344257142857394,1.8344257142857394
404102099373001,PHELPS,40.68405933333333,-99.62523716666666,2008,2008-04-04,10.0,8.315207857142843,1.684792142857157,1.684792142857157
402906099342201,PHELPS,40.485083333333336,-99.57288888888888,2008,2008-10-10,153.25,97.79794916666634,55.45205083333366,55.45205083333366
404040099383501,PHELPS,40.67796833333333,-99.64313333333334,2008,2008-11-03,10.56,13.31442571428574,-2.7544257142857393,2.7544257142857393
403946099383201,PHELPS,40.66301611111111,-99.64228555555556,2008,2008-11-03,94.98,115.36555293921332,-20.385552939213312,20.385552939213312
402630099305500,PHELPS,40.44133611111111,-99.51204166666666,2008,2008-10-10,181.23,163.08126967261916,18.148730327380832,18.148730327380832
404033099373001,PHELPS,40.67593911111111,-99.62515633333332,2008,2008-11-03,9.12,3.9835862500000134,5.136413749999986,5.136413749999986
404102099373001,PHELPS,40.68405933333333,-99.62523716666666,2008,2008-11-03,10.02,8.315207857142843,1.7047921428571566,1.7047921428571566
403645099242701,PHELPS,40.61264497222222,-99.40752011111113,2008,2008-10-09,20.08,20.887672708333326,-0.8076727083333282,0.8076727083333282
403903099214301,PHELPS,40.650864722222224,-99.3618686111111,2008,2008-10-09,6.72,7.7329791666666505,-1.0129791666666508,1.0129791666666508
402421099112000,PHELPS,40.40549166666666,-99.18921666666668,2008,2008-10-09,57.85,108.7428120833332,-50.892812083333204,50.892812083333204
403408099130501,PHELPS,40.56878722222223,-99.21816944444444,2008,2008-10-09,14.48,14.34680973214294,0.13319026785706,0.13319026785706
403315099351501,PHELPS,40.554270555555554,-99.58744083333332,2008,2008-10-10,69.0,72.41253249999968,-3.412532499999685,3.412532499999685
402421099112000,PHELPS,40.40549166666666,-99.18921666666668,2009,2009-04-24,56.97,106.31644595238082,-49.34644595238082,49.34644595238082
402630099305500,PHELPS,40.44133611111111,-99.51204166666666,2009,2009-04-23,178.29,163.50279312500012,14.787206874999868,14.787206874999868
402906099342201,PHELPS,40.485083333333336,-99.57288888888888,2009,2009-04-23,150.58,100.22703910714257,50.35296089285744,50.35296089285744
403408099130501,PHELPS,40.56878722222223,-99.21816944444444,2009,2009-04-24,17.36,15.380270535714299,1.9797294642857004,1.9797294642857004
403645099242701,PHELPS,40.61264497222222,-99.40752011111113,2009,2009-04-24,19.92,20.97564449404764,-1.0556444940476375,1.0556444940476375
403315099351501,PHELPS,40.554270555555554,-99.58744083333332,2009,2009-04-24,71.27,73.96825208333337,-2.6982520833333723,2.6982520833333723
403903099214301,PHELPS,40.650864722222224,-99.3618686111111,2009,2009-04-24,8.77,8.576856666666673,0.19314333333332634,0.19314333333332634
404040099383501,PHELPS,40.67796833333333,-99.64313333333334,2009,2009-04-22,13.9,13.65612083333334,0.24387916666666065,0.24387916666666065
404033099373001,PHELPS,40.67593911111111,-99.62515633333332,2009,2009-04-22,11.22,4.892930833333351,6.327069166666649,6.327069166666649
404102099373001,PHELPS,40.68405933333333,-99.62523716666666,2009,2009-04-22,11.07,8.247401944444407,2.822598055555593,2.822598055555593
403946099383201,PHELPS,40.66301611111111,-99.64228555555556,2009,2009-04-22,98.31,117.97446499999998,-19.66446499999998,19.66446499999998
402532099235801,PHELPS,40.42582814,-99.40068743,2009,2009-04-15,117.81,102.5495020287352,15.260497971264797,15.260497971264797
403037099111401,PHELPS,40.5103457694444,-99.1873426,2009,2009-04-15,28.47,27.094712797619092,1.3752872023809068,1.3752872023809068
402905099115301,PHELPS,40.4848551,-99.1983097,2009,2009-04-15,33.24,27.20304934523808,6.03695065476192,6.03695065476192
402924099235501,PHELPS,40.4901949,-99.398706,2009,2009-04-15,56.15,47.544252013888894,8.605747986111105,8.605747986111105
402821099282901,PHELPS,40.47215973,-99.47068872,2009,2009-04-16,93.84,93.89257086309536,-0.052570863095354525,0.052570863095354525
403322099201601,PHELPS,40.5547811,-99.3416484,2009,2009-04-15,7.23,14.33503068452384,-7.10503068452384,7.10503068452384
403138099235801,PHELPS,40.5255500233333,-99.399115,2009,2009-04-15,29.53,24.452854166666672,5.077145833333329,5.077145833333329
403507099254101,PHELPS,40.58520714,-99.42844836,2009,2009-04-16,23.0,15.740770744047618,7.259229255952382,7.259229255952382
403322099304801,PHELPS,40.5542755075,-99.5122815,2009,2009-04-16,60.0,73.8963742559522,-13.896374255952196,13.896374255952196
403322099272302,PHELPS,40.5545803,-99.4609332,2009,2009-04-16,19.25,14.233661984126973,5.016338015873027,5.016338015873027
403217099312001,PHELPS,40.5392815,-99.5207383,2009,2009-04-16,104.24,100.22908910714257,4.010910892857424,4.010910892857424
403915099190801,PHELPS,40.6573434,-99.3214291,2009,2009-04-15,8.32,10.5042835515873,-2.184283551587299,2.184283551587299
403646099293301,PHELPS,40.6127772,-99.4935704,2009,2009-04-16,17.68,24.99292981150797,-7.312929811507971,7.312929811507971
403651099281401,PHELPS,40.613021,-99.4747929,2009,2009-04-16,40.48,21.87329267316019,18.606707326839807,18.606707326839807
403928099371801,PHELPS,40.655954,-99.6202609,2009,2009-04-16,84.12,72.982375,11.137625,11.137625
402524099201601,PHELPS,40.42334431,-99.33815365,2009,2009-05-06,114.53,90.80535021867027,23.72464978132973,23.72464978132973
403037099111401,PHELPS,40.5103457694444,-99.1873426,2006,2006-10-16,33.09,28.33431291666672,4.755687083333285,4.755687083333285
403037099111401,PHELPS,40.5103457694444,-99.1873426,2007,2007-04-09,32.24,27.0220244047619,5.2179755952381015,5.2179755952381015
403037099111401,PHELPS,40.5103457694444,-99.1873426,2007,2007-10-09,30.16,27.0220244047619,3.1379755952380997,3.1379755952380997
403037099111401,PHELPS,40.5103457694444,-99.1873426,2008,2008-04-07,30.17,26.994590416666632,3.1754095833333693,3.1754095833333693
402421099112000,PHELPS,40.40549166666666,-99.18921666666668,2000,2000-04-04,50.1,105.9334593434344,-55.83345934343439,55.83345934343439
402421099112000,PHELPS,40.40549166666666,-99.18921666666668,2000,2000-10-20,53.99,105.9334593434344,-51.94345934343439,51.94345934343439
402421099112000,PHELPS,40.40549166666666,-99.18921666666668,2001,2001-04-17,51.56,105.862411607143,-54.302411607143,54.302411607143
402421099112000,PHELPS,40.40549166666666,-99.18921666666668,2001,2001-10-23,54.35,105.862411607143,-51.512411607143,51.512411607143
402421099112000,PHELPS,40.40549166666666,-99.18921666666668,2002,2002-04-16,52.28,104.98712361111122,-52.707123611111214,52.707123611111214
402421099112000,PHELPS,40.40549166666666,-99.18921666666668,2003,2003-04-21,55.55,107.1804546130954,-51.63045461309541,51.63045461309541
402421099112000,PHELPS,40.40549166666666,-99.18921666666668,2003,2003-10-20,60.17,107.1804546130954,-47.010454613095405,47.010454613095405
402421099112000,PHELPS,40.40549166666666,-99.18921666666668,2004,2004-04-09,57.85,107.62427976190469,-49.77427976190469,49.77427976190469
402421099112000,PHELPS,40.40549166666666,-99.18921666666668,2005,2005-04-25,59.06,108.530661666667,-49.470661666667,49.470661666667
402421099112000,PHELPS,40.40549166666666,-99.18921666666668,2006,2006-04-21,59.88,109.69412949404757,-49.81412949404757,49.81412949404757
402421099112000,PHELPS,40.40549166666666,-99.18921666666668,2006,2006-10-20,61.82,109.69412949404757,-47.87412949404757,47.87412949404757
402421099112000,PHELPS,40.40549166666666,-99.18921666666668,2007,2007-04-19,60.04,109.37384113095257,-49.33384113095257,49.33384113095257
402421099112000,PHELPS,40.40549166666666,-99.18921666666668,2007,2007-10-12,60.49,109.37384113095257,-48.88384113095257,48.88384113095257
402421099112000,PHELPS,40.40549166666666,-99.18921666666668,2008,2008-10-09,57.89,108.7428120833332,-50.852812083333205,50.852812083333205
402532099235801,PHELPS,40.42582814,-99.40068743,2006,2006-10-17,121.35,100.17804839285708,21.171951607142915,21.171951607142915
402532099235801,PHELPS,40.42582814,-99.40068743,2007,2007-10-10,120.1,102.58534870039682,17.514651299603173,17.514651299603173
402532099235801,PHELPS,40.42582814,-99.40068743,2008,2008-04-08,118.7,101.94054904761913,16.759450952380874,16.759450952380874
402630099305500,PHELPS,40.44133611111111,-99.51204166666666,2000,2000-04-13,176.24,160.83568004960313,15.404319950396882,15.404319950396882
402630099305500,PHELPS,40.44133611111111,-99.51204166666666,2000,2000-10-19,181.49,160.83568004960313,20.654319950396882,20.654319950396882
402630099305500,PHELPS,40.44133611111111,-99.51204166666666,2001,2001-05-07,177.28,159.83757912698422,17.442420873015777,17.442420873015777
402630099305500,PHELPS,40.44133611111111,-99.51204166666666,2001,2001-10-24,180.05,159.83757912698422,20.212420873015787,20.212420873015787
402630099305500,PHELPS,40.44133611111111,-99.51204166666666,2002,2002-04-15,175.87,159.11393764880967,16.756062351190337,16.756062351190337
402630099305500,PHELPS,40.44133611111111,-99.51204166666666,2003,2003-04-22,177.97,161.6883842658732,16.281615734126802,16.281615734126802
402630099305500,PHELPS,40.44133611111111,-99.51204166666666,2003,2003-10-20,182.14,161.6883842658732,20.45161573412679,20.45161573412679
402630099305500,PHELPS,40.44133611111111,-99.51204166666666,2004,2004-04-07,178.67,162.301155357143,16.368844642857,16.368844642857
402630099305500,PHELPS,40.44133611111111,-99.51204166666666,2005,2005-04-25,183.34,161.5834988988095,21.75650110119051,21.75650110119051
402630099305500,PHELPS,40.44133611111111,-99.51204166666666,2006,2006-04-21,180.15,162.2897611607145,17.8602388392855,17.8602388392855
402630099305500,PHELPS,40.44133611111111,-99.51204166666666,2006,2006-10-20,181.82,162.2897611607145,19.530238839285488,19.530238839285488
402630099305500,PHELPS,40.44133611111111,-99.51204166666666,2007,2007-04-19,179.58,163.1581907142857,16.421809285714318,16.421809285714318
402630099305500,PHELPS,40.44133611111111,-99.51204166666666,2007,2007-10-11,181.36,163.1581907142857,18.20180928571432,18.20180928571432
402905099115301,PHELPS,40.4848551,-99.1983097,2003,2003-04-09,27.94,24.771122916666688,3.1688770833333137,3.1688770833333137
402905099115301,PHELPS,40.4848551,-99.1983097,2006,2006-10-16,33.49,28.084789404762006,5.405210595237996,5.405210595237996
402905099115301,PHELPS,40.4848551,-99.1983097,2007,2007-04-09,33.48,27.07670797619047,6.403292023809527,6.403292023809527
402905099115301,PHELPS,40.4848551,-99.1983097,2007,2007-10-09,31.45,27.07670797619047,4.37329202380953,4.37329202380953
402905099115301,PHELPS,40.4848551,-99.1983097,2008,2008-04-07,31.54,26.80550916666666,4.734490833333339,4.734490833333339
402906099342201,PHELPS,40.485083333333336,-99.57288888888888,2000,2000-04-13,148.24,94.61171666666628,53.62828333333373,53.62828333333373
402906099342201,PHELPS,40.485083333333336,-99.57288888888888,2000,2000-10-19,152.14,94.61171666666628,57.528283333333704,57.528283333333704
402906099342201,PHELPS,40.485083333333336,-99.57288888888888,2001,2001-05-07,149.17,92.95095833333316,56.219041666666826,56.219041666666826
402906099342201,PHELPS,40.485083333333336,-99.57288888888888,2001,2001-10-24,150.41,92.95095833333316,57.459041666666835,57.459041666666835
402906099342201,PHELPS,40.485083333333336,-99.57288888888888,2002,2002-04-15,148.76,92.69339999999987,56.06660000000012,56.06660000000012
402906099342201,PHELPS,40.485083333333336,-99.57288888888888,2003,2003-04-22,150.0,93.28031874999988,56.71968125000012,56.71968125000012
402906099342201,PHELPS,40.485083333333336,-99.57288888888888,2003,2003-10-22,154.11,93.28031874999988,60.829681250000135,60.829681250000135
402906099342201,PHELPS,40.485083333333336,-99.57288888888888,2004,2004-04-07,150.75,96.56616249999992,54.18383750000008,54.18383750000008
402906099342201,PHELPS,40.485083333333336,-99.57288888888888,2005,2005-04-25,151.25,95.49655416666694,55.75344583333306,55.75344583333306
402906099342201,PHELPS,40.485083333333336,-99.57288888888888,2006,2006-04-20,152.56,98.03978779761897,54.52021220238103,54.52021220238103
402906099342201,PHELPS,40.485083333333336,-99.57288888888888,2006,2006-10-20,154.32,98.03978779761897,56.28021220238102,56.28021220238102
402906099342201,PHELPS,40.485083333333336,-99.57288888888888,2007,2007-04-19,152.06,97.77003291666684,54.28996708333317,54.28996708333317
402906099342201,PHELPS,40.485083333333336,-99.57288888888888,2007,2007-10-11,153.18,97.77003291666684,55.40996708333317,55.40996708333317
402924099235501,PHELPS,40.4901949,-99.398706,2003,2003-04-10,52.35,44.57790793650784,7.77209206349216,7.77209206349216
402924099235501,PHELPS,40.4901949,-99.398706,2006,2006-10-17,56.0,48.24824746482675,7.751752535173253,7.751752535173253
402924099235501,PHELPS,40.4901949,-99.398706,2007,2007-04-10,56.81,47.87093821428569,8.939061785714316,8.939061785714316
402924099235501,PHELPS,40.4901949,-99.398706,2007,2007-10-10,52.62,47.87093821428569,4.749061785714311,4.749061785714311
402924099235501,PHELPS,40.4901949,-99.398706,2008,2008-04-08,53.48,48.162921309523774,5.317078690476222,5.317078690476222
403138099235801,PHELPS,40.5255500233333,-99.399115,2001,2001-05-07,20.37,18.244937500000045,2.125062499999956,2.125062499999956
403138099235801,PHELPS,40.5255500233333,-99.399115,2003,2003-04-10,22.21,21.716782499999912,0.4932175000000889,0.4932175000000889
403138099235801,PHELPS,40.5255500233333,-99.399115,2004,2004-04-08,24.0,23.962137500000058,0.0378624999999424,0.0378624999999424
403138099235801,PHELPS,40.5255500233333,-99.399115,2005,2005-04-13,25.06,24.847862500000016,0.212137499999983,0.212137499999983
403138099235801,PHELPS,40.5255500233333,-99.399115,2006,2006-10-17,34.37,25.10112083333326,9.26887916666674,9.26887916666674
403138099235801,PHELPS,40.5255500233333,-99.399115,2007,2007-04-10,29.05,24.414535416666652,4.6354645833333485,4.6354645833333485
403138099235801,PHELPS,40.5255500233333,-99.399115,2007,2007-10-10,29.05,24.414535416666652,4.6354645833333485,4.6354645833333485
403138099235801,PHELPS,40.5255500233333,-99.399115,2008,2008-04-08,26.05,24.4664258333333,1.5835741666667005,1.5835741666667005
403217099312001,PHELPS,40.5392815,-99.5207383,2003,2003-04-11,97.9,93.23462291666654,4.665377083333468,4.665377083333468
403217099312001,PHELPS,40.5392815,-99.5207383,2004,2004-04-12,100.81,96.58361249999993,4.226387500000072,4.226387500000072
403217099312001,PHELPS,40.5392815,-99.5207383,2005,2005-04-13,101.02,95.49330416666695,5.526695833333051,5.526695833333051
403217099312001,PHELPS,40.5392815,-99.5207383,2006,2006-10-17,102.88,98.03502113095232,4.844978869047679,4.844978869047679
403217099312001,PHELPS,40.5392815,-99.5207383,2007,2007-04-10,102.72,97.77102041666683,4.94897958333317,4.94897958333317
403217099312001,PHELPS,40.5392815,-99.5207383,2007,2007-10-10,101.82,97.77102041666683,4.048979583333164,4.048979583333164
403217099312001,PHELPS,40.5392815,-99.5207383,2008,2008-04-09,101.2,97.79249916666635,3.407500833333657,3.407500833333657
403322099201601,PHELPS,40.5547811,-99.3416484,2003,2003-04-10,7.57,13.04048669642857,-5.470486696428569,5.470486696428569
403322099201601,PHELPS,40.5547811,-99.3416484,2004,2004-04-08,9.89,14.960688690476196,-5.070688690476196,5.070688690476196
403322099201601,PHELPS,40.5547811,-99.3416484,2005,2005-04-13,8.55,16.051086666666652,-7.501086666666652,7.501086666666652
403322099201601,PHELPS,40.5547811,-99.3416484,2007,2007-10-10,4.96,15.594129166666665,-10.634129166666664,10.634129166666664
403322099201601,PHELPS,40.5547811,-99.3416484,2008,2008-04-08,7.04,14.566437678571425,-7.526437678571425,7.526437678571425
403322099272302,PHELPS,40.5545803,-99.4609332,2005,2005-04-13,16.15,15.005273452380955,1.1447265476190438,1.1447265476190438
403322099304801,PHELPS,40.5542755075,-99.5122815,2003,2003-04-11,54.79,69.11747285714284,-14.327472857142844,14.327472857142844
403322099304801,PHELPS,40.5542755075,-99.5122815,2004,2004-04-12,57.05,72.25558160714289,-15.20558160714289,15.20558160714289
403322099304801,PHELPS,40.5542755075,-99.5122815,2005,2005-04-13,57.64,73.10778202380975,-15.467782023809747,15.467782023809747
403322099304801,PHELPS,40.5542755075,-99.5122815,2006,2006-10-17,60.39,75.2968389880954,-14.906838988095402,14.906838988095402
403322099304801,PHELPS,40.5542755075,-99.5122815,2007,2007-04-10,59.51,74.78850077380964,-15.278500773809647,15.278500773809647
403322099304801,PHELPS,40.5542755075,-99.5122815,2007,2007-10-10,59.09,74.78850077380964,-15.698500773809641,15.698500773809641
403322099304801,PHELPS,40.5542755075,-99.5122815,2008,2008-04-09,57.95,73.62550059523825,-15.675500595238248,15.675500595238248
403507099254101,PHELPS,40.58520714,-99.42844836,2006,2006-10-17,25.69,18.366446845238144,7.323553154761857,7.323553154761857
403507099254101,PHELPS,40.58520714,-99.42844836,2007,2007-10-10,23.43,17.31277779761907,6.11722220238093,6.11722220238093
403645099242701,PHELPS,40.61264497222222,-99.40752011111113,2005,2005-07-21,27.3,27.726564404762016,-0.42656440476201496,0.42656440476201496
403646099293301,PHELPS,40.6127772,-99.4935704,2003,2003-04-10,17.89,25.375887857142825,-7.485887857142824,7.485887857142824
403646099293301,PHELPS,40.6127772,-99.4935704,2004,2004-04-12,19.13,26.230229940476214,-7.100229940476215,7.100229940476215
403646099293301,PHELPS,40.6127772,-99.4935704,2005,2005-04-13,18.65,26.913042619047648,-8.26304261904765,8.26304261904765
403646099293301,PHELPS,40.6127772,-99.4935704,2006,2006-10-17,17.28,26.58037351190476,-9.300373511904759,9.300373511904759
403646099293301,PHELPS,40.6127772,-99.4935704,2007,2007-04-10,17.54,24.83938958333335,-7.299389583333351,7.299389583333351
403646099293301,PHELPS,40.6127772,-99.4935704,2007,2007-10-10,17.18,24.83938958333335,-7.6593895833333505,7.6593895833333505
403646099293301,PHELPS,40.6127772,-99.4935704,2008,2008-04-08,19.47,24.62187750000001,-5.151877500000012,5.151877500000012
403651099281401,PHELPS,40.613021,-99.4747929,2003,2003-04-10,39.4,22.20207458333327,17.197925416666727,17.197925416666727
403651099281401,PHELPS,40.613021,-99.4747929,2005,2005-04-13,40.9,25.258442202380984,15.641557797619015,15.641557797619015
403651099281401,PHELPS,40.613021,-99.4747929,2006,2006-10-17,43.93,23.915202202380932,20.014797797619067,20.014797797619067
403651099281401,PHELPS,40.613021,-99.4747929,2007,2007-04-10,40.8,22.36946922619047,18.430530773809526,18.430530773809526
403651099281401,PHELPS,40.613021,-99.4747929,2007,2007-10-10,41.11,22.36946922619047,18.740530773809528,18.740530773809528
403651099281401,PHELPS,40.613021,-99.4747929,2008,2008-04-08,38.61,21.94727749999998,16.66272250000002,16.66272250000002
403915099190801,PHELPS,40.6573434,-99.3214291,2003,2003-04-10,9.12,10.772951220238104,-1.652951220238105,1.652951220238105
403915099190801,PHELPS,40.6573434,-99.3214291,2006,2006-10-17,10.78,11.820470853174617,-1.040470853174618,1.040470853174618
403915099190801,PHELPS,40.6573434,-99.3214291,2007,2007-10-10,9.5,11.214519444444443,-1.7145194444444432,1.7145194444444432
403928099371801,PHELPS,40.655954,-99.6202609,2003,2003-04-10,80.55,69.59978374999993,10.950216250000068,10.950216250000068
403928099371801,PHELPS,40.655954,-99.6202609,2004,2004-04-12,81.97,73.14767488095245,8.822325119047548,8.822325119047548
403928099371801,PHELPS,40.655954,-99.6202609,2005,2005-04-13,82.24,71.23827416666668,11.00172583333331,11.00172583333331
403928099371801,PHELPS,40.655954,-99.6202609,2006,2006-10-17,83.33,71.75933101190475,11.57066898809525,11.57066898809525
403928099371801,PHELPS,40.655954,-99.6202609,2007,2007-04-10,82.33,74.24865976190468,8.081340238095322,8.081340238095322
403928099371801,PHELPS,40.655954,-99.6202609,2007,2007-10-10,82.65,74.24865976190468,8.40134023809533,8.40134023809533
403928099371801,PHELPS,40.655954,-99.6202609,2008,2008-04-08,82.57,71.52011583333312,11.049884166666871,11.049884166666871
403946099383201,PHELPS,40.66301611111111,-99.64228555555556,2007,2007-10-09,95.15,118.22750088293625,-23.07750088293625,23.07750088293625
404033099373001,PHELPS,40.67593911111111,-99.62515633333332,2005,2005-07-21,17.74,4.96342625,12.776573749999997,12.776573749999997
404040099383501,PHELPS,40.67796833333333,-99.64313333333334,2007,2007-10-09,10.97,14.28154232142861,-3.3115423214286093,3.3115423214286093
404102099373001,PHELPS,40.68405933333333,-99.62523716666666,2005,2005-07-21,11.76,15.481841607142778,-3.7218416071427782,3.7218416071427782
402421099112000,PHELPS,40.40549166666666,-99.18921666666668,2011,2011-04-18,53.37,105.20604011904739,-51.83604011904739,51.83604011904739
403322099254102,PHELPS,40.554275,-99.4303056,2000,2000-04-25,15.17,14.844479166666707,0.32552083333329307,0.32552083333329307
403322099254102,PHELPS,40.554275,-99.4303056,2005,2005-04-13,12.72,16.153241666666677,-3.4332416666666763,3.4332416666666763
403322099254102,PHELPS,40.554275,-99.4303056,2006,2006-04-12,18.86,18.426718749999935,0.43328125000006423,0.43328125000006423
402532099235801,PHELPS,40.42582814,-99.40068743,2011,2011-04-19,114.09,97.86299119047618,16.227008809523824,16.227008809523824
403037099111401,PHELPS,40.5103457694444,-99.1873426,2011,2011-04-18,28.58,25.143319583333344,3.436680416666654,3.436680416666654
402905099115301,PHELPS,40.4848551,-99.1983097,2011,2011-04-18,30.15,24.84447666666666,5.305523333333337,5.305523333333337
402924099235501,PHELPS,40.4901949,-99.398706,2011,2011-04-19,50.42,43.69936390873016,6.720636091269839,6.720636091269839
402821099282901,PHELPS,40.47215973,-99.47068872,2011,2011-04-20,91.88,91.07366357142848,0.8063364285715124,0.8063364285715124
403322099201601,PHELPS,40.5547811,-99.3416484,2011,2011-04-19,5.74,12.34622851190473,-6.60622851190473,6.60622851190473
403138099235801,PHELPS,40.5255500233333,-99.399115,2011,2011-04-19,23.25,23.18600000000014,0.0639999999998615,0.0639999999998615
403507099254101,PHELPS,40.58520714,-99.42844836,2011,2011-04-20,21.3,13.293915238095273,8.006084761904727,8.006084761904727
403322099304801,PHELPS,40.5542755075,-99.5122815,2011,2011-04-20,54.37,71.86596119047617,-17.495961190476173,17.495961190476173
403322099272302,PHELPS,40.5545803,-99.4609332,2011,2011-04-20,14.67,11.47318901785714,3.1968109821428605,3.1968109821428605
403217099312001,PHELPS,40.5392815,-99.5207383,2011,2011-04-20,96.9,100.11970249999979,-3.2197024999997836,3.2197024999997836
403558099371801,PHELPS,40.5994522,-99.622055,2011,2011-04-20,70.66,88.70908374999958,-18.049083749999582,18.049083749999582
403915099190801,PHELPS,40.6573434,-99.3214291,2011,2011-04-19,8.07,8.634101448412702,-0.5641014484127016,0.5641014484127016
403646099293301,PHELPS,40.6127772,-99.4935704,2011,2011-04-20,17.59,22.74815199404762,-5.158151994047621,5.158151994047621
403651099281401,PHELPS,40.613021,-99.4747929,2011,2011-04-20,34.86,19.542626418650787,15.317373581349212,15.317373581349212
403928099371801,PHELPS,40.655954,-99.6202609,2011,2011-04-20,81.33,70.09701607142856,11.232983928571443,11.232983928571443
402630099305500,PHELPS,40.44133611111111,-99.51204166666666,2011,2011-04-21,176.35,161.0429242956352,15.307075704364792,15.307075704364792
402906099342201,PHELPS,40.485083333333336,-99.57288888888888,2011,2011-04-21,149.48,100.17409833333312,49.30590166666687,49.30590166666687
403408099130501,PHELPS,40.56878722222223,-99.21816944444444,2011,2011-04-28,12.27,12.554336904761918,-0.2843369047619184,0.2843369047619184
403645099242701,PHELPS,40.61264497222222,-99.40752011111113,2011,2011-04-28,16.42,17.483661666666638,-1.0636616666666363,1.0636616666666363
403315099351501,PHELPS,40.554270555555554,-99.58744083333332,2011,2011-04-27,67.99,70.60386815476193,-2.6138681547619314,2.6138681547619314
403903099214301,PHELPS,40.650864722222224,-99.3618686111111,2011,2011-04-28,6.29,6.6677969642857065,-0.3777969642857064,0.3777969642857064
404033099373001,PHELPS,40.67593911111111,-99.62515633333332,2011,2011-04-21,8.25,3.621260000000023,4.628739999999977,4.628739999999977
404040099383501,PHELPS,40.67796833333333,-99.64313333333334,2011,2011-04-21,10.21,11.882340178571422,-1.672340178571421,1.672340178571421
404102099373001,PHELPS,40.68405933333333,-99.62523716666666,2011,2011-04-21,8.07,6.551512321428574,1.518487678571426,1.518487678571426
403946099383201,PHELPS,40.66301611111111,-99.64228555555556,2011,2011-04-21,93.79,113.60576541666664,-19.815765416666636,19.815765416666636
402340099353701,PHELPS,40.39445302,-99.59399869,2011,2011-05-09,24.62,92.54265374999991,-67.92265374999991,67.92265374999991
402524099201601,PHELPS,40.42334431,-99.33815365,2011,2011-05-09,112.01,86.69514297619051,25.314857023809495,25.314857023809495
402421099112000,PHELPS,40.40549166666666,-99.18921666666668,2011,2011-11-07,55.09,105.20604011904739,-50.11604011904738,50.11604011904738
402630099305500,PHELPS,40.44133611111111,-99.51204166666666,2011,2011-11-04,177.46,161.0429242956352,16.417075704364805,16.417075704364805
402906099342201,PHELPS,40.485083333333336,-99.57288888888888,2011,2011-11-04,149.86,100.17409833333312,49.685901666666894,49.685901666666894
403408099130501,PHELPS,40.56878722222223,-99.21816944444444,2011,2011-10-25,12.41,12.554336904761918,-0.14433690476191785,0.14433690476191785
403645099242701,PHELPS,40.61264497222222,-99.40752011111113,2011,2011-10-25,16.66,17.483661666666638,-0.8236616666666379,0.8236616666666379
403315099351501,PHELPS,40.554270555555554,-99.58744083333332,2011,2011-10-25,67.14,70.60386815476193,-3.4638681547619257,3.4638681547619257
403903099214301,PHELPS,40.650864722222224,-99.3618686111111,2011,2011-10-24,5.83,6.6677969642857065,-0.8377969642857064,0.8377969642857064
404033099373001,PHELPS,40.67593911111111,-99.62515633333332,2011,2011-10-25,6.32,3.621260000000023,2.6987399999999773,2.6987399999999773
404040099383501,PHELPS,40.67796833333333,-99.64313333333334,2011,2011-10-25,7.61,11.882340178571422,-4.2723401785714215,4.2723401785714215
404102099373001,PHELPS,40.68405933333333,-99.62523716666666,2011,2011-10-25,7.78,6.551512321428574,1.228487678571426,1.228487678571426
403946099383201,PHELPS,40.66301611111111,-99.64228555555556,2011,2011-10-25,91.95,113.60576541666664,-21.65576541666664,21.65576541666664
402421099112000,PHELPS,40.40549166666666,-99.18921666666668,2010,2010-04-19,56.39,105.40815303571456,-49.01815303571456,49.01815303571456
402421099112000,PHELPS,40.40549166666666,-99.18921666666668,2009,2009-10-26,57.92,106.31644595238082,-48.396445952380816,48.396445952380816
402532099235801,PHELPS,40.42582814,-99.40068743,2009,2009-10-15,118.93,102.5495020287352,16.380497971264802,16.380497971264802
402532099235801,PHELPS,40.42582814,-99.40068743,2010,2010-04-23,117.19,99.85554574675304,17.33445425324696,17.33445425324696
402630099305500,PHELPS,40.44133611111111,-99.51204166666666,2010,2010-04-19,180.23,161.77381696428608,18.456183035713906,18.456183035713906
402630099305500,PHELPS,40.44133611111111,-99.51204166666666,2009,2009-10-27,179.97,163.50279312500012,16.467206874999874,16.467206874999874
402905099115301,PHELPS,40.4848551,-99.1983097,2010,2010-04-22,30.68,25.16862916666671,5.511370833333288,5.511370833333288
402906099342201,PHELPS,40.485083333333336,-99.57288888888888,2010,2010-04-19,151.09,97.30787708333338,53.78212291666662,53.78212291666662
402906099342201,PHELPS,40.485083333333336,-99.57288888888888,2009,2009-10-27,153.1,100.22703910714257,52.87296089285742,52.87296089285742
402924099235501,PHELPS,40.4901949,-99.398706,2009,2009-10-15,52.47,47.544252013888894,4.925747986111105,4.925747986111105
402924099235501,PHELPS,40.4901949,-99.398706,2010,2010-04-23,52.53,45.4387642559523,7.091235744047701,7.091235744047701
403138099235801,PHELPS,40.5255500233333,-99.399115,2009,2009-10-15,30.11,24.452854166666672,5.6571458333333275,5.6571458333333275
403138099235801,PHELPS,40.5255500233333,-99.399115,2010,2010-04-23,25.88,23.863100833333387,2.0168991666666116,2.0168991666666116
403217099312001,PHELPS,40.5392815,-99.5207383,2009,2009-10-16,100.51,100.22908910714257,0.28091089285743465,0.28091089285743465
403217099312001,PHELPS,40.5392815,-99.5207383,2010,2010-04-26,99.99,97.29574375000006,2.6942562499999383,2.6942562499999383
403315099351501,PHELPS,40.554270555555554,-99.58744083333332,2010,2010-04-16,70.39,72.13324041666674,-1.7432404166667368,1.7432404166667368
403315099351501,PHELPS,40.554270555555554,-99.58744083333332,2009,2009-10-28,71.12,73.96825208333337,-2.8482520833333638,2.8482520833333638
403322099201601,PHELPS,40.5547811,-99.3416484,2009,2009-10-15,5.49,14.33503068452384,-8.84503068452384,8.84503068452384
403322099304801,PHELPS,40.5542755075,-99.5122815,2009,2009-10-16,58.26,73.8963742559522,-15.636374255952198,15.636374255952198
403322099304801,PHELPS,40.5542755075,-99.5122815,2010,2010-04-26,56.82,72.7575624404761,-15.937562440476093,15.937562440476093
403408099130501,PHELPS,40.56878722222223,-99.21816944444444,2010,2010-04-21,12.49,12.879927023809557,-0.3899270238095571,0.3899270238095571
403408099130501,PHELPS,40.56878722222223,-99.21816944444444,2009,2009-10-16,13.71,15.380270535714299,-1.6702705357142982,1.6702705357142982
403507099254101,PHELPS,40.58520714,-99.42844836,2009,2009-10-15,23.56,15.740770744047618,7.819229255952381,7.819229255952381
403507099254101,PHELPS,40.58520714,-99.42844836,2010,2010-04-23,20.95,12.686990000000023,8.263009999999976,8.263009999999976
403645099242701,PHELPS,40.61264497222222,-99.40752011111113,2010,2010-04-14,17.99,18.624418630952317,-0.6344186309523181,0.6344186309523181
403645099242701,PHELPS,40.61264497222222,-99.40752011111113,2009,2009-10-16,19.92,20.97564449404764,-1.0556444940476375,1.0556444940476375
403646099293301,PHELPS,40.6127772,-99.4935704,2009,2009-10-15,18.24,24.99292981150797,-6.752929811507972,6.752929811507972
403646099293301,PHELPS,40.6127772,-99.4935704,2010,2010-04-23,15.9,23.588915654761895,-7.688915654761894,7.688915654761894
403651099281401,PHELPS,40.613021,-99.4747929,2009,2009-10-15,40.3,21.87329267316019,18.426707326839807,18.426707326839807
403651099281401,PHELPS,40.613021,-99.4747929,2010,2010-04-23,37.32,20.024551964285653,17.295448035714347,17.295448035714347
403903099214301,PHELPS,40.650864722222224,-99.3618686111111,2010,2010-04-14,6.39,6.669647916666655,-0.2796479166666552,0.2796479166666552
403903099214301,PHELPS,40.650864722222224,-99.3618686111111,2009,2009-10-16,7.84,8.576856666666673,-0.7368566666666734,0.7368566666666734
403915099190801,PHELPS,40.6573434,-99.3214291,2009,2009-10-15,9.0,10.5042835515873,-1.5042835515872994,1.5042835515872994
403915099190801,PHELPS,40.6573434,-99.3214291,2010,2010-04-23,7.71,8.808525575396835,-1.0985255753968355,1.0985255753968355
403928099371801,PHELPS,40.655954,-99.6202609,2009,2009-10-15,82.97,72.982375,9.987624999999994,9.987624999999994
403928099371801,PHELPS,40.655954,-99.6202609,2010,2010-04-23,81.55,71.28239250000004,10.267607499999954,10.267607499999954
403946099383201,PHELPS,40.66301611111111,-99.64228555555556,2010,2010-04-16,94.84,115.59010291666642,-20.75010291666642,20.75010291666642
403946099383201,PHELPS,40.66301611111111,-99.64228555555556,2009,2009-11-03,95.06,117.97446499999998,-22.91446499999998,22.91446499999998
404033099373001,PHELPS,40.67593911111111,-99.62515633333332,2010,2010-04-16,8.29,3.516172499999996,4.773827500000003,4.773827500000003
404033099373001,PHELPS,40.67593911111111,-99.62515633333332,2009,2009-11-03,8.19,4.892930833333351,3.297069166666648,3.297069166666648
404040099383501,PHELPS,40.67796833333333,-99.64313333333334,2010,2010-04-16,10.16,12.38369208333331,-2.22369208333331,2.22369208333331
404040099383501,PHELPS,40.67796833333333,-99.64313333333334,2009,2009-11-03,9.68,13.65612083333334,-3.97612083333334,3.97612083333334
404102099373001,PHELPS,40.68405933333333,-99.62523716666666,2010,2010-04-16,8.85,8.788980416666647,0.06101958333335311,0.06101958333335311
404102099373001,PHELPS,40.68405933333333,-99.62523716666666,2009,2009-11-03,7.63,8.247401944444407,-0.6174019444444072,0.6174019444444072
402821099282901,PHELPS,40.47215973,-99.47068872,2009,2009-10-16,97.79,93.89257086309536,3.8974291369046483,3.8974291369046483
403322099272302,PHELPS,40.5545803,-99.4609332,2009,2009-10-16,16.21,14.233661984126973,1.9763380158730275,1.9763380158730275
402821099282901,PHELPS,40.47215973,-99.47068872,2010,2010-04-26,94.24,92.73300464285745,1.506995357142543,1.506995357142543
403322099272302,PHELPS,40.5545803,-99.4609332,2010,2010-04-26,13.78,12.181514583333358,1.598485416666641,1.598485416666641
403558099371801,PHELPS,40.5994522,-99.622055,2010,2010-04-26,70.77,89.32004749999963,-18.550047499999636,18.550047499999636
402340099353701,PHELPS,40.39445302,-99.59399869,2010,2010-05-03,24.61,93.54005309523797,-68.93005309523797,68.93005309523797
402524099201601,PHELPS,40.42334431,-99.33815365,2010,2010-05-03,114.02,88.18765247294351,25.832347527056484,25.832347527056484
403322099201601,PHELPS,40.5547811,-99.3416484,2012,2012-04-18,2.69,12.717748214285711,-10.027748214285712,10.027748214285712
403903099214301,PHELPS,40.650864722222224,-99.3618686111111,2012,2012-05-14,5.46,7.059363750000034,-1.599363750000034,1.599363750000034
404033099373001,PHELPS,40.67593911111111,-99.62515633333332,2012,2012-05-14,7.2,4.928309583333317,2.271690416666683,2.271690416666683
404040099383501,PHELPS,40.67796833333333,-99.64313333333334,2012,2012-05-14,9.06,13.935845833333287,-4.875845833333287,4.875845833333287
404102099373001,PHELPS,40.68405933333333,-99.62523716666666,2012,2012-05-14,9.73,7.686199583333302,2.0438004166666985,2.0438004166666985
403408099130501,PHELPS,40.56878722222223,-99.21816944444444,2012,2012-05-15,12.03,12.922381250000052,-0.892381250000053,0.892381250000053
403645099242701,PHELPS,40.61264497222222,-99.40752011111113,2012,2012-05-14,17.41,18.63839000000005,-1.2283900000000507,1.2283900000000507
402421099112000,PHELPS,40.40549166666666,-99.18921666666668,2012,2012-04-23,53.4,104.41310694444473,-51.013106944444736,51.013106944444736
403315099351501,PHELPS,40.554270555555554,-99.58744083333332,2012,2012-05-15,66.68,70.2990650000002,-3.619065000000191,3.619065000000191
403946099383201,PHELPS,40.66301611111111,-99.64228555555556,2012,2012-05-14,92.27,112.53789208333333,-20.267892083333336,20.267892083333336
403322099272302,PHELPS,40.5545803,-99.4609332,2012,2012-04-18,10.5,12.522850416666673,-2.0228504166666728,2.0228504166666728
402906099342201,PHELPS,40.485083333333336,-99.57288888888888,2012,2012-04-24,147.63,94.28654749999988,53.34345250000011,53.34345250000011
402630099305500,PHELPS,40.44133611111111,-99.51204166666666,2012,2012-04-24,174.62,159.18572577380974,15.434274226190269,15.434274226190269
402340099353701,PHELPS,40.39445302,-99.59399869,2012,2012-03-28,24.35,92.4595667857145,-68.10956678571449,68.10956678571449
402524099201601,PHELPS,40.42334431,-99.33815365,2012,2012-03-28,110.51,86.54858779761922,23.961412202380785,23.961412202380785
403646099293301,PHELPS,40.6127772,-99.4935704,2012,2012-04-18,17.01,24.807278750000005,-7.797278750000004,7.797278750000004
403507099254101,PHELPS,40.58520714,-99.42844836,2012,2012-04-18,18.81,13.236419166666703,5.5735808333332955,5.5735808333332955
403138099235801,PHELPS,40.5255500233333,-99.399115,2012,2012-04-18,21.05,20.368275000000075,0.6817249999999255,0.6817249999999255
403037099111401,PHELPS,40.5103457694444,-99.1873426,2012,2012-04-17,27.52,26.870432380952387,0.6495676190476125,0.6495676190476125
402905099115301,PHELPS,40.4848551,-99.1983097,2012,2012-04-17,29.54,26.330014087301578,3.2099859126984214,3.2099859126984214
403651099281401,PHELPS,40.613021,-99.4747929,2012,2012-04-18,35.68,21.20709619047624,14.47290380952376,14.47290380952376
403037099111401,PHELPS,40.5103457694444,-99.1873426,2012,2012-10-15,32.0,26.870432380952387,5.129567619047613,5.129567619047613
402905099115301,PHELPS,40.4848551,-99.1983097,2012,2012-10-15,36.0,26.330014087301578,9.669985912698422,9.669985912698422
402924099235501,PHELPS,40.4901949,-99.398706,2012,2012-10-16,55.52,42.784698660714305,12.735301339285698,12.735301339285698
402821099282901,PHELPS,40.47215973,-99.47068872,2012,2012-10-17,94.39,91.56494190476182,2.8250580952381767,2.8250580952381767
403322099201601,PHELPS,40.5547811,-99.3416484,2012,2012-10-16,7.05,12.717748214285711,-5.667748214285711,5.667748214285711
403138099235801,PHELPS,40.5255500233333,-99.399115,2012,2012-10-16,31.44,20.368275000000075,11.071724999999926,11.071724999999926
403507099254101,PHELPS,40.58520714,-99.42844836,2012,2012-10-16,23.82,13.236419166666703,10.583580833333297,10.583580833333297
403322099304801,PHELPS,40.5542755075,-99.5122815,2012,2012-10-17,57.8,68.58859119047597,-10.78859119047597,10.78859119047597
403322099272302,PHELPS,40.5545803,-99.4609332,2012,2012-10-17,20.01,12.522850416666673,7.487149583333329,7.487149583333329
403217099312001,PHELPS,40.5392815,-99.5207383,2012,2012-10-17,100.76,94.27145999999989,6.488540000000114,6.488540000000114
403558099371801,PHELPS,40.5994522,-99.622055,2012,2012-10-17,72.6,88.18886452380964,-15.588864523809647,15.588864523809647
403915099190801,PHELPS,40.6573434,-99.3214291,2012,2012-10-16,10.5,8.46857553571431,2.0314244642856902,2.0314244642856902
403646099293301,PHELPS,40.6127772,-99.4935704,2012,2012-10-16,18.67,24.807278750000005,-6.137278750000004,6.137278750000004
403651099281401,PHELPS,40.613021,-99.4747929,2012,2012-10-16,43.65,21.20709619047624,22.44290380952376,22.44290380952376
403928099371801,PHELPS,40.655954,-99.6202609,2012,2012-10-16,84.44,69.13611041666694,15.30388958333306,15.30388958333306
402924099235501,PHELPS,40.4901949,-99.398706,2012,2012-04-18,48.31,42.784698660714305,5.525301339285697,5.525301339285697
403322099304801,PHELPS,40.5542755075,-99.5122815,2012,2012-04-18,52.42,68.58859119047597,-16.168591190475965,16.168591190475965
403558099371801,PHELPS,40.5994522,-99.622055,2012,2012-04-18,71.13,88.18886452380964,-17.058864523809646,17.058864523809646
403928099371801,PHELPS,40.655954,-99.6202609,2012,2012-04-18,80.25,69.13611041666694,11.113889583333062,11.113889583333062
402821099282901,PHELPS,40.47215973,-99.47068872,2012,2012-04-18,88.91,91.56494190476182,-2.6549419047618272,2.6549419047618272
403217099312001,PHELPS,40.5392815,-99.5207383,2012,2012-04-18,95.01,94.27145999999989,0.7385400000001141,0.7385400000001141
402905099115301,PHELPS,40.4848551,-99.1983097,2013,2013-04-10,33.67,27.527104166666764,6.142895833333238,6.142895833333238
402924099235501,PHELPS,40.4901949,-99.398706,2013,2013-04-11,52.61,47.95081107142858,4.659188928571417,4.659188928571417
403037099111401,PHELPS,40.5103457694444,-99.1873426,2013,2013-04-10,31.33,27.964083750000018,3.36591624999998,3.36591624999998
403138099235801,PHELPS,40.5255500233333,-99.399115,2013,2013-04-11,25.23,24.484075000000026,0.7459249999999749,0.7459249999999749
403217099312001,PHELPS,40.5392815,-99.5207383,2013,2013-04-12,96.78,96.44366541666665,0.336334583333354,0.336334583333354
403322099201601,PHELPS,40.5547811,-99.3416484,2013,2013-04-11,7.62,13.0379872321429,-5.4179872321429,5.4179872321429
403322099304801,PHELPS,40.5542755075,-99.5122815,2013,2013-04-12,54.61,70.269397857143,-15.659397857143006,15.659397857143006
403507099254101,PHELPS,40.58520714,-99.42844836,2013,2013-04-12,24.86,16.08645624999998,8.77354375000002,8.77354375000002
403646099293301,PHELPS,40.6127772,-99.4935704,2013,2013-04-11,21.02,25.314172083333336,-4.294172083333336,4.294172083333336
403651099281401,PHELPS,40.613021,-99.4747929,2013,2013-04-11,38.8,22.510146249999938,16.28985375000006,16.28985375000006
403915099190801,PHELPS,40.6573434,-99.3214291,2013,2013-04-11,9.73,11.508085357142832,-1.7780853571428317,1.7780853571428317
403928099371801,PHELPS,40.655954,-99.6202609,2013,2013-04-11,80.95,73.6335620833333,7.3164379166667,7.3164379166667
403322099272302,PHELPS,40.5545803,-99.4609332,2013,2013-04-12,17.07,14.136026547619014,2.933973452380986,2.933973452380986
404033099373001,PHELPS,40.67593911111111,-99.62515633333332,2013,2013-04-30,7.96,6.0172424999999805,1.9427575000000195,1.9427575000000195
404040099383501,PHELPS,40.67796833333333,-99.64313333333334,2013,2013-04-30,9.47,14.649869166666608,-5.179869166666608,5.179869166666608
404102099373001,PHELPS,40.68405933333333,-99.62523716666666,2013,2013-04-30,9.55,7.601829583333309,1.9481704166666916,1.9481704166666916
403946099383201,PHELPS,40.66301611111111,-99.64228555555556,2013,2013-04-30,93.49,116.03319041666683,-22.54319041666683,22.54319041666683
403408099130501,PHELPS,40.56878722222223,-99.21816944444444,2013,2013-05-02,15.16,15.778076190476177,-0.6180761904761773,0.6180761904761773
403645099242701,PHELPS,40.61264497222222,-99.40752011111113,2013,2013-05-10,20.13,21.31721750000003,-1.1872175000000311,1.1872175000000311
403315099351501,PHELPS,40.554270555555554,-99.58744083333332,2013,2013-05-10,68.8,75.61220541666665,-6.812205416666657,6.812205416666657
403903099214301,PHELPS,40.650864722222224,-99.3618686111111,2013,2013-05-10,8.16,8.728633333333356,-0.5686333333333558,0.5686333333333558
402421099112000,PHELPS,40.40549166666666,-99.18921666666668,2013,2013-05-13,56.66,106.64946398809532,-49.98946398809532,49.98946398809532
402630099305500,PHELPS,40.44133611111111,-99.51204166666666,2013,2013-05-14,176.04,161.78267571428563,14.257324285714361,14.257324285714361
402906099342201,PHELPS,40.485083333333336,-99.57288888888888,2013,2013-05-14,149.36,96.44239041666665,52.91760958333336,52.91760958333336
402340099353701,PHELPS,40.39445302,-99.59399869,2013,2013-04-16,24.7,94.2044197619047,-69.5044197619047,69.5044197619047
402524099201601,PHELPS,40.42334431,-99.33815365,2013,2013-04-16,113.48,88.14382250000016,25.33617749999985,25.33617749999985
402905099115301,PHELPS,40.4848551,-99.1983097,2015,2015-04-16,36.8,30.35854166666662,6.441458333333376,6.441458333333376
402924099235501,PHELPS,40.4901949,-99.398706,2015,2015-04-16,53.7,49.485265460858535,4.2147345391414675,4.2147345391414675
403037099111401,PHELPS,40.5103457694444,-99.1873426,2015,2015-04-16,35.2,29.995981666666594,5.2040183333334085,5.2040183333334085
403138099235801,PHELPS,40.5255500233333,-99.399115,2015,2015-04-16,29.38,26.82112499999991,2.5588750000000893,2.5588750000000893
403217099312001,PHELPS,40.5392815,-99.5207383,2015,2015-04-20,103.35,96.4656862499999,6.884313750000089,6.884313750000089
403322099201601,PHELPS,40.5547811,-99.3416484,2015,2015-04-16,10.03,15.53087604166666,-5.500876041666661,5.500876041666661
403322099304801,PHELPS,40.5542755075,-99.5122815,2015,2015-04-20,60.63,73.83648160714262,-13.206481607142614,13.206481607142614
403646099293301,PHELPS,40.6127772,-99.4935704,2015,2015-04-20,21.05,25.90376049603172,-4.853760496031718,4.853760496031718
403651099281401,PHELPS,40.613021,-99.4747929,2015,2015-04-20,42.85,23.855840853174623,18.99415914682538,18.99415914682538
403915099190801,PHELPS,40.6573434,-99.3214291,2015,2015-04-16,10.36,13.36949554563493,-3.0094955456349304,3.0094955456349304
403928099371801,PHELPS,40.655954,-99.6202609,2015,2015-04-20,82.71,73.89979791666661,8.81020208333338,8.81020208333338
402905099115301,PHELPS,40.4848551,-99.1983097,2014,2014-04-07,36.25,29.241640000000064,7.008359999999936,7.008359999999936
402924099235501,PHELPS,40.4901949,-99.398706,2014,2014-04-08,53.47,47.81704791666661,5.652952083333389,5.652952083333389
403037099111401,PHELPS,40.5103457694444,-99.1873426,2014,2014-04-07,34.54,29.175171249999995,5.3648287500000045,5.3648287500000045
403138099235801,PHELPS,40.5255500233333,-99.399115,2014,2014-04-08,27.8,25.57813000000012,2.221869999999882,2.221869999999882
403217099312001,PHELPS,40.5392815,-99.5207383,2014,2014-04-08,101.62,96.20306041666672,5.4169395833332885,5.4169395833332885
403322099201601,PHELPS,40.5547811,-99.3416484,2014,2014-04-08,8.4,14.770094880952348,-6.370094880952347,6.370094880952347
403322099304801,PHELPS,40.5542755075,-99.5122815,2014,2014-04-08,58.73,72.91824744047625,-14.188247440476253,14.188247440476253
403646099293301,PHELPS,40.6127772,-99.4935704,2014,2014-04-08,22.4,26.542911249999996,-4.142911249999997,4.142911249999997
403651099281401,PHELPS,40.613021,-99.4747929,2014,2014-04-08,42.28,24.195722083333337,18.084277916666665,18.084277916666665
403915099190801,PHELPS,40.6573434,-99.3214291,2014,2014-04-08,10.0,11.876614583333371,-1.876614583333371,1.876614583333371
403928099371801,PHELPS,40.655954,-99.6202609,2014,2014-04-08,83.42,71.8345004166665,11.585499583333501,11.585499583333501
403322099272302,PHELPS,40.5545803,-99.4609332,2014,2014-04-08,19.87,15.007012619047615,4.8629873809523865,4.8629873809523865
402421099112000,PHELPS,40.40549166666666,-99.18921666666668,2014,2014-04-25,59.66,107.79439291666678,-48.13439291666678,48.13439291666678
403315099351501,PHELPS,40.554270555555554,-99.58744083333332,2014,2014-04-24,71.32,73.19179041666642,-1.8717904166664283,1.8717904166664283
403946099383201,PHELPS,40.66301611111111,-99.64228555555556,2014,2014-05-01,95.53,115.43602749999991,-19.906027499999908,19.906027499999908
402906099342201,PHELPS,40.485083333333336,-99.57288888888888,2014,2014-05-02,150.75,96.20308541666672,54.546914583333276,54.546914583333276
402630099305500,PHELPS,40.44133611111111,-99.51204166666666,2014,2014-05-02,177.92,162.3445937499999,15.5754062500001,15.5754062500001
404033099373001,PHELPS,40.67593911111111,-99.62515633333332,2014,2014-05-01,8.8,6.314587499999988,2.485412500000013,2.485412500000013
403903099214301,PHELPS,40.650864722222224,-99.3618686111111,2014,2014-04-24,8.94,8.750484583333389,0.18951541666661065,0.18951541666661065
404102099373001,PHELPS,40.68405933333333,-99.62523716666666,2014,2014-05-01,9.52,8.74991833333335,0.7700816666666501,0.7700816666666501
404040099383501,PHELPS,40.67796833333333,-99.64313333333334,2014,2014-05-01,10.47,14.367610833333323,-3.8976108333333226,3.8976108333333226
403408099130501,PHELPS,40.56878722222223,-99.21816944444444,2014,2014-04-24,16.69,16.495929880952456,0.19407011904754512,0.19407011904754512
403645099242701,PHELPS,40.61264497222222,-99.40752011111113,2014,2014-04-24,22.85,23.56867083333329,-0.7186708333332881,0.7186708333332881
402421099112000,PHELPS,40.40549166666666,-99.18921666666668,2015,2015-04-06,59.27,109.01413434523805,-49.744134345238045,49.744134345238045
402630099305500,PHELPS,40.44133611111111,-99.51204166666666,2015,2015-04-07,177.68,163.96670479978337,13.713295200216635,13.713295200216635
402906099342201,PHELPS,40.485083333333336,-99.57288888888888,2015,2015-04-07,151.61,96.47813624999989,55.13186375000012,55.13186375000012
403408099130501,PHELPS,40.56878722222223,-99.21816944444444,2015,2015-04-08,17.01,18.505901428571356,-1.4959014285713543,1.4959014285713543
403645099242701,PHELPS,40.61264497222222,-99.40752011111113,2015,2015-04-10,23.88,25.352452023809537,-1.472452023809538,1.472452023809538
403315099351501,PHELPS,40.554270555555554,-99.58744083333332,2015,2015-04-13,72.93,75.59179499999999,-2.6617949999999837,2.6617949999999837
403903099214301,PHELPS,40.650864722222224,-99.3618686111111,2015,2015-04-08,9.48,10.14940672619046,-0.6694067261904593,0.6694067261904593
404033099373001,PHELPS,40.67593911111111,-99.62515633333332,2015,2015-04-06,8.06,5.272912500000014,2.787087499999987,2.787087499999987
404040099383501,PHELPS,40.67796833333333,-99.64313333333334,2015,2015-04-06,9.64,12.638094047619004,-2.998094047619004,2.998094047619004
404102099373001,PHELPS,40.68405933333333,-99.62523716666666,2015,2015-04-06,8.87,7.285564166666639,1.5844358333333606,1.5844358333333606
403946099383201,PHELPS,40.66301611111111,-99.64228555555556,2015,2015-04-06,94.93,116.68392180555551,-21.753921805555507,21.753921805555507
402340099353701,PHELPS,40.39445302,-99.59399869,2015,2015-04-07,24.81,97.3883116666668,-72.57831166666679,72.57831166666679
402524099201601,PHELPS,40.42334431,-99.33815365,2015,2015-04-07,121.51,91.46158201388876,30.048417986111247,30.048417986111247
403408099130501,PHELPS,40.56878722222223,-99.21816944444444,2016,2016-05-09,19.59,19.553022857142963,0.03697714285703668,0.03697714285703668
403645099242701,PHELPS,40.61264497222222,-99.40752011111113,2016,2016-05-09,25.53,25.261516666666772,0.26848333333322927,0.26848333333322927
403915099190801,PHELPS,40.6573434,-99.3214291,2016,2016-04-21,9.58,12.739928095238108,-3.159928095238108,3.159928095238108
403322099201601,PHELPS,40.5547811,-99.3416484,2016,2016-04-21,10.25,15.986656875000005,-5.736656875000005,5.736656875000005
403646099293301,PHELPS,40.6127772,-99.4935704,2016,2016-04-21,20.07,26.37075125000004,-6.30075125000004,6.30075125000004
403138099235801,PHELPS,40.5255500233333,-99.399115,2016,2016-04-21,28.82,26.42044999999989,2.3995500000001115,2.3995500000001115
403037099111401,PHELPS,40.5103457694444,-99.1873426,2016,2016-04-14,35.97,30.333650416666618,5.636349583333381,5.636349583333381
402905099115301,PHELPS,40.4848551,-99.1983097,2016,2016-04-14,37.68,30.462531547619065,7.217468452380935,7.217468452380935
403651099281401,PHELPS,40.613021,-99.4747929,2016,2016-04-21,41.21,23.78646375000004,17.423536249999962,17.423536249999962
402924099235501,PHELPS,40.4901949,-99.398706,2016,2016-04-21,53.82,50.25659396825394,3.5634060317460623,3.5634060317460623
403322099304801,PHELPS,40.5542755075,-99.5122815,2016,2016-04-21,61.41,74.18561744047611,-12.775617440476111,12.775617440476111
403928099371801,PHELPS,40.655954,-99.6202609,2016,2016-04-21,82.33,74.11022339285674,8.21977660714326,8.21977660714326
404102099373001,PHELPS,40.68405933333333,-99.62523716666666,2015,2015-10-08,8.13,7.285564166666639,0.8444358333333621,0.8444358333333621
404033099373001,PHELPS,40.67593911111111,-99.62515633333332,2015,2015-10-08,8.27,5.272912500000014,2.997087499999986,2.997087499999986
404040099383501,PHELPS,40.67796833333333,-99.64313333333334,2015,2015-10-08,9.51,12.638094047619004,-3.1280940476190047,3.1280940476190047
403903099214301,PHELPS,40.650864722222224,-99.3618686111111,2015,2015-10-08,10.94,10.14940672619046,0.7905932738095398,0.7905932738095398
402340099353701,PHELPS,40.39445302,-99.59399869,2016,2016-04-11,24.7,98.13652142857117,-73.43652142857117,73.43652142857117
402524099201601,PHELPS,40.42334431,-99.33815365,2016,2016-04-11,117.9,92.2213738392856,25.6786261607144,25.6786261607144
403217099312001,PHELPS,40.5392815,-99.5207383,2016,2016-04-21,104.2,95.82897708333331,8.37102291666669,8.37102291666669
404033099373001,PHELPS,40.67593911111111,-99.62515633333332,2016,2016-05-10,7.04,4.9421458333333455,2.0978541666666546,2.0978541666666546
403903099214301,PHELPS,40.650864722222224,-99.3618686111111,2016,2016-05-09,9.39,9.049121964285694,0.3408780357143062,0.3408780357143062
404040099383501,PHELPS,40.67796833333333,-99.64313333333334,2016,2016-05-10,10.02,13.996554166666705,-3.9765541666667055,3.9765541666667055
404102099373001,PHELPS,40.68405933333333,-99.62523716666666,2016,2016-05-10,10.17,7.590065833333293,2.579934166666707,2.579934166666707
403315099351501,PHELPS,40.554270555555554,-99.58744083333332,2016,2016-05-09,76.55,75.9905608928566,0.5594391071433904,0.5594391071433904
403946099383201,PHELPS,40.66301611111111,-99.64228555555556,2016,2016-05-10,97.18,117.04316464285706,-19.863164642857058,19.863164642857058
403408099130501,PHELPS,40.56878722222223,-99.21816944444444,2015,2015-10-14,19.08,18.505901428571356,0.5740985714286424,0.5740985714286424
403645099242701,PHELPS,40.61264497222222,-99.40752011111113,2015,2015-10-08,26.11,25.352452023809537,0.7575479761904624,0.7575479761904624
402421099112000,PHELPS,40.40549166666666,-99.18921666666668,2015,2015-10-05,63.68,109.01413434523805,-45.33413434523805,45.33413434523805
403315099351501,PHELPS,40.554270555555554,-99.58744083333332,2015,2015-10-08,75.04,75.59179499999999,-0.5517949999999843,0.5517949999999843
403946099383201,PHELPS,40.66301611111111,-99.64228555555556,2015,2015-10-08,95.76,116.68392180555551,-20.92392180555551,20.92392180555551
402906099342201,PHELPS,40.485083333333336,-99.57288888888888,2015,2015-10-06,154.79,96.47813624999989,58.3118637500001,58.3118637500001
402630099305500,PHELPS,40.44133611111111,-99.51204166666666,2015,2015-10-05,180.42,163.96670479978337,16.453295200216616,16.453295200216616
403322099272302,PHELPS,40.5545803,-99.4609332,2016,2016-04-21,19.56,14.641092083333369,4.91890791666663,4.91890791666663
402906099342201,PHELPS,40.485083333333336,-99.57288888888888,2016,2016-05-19,152.3,95.85237708333332,56.44762291666669,56.44762291666669
402630099305500,PHELPS,40.44133611111111,-99.51204166666666,2016,2016-05-17,177.79,163.3067318452383,14.483268154761703,14.483268154761703
402421099112000,PHELPS,40.40549166666666,-99.18921666666668,2016,2016-05-17,61.13,109.58564999999982,-48.455649999999814,48.455649999999814
402630099305500,PHELPS,40.44133611111111,-99.51204166666666,2017,2017-04-03,178.74,163.73734101190428,15.002658988095732,15.002658988095732
404040099383501,PHELPS,40.67796833333333,-99.64313333333334,2017,2017-04-04,12.2,13.787813333333375,-1.5878133333333757,1.5878133333333757
403946099383201,PHELPS,40.66301611111111,-99.64228555555556,2017,2017-04-04,98.06,118.01227117063452,-19.952271170634518,19.952271170634518
404033099373001,PHELPS,40.67593911111111,-99.62515633333332,2017,2017-04-04,9.65,4.883000000000017,4.7669999999999835,4.7669999999999835
404102099373001,PHELPS,40.68405933333333,-99.62523716666666,2017,2017-04-04,10.31,8.231080476190447,2.078919523809553,2.078919523809553
403408099130501,PHELPS,40.56878722222223,-99.21816944444444,2017,2017-04-06,20.61,20.079519880952464,0.5304801190475352,0.5304801190475352
402421099112000,PHELPS,40.40549166666666,-99.18921666666668,2017,2017-04-06,62.46,110.07609666666706,-47.616096666667055,47.616096666667055
402906099342201,PHELPS,40.485083333333336,-99.57288888888888,2017,2017-04-11,153.65,100.21793541666693,53.43206458333307,53.43206458333307
403645099242701,PHELPS,40.61264497222222,-99.40752011111113,2017,2017-04-12,25.27,24.918140416666738,0.35185958333326184,0.35185958333326184
403903099214301,PHELPS,40.650864722222224,-99.3618686111111,2017,2017-04-12,12.37,10.483620000000046,1.8863799999999529,1.8863799999999529
403315099351501,PHELPS,40.554270555555554,-99.58744083333332,2017,2017-04-17,76.49,76.80878339285746,-0.31878339285746904,0.31878339285746904
402905099115301,PHELPS,40.4848551,-99.1983097,2017,2017-04-07,38.21,30.35804833333339,7.851951666666611,7.851951666666611
402924099235501,PHELPS,40.4901949,-99.398706,2017,2017-04-11,55.56,50.20306839285695,5.3569316071430535,5.3569316071430535
403037099111401,PHELPS,40.5103457694444,-99.1873426,2017,2017-04-07,36.11,30.434543750000056,5.675456249999943,5.675456249999943
403138099235801,PHELPS,40.5255500233333,-99.399115,2017,2017-04-11,29.19,26.417487500000117,2.772512499999884,2.772512499999884
403217099312001,PHELPS,40.5392815,-99.5207383,2017,2017-04-12,109.52,100.21278541666693,9.307214583333064,9.307214583333064
403322099201601,PHELPS,40.5547811,-99.3416484,2017,2017-04-11,10.04,16.554821250000003,-6.514821250000004,6.514821250000004
403322099304801,PHELPS,40.5542755075,-99.5122815,2017,2017-04-12,61.29,75.14491535714302,-13.854915357143021,13.854915357143021
403646099293301,PHELPS,40.6127772,-99.4935704,2017,2017-04-12,21.4,26.26530083333335,-4.86530083333335,4.86530083333335
403651099281401,PHELPS,40.613021,-99.4747929,2017,2017-04-12,40.6,23.778570178571467,16.821429821428534,16.821429821428534
403915099190801,PHELPS,40.6573434,-99.3214291,2017,2017-04-11,11.38,14.482598392857156,-3.102598392857155,3.102598392857155
403322099272302,PHELPS,40.5545803,-99.4609332,2017,2017-04-12,21.12,14.47203249999999,6.647967500000011,6.647967500000011
402340099353701,PHELPS,40.39445302,-99.59399869,2017,2017-04-20,24.79,98.88114577380946,-74.09114577380947,74.09114577380947
402524099201601,PHELPS,40.42334431,-99.33815365,2017,2017-04-21,119.08,93.33687017857132,25.74312982142868,25.74312982142868
403037099111401,PHELPS,40.5103457694444,-99.1873426,2018,2018-04-23,35.91,29.49407833333332,6.4159216666666765,6.4159216666666765
402905099115301,PHELPS,40.4848551,-99.1983097,2018,2018-04-23,37.58,29.59429791666665,7.985702083333347,7.985702083333347
402924099235501,PHELPS,40.4901949,-99.398706,2018,2018-04-24,56.18,49.51567351190482,6.664326488095178,6.664326488095178
402821099282901,PHELPS,40.47215973,-99.47068872,2018,2018-04-17,96.65,92.50401104166687,4.145988958333135,4.145988958333135
403322099201601,PHELPS,40.5547811,-99.3416484,2018,2018-04-24,12.2,16.492043571428542,-4.292043571428543,4.292043571428543
403138099235801,PHELPS,40.5255500233333,-99.399115,2018,2018-04-24,29.39,26.191008333333436,3.198991666666565,3.198991666666565
403322099304801,PHELPS,40.5542755075,-99.5122815,2018,2018-04-17,61.24,74.22649172619032,-12.986491726190316,12.986491726190316
403322099272302,PHELPS,40.5545803,-99.4609332,2018,2018-04-17,20.81,16.099377083333334,4.710622916666665,4.710622916666665
403217099312001,PHELPS,40.5392815,-99.5207383,2018,2018-04-17,103.41,100.66603994047571,2.7439600595242837,2.7439600595242837
403558099371801,PHELPS,40.5994522,-99.622055,2018,2018-04-17,70.63,91.9152340476188,-21.2852340476188,21.2852340476188
403915099190801,PHELPS,40.6573434,-99.3214291,2018,2018-04-24,10.4,13.962667857142884,-3.562667857142884,3.562667857142884
403646099293301,PHELPS,40.6127772,-99.4935704,2018,2018-04-17,21.73,26.12154571428572,-4.391545714285719,4.391545714285719
403651099281401,PHELPS,40.613021,-99.4747929,2018,2018-04-17,41.14,23.827547142857107,17.312452857142894,17.312452857142894
403928099371801,PHELPS,40.655954,-99.6202609,2018,2018-04-17,82.58,73.73058958333333,8.849410416666672,8.849410416666672
402340099353701,PHELPS,40.39445302,-99.59399869,2018,2018-04-24,24.75,98.42766851190473,-73.67766851190473,73.67766851190473
402524099201601,PHELPS,40.42334431,-99.33815365,2018,2018-04-24,118.11,92.50381527777766,25.606184722222338,25.606184722222338
402421099112000,PHELPS,40.40549166666666,-99.18921666666668,2018,2018-04-05,61.61,109.71356476190478,-48.10356476190478,48.10356476190478
402630099305500,PHELPS,40.44133611111111,-99.51204166666666,2018,2018-04-11,178.68,163.4463058928569,15.233694107143094,15.233694107143094
402906099342201,PHELPS,40.485083333333336,-99.57288888888888,2018,2018-04-11,152.69,100.7229274404757,51.9670725595243,51.9670725595243
403408099130501,PHELPS,40.56878722222223,-99.21816944444444,2018,2018-04-11,20.26,19.640591825396893,0.6194081746031088,0.6194081746031088
403645099242701,PHELPS,40.61264497222222,-99.40752011111113,2018,2018-04-12,25.91,24.99407666666662,0.9159233333333816,0.9159233333333816
403315099351501,PHELPS,40.554270555555554,-99.58744083333332,2018,2018-04-12,76.7,75.24803125000004,1.4519687499999634,1.4519687499999634
403903099214301,PHELPS,40.650864722222224,-99.3618686111111,2018,2018-04-11,12.45,10.07877499999994,2.3712250000000594,2.3712250000000594
404040099383501,PHELPS,40.67796833333333,-99.64313333333334,2018,2018-04-16,12.87,13.472793154761892,-0.6027931547618923,0.6027931547618923
404033099373001,PHELPS,40.67593911111111,-99.62515633333332,2018,2018-04-16,10.17,5.5496166666666955,4.620383333333304,4.620383333333304
404102099373001,PHELPS,40.68405933333333,-99.62523716666666,2018,2018-04-16,10.44,8.394082500000025,2.045917499999975,2.045917499999975
403946099383201,PHELPS,40.66301611111111,-99.64228555555556,2018,2018-04-16,98.54,116.51089770833285,-17.970897708332842,17.970897708332842
402340099353701,PHELPS,40.39445302,-99.59399869,2019,2019-04-17,24.11,98.11941845238131,-74.00941845238131,74.00941845238131
402524099201601,PHELPS,40.42334431,-99.33815365,2019,2019-04-17,124.9,91.23401708333364,33.665982916666366,33.665982916666366
402905099115301,PHELPS,40.4848551,-99.1983097,2019,2019-04-03,35.14,28.41464696428575,6.7253530357142495,6.7253530357142495
402924099235501,PHELPS,40.4901949,-99.398706,2019,2019-04-03,55.86,47.99861922619042,7.861380773809579,7.861380773809579
403037099111401,PHELPS,40.5103457694444,-99.1873426,2019,2019-04-03,33.12,28.28333375,4.836666249999997,4.836666249999997
403138099235801,PHELPS,40.5255500233333,-99.399115,2019,2019-04-03,27.95,23.862745833333356,4.087254166666643,4.087254166666643
403217099312001,PHELPS,40.5392815,-99.5207383,2019,2019-04-03,104.2,101.14715833333287,3.0528416666671347,3.0528416666671347
403322099201601,PHELPS,40.5547811,-99.3416484,2019,2019-04-03,1.72,15.50248827380949,-13.78248827380949,13.78248827380949
403322099272302,PHELPS,40.5545803,-99.4609332,2019,2019-04-03,16.68,13.719341388888902,2.960658611111098,2.960658611111098
403322099304801,PHELPS,40.5542755075,-99.5122815,2019,2019-04-03,60.29,74.62108973214298,-14.331089732142978,14.331089732142978
403646099293301,PHELPS,40.6127772,-99.4935704,2019,2019-04-03,16.4,24.85532041666667,-8.455320416666673,8.455320416666673
403651099281401,PHELPS,40.613021,-99.4747929,2019,2019-04-03,38.43,21.798913511904725,16.631086488095274,16.631086488095274
403915099190801,PHELPS,40.6573434,-99.3214291,2019,2019-04-03,8.1,12.05106017857144,-3.9510601785714403,3.9510601785714403
403928099371801,PHELPS,40.655954,-99.6202609,2019,2019-04-03,82.08,74.18952708333306,7.890472916666937,7.890472916666937
402421099112000,PHELPS,40.40549166666666,-99.18921666666668,2019,2019-04-02,61.24,110.72136571428615,-49.48136571428615,49.48136571428615
402906099342201,PHELPS,40.485083333333336,-99.57288888888888,2019,2019-04-01,150.65,101.15155833333287,49.498441666667134,49.498441666667134
403408099130501,PHELPS,40.56878722222223,-99.21816944444444,2019,2019-04-05,18.67,18.00038708333333,0.6696129166666722,0.6696129166666722
403645099242701,PHELPS,40.61264497222222,-99.40752011111113,2019,2019-04-02,23.68,22.968102083333378,0.7118979166666222,0.7118979166666222
403315099351501,PHELPS,40.554270555555554,-99.58744083333332,2019,2019-04-24,75.05,75.46432291666629,-0.4143229166662934,0.4143229166662934
403903099214301,PHELPS,40.650864722222224,-99.3618686111111,2019,2019-04-14,9.87,9.338016666666682,0.5319833333333168,0.5319833333333168
404033099373001,PHELPS,40.67593911111111,-99.62515633333332,2019,2019-04-02,9.2,3.9323358333333482,5.267664166666651,5.267664166666651
404040099383501,PHELPS,40.67796833333333,-99.64313333333334,2019,2019-04-02,11.92,14.353374404761972,-2.433374404761972,2.433374404761972
404102099373001,PHELPS,40.68405933333333,-99.62523716666666,2019,2019-04-02,10.67,8.505549999999985,2.1644500000000146,2.1644500000000146
403946099383201,PHELPS,40.66301611111111,-99.64228555555556,2019,2019-04-02,97.82,117.28127003184274,-19.461270031842744,19.461270031842744
403322099254102,PHELPS,40.554275,-99.4303056,2008,2008-04-08,16.84,18.796103333333274,-1.9561033333332745,1.9561033333332745
403322099254102,PHELPS,40.554275,-99.4303056,2008,2008-10-10,16.08,18.796103333333274,-2.716103333333276,2.716103333333276
403322099254102,PHELPS,40.554275,-99.4303056,2009,2009-04-16,15.72,16.902797083333365,-1.182797083333364,1.182797083333364
403322099254102,PHELPS,40.554275,-99.4303056,2009,2009-10-15,15.54,16.902797083333365,-1.3627970833333656,1.3627970833333656
403322099254102,PHELPS,40.554275,-99.4303056,2010,2010-04-23,14.18,14.202300000000035,-0.02230000000003507,0.02230000000003507
403322099254102,PHELPS,40.554275,-99.4303056,2010,2010-10-13,13.07,14.202300000000035,-1.1323000000000345,1.1323000000000345
403322099254102,PHELPS,40.554275,-99.4303056,2011,2011-04-20,15.02,14.417194166666736,0.6028058333332638,0.6028058333332638
403322099254102,PHELPS,40.554275,-99.4303056,2011,2011-10-11,10.15,14.417194166666736,-4.2671941666667355,4.2671941666667355
403138099235801,PHELPS,40.5255500233333,-99.399115,2020,2020-04-13,23.8,24.04875916666669,-0.24875916666669085,0.24875916666669085
403322099201601,PHELPS,40.5547811,-99.3416484,2020,2020-04-13,2.85,12.846400238095253,-9.996400238095253,9.996400238095253
403915099190801,PHELPS,40.6573434,-99.3214291,2020,2020-04-13,7.6,10.177375714285727,-2.5773757142857274,2.5773757142857274
403217099312001,PHELPS,40.5392815,-99.5207383,2020,2020-04-14,98.2,96.3273708333335,1.8726291666664991,1.8726291666664991
403322099304801,PHELPS,40.5542755075,-99.5122815,2020,2020-04-14,55.59,70.16450827380962,-14.574508273809613,14.574508273809613
403646099293301,PHELPS,40.6127772,-99.4935704,2020,2020-04-14,17.4,25.30964124999994,-7.909641249999943,7.909641249999943
403928099371801,PHELPS,40.655954,-99.6202609,2020,2020-04-14,81.18,71.51948333333367,9.66051666666634,9.66051666666634
402421099112000,PHELPS,40.40549166666666,-99.18921666666668,2020,2020-04-15,57.35,107.98067583333373,-50.63067583333373,50.63067583333373
402630099305500,PHELPS,40.44133611111111,-99.51204166666666,2020,2020-04-15,174.8,160.60829922619024,14.191700773809771,14.191700773809771
402906099342201,PHELPS,40.485083333333336,-99.57288888888888,2020,2020-04-15,148.1,96.3273458333335,51.7726541666665,51.7726541666665
403315099351501,PHELPS,40.554270555555554,-99.58744083333332,2020,2020-05-15,71.15,73.32831666666708,-2.1783166666670724,2.1783166666670724
403408099130501,PHELPS,40.56878722222223,-99.21816944444444,2020,2020-04-27,14.49,15.023648749999971,-0.5336487499999709,0.5336487499999709
403645099242701,PHELPS,40.61264497222222,-99.40752011111113,2020,2020-05-05,19.23,20.896391666666712,-1.666391666666712,1.666391666666712
403903099214301,PHELPS,40.650864722222224,-99.3618686111111,2020,2020-04-28,7.96,8.123431666666649,-0.1634316666666491,0.1634316666666491
403946099383201,PHELPS,40.66301611111111,-99.64228555555556,2020,2020-05-01,96.57,115.06149880952418,-18.491498809524188,18.491498809524188
404033099373001,PHELPS,40.67593911111111,-99.62515633333332,2020,2020-05-01,9.38,5.349330000000005,4.030669999999996,4.030669999999996
404040099383501,PHELPS,40.67796833333333,-99.64313333333334,2020,2020-05-01,11.98,14.694130000000072,-2.714130000000072,2.714130000000072
404102099373001,PHELPS,40.68405933333333,-99.62523716666666,2020,2020-05-01,10.55,8.615412500000026,1.9345874999999744,1.9345874999999744
403322099201601,PHELPS,40.5547811,-99.3416484,2021,2021-04-22,4.18,13.03434952380952,-8.854349523809521,8.854349523809521
403915099190801,PHELPS,40.6573434,-99.3214291,2021,2021-04-22,8.2,8.804464702380963,-0.6044647023809642,0.6044647023809642
403646099293301,PHELPS,40.6127772,-99.4935704,2021,2021-04-22,16.75,23.641026309523745,-6.891026309523745,6.891026309523745
403138099235801,PHELPS,40.5255500233333,-99.399115,2021,2021-04-22,27.0,22.25835000000006,4.7416499999999395,4.7416499999999395
403037099111401,PHELPS,40.5103457694444,-99.1873426,2021,2021-04-22,32.72,26.816391666666668,5.903608333333331,5.903608333333331
402905099115301,PHELPS,40.4848551,-99.1983097,2021,2021-04-22,34.3,27.78512166666664,6.514878333333357,6.514878333333357
403651099281401,PHELPS,40.613021,-99.4747929,2021,2021-04-22,38.0,20.517676309523736,17.482323690476264,17.482323690476264
402924099235501,PHELPS,40.4901949,-99.398706,2021,2021-04-22,51.85,43.92661218253965,7.923387817460352,7.923387817460352
403322099304801,PHELPS,40.5542755075,-99.5122815,2021,2021-04-22,56.04,71.38652202380952,-15.34652202380952,15.34652202380952
403928099371801,PHELPS,40.655954,-99.6202609,2021,2021-04-22,83.21,69.92146047619036,13.288539523809632,13.288539523809632
403217099312001,PHELPS,40.5392815,-99.5207383,2021,2021-04-22,97.4,97.53183541666698,-0.13183541666697352,0.13183541666697352
404040099383501,PHELPS,40.67796833333333,-99.64313333333334,2021,2021-04-01,7.86,11.720526666666654,-3.8605266666666536,3.8605266666666536
403946099383201,PHELPS,40.66301611111111,-99.64228555555556,2021,2021-04-01,90.75,113.40166193452387,-22.651661934523872,22.651661934523872
404033099373001,PHELPS,40.67593911111111,-99.62515633333332,2021,2021-04-01,6.73,5.585307499999991,1.1446925000000094,1.1446925000000094
404102099373001,PHELPS,40.68405933333333,-99.62523716666666,2021,2021-04-01,7.01,7.057109672619038,-0.047109672619038534,0.047109672619038534
403645099242701,PHELPS,40.61264497222222,-99.40752011111113,2021,2021-04-15,17.96,19.67568827380951,-1.7156882738095085,1.7156882738095085
403903099214301,PHELPS,40.650864722222224,-99.3618686111111,2021,2021-04-05,3.74,6.253339107142852,-2.513339107142852,2.513339107142852
403408099130501,PHELPS,40.56878722222223,-99.21816944444444,2021,2021-04-06,11.22,16.181995178571473,-4.961995178571472,4.961995178571472
403315099351501,PHELPS,40.554270555555554,-99.58744083333332,2021,2021-04-05,66.33,70.23073214285701,-3.9007321428570094,3.9007321428570094
402906099342201,PHELPS,40.485083333333336,-99.57288888888888,2021,2021-04-08,146.18,97.585772916667,48.59422708333301,48.59422708333301
402630099305500,PHELPS,40.44133611111111,-99.51204166666666,2021,2021-04-08,174.26,158.6580346031747,15.601965396825278,15.601965396825278
402421099112000,PHELPS,40.40549166666666,-99.18921666666668,2021,2021-04-08,58.4,107.53208863095206,-49.13208863095206,49.13208863095206
403408099130501,PHELPS,40.56878722222223,-99.21816944444444,2022,2022-04-05,10.82,14.292761845238092,-3.4727618452380913,3.4727618452380913
402630099305500,PHELPS,40.44133611111111,-99.51204166666666,2022,2022-04-11,170.73,159.3725749702383,11.357425029761686,11.357425029761686
402906099342201,PHELPS,40.485083333333336,-99.57288888888888,2022,2022-04-11,143.44,95.23075833333334,48.20924166666666,48.20924166666666
403903099214301,PHELPS,40.650864722222224,-99.3618686111111,2022,2022-04-12,4.6,8.583438452380951,-3.983438452380952,3.983438452380952
403315099351501,PHELPS,40.554270555555554,-99.58744083333332,2022,2022-04-26,68.84,71.43530458333339,-2.5953045833333874,2.5953045833333874
403645099242701,PHELPS,40.61264497222222,-99.40752011111113,2022,2022-04-26,16.56,20.77195226190474,-4.211952261904742,4.211952261904742
403946099383201,PHELPS,40.66301611111111,-99.64228555555556,2022,2022-04-28,93.09,112.94838291666652,-19.858382916666514,19.858382916666514
404033099373001,PHELPS,40.67593911111111,-99.62515633333332,2022,2022-04-28,7.19,5.75031166666667,1.4396883333333301,1.4396883333333301
404040099383501,PHELPS,40.67796833333333,-99.64313333333334,2022,2022-04-28,7.29,14.137110476190529,-6.847110476190529,6.847110476190529
404102099373001,PHELPS,40.68405933333333,-99.62523716666666,2022,2022-04-28,7.93,7.7081202976190415,0.22187970238095822,0.22187970238095822
403217099312001,PHELPS,40.5392815,-99.5207383,2022,2022-05-13,101.53,95.20495833333332,6.325041666666678,6.325041666666678
403322099304801,PHELPS,40.5542755075,-99.5122815,2022,2022-05-13,56.74,69.67850077380936,-12.93850077380936,12.93850077380936
403646099293301,PHELPS,40.6127772,-99.4935704,2022,2022-05-13,19.08,25.08931249999997,-6.009312499999972,6.009312499999972
403651099281401,PHELPS,40.613021,-99.4747929,2022,2022-05-13,38.43,21.89703999999998,16.53296000000002,16.53296000000002
403928099371801,PHELPS,40.655954,-99.6202609,2022,2022-05-13,87.42,69.87791916666684,17.54208083333316,17.54208083333316
402421099112000,PHELPS,40.40549166666666,-99.18921666666668,2023,2023-04-06,60.46,108.7175488095242,-48.2575488095242,48.2575488095242
402630099305500,PHELPS,40.44133611111111,-99.51204166666666,2023,2023-04-06,174.71,159.05033491071464,15.659665089285369,15.659665089285369
402906099342201,PHELPS,40.485083333333336,-99.57288888888888,2023,2023-04-06,147.99,95.52318333333356,52.466816666666446,52.466816666666446
403315099351501,PHELPS,40.554270555555554,-99.58744083333332,2023,2023-04-12,71.02,72.1647895833329,-1.1447895833329085,1.1447895833329085
403408099130501,PHELPS,40.56878722222223,-99.21816944444444,2023,2023-04-11,15.9,16.529399583333415,-0.6293995833334147,0.6293995833334147
403645099242701,PHELPS,40.61264497222222,-99.40752011111113,2023,2023-04-12,21.65,22.597073333333466,-0.9470733333334671,0.9470733333334671
403903099214301,PHELPS,40.650864722222224,-99.3618686111111,2023,2023-04-12,8.89,8.62579000000001,0.2642099999999914,0.2642099999999914
403946099383201,PHELPS,40.66301611111111,-99.64228555555556,2023,2023-04-14,96.69,114.56402541666631,-17.874025416666314,17.874025416666314
404033099373001,PHELPS,40.67593911111111,-99.62515633333332,2023,2023-04-14,10.56,7.4579874999999936,3.102012500000007,3.102012500000007
404040099383501,PHELPS,40.67796833333333,-99.64313333333334,2023,2023-04-14,10.68,12.498329166666645,-1.8183291666666452,1.8183291666666452
404102099373001,PHELPS,40.68405933333333,-99.62523716666666,2023,2023-04-14,9.55,9.120156250000026,0.429843749999975,0.429843749999975
403316099192301,PHELPS,40.554508,-99.32334,2023,2023-04-12,17.95,16.351667083333435,1.598332916666564,1.598332916666564
G-187841Deep,PHELPS,40.55758333,-99.32308333,2023,2023-04-12,18.79,16.071747083333424,2.718252916666575,2.718252916666575
402421099112000,PHELPS,40.40549166666666,-99.18921666666668,2022,2022-10-06,63.0,107.7239010119045,-44.7239010119045,44.7239010119045
402630099305500,PHELPS,40.44133611111111,-99.51204166666666,2022,2022-10-06,177.92,159.3725749702383,18.547425029761683,18.547425029761683
403408099130501,PHELPS,40.56878722222223,-99.21816944444444,2022,2022-10-11,16.95,14.292761845238092,2.6572381547619077,2.6572381547619077
403645099242701,PHELPS,40.61264497222222,-99.40752011111113,2022,2022-10-11,22.65,20.77195226190474,1.8780477380952583,1.8780477380952583
403315099351501,PHELPS,40.554270555555554,-99.58744083333332,2022,2022-10-11,70.85,71.43530458333339,-0.5853045833333965,0.5853045833333965
403903099214301,PHELPS,40.650864722222224,-99.3618686111111,2022,2022-10-11,10.09,8.583438452380951,1.5065615476190484,1.5065615476190484
404033099373001,PHELPS,40.67593911111111,-99.62515633333332,2022,2022-10-20,11.6,5.75031166666667,5.849688333333329,5.849688333333329
404102099373001,PHELPS,40.68405933333333,-99.62523716666666,2022,2022-10-20,10.74,7.7081202976190415,3.0318797023809587,3.0318797023809587
403946099383201,PHELPS,40.66301611111111,-99.64228555555556,2022,2022-10-20,97.29,112.94838291666652,-15.658382916666511,15.658382916666511
402421099112000,PHELPS,40.40549166666666,-99.18921666666668,2021,2021-10-04,60.13,107.53208863095206,-47.40208863095206,47.40208863095206
402630099305500,PHELPS,40.44133611111111,-99.51204166666666,2021,2021-10-04,175.62,158.6580346031747,16.961965396825292,16.961965396825292
403315099351501,PHELPS,40.554270555555554,-99.58744083333332,2021,2021-10-06,69.87,70.23073214285701,-0.36073214285700317,0.36073214285700317
403408099130501,PHELPS,40.56878722222223,-99.21816944444444,2021,2021-10-04,27.05,16.181995178571473,10.868004821428528,10.868004821428528
403645099242701,PHELPS,40.61264497222222,-99.40752011111113,2021,2021-10-04,20.06,19.67568827380951,0.38431172619048937,0.38431172619048937
403903099214301,PHELPS,40.650864722222224,-99.3618686111111,2021,2021-10-04,7.15,6.253339107142852,0.896660892857148,0.896660892857148
403946099383201,PHELPS,40.66301611111111,-99.64228555555556,2021,2021-10-18,95.47,113.40166193452387,-17.931661934523873,17.931661934523873
404033099373001,PHELPS,40.67593911111111,-99.62515633333332,2021,2021-10-05,9.96,5.585307499999991,4.37469250000001,4.37469250000001
404040099383501,PHELPS,40.67796833333333,-99.64313333333334,2021,2021-10-05,10.15,11.720526666666654,-1.5705266666666535,1.5705266666666535
404102099373001,PHELPS,40.68405933333333,-99.62523716666666,2021,2021-10-05,10.33,7.057109672619038,3.2728903273809618,3.2728903273809618
402905099115301,PHELPS,40.4848551,-99.1983097,2023,2023-05-08,37.68,30.046355000000073,7.633644999999927,7.633644999999927
402924099235501,PHELPS,40.4901949,-99.398706,2023,2023-05-08,53.31,45.34795583333334,7.962044166666665,7.962044166666665
403037099111401,PHELPS,40.5103457694444,-99.1873426,2023,2023-05-08,35.96,28.275264583333357,7.684735416666644,7.684735416666644
403138099235801,PHELPS,40.5255500233333,-99.399115,2023,2023-05-08,28.05,20.862362500000035,7.1876374999999655,7.1876374999999655
403217099312001,PHELPS,40.5392815,-99.5207383,2023,2023-05-09,103.55,95.46872083333355,8.081279166666448,8.081279166666448
403322099201601,PHELPS,40.5547811,-99.3416484,2023,2023-05-08,6.08,13.083790416666716,-7.003790416666716,7.003790416666716
403322099304801,PHELPS,40.5542755075,-99.5122815,2023,2023-05-09,58.1,70.19068279761916,-12.09068279761916,12.09068279761916
403646099293301,PHELPS,40.6127772,-99.4935704,2023,2023-05-08,20.9,26.330678750000015,-5.430678750000016,5.430678750000016
403651099281401,PHELPS,40.613021,-99.4747929,2023,2023-05-08,40.58,23.024279166666684,17.555720833333314,17.555720833333314
403915099190801,PHELPS,40.6573434,-99.3214291,2023,2023-05-08,10.0,11.671121488095261,-1.6711214880952614,1.6711214880952614
403928099371801,PHELPS,40.655954,-99.6202609,2023,2023-05-08,86.45,70.84732749999971,15.602672500000295,15.602672500000295
402421099112000,PHELPS,40.40549166666666,-99.18921666666668,2024,2024-04-04,61.95,109.08847511904818,-47.13847511904818,47.13847511904818
402630099305500,PHELPS,40.44133611111111,-99.51204166666666,2024,2024-04-04,174.98,159.57705535714285,15.402944642857136,15.402944642857136
403408099130501,PHELPS,40.56878722222223,-99.21816944444444,2024,2024-04-04,17.53,17.249369166666792,0.28063083333320904,0.28063083333320904
403645099242701,PHELPS,40.61264497222222,-99.40752011111113,2024,2024-04-01,22.63,23.559830000000066,-0.9298300000000665,0.9298300000000665
403645099242701,PHELPS,40.61264497222222,-99.40752011111113,2024,2024-04-17,23.15,23.559830000000066,-0.409830000000067,0.409830000000067
G-187841Deep,PHELPS,40.55758333,-99.32308333,2024,2024-04-04,19.39,18.453502083333372,0.9364979166666281,0.9364979166666281
403316099192301,PHELPS,40.554508,-99.32334,2024,2024-04-04,19.66,19.122049761904808,0.5379502380951919,0.5379502380951919
403315099351501,PHELPS,40.554270555555554,-99.58744083333332,2024,2024-04-17,68.78,72.11640624999951,-3.336406249999513,3.336406249999513
403903099214301,PHELPS,40.650864722222224,-99.3618686111111,2024,2024-04-17,8.89,8.718635416666617,0.1713645833333839,0.1713645833333839
404040099383501,PHELPS,40.67796833333333,-99.64313333333334,2024,2024-05-01,8.8,12.710989583333314,-3.910989583333313,3.910989583333313
404033099373001,PHELPS,40.67593911111111,-99.62515633333332,2024,2024-05-01,7.9,5.33742291666668,2.562577083333321,2.562577083333321
404102099373001,PHELPS,40.68405933333333,-99.62523716666666,2024,2024-05-01,9.83,8.309602083333294,1.520397916666706,1.520397916666706
403946099383201,PHELPS,40.66301611111111,-99.64228555555556,2024,2024-05-01,95.78,114.50871541666655,-18.728715416666546,18.728715416666546
