CSD_ID,County,LatDD,LongDD,Surf_Elev,YearMsr,DateMsr,Season,WatLevel
402107099262000,PHELPS,40.35080555555556,-99.43768055555556,2363.91,2000,2000-04-15,Spring,201.14
402110099140001,PHELPS,40.351999,-99.2329232,2283.76,2000,2000-05-01,Spring,166.84
402115099213100,PHELPS,40.35468888888889,-99.35943333333331,2345.58,2000,2000-04-15,Spring,206.1
402124099201601,PHELPS,40.3563466,-99.3403749,2318.47,2000,2000-05-01,Spring,184.79
402159099301600,PHELPS,40.3649,-99.50220555555556,2377.49,2000,2000-04-15,Spring,182.52
402200099160700,PHELPS,40.3669,-99.267175,2280.22,2000,2000-04-15,Spring,146.9
402233099341700,PHELPS,40.376269444444446,-99.57279166666666,2335.32,2000,2000-04-15,Spring,112.63
402320099231001,PHELPS,40.38914722222222,-99.38615277777778,2384.17,2000,2000-04-15,Spring,216.95
402326099185300,PHELPS,40.390366666666665,-99.31649722222222,2306.56,2000,2000-04-15,Spring,146.72
402340099353701,PHELPS,40.39445302,-99.59399869,2264.29,2000,2000-04-12,Spring,25.44
402342099143300,PHELPS,40.39436388888889,-99.24273333333332,2261.52,2000,2000-04-15,Spring,109.06
402406099311800,PHELPS,40.40154444444444,-99.52104166666666,2406.07,2000,2000-04-15,Spring,182.5
402421099112000,PHELPS,40.40549166666666,-99.18921666666668,2216.62,2000,2000-04-15,Spring,50.0
402435099262900,PHELPS,40.40768055555555,-99.44083333333332,2405.19,2000,2000-04-15,Spring,208.46
402513099164801,PHELPS,40.42006111111111,-99.27985277777778,2278.97,2000,2000-04-15,Spring,66.07
402524099201601,PHELPS,40.42334431,-99.33815365,2312.07,2000,2000-04-12,Spring,120.28
402532099235801,PHELPS,40.42582814,-99.40068743,2321.09,2000,2000-04-28,Spring,115.9
402609099350800,PHELPS,40.43199166666666,-99.58200277777776,2443.0,2000,2000-04-15,Spring,175.89
402630099305500,PHELPS,40.44133611111111,-99.51204166666666,2426.38,2000,2000-04-15,Spring,176.14
402703099150901,PHELPS,40.44969595,-99.25284899,2253.96,2000,2000-05-01,Spring,36.83
402716099212401,PHELPS,40.4529071,-99.3592878,2307.74,2000,2000-04-28,Spring,65.19
402756099320601,PHELPS,40.46654722222223,-99.53547222222224,2446.36,2000,2000-04-15,Spring,162.99
402802099285801,PHELPS,40.46775,-99.48183333,2376.84,2000,2000-04-12,Spring,98.47
402813099382100,PHELPS,40.46941944444445,-99.63914166666667,2473.68,2000,2000-04-15,Spring,157.0
402821099282901,PHELPS,40.47215973,-99.47068872,2363.91,2000,2000-04-15,Spring,90.1
402843099192001,PHELPS,40.47788889,-99.31941672,2311.88,2000,2000-04-15,Spring,40.0
402851099130101,PHELPS,40.4809986,-99.2168379,2244.15,2000,2000-04-15,Spring,23.5
402853099104601,PHELPS,40.4815796,-99.179559,2221.31,2000,2000-04-15,Spring,11.1
402853099152001,PHELPS,40.4816481,-99.2557469,2251.06,2000,2000-04-15,Spring,20.0
402905099115301,PHELPS,40.4848551,-99.1983097,2241.11,2000,2000-04-15,Spring,25.73
402906099342201,PHELPS,40.485083333333336,-99.57288888888888,2458.82,2000,2000-04-15,Spring,148.14
402924099235501,PHELPS,40.4901949,-99.398706,2336.37,2000,2000-04-15,Spring,47.25
402945099151900,PHELPS,40.49312395,-99.25285328,2243.78,2000,2000-04-15,Spring,15.18
402952099161701,PHELPS,40.49624602,-99.2746825,2255.28,2000,2000-05-01,Spring,13.7
403014099213701,PHELPS,40.50113773,-99.35723759,2325.73,2000,2000-04-15,Spring,27.65
403037099313401,PHELPS,40.5104684,-99.5262137,2408.97,2000,2000-04-15,Spring,71.86
403123099261501,PHELPS,40.52446389,-99.436875,2361.96,2000,2000-04-25,Spring,36.62
403124099152601,PHELPS,40.52215595,-99.25856338,2258.2,2000,2000-04-15,Spring,40.52
403125099295701,PHELPS,40.5247252,-99.4992246,2402.13,2000,2000-04-25,Spring,60.54
403132099381001,PHELPS,40.52556319,-99.63650076,2517.21,2000,2000-04-12,Spring,152.4
403137099330201,PHELPS,40.5263766547222,-99.5496279,2405.25,2000,2000-04-25,Spring,51.82
403138099190801,PHELPS,40.5255972,-99.3224515,2277.27,2000,2000-04-15,Spring,14.36
403138099235801,PHELPS,40.5255500233333,-99.399115,2328.14,2000,2000-04-28,Spring,18.67
403210099194201,PHELPS,40.53813889,-99.32944444,2277.13,2000,2000-04-12,Spring,19.49
403217099235801,PHELPS,40.53806574,-99.39982287,2321.45,2000,2000-04-12,Spring,16.15
403217099312001,PHELPS,40.5392815,-99.5207383,2451.89,2000,2000-04-25,Spring,96.74
403224099261801,PHELPS,40.54167314,-99.43849253,2347.7,2000,2000-04-25,Spring,16.07
403230099195901,PHELPS,40.54167314,-99.3339024,2269.36,2000,2000-04-28,Spring,6.72
403309099250701,PHELPS,40.5543784,-99.4199673,2322.67,2000,2000-04-25,Spring,9.0
403309099270601,PHELPS,40.55026689,-99.45178833,2342.87,2000,2000-04-25,Spring,13.17
403309099281401,PHELPS,40.5521635,-99.4737128,2354.64,2000,2000-04-25,Spring,19.52
403322099201601,PHELPS,40.5547811,-99.3416484,2267.67,2000,2000-04-28,Spring,3.62
403322099210701,PHELPS,40.55622914,-99.3528114,2284.27,2000,2000-04-28,Spring,12.64
403322099254101,PHELPS,40.5542755,-99.4303042,2335.12,2000,2000-04-15,Spring,15.17
403322099264901,PHELPS,40.5543545569444,-99.4489925,2342.74,2000,2000-04-15,Spring,13.41
403322099272302,PHELPS,40.5545803,-99.4609332,2349.56,2000,2000-04-25,Spring,15.25
403322099304801,PHELPS,40.5542755075,-99.5122815,2411.43,2000,2000-04-25,Spring,53.15
403322099371801,PHELPS,40.5557047,-99.6247601,2465.78,2000,2000-04-28,Spring,72.0
403328099181202,PHELPS,40.5577906,-99.3033482,2272.01,2000,2000-04-15,Spring,24.79
403335099150901,PHELPS,40.55977478,-99.25286046,2241.29,2000,2000-04-28,Spring,24.16
403336099225701,PHELPS,40.55616214,-99.37615377,2296.91,2000,2000-04-15,Spring,19.51
403431099362101,PHELPS,40.5754557,-99.6058865,2477.16,2000,2000-04-15,Spring,80.75
403433099250001,PHELPS,40.576331,-99.4179046,2315.55,2000,2000-04-25,Spring,13.11
403453099141801,PHELPS,40.58307501,-99.2365144,2255.34,2000,2000-04-28,Spring,47.0
403453099190801,PHELPS,40.5807096794444,-99.3229107,2282.14,2000,2000-04-28,Spring,33.72
403454099304801,PHELPS,40.57931189,-99.51412709,2390.5,2000,2000-04-28,Spring,31.0
403506099350101,PHELPS,40.5833317,-99.5866221,2484.33,2000,2000-04-28,Spring,97.17
403507099234101,PHELPS,40.5836771413889,-99.3985091,2295.65,2000,2000-04-28,Spring,8.6
403507099254101,PHELPS,40.58520714,-99.42844836,2318.5,2000,2000-04-15,Spring,17.5
403520099201601,PHELPS,40.5886101475,-99.3416473,2265.95,2000,2000-04-28,Spring,9.26
403540099260001,PHELPS,40.5946306,-99.4353739,2323.77,2000,2000-04-15,Spring,17.39
403625099315401,PHELPS,40.60535831,-99.53303177,2384.53,2000,2000-04-28,Spring,30.0
403625099361001,PHELPS,40.60535831,-99.60306609,2454.12,2000,2000-04-25,Spring,80.09
403638099154301,PHELPS,40.60901195,-99.26298962,2222.0,2000,2000-04-15,Spring,11.9
403644099350001,PHELPS,40.61418514,-99.57972132,2418.26,2000,2000-04-15,Spring,62.95
403646099293301,PHELPS,40.6127772,-99.4935704,2354.25,2000,2000-04-25,Spring,14.31
403651099281401,PHELPS,40.613021,-99.4747929,2345.39,2000,2000-04-25,Spring,35.0
403730099373501,PHELPS,40.6268217,-99.6246292,2471.08,2000,2000-04-25,Spring,85.56
403739099281601,PHELPS,40.627653,-99.4742905,2324.54,2000,2000-04-15,Spring,18.23
403822099324501,PHELPS,40.6415361,-99.5482644,2377.53,2000,2000-04-25,Spring,35.81
403858099305101,PHELPS,40.64309614,-99.50852542,2333.89,2000,2000-04-15,Spring,2.29
403902099313701,PHELPS,40.6483999,-99.5291531,2345.9,2000,2000-04-25,Spring,31.4
403915099190801,PHELPS,40.6573434,-99.3214291,2234.03,2000,2000-04-15,Spring,7.28
403922099223301,PHELPS,40.65834351,-99.38037703,2253.27,2000,2000-06-01,Spring,6.68
403928099333601,PHELPS,40.6571948,-99.5612991,2355.41,2000,2000-04-15,Spring,36.1
403928099371801,PHELPS,40.655954,-99.6202609,2432.98,2000,2000-04-25,Spring,80.32
403941099331901,PHELPS,40.66044972,-99.55637462,2347.21,2000,2000-04-25,Spring,5.05
403941099342701,PHELPS,40.6636923,-99.5766538,2326.71,2000,2000-04-25,Spring,7.0
403954099255801,PHELPS,40.667854,-99.4364595,2268.93,2000,2000-04-25,Spring,2.55
404007099294001,PHELPS,40.6709022,-99.4936146,2290.54,2000,2000-04-25,Spring,7.35
404007099351901,PHELPS,40.6709256,-99.5865622,2322.26,2000,2000-04-25,Spring,7.92
404016099370201,PHELPS,40.6711189,-99.61760995,2335.44,2000,2000-04-12,Spring,6.08
404020099355301,PHELPS,40.6710839,-99.5961084,2326.91,2000,2000-04-25,Spring,4.82
402107099262000,PHELPS,40.35080555555556,-99.43768055555556,2363.91,2001,2001-04-15,Spring,201.58
402110099140001,PHELPS,40.351999,-99.2329232,2283.76,2001,2001-05-01,Spring,168.1
402115099213100,PHELPS,40.35468888888889,-99.35943333333331,2345.58,2001,2001-04-15,Spring,205.78
402124099201601,PHELPS,40.3563466,-99.3403749,2318.47,2001,2001-05-01,Spring,185.0
402159099301600,PHELPS,40.3649,-99.50220555555556,2377.49,2001,2001-04-15,Spring,182.73
402200099160700,PHELPS,40.3669,-99.267175,2280.22,2001,2001-04-15,Spring,147.12
402233099341700,PHELPS,40.376269444444446,-99.57279166666666,2335.32,2001,2001-04-15,Spring,112.14
402320099231001,PHELPS,40.38914722222222,-99.38615277777778,2384.17,2001,2001-04-15,Spring,217.26
402326099185300,PHELPS,40.390366666666665,-99.31649722222222,2306.56,2001,2001-04-15,Spring,145.79
402340099353701,PHELPS,40.39445302,-99.59399869,2264.29,2001,2001-05-09,Spring,25.07
402342099143300,PHELPS,40.39436388888889,-99.24273333333332,2261.52,2001,2001-04-15,Spring,109.16
402406099311800,PHELPS,40.40154444444444,-99.52104166666666,2406.07,2001,2001-04-15,Spring,183.03
402421099112000,PHELPS,40.40549166666666,-99.18921666666668,2216.62,2001,2001-04-15,Spring,51.46
402435099262900,PHELPS,40.40768055555555,-99.44083333333332,2405.19,2001,2001-04-15,Spring,209.17
402513099164801,PHELPS,40.42006111111111,-99.27985277777778,2278.97,2001,2001-04-15,Spring,68.0
402524099201601,PHELPS,40.42334431,-99.33815365,2312.07,2001,2001-05-03,Spring,109.06
402532099235801,PHELPS,40.42582814,-99.40068743,2321.09,2001,2001-05-07,Spring,116.18
402609099350800,PHELPS,40.43199166666666,-99.58200277777776,2443.0,2001,2001-04-15,Spring,176.12
402630099305500,PHELPS,40.44133611111111,-99.51204166666666,2426.38,2001,2001-04-15,Spring,177.18
402703099150901,PHELPS,40.44969595,-99.25284899,2253.96,2001,2001-05-01,Spring,37.0
402716099212401,PHELPS,40.4529071,-99.3592878,2307.74,2001,2001-05-07,Spring,67.85
402756099320601,PHELPS,40.46654722222223,-99.53547222222224,2446.36,2001,2001-04-15,Spring,163.39
402802099285801,PHELPS,40.46775,-99.48183333,2376.84,2001,2001-05-03,Spring,99.58
402813099382100,PHELPS,40.46941944444445,-99.63914166666667,2473.68,2001,2001-04-15,Spring,157.01
402906099342201,PHELPS,40.485083333333336,-99.57288888888888,2458.82,2001,2001-04-15,Spring,149.07
402952099161701,PHELPS,40.49624602,-99.2746825,2255.28,2001,2001-05-01,Spring,14.11
403123099261501,PHELPS,40.52446389,-99.436875,2361.96,2001,2001-05-03,Spring,35.48
403125099295701,PHELPS,40.5247252,-99.4992246,2402.13,2001,2001-05-08,Spring,61.0
403132099381001,PHELPS,40.52556319,-99.63650076,2517.21,2001,2001-05-03,Spring,152.92
403137099330201,PHELPS,40.5263766547222,-99.5496279,2405.25,2001,2001-05-08,Spring,52.54
403138099190801,PHELPS,40.5255972,-99.3224515,2277.27,2001,2001-05-07,Spring,15.1
403210099194201,PHELPS,40.53813889,-99.32944444,2277.13,2001,2001-05-03,Spring,19.38
403217099235801,PHELPS,40.53806574,-99.39982287,2321.45,2001,2001-05-03,Spring,14.46
403217099312001,PHELPS,40.5392815,-99.5207383,2451.89,2001,2001-05-08,Spring,98.0
403224099261801,PHELPS,40.54167314,-99.43849253,2347.7,2001,2001-05-08,Spring,14.6
403230099195901,PHELPS,40.54167314,-99.3339024,2269.36,2001,2001-05-07,Spring,7.81
403309099250701,PHELPS,40.5543784,-99.4199673,2322.67,2001,2001-05-07,Spring,7.58
403309099270601,PHELPS,40.55026689,-99.45178833,2342.87,2001,2001-05-07,Spring,9.2
403309099281401,PHELPS,40.5521635,-99.4737128,2354.64,2001,2001-05-08,Spring,19.38
403322099201601,PHELPS,40.5547811,-99.3416484,2267.67,2001,2001-05-07,Spring,4.12
403322099210701,PHELPS,40.55622914,-99.3528114,2284.27,2001,2001-05-07,Spring,13.09
403322099304801,PHELPS,40.5542755075,-99.5122815,2411.43,2001,2001-05-08,Spring,54.32
403322099371801,PHELPS,40.5557047,-99.6247601,2465.78,2001,2001-05-08,Spring,71.66
403335099150901,PHELPS,40.55977478,-99.25286046,2241.29,2001,2001-05-07,Spring,24.16
403453099141801,PHELPS,40.58307501,-99.2365144,2255.34,2001,2001-05-07,Spring,49.45
403453099190801,PHELPS,40.5807096794444,-99.3229107,2282.14,2001,2001-05-07,Spring,36.05
403454099304801,PHELPS,40.57931189,-99.51412709,2390.5,2001,2001-05-08,Spring,31.0
403506099350101,PHELPS,40.5833317,-99.5866221,2484.33,2001,2001-05-08,Spring,92.35
403507099234101,PHELPS,40.5836771413889,-99.3985091,2295.65,2001,2001-05-07,Spring,7.25
403507099254101,PHELPS,40.58520714,-99.42844836,2318.5,2001,2001-05-07,Spring,16.61
403520099201601,PHELPS,40.5886101475,-99.3416473,2265.95,2001,2001-05-07,Spring,11.0
403625099315401,PHELPS,40.60535831,-99.53303177,2384.53,2001,2001-05-08,Spring,30.11
403625099361001,PHELPS,40.60535831,-99.60306609,2454.12,2001,2001-05-08,Spring,79.9
403638099154301,PHELPS,40.60901195,-99.26298962,2222.0,2001,2001-05-07,Spring,14.39
403646099293301,PHELPS,40.6127772,-99.4935704,2354.25,2001,2001-05-07,Spring,10.52
403730099373501,PHELPS,40.6268217,-99.6246292,2471.08,2001,2001-05-08,Spring,85.0
403822099324501,PHELPS,40.6415361,-99.5482644,2377.53,2001,2001-05-07,Spring,35.0
403902099313701,PHELPS,40.6483999,-99.5291531,2345.9,2001,2001-05-07,Spring,32.0
403915099190801,PHELPS,40.6573434,-99.3214291,2234.03,2001,2001-05-07,Spring,8.61
403922099223301,PHELPS,40.65834351,-99.38037703,2253.27,2001,2001-05-01,Spring,5.93
403928099333601,PHELPS,40.6571948,-99.5612991,2355.41,2001,2001-05-07,Spring,35.18
403928099371801,PHELPS,40.655954,-99.6202609,2432.98,2001,2001-05-07,Spring,80.21
403941099331901,PHELPS,40.66044972,-99.55637462,2347.21,2001,2001-05-07,Spring,4.0
403941099342701,PHELPS,40.6636923,-99.5766538,2326.71,2001,2001-05-07,Spring,7.11
404007099294001,PHELPS,40.6709022,-99.4936146,2290.54,2001,2001-05-07,Spring,6.0
404007099351901,PHELPS,40.6709256,-99.5865622,2322.26,2001,2001-05-07,Spring,7.18
404016099370201,PHELPS,40.6711189,-99.61760995,2335.44,2001,2001-05-01,Spring,5.94
404020099355301,PHELPS,40.6710839,-99.5961084,2326.91,2001,2001-05-07,Spring,4.0
402107099262000,PHELPS,40.35080555555556,-99.43768055555556,2363.91,2002,2002-04-15,Spring,200.35
402110099140001,PHELPS,40.351999,-99.2329232,2283.76,2002,2002-04-24,Spring,166.83
402115099213100,PHELPS,40.35468888888889,-99.35943333333331,2345.58,2002,2002-04-15,Spring,204.64
402124099201601,PHELPS,40.3563466,-99.3403749,2318.47,2002,2002-04-24,Spring,182.41
402159099301600,PHELPS,40.3649,-99.50220555555556,2377.49,2002,2002-04-15,Spring,181.61
402200099160700,PHELPS,40.3669,-99.267175,2280.22,2002,2002-04-15,Spring,146.67
402233099341700,PHELPS,40.376269444444446,-99.57279166666666,2335.32,2002,2002-04-15,Spring,111.82
402320099231001,PHELPS,40.38914722222222,-99.38615277777778,2384.17,2002,2002-04-15,Spring,216.37
402326099185300,PHELPS,40.390366666666665,-99.31649722222222,2306.56,2002,2002-04-15,Spring,145.22
402340099353701,PHELPS,40.39445302,-99.59399869,2264.29,2002,2002-04-24,Spring,25.21
402342099143300,PHELPS,40.39436388888889,-99.24273333333332,2261.52,2002,2002-04-15,Spring,108.37
402406099311800,PHELPS,40.40154444444444,-99.52104166666666,2406.07,2002,2002-04-15,Spring,180.95
402421099112000,PHELPS,40.40549166666666,-99.18921666666668,2216.62,2002,2002-04-15,Spring,52.18
402435099262900,PHELPS,40.40768055555555,-99.44083333333332,2405.19,2002,2002-04-15,Spring,208.39
402513099164801,PHELPS,40.42006111111111,-99.27985277777778,2278.97,2002,2002-04-15,Spring,67.98
402524099201601,PHELPS,40.42334431,-99.33815365,2312.07,2002,2002-04-24,Spring,109.8
402532099235801,PHELPS,40.42582814,-99.40068743,2321.09,2002,2002-04-25,Spring,115.52
402609099350800,PHELPS,40.43199166666666,-99.58200277777776,2443.0,2002,2002-04-15,Spring,174.62
402630099305500,PHELPS,40.44133611111111,-99.51204166666666,2426.38,2002,2002-04-15,Spring,178.77
402703099150901,PHELPS,40.44969595,-99.25284899,2253.96,2002,2002-04-24,Spring,39.36
402716099212401,PHELPS,40.4529071,-99.3592878,2307.74,2002,2002-04-25,Spring,67.46
402756099320601,PHELPS,40.46654722222223,-99.53547222222224,2446.36,2002,2002-04-15,Spring,161.88
402802099285801,PHELPS,40.46775,-99.48183333,2376.84,2002,2002-04-24,Spring,99.6
402813099382100,PHELPS,40.46941944444445,-99.63914166666667,2473.68,2002,2002-04-15,Spring,155.39
402821099282901,PHELPS,40.47215973,-99.47068872,2363.91,2002,2002-04-15,Spring,90.09
402843099192001,PHELPS,40.47788889,-99.31941672,2311.88,2002,2002-04-15,Spring,40.76
402851099130101,PHELPS,40.4809986,-99.2168379,2244.15,2002,2002-04-15,Spring,25.35
402853099104601,PHELPS,40.4815796,-99.179559,2221.31,2002,2002-04-15,Spring,13.08
402853099152001,PHELPS,40.4816481,-99.2557469,2251.06,2002,2002-04-15,Spring,21.81
402905099115301,PHELPS,40.4848551,-99.1983097,2241.11,2002,2002-04-15,Spring,27.76
402906099342201,PHELPS,40.485083333333336,-99.57288888888888,2458.82,2002,2002-04-15,Spring,148.66
402924099235501,PHELPS,40.4901949,-99.398706,2336.37,2002,2002-04-15,Spring,50.56
402945099151900,PHELPS,40.49312395,-99.25285328,2243.78,2002,2002-04-15,Spring,16.87
402952099161701,PHELPS,40.49624602,-99.2746825,2255.28,2002,2002-04-15,Spring,15.03
403014099213701,PHELPS,40.50113773,-99.35723759,2325.73,2002,2002-04-15,Spring,27.84
403037099313401,PHELPS,40.5104684,-99.5262137,2408.97,2002,2002-04-25,Spring,72.08
403123099261501,PHELPS,40.52446389,-99.436875,2361.96,2002,2002-04-24,Spring,37.78
403124099152601,PHELPS,40.52215595,-99.25856338,2258.2,2002,2002-04-15,Spring,41.84
403125099295701,PHELPS,40.5247252,-99.4992246,2402.13,2002,2002-04-25,Spring,56.06
403132099381001,PHELPS,40.52556319,-99.63650076,2517.21,2002,2002-04-24,Spring,152.11
403137099330201,PHELPS,40.5263766547222,-99.5496279,2405.25,2002,2002-04-15,Spring,53.2
403138099190801,PHELPS,40.5255972,-99.3224515,2277.27,2002,2002-04-25,Spring,18.59
403138099235801,PHELPS,40.5255500233333,-99.399115,2328.14,2002,2002-04-15,Spring,20.89
403163099379201,PHELPS,40.52718414,-99.63201494,2519.15,2002,2002-04-15,Spring,154.43
403210099194201,PHELPS,40.53813889,-99.32944444,2277.13,2002,2002-04-24,Spring,23.54
403217099235801,PHELPS,40.53806574,-99.39982287,2321.45,2002,2002-04-24,Spring,18.09
403217099312001,PHELPS,40.5392815,-99.5207383,2451.89,2002,2002-04-15,Spring,98.69
403224099261801,PHELPS,40.54167314,-99.43849253,2347.7,2002,2002-04-15,Spring,17.1
403230099195901,PHELPS,40.54167314,-99.3339024,2269.36,2002,2002-04-15,Spring,7.97
403309099250701,PHELPS,40.5543784,-99.4199673,2322.67,2002,2002-04-15,Spring,10.42
403309099270601,PHELPS,40.55026689,-99.45178833,2342.87,2002,2002-04-15,Spring,14.45
403309099281401,PHELPS,40.5521635,-99.4737128,2354.64,2002,2002-04-15,Spring,19.15
403322099201601,PHELPS,40.5547811,-99.3416484,2267.67,2002,2002-04-15,Spring,6.35
403322099210701,PHELPS,40.55622914,-99.3528114,2284.27,2002,2002-04-25,Spring,17.88
403322099254101,PHELPS,40.5542755,-99.4303042,2335.12,2002,2002-04-15,Spring,16.27
403322099264901,PHELPS,40.5543545569444,-99.4489925,2342.74,2002,2002-04-15,Spring,13.78
403322099272302,PHELPS,40.5545803,-99.4609332,2349.56,2002,2002-04-15,Spring,17.0
403322099304801,PHELPS,40.5542755075,-99.5122815,2411.43,2002,2002-04-15,Spring,54.81
403322099371801,PHELPS,40.5557047,-99.6247601,2465.78,2002,2002-04-26,Spring,71.24
403328099181202,PHELPS,40.5577906,-99.3033482,2272.01,2002,2002-04-25,Spring,27.39
403335099150901,PHELPS,40.55977478,-99.25286046,2241.29,2002,2002-04-25,Spring,28.96
403431099362101,PHELPS,40.5754557,-99.6058865,2477.16,2002,2002-04-26,Spring,79.96
403433099250001,PHELPS,40.576331,-99.4179046,2315.55,2002,2002-04-15,Spring,15.56
403453099141801,PHELPS,40.58307501,-99.2365144,2255.34,2002,2002-04-15,Spring,50.03
403453099190801,PHELPS,40.5807096794444,-99.3229107,2282.14,2002,2002-04-15,Spring,36.35
403454099304801,PHELPS,40.57931189,-99.51412709,2390.5,2002,2002-04-15,Spring,32.31
403506099350101,PHELPS,40.5833317,-99.5866221,2484.33,2002,2002-04-26,Spring,91.69
403507099234101,PHELPS,40.5836771413889,-99.3985091,2295.65,2002,2002-04-15,Spring,11.55
403507099254101,PHELPS,40.58520714,-99.42844836,2318.5,2002,2002-04-25,Spring,21.14
403520099201601,PHELPS,40.5886101475,-99.3416473,2265.95,2002,2002-04-15,Spring,12.48
403540099260001,PHELPS,40.5946306,-99.4353739,2323.77,2002,2002-04-25,Spring,22.03
403625099315401,PHELPS,40.60535831,-99.53303177,2384.53,2002,2002-04-26,Spring,31.47
403625099361001,PHELPS,40.60535831,-99.60306609,2454.12,2002,2002-04-25,Spring,80.02
403638099154301,PHELPS,40.60901195,-99.26298962,2222.0,2002,2002-04-25,Spring,14.28
403644099350001,PHELPS,40.61418514,-99.57972132,2418.26,2002,2002-04-15,Spring,62.83
403646099293301,PHELPS,40.6127772,-99.4935704,2354.25,2002,2002-04-15,Spring,15.07
403651099281401,PHELPS,40.613021,-99.4747929,2345.39,2002,2002-04-15,Spring,38.14
403730099373501,PHELPS,40.6268217,-99.6246292,2471.08,2002,2002-04-15,Spring,85.08
403739099281601,PHELPS,40.627653,-99.4742905,2324.54,2002,2002-04-15,Spring,21.31
403822099324501,PHELPS,40.6415361,-99.5482644,2377.53,2002,2002-04-15,Spring,37.0
403858099305101,PHELPS,40.64309614,-99.50852542,2333.89,2002,2002-04-15,Spring,7.07
403902099313701,PHELPS,40.6483999,-99.5291531,2345.9,2002,2002-04-15,Spring,32.83
403915099190801,PHELPS,40.6573434,-99.3214291,2234.03,2002,2002-04-15,Spring,8.94
403922099223301,PHELPS,40.65834351,-99.38037703,2253.27,2002,2002-04-24,Spring,7.81
403928099333601,PHELPS,40.6571948,-99.5612991,2355.41,2002,2002-04-15,Spring,36.36
403928099371801,PHELPS,40.655954,-99.6202609,2432.98,2002,2002-04-15,Spring,81.04
403941099331901,PHELPS,40.66044972,-99.55637462,2347.21,2002,2002-04-15,Spring,5.45
403941099342701,PHELPS,40.6636923,-99.5766538,2326.71,2002,2002-04-15,Spring,8.17
403954099255801,PHELPS,40.667854,-99.4364595,2268.93,2002,2002-04-15,Spring,2.22
404007099294001,PHELPS,40.6709022,-99.4936146,2290.54,2002,2002-04-15,Spring,9.11
404007099351901,PHELPS,40.6709256,-99.5865622,2322.26,2002,2002-04-15,Spring,8.95
404016099370201,PHELPS,40.6711189,-99.61760995,2335.44,2002,2002-04-24,Spring,5.72
404020099355301,PHELPS,40.6710839,-99.5961084,2326.91,2002,2002-04-15,Spring,5.66
402107099262000,PHELPS,40.35080555555556,-99.43768055555556,2363.91,2003,2003-04-15,Spring,201.89
402110099140001,PHELPS,40.351999,-99.2329232,2283.76,2003,2003-04-09,Spring,167.8
402115099213100,PHELPS,40.35468888888889,-99.35943333333331,2345.58,2003,2003-04-15,Spring,206.16
402124099201601,PHELPS,40.3563466,-99.3403749,2318.47,2003,2003-04-09,Spring,184.17
402159099301600,PHELPS,40.3649,-99.50220555555556,2377.49,2003,2003-04-15,Spring,182.99
402200099160700,PHELPS,40.3669,-99.267175,2280.22,2003,2003-04-15,Spring,148.14
402233099341700,PHELPS,40.376269444444446,-99.57279166666666,2335.32,2003,2003-04-15,Spring,112.28
402320099231001,PHELPS,40.38914722222222,-99.38615277777778,2384.17,2003,2003-04-15,Spring,217.76
402326099185300,PHELPS,40.390366666666665,-99.31649722222222,2306.56,2003,2003-04-15,Spring,147.2
402340099353701,PHELPS,40.39445302,-99.59399869,2264.29,2003,2003-05-05,Spring,25.25
402342099143300,PHELPS,40.39436388888889,-99.24273333333332,2261.52,2003,2003-04-15,Spring,110.62
402406099311800,PHELPS,40.40154444444444,-99.52104166666666,2406.07,2003,2003-04-15,Spring,182.53
402421099112000,PHELPS,40.40549166666666,-99.18921666666668,2216.62,2003,2003-04-15,Spring,55.45
402435099262900,PHELPS,40.40768055555555,-99.44083333333332,2405.19,2003,2003-04-15,Spring,209.66
402513099164801,PHELPS,40.42006111111111,-99.27985277777778,2278.97,2003,2003-04-15,Spring,72.16
402524099201601,PHELPS,40.42334431,-99.33815365,2312.07,2003,2003-04-24,Spring,111.68
402532099235801,PHELPS,40.42582814,-99.40068743,2321.09,2003,2003-04-10,Spring,117.29
402609099350800,PHELPS,40.43199166666666,-99.58200277777776,2443.0,2003,2003-04-15,Spring,176.25
402630099305500,PHELPS,40.44133611111111,-99.51204166666666,2426.38,2003,2003-04-15,Spring,177.87
402703099150901,PHELPS,40.44969595,-99.25284899,2253.96,2003,2003-04-09,Spring,42.44
402716099212401,PHELPS,40.4529071,-99.3592878,2307.74,2003,2003-04-10,Spring,68.61
402756099320601,PHELPS,40.46654722222223,-99.53547222222224,2446.36,2003,2003-04-15,Spring,164.55
402813099382100,PHELPS,40.46941944444445,-99.63914166666667,2473.68,2003,2003-04-15,Spring,157.24
402821099282901,PHELPS,40.47215973,-99.47068872,2363.91,2003,2003-04-15,Spring,92.28
402843099192001,PHELPS,40.47788889,-99.31941672,2311.88,2003,2003-04-15,Spring,44.13
402851099130101,PHELPS,40.4809986,-99.2168379,2244.15,2003,2003-04-15,Spring,28.94
402853099104601,PHELPS,40.4815796,-99.179559,2221.31,2003,2003-04-15,Spring,16.16
402853099152001,PHELPS,40.4816481,-99.2557469,2251.06,2003,2003-04-15,Spring,25.3
402905099115301,PHELPS,40.4848551,-99.1983097,2241.11,2003,2003-04-15,Spring,31.26
402906099342201,PHELPS,40.485083333333336,-99.57288888888888,2458.82,2003,2003-04-15,Spring,149.9
402924099235501,PHELPS,40.4901949,-99.398706,2336.37,2003,2003-04-15,Spring,55.35
402945099151900,PHELPS,40.49312395,-99.25285328,2243.78,2003,2003-04-15,Spring,20.05
402952099161701,PHELPS,40.49624602,-99.2746825,2255.28,2003,2003-04-15,Spring,18.7
403014099213701,PHELPS,40.50113773,-99.35723759,2325.73,2003,2003-04-15,Spring,33.75
403037099313401,PHELPS,40.5104684,-99.5262137,2408.97,2003,2003-04-15,Spring,74.66
403123099261501,PHELPS,40.52446389,-99.436875,2361.96,2003,2003-04-24,Spring,40.88
403124099152601,PHELPS,40.52215595,-99.25856338,2258.2,2003,2003-04-15,Spring,44.94
403125099295701,PHELPS,40.5247252,-99.4992246,2402.13,2003,2003-04-11,Spring,65.07
403132099381001,PHELPS,40.52556319,-99.63650076,2517.21,2003,2003-04-02,Spring,154.59
403137099330201,PHELPS,40.5263766547222,-99.5496279,2405.25,2003,2003-04-15,Spring,55.96
403138099190801,PHELPS,40.5255972,-99.3224515,2277.27,2003,2003-04-10,Spring,21.78
403138099235801,PHELPS,40.5255500233333,-99.399115,2328.14,2003,2003-04-15,Spring,25.16
403163099379201,PHELPS,40.52718414,-99.63201494,2519.15,2003,2003-04-15,Spring,155.55
403210099194201,PHELPS,40.53813889,-99.32944444,2277.13,2003,2003-04-24,Spring,27.02
403217099235801,PHELPS,40.53806574,-99.39982287,2321.45,2003,2003-04-24,Spring,21.32
403217099312001,PHELPS,40.5392815,-99.5207383,2451.89,2003,2003-04-15,Spring,101.7
403224099261801,PHELPS,40.54167314,-99.43849253,2347.7,2003,2003-04-15,Spring,20.82
403230099195901,PHELPS,40.54167314,-99.3339024,2269.36,2003,2003-04-15,Spring,11.47
403309099250701,PHELPS,40.5543784,-99.4199673,2322.67,2003,2003-04-15,Spring,12.43
403309099270601,PHELPS,40.55026689,-99.45178833,2342.87,2003,2003-04-15,Spring,17.22
403309099281401,PHELPS,40.5521635,-99.4737128,2354.64,2003,2003-04-15,Spring,19.06
403322099201601,PHELPS,40.5547811,-99.3416484,2267.67,2003,2003-04-15,Spring,9.29
403322099210701,PHELPS,40.55622914,-99.3528114,2284.27,2003,2003-04-15,Spring,21.27
403322099254101,PHELPS,40.5542755,-99.4303042,2335.12,2003,2003-04-15,Spring,18.66
403322099264901,PHELPS,40.5543545569444,-99.4489925,2342.74,2003,2003-04-15,Spring,16.09
403322099272302,PHELPS,40.5545803,-99.4609332,2349.56,2003,2003-04-15,Spring,19.67
403322099304801,PHELPS,40.5542755075,-99.5122815,2411.43,2003,2003-04-15,Spring,57.5
403322099371801,PHELPS,40.5557047,-99.6247601,2465.78,2003,2003-04-11,Spring,73.48
403328099181202,PHELPS,40.5577906,-99.3033482,2272.01,2003,2003-04-15,Spring,30.64
403335099150901,PHELPS,40.55977478,-99.25286046,2241.29,2003,2003-04-10,Spring,31.39
403431099362101,PHELPS,40.5754557,-99.6058865,2477.16,2003,2003-04-15,Spring,82.16
403433099250001,PHELPS,40.576331,-99.4179046,2315.55,2003,2003-04-15,Spring,18.21
403453099141801,PHELPS,40.58307501,-99.2365144,2255.34,2003,2003-04-15,Spring,62.24
403453099190801,PHELPS,40.5807096794444,-99.3229107,2282.14,2003,2003-04-15,Spring,39.92
403454099304801,PHELPS,40.57931189,-99.51412709,2390.5,2003,2003-04-15,Spring,35.25
403506099350101,PHELPS,40.5833317,-99.5866221,2484.33,2003,2003-04-11,Spring,94.02
403507099234101,PHELPS,40.5836771413889,-99.3985091,2295.65,2003,2003-04-15,Spring,14.35
403507099254101,PHELPS,40.58520714,-99.42844836,2318.5,2003,2003-04-10,Spring,24.25
403520099201601,PHELPS,40.5886101475,-99.3416473,2265.95,2003,2003-04-15,Spring,15.93
403540099260001,PHELPS,40.5946306,-99.4353739,2323.77,2003,2003-04-10,Spring,21.98
403625099315401,PHELPS,40.60535831,-99.53303177,2384.53,2003,2003-04-11,Spring,34.11
403625099361001,PHELPS,40.60535831,-99.60306609,2454.12,2003,2003-04-11,Spring,81.52
403638099154301,PHELPS,40.60901195,-99.26298962,2222.0,2003,2003-04-10,Spring,17.51
403644099350001,PHELPS,40.61418514,-99.57972132,2418.26,2003,2003-04-15,Spring,64.73
403646099293301,PHELPS,40.6127772,-99.4935704,2354.25,2003,2003-04-15,Spring,17.49
403651099281401,PHELPS,40.613021,-99.4747929,2345.39,2003,2003-04-15,Spring,41.97
403730099373501,PHELPS,40.6268217,-99.6246292,2471.08,2003,2003-04-15,Spring,87.02
403739099281601,PHELPS,40.627653,-99.4742905,2324.54,2003,2003-04-15,Spring,23.45
403822099324501,PHELPS,40.6415361,-99.5482644,2377.53,2003,2003-04-15,Spring,38.61
403858099305101,PHELPS,40.64309614,-99.50852542,2333.89,2003,2003-04-15,Spring,7.19
403902099313701,PHELPS,40.6483999,-99.5291531,2345.9,2003,2003-04-10,Spring,33.9
403915099190801,PHELPS,40.6573434,-99.3214291,2234.03,2003,2003-04-15,Spring,9.99
403922099223301,PHELPS,40.65834351,-99.38037703,2253.27,2003,2003-04-24,Spring,8.69
403928099333601,PHELPS,40.6571948,-99.5612991,2355.41,2003,2003-04-10,Spring,35.59
403928099371801,PHELPS,40.655954,-99.6202609,2432.98,2003,2003-04-15,Spring,82.22
403941099331901,PHELPS,40.66044972,-99.55637462,2347.21,2003,2003-04-15,Spring,5.42
403941099342701,PHELPS,40.6636923,-99.5766538,2326.71,2003,2003-04-15,Spring,8.76
403954099255801,PHELPS,40.667854,-99.4364595,2268.93,2003,2003-04-15,Spring,2.31
404007099294001,PHELPS,40.6709022,-99.4936146,2290.54,2003,2003-04-15,Spring,8.41
404007099351901,PHELPS,40.6709256,-99.5865622,2322.26,2003,2003-04-15,Spring,8.78
404016099370201,PHELPS,40.6711189,-99.61760995,2335.44,2003,2003-04-24,Spring,5.65
404020099355301,PHELPS,40.6710839,-99.5961084,2326.91,2003,2003-04-15,Spring,5.59
402107099262000,PHELPS,40.35080555555556,-99.43768055555556,2363.91,2004,2004-04-15,Spring,201.37
402110099140001,PHELPS,40.351999,-99.2329232,2283.76,2004,2004-04-07,Spring,168.48
402115099213100,PHELPS,40.35468888888889,-99.35943333333331,2345.58,2004,2004-04-15,Spring,208.36
402124099201601,PHELPS,40.3563466,-99.3403749,2318.47,2004,2004-04-07,Spring,184.7
402159099301600,PHELPS,40.3649,-99.50220555555556,2377.49,2004,2004-04-15,Spring,182.45
402200099160700,PHELPS,40.3669,-99.267175,2280.22,2004,2004-04-15,Spring,148.81
402233099341700,PHELPS,40.376269444444446,-99.57279166666666,2335.32,2004,2004-04-15,Spring,111.28
402320099231001,PHELPS,40.38914722222222,-99.38615277777778,2384.17,2004,2004-04-15,Spring,218.31
402326099185300,PHELPS,40.390366666666665,-99.31649722222222,2306.56,2004,2004-04-15,Spring,145.26
402340099353701,PHELPS,40.39445302,-99.59399869,2264.29,2004,2004-04-29,Spring,25.37
402342099143300,PHELPS,40.39436388888889,-99.24273333333332,2261.52,2004,2004-04-15,Spring,111.44
402406099311800,PHELPS,40.40154444444444,-99.52104166666666,2406.07,2004,2004-04-15,Spring,181.34
402421099112000,PHELPS,40.40549166666666,-99.18921666666668,2216.62,2004,2004-04-15,Spring,57.55
402435099262900,PHELPS,40.40768055555555,-99.44083333333332,2405.19,2004,2004-04-15,Spring,210.19
402513099164801,PHELPS,40.42006111111111,-99.27985277777778,2278.97,2004,2004-04-15,Spring,73.77
402524099201601,PHELPS,40.42334431,-99.33815365,2312.07,2004,2004-04-29,Spring,113.94
402532099235801,PHELPS,40.42582814,-99.40068743,2321.09,2004,2004-04-08,Spring,118.12
402609099350800,PHELPS,40.43199166666666,-99.58200277777776,2443.0,2004,2004-04-15,Spring,176.01
402630099305500,PHELPS,40.44133611111111,-99.51204166666666,2426.38,2004,2004-04-15,Spring,178.37
402703099150901,PHELPS,40.44969595,-99.25284899,2253.96,2004,2004-04-07,Spring,43.62
402716099212401,PHELPS,40.4529071,-99.3592878,2307.74,2004,2004-04-08,Spring,70.4
402756099320601,PHELPS,40.46654722222223,-99.53547222222224,2446.36,2004,2004-04-15,Spring,164.28
402813099382100,PHELPS,40.46941944444445,-99.63914166666667,2473.68,2004,2004-04-15,Spring,156.39
402821099282901,PHELPS,40.47215973,-99.47068872,2363.91,2004,2004-04-15,Spring,94.41
402843099192001,PHELPS,40.47788889,-99.31941672,2311.88,2004,2004-04-15,Spring,44.0
402851099130101,PHELPS,40.4809986,-99.2168379,2244.15,2004,2004-04-15,Spring,30.62
402853099104601,PHELPS,40.4815796,-99.179559,2221.31,2004,2004-04-15,Spring,18.21
402853099152001,PHELPS,40.4816481,-99.2557469,2251.06,2004,2004-04-15,Spring,27.42
402905099115301,PHELPS,40.4848551,-99.1983097,2241.11,2004,2004-04-15,Spring,33.0
402906099342201,PHELPS,40.485083333333336,-99.57288888888888,2458.82,2004,2004-04-15,Spring,150.45
402924099235501,PHELPS,40.4901949,-99.398706,2336.37,2004,2004-04-15,Spring,57.0
402945099151900,PHELPS,40.49312395,-99.25285328,2243.78,2004,2004-04-15,Spring,22.0
402952099161701,PHELPS,40.49624602,-99.2746825,2255.28,2004,2004-04-15,Spring,21.05
403014099213701,PHELPS,40.50113773,-99.35723759,2325.73,2004,2004-04-15,Spring,35.71
403037099313401,PHELPS,40.5104684,-99.5262137,2408.97,2004,2004-04-15,Spring,77.0
403123099261501,PHELPS,40.52446389,-99.436875,2361.96,2004,2004-04-12,Spring,41.87
403124099152601,PHELPS,40.52215595,-99.25856338,2258.2,2004,2004-04-15,Spring,46.72
403125099295701,PHELPS,40.5247252,-99.4992246,2402.13,2004,2004-04-12,Spring,68.31
403132099381001,PHELPS,40.52556319,-99.63650076,2517.21,2004,2004-04-29,Spring,154.4
403137099330201,PHELPS,40.5263766547222,-99.5496279,2405.25,2004,2004-04-15,Spring,57.93
403138099190801,PHELPS,40.5255972,-99.3224515,2277.27,2004,2004-04-08,Spring,24.03
403138099235801,PHELPS,40.5255500233333,-99.399115,2328.14,2004,2004-04-15,Spring,27.0
403163099379201,PHELPS,40.52718414,-99.63201494,2519.15,2004,2004-04-15,Spring,156.8
403210099194201,PHELPS,40.53813889,-99.32944444,2277.13,2004,2004-04-29,Spring,29.04
403217099235801,PHELPS,40.53806574,-99.39982287,2321.45,2004,2004-04-29,Spring,22.81
403217099312001,PHELPS,40.5392815,-99.5207383,2451.89,2004,2004-04-15,Spring,104.61
403224099261801,PHELPS,40.54167314,-99.43849253,2347.7,2004,2004-04-15,Spring,21.75
403230099195901,PHELPS,40.54167314,-99.3339024,2269.36,2004,2004-04-15,Spring,10.76
403309099250701,PHELPS,40.5543784,-99.4199673,2322.67,2004,2004-04-15,Spring,13.21
403309099270601,PHELPS,40.55026689,-99.45178833,2342.87,2004,2004-04-15,Spring,18.81
403309099281401,PHELPS,40.5521635,-99.4737128,2354.64,2004,2004-04-15,Spring,18.72
403322099201601,PHELPS,40.5547811,-99.3416484,2267.67,2004,2004-04-15,Spring,11.61
403322099210701,PHELPS,40.55622914,-99.3528114,2284.27,2004,2004-04-15,Spring,23.38
403322099254101,PHELPS,40.5542755,-99.4303042,2335.12,2004,2004-04-15,Spring,19.63
403322099264901,PHELPS,40.5543545569444,-99.4489925,2342.74,2004,2004-04-15,Spring,15.0
403322099272302,PHELPS,40.5545803,-99.4609332,2349.56,2004,2004-04-15,Spring,21.38
403322099304801,PHELPS,40.5542755075,-99.5122815,2411.43,2004,2004-04-15,Spring,60.02
403322099371801,PHELPS,40.5557047,-99.6247601,2465.78,2004,2004-04-12,Spring,75.0
403328099181202,PHELPS,40.5577906,-99.3033482,2272.01,2004,2004-04-15,Spring,32.64
403335099150901,PHELPS,40.55977478,-99.25286046,2241.29,2004,2004-04-08,Spring,34.81
403431099362101,PHELPS,40.5754557,-99.6058865,2477.16,2004,2004-04-15,Spring,83.95
403433099250001,PHELPS,40.576331,-99.4179046,2315.55,2004,2004-04-15,Spring,19.61
403453099141801,PHELPS,40.58307501,-99.2365144,2255.34,2004,2004-04-15,Spring,54.0
403453099190801,PHELPS,40.5807096794444,-99.3229107,2282.14,2004,2004-04-15,Spring,42.4
403454099304801,PHELPS,40.57931189,-99.51412709,2390.5,2004,2004-04-15,Spring,37.03
403506099350101,PHELPS,40.5833317,-99.5866221,2484.33,2004,2004-04-12,Spring,96.64
403507099234101,PHELPS,40.5836771413889,-99.3985091,2295.65,2004,2004-04-15,Spring,15.82
403507099254101,PHELPS,40.58520714,-99.42844836,2318.5,2004,2004-04-12,Spring,25.82
403520099201601,PHELPS,40.5886101475,-99.3416473,2265.95,2004,2004-04-15,Spring,18.58
403540099260001,PHELPS,40.5946306,-99.4353739,2323.77,2004,2004-04-12,Spring,26.91
403625099315401,PHELPS,40.60535831,-99.53303177,2384.53,2004,2004-04-12,Spring,35.65
403625099361001,PHELPS,40.60535831,-99.60306609,2454.12,2004,2004-04-12,Spring,83.9
403638099154301,PHELPS,40.60901195,-99.26298962,2222.0,2004,2004-04-08,Spring,19.19
403644099350001,PHELPS,40.61418514,-99.57972132,2418.26,2004,2004-04-15,Spring,65.05
403646099293301,PHELPS,40.6127772,-99.4935704,2354.25,2004,2004-04-15,Spring,18.73
403651099281401,PHELPS,40.613021,-99.4747929,2345.39,2004,2004-04-15,Spring,43.0
403730099373501,PHELPS,40.6268217,-99.6246292,2471.08,2004,2004-04-15,Spring,89.0
403739099281601,PHELPS,40.627653,-99.4742905,2324.54,2004,2004-04-15,Spring,25.09
403822099324501,PHELPS,40.6415361,-99.5482644,2377.53,2004,2004-04-15,Spring,39.45
403858099305101,PHELPS,40.64309614,-99.50852542,2333.89,2004,2004-04-15,Spring,10.27
403902099313701,PHELPS,40.6483999,-99.5291531,2345.9,2004,2004-04-12,Spring,34.66
403915099190801,PHELPS,40.6573434,-99.3214291,2234.03,2004,2004-04-08,Spring,10.43
403922099223301,PHELPS,40.65834351,-99.38037703,2253.27,2004,2004-04-28,Spring,8.95
403928099333601,PHELPS,40.6571948,-99.5612991,2355.41,2004,2004-04-12,Spring,39.09
403928099371801,PHELPS,40.655954,-99.6202609,2432.98,2004,2004-04-15,Spring,83.73
403941099331901,PHELPS,40.66044972,-99.55637462,2347.21,2004,2004-04-15,Spring,6.41
403941099342701,PHELPS,40.6636923,-99.5766538,2326.71,2004,2004-04-15,Spring,9.86
403954099255801,PHELPS,40.667854,-99.4364595,2268.93,2004,2004-04-15,Spring,2.65
404007099294001,PHELPS,40.6709022,-99.4936146,2290.54,2004,2004-04-15,Spring,9.05
404007099351901,PHELPS,40.6709256,-99.5865622,2322.26,2004,2004-04-15,Spring,10.64
404016099370201,PHELPS,40.6711189,-99.61760995,2335.44,2004,2004-04-29,Spring,7.45
404020099355301,PHELPS,40.6710839,-99.5961084,2326.91,2004,2004-04-15,Spring,7.06
402107099262000,PHELPS,40.35080555555556,-99.43768055555556,2363.91,2005,2005-04-15,Spring,201.54
402110099140001,PHELPS,40.351999,-99.2329232,2283.76,2005,2005-04-12,Spring,169.7
402115099213100,PHELPS,40.35468888888889,-99.35943333333331,2345.58,2005,2005-04-15,Spring,205.59
402124099201601,PHELPS,40.3563466,-99.3403749,2318.47,2005,2005-04-12,Spring,188.09
402159099301600,PHELPS,40.3649,-99.50220555555556,2377.49,2005,2005-04-15,Spring,182.23
402200099160700,PHELPS,40.3669,-99.267175,2280.22,2005,2005-04-15,Spring,149.46
402233099341700,PHELPS,40.376269444444446,-99.57279166666666,2335.32,2005,2005-04-15,Spring,111.45
402301099272901,PHELPS,40.38362106,-99.45843659,2378.45,2005,2005-04-15,Spring,194.75
402320099231001,PHELPS,40.38914722222222,-99.38615277777778,2384.17,2005,2005-04-15,Spring,218.42
402326099185300,PHELPS,40.390366666666665,-99.31649722222222,2306.56,2005,2005-04-15,Spring,145.96
402340099353701,PHELPS,40.39445302,-99.59399869,2264.29,2005,2005-05-11,Spring,25.42
402342099143300,PHELPS,40.39436388888889,-99.24273333333332,2261.52,2005,2005-04-15,Spring,113.22
402406099311800,PHELPS,40.40154444444444,-99.52104166666666,2406.07,2005,2005-04-15,Spring,181.29
402421099112000,PHELPS,40.40549166666666,-99.18921666666668,2216.62,2005,2005-04-15,Spring,58.66
402435099262900,PHELPS,40.40768055555555,-99.44083333333332,2405.19,2005,2005-04-15,Spring,212.21
402513099164801,PHELPS,40.42006111111111,-99.27985277777778,2278.97,2005,2005-04-15,Spring,75.45
402524099201601,PHELPS,40.42334431,-99.33815365,2312.07,2005,2005-05-11,Spring,115.43
402532099235801,PHELPS,40.42582814,-99.40068743,2321.09,2005,2005-04-13,Spring,120.1
402609099350800,PHELPS,40.43199166666666,-99.58200277777776,2443.0,2005,2005-04-15,Spring,176.15
402630099305500,PHELPS,40.44133611111111,-99.51204166666666,2426.38,2005,2005-04-15,Spring,182.94
402703099150901,PHELPS,40.44969595,-99.25284899,2253.96,2005,2005-04-12,Spring,46.63
402716099212401,PHELPS,40.4529071,-99.3592878,2307.74,2005,2005-04-13,Spring,72.89
402756099320601,PHELPS,40.46654722222223,-99.53547222222224,2446.36,2005,2005-04-15,Spring,164.92
402813099382100,PHELPS,40.46941944444445,-99.63914166666667,2473.68,2005,2005-04-15,Spring,156.64
402821099282901,PHELPS,40.47215973,-99.47068872,2363.91,2005,2005-04-15,Spring,96.0
402843099192001,PHELPS,40.47788889,-99.31941672,2311.88,2005,2005-04-13,Spring,44.88
402851099130101,PHELPS,40.4809986,-99.2168379,2244.15,2005,2005-04-15,Spring,31.93
402853099104601,PHELPS,40.4815796,-99.179559,2221.31,2005,2005-04-12,Spring,18.71
402853099152001,PHELPS,40.4816481,-99.2557469,2251.06,2005,2005-04-12,Spring,28.43
402905099115301,PHELPS,40.4848551,-99.1983097,2241.11,2005,2005-04-12,Spring,34.0
402906099342201,PHELPS,40.485083333333336,-99.57288888888888,2458.82,2005,2005-04-15,Spring,150.85
402924099235501,PHELPS,40.4901949,-99.398706,2336.37,2005,2005-04-13,Spring,57.63
402945099151900,PHELPS,40.49312395,-99.25285328,2243.78,2005,2005-04-15,Spring,22.42
402952099161701,PHELPS,40.49624602,-99.2746825,2255.28,2005,2005-04-15,Spring,22.0
403014099213701,PHELPS,40.50113773,-99.35723759,2325.73,2005,2005-04-13,Spring,37.3
403037099313401,PHELPS,40.5104684,-99.5262137,2408.97,2005,2005-04-13,Spring,78.54
403123099261501,PHELPS,40.52446389,-99.436875,2361.96,2005,2005-05-11,Spring,43.7
403124099152601,PHELPS,40.52215595,-99.25856338,2258.2,2005,2005-04-15,Spring,47.33
403125099295701,PHELPS,40.5247252,-99.4992246,2402.13,2005,2005-04-13,Spring,69.0
403132099381001,PHELPS,40.52556319,-99.63650076,2517.21,2005,2005-05-11,Spring,156.04
403137099330201,PHELPS,40.5263766547222,-99.5496279,2405.25,2005,2005-04-15,Spring,59.1
403138099190801,PHELPS,40.5255972,-99.3224515,2277.27,2005,2005-04-13,Spring,24.0
403138099235801,PHELPS,40.5255500233333,-99.399115,2328.14,2005,2005-04-15,Spring,28.06
403163099379201,PHELPS,40.52718414,-99.63201494,2519.15,2005,2005-04-15,Spring,157.82
403210099194201,PHELPS,40.53813889,-99.32944444,2277.13,2005,2005-05-11,Spring,28.03
403217099235801,PHELPS,40.53806574,-99.39982287,2321.45,2005,2005-05-11,Spring,25.12
403217099312001,PHELPS,40.5392815,-99.5207383,2451.89,2005,2005-04-15,Spring,104.82
403224099261801,PHELPS,40.54167314,-99.43849253,2347.7,2005,2005-04-15,Spring,19.82
403230099195901,PHELPS,40.54167314,-99.3339024,2269.36,2005,2005-04-15,Spring,11.35
403309099250701,PHELPS,40.5543784,-99.4199673,2322.67,2005,2005-04-15,Spring,12.08
403309099270601,PHELPS,40.55026689,-99.45178833,2342.87,2005,2005-04-15,Spring,17.33
403309099281401,PHELPS,40.5521635,-99.4737128,2354.64,2005,2005-04-15,Spring,18.49
403322099201601,PHELPS,40.5547811,-99.3416484,2267.67,2005,2005-04-15,Spring,10.27
403322099210701,PHELPS,40.55622914,-99.3528114,2284.27,2005,2005-04-15,Spring,23.0
403322099254101,PHELPS,40.5542755,-99.4303042,2335.12,2005,2005-04-15,Spring,15.5
403322099264901,PHELPS,40.5543545569444,-99.4489925,2342.74,2005,2005-04-15,Spring,16.46
403322099272302,PHELPS,40.5545803,-99.4609332,2349.56,2005,2005-04-15,Spring,19.71
403322099304801,PHELPS,40.5542755075,-99.5122815,2411.43,2005,2005-04-15,Spring,60.61
403322099371801,PHELPS,40.5557047,-99.6247601,2465.78,2005,2005-04-14,Spring,77.32
403328099181202,PHELPS,40.5577906,-99.3033482,2272.01,2005,2005-04-15,Spring,33.72
403335099150901,PHELPS,40.55977478,-99.25286046,2241.29,2005,2005-04-15,Spring,34.36
403336099225701,PHELPS,40.55616214,-99.37615377,2296.91,2005,2005-04-15,Spring,26.56
403431099362101,PHELPS,40.5754557,-99.6058865,2477.16,2005,2005-04-14,Spring,85.27
403433099250001,PHELPS,40.576331,-99.4179046,2315.55,2005,2005-04-13,Spring,18.52
403453099141801,PHELPS,40.58307501,-99.2365144,2255.34,2005,2005-04-15,Spring,55.73
403453099190801,PHELPS,40.5807096794444,-99.3229107,2282.14,2005,2005-04-15,Spring,43.89
403454099304801,PHELPS,40.57931189,-99.51412709,2390.5,2005,2005-04-15,Spring,38.51
403506099350101,PHELPS,40.5833317,-99.5866221,2484.33,2005,2005-04-14,Spring,97.9
403507099234101,PHELPS,40.5836771413889,-99.3985091,2295.65,2005,2005-04-15,Spring,15.46
403507099254101,PHELPS,40.58520714,-99.42844836,2318.5,2005,2005-04-13,Spring,25.3
403520099201601,PHELPS,40.5886101475,-99.3416473,2265.95,2005,2005-04-15,Spring,19.61
403540099260001,PHELPS,40.5946306,-99.4353739,2323.77,2005,2005-04-13,Spring,26.82
403625099315401,PHELPS,40.60535831,-99.53303177,2384.53,2005,2005-04-14,Spring,36.83
403625099361001,PHELPS,40.60535831,-99.60306609,2454.12,2005,2005-04-13,Spring,84.8
403638099154301,PHELPS,40.60901195,-99.26298962,2222.0,2005,2005-04-13,Spring,20.19
403646099293301,PHELPS,40.6127772,-99.4935704,2354.25,2005,2005-04-15,Spring,18.25
403651099281401,PHELPS,40.613021,-99.4747929,2345.39,2005,2005-04-15,Spring,43.47
403730099373501,PHELPS,40.6268217,-99.6246292,2471.08,2005,2005-04-15,Spring,89.61
403739099281601,PHELPS,40.627653,-99.4742905,2324.54,2005,2005-04-15,Spring,25.44
403822099324501,PHELPS,40.6415361,-99.5482644,2377.53,2005,2005-04-15,Spring,40.96
403902099313701,PHELPS,40.6483999,-99.5291531,2345.9,2005,2005-04-13,Spring,35.0
403915099190801,PHELPS,40.6573434,-99.3214291,2234.03,2005,2005-04-13,Spring,10.42
403922099223301,PHELPS,40.65834351,-99.38037703,2253.27,2005,2005-05-11,Spring,7.79
403928099371801,PHELPS,40.655954,-99.6202609,2432.98,2005,2005-04-15,Spring,84.0
403941099331901,PHELPS,40.66044972,-99.55637462,2347.21,2005,2005-04-15,Spring,5.36
403941099342701,PHELPS,40.6636923,-99.5766538,2326.71,2005,2005-04-15,Spring,9.45
403954099255801,PHELPS,40.667854,-99.4364595,2268.93,2005,2005-04-15,Spring,2.72
404007099294001,PHELPS,40.6709022,-99.4936146,2290.54,2005,2005-04-15,Spring,8.32
404007099351901,PHELPS,40.6709256,-99.5865622,2322.26,2005,2005-04-15,Spring,10.02
404016099370201,PHELPS,40.6711189,-99.61760995,2335.44,2005,2005-05-11,Spring,6.76
404020099355301,PHELPS,40.6710839,-99.5961084,2326.91,2005,2005-04-15,Spring,6.22
402107099262000,PHELPS,40.35080555555556,-99.43768055555556,2363.91,2006,2006-04-15,Spring,202.83
402110099140001,PHELPS,40.351999,-99.2329232,2283.76,2006,2006-04-10,Spring,170.08
402115099213100,PHELPS,40.35468888888889,-99.35943333333331,2345.58,2006,2006-04-15,Spring,207.02
402124099201601,PHELPS,40.3563466,-99.3403749,2318.47,2006,2006-04-10,Spring,184.13
402159099301600,PHELPS,40.3649,-99.50220555555556,2377.49,2006,2006-04-15,Spring,193.48
402200099160700,PHELPS,40.3669,-99.267175,2280.22,2006,2006-04-15,Spring,150.3
402233099341700,PHELPS,40.376269444444446,-99.57279166666666,2335.32,2006,2006-04-15,Spring,112.86
402301099272901,PHELPS,40.38362106,-99.45843659,2378.45,2006,2006-04-15,Spring,192.14
402320099231001,PHELPS,40.38914722222222,-99.38615277777778,2384.17,2006,2006-04-15,Spring,219.46
402326099185300,PHELPS,40.390366666666665,-99.31649722222222,2306.56,2006,2006-04-15,Spring,149.67
402340099353701,PHELPS,40.39445302,-99.59399869,2264.29,2006,2006-05-01,Spring,25.43
402342099143300,PHELPS,40.39436388888889,-99.24273333333332,2261.52,2006,2006-04-15,Spring,114.38
402406099311800,PHELPS,40.40154444444444,-99.52104166666666,2406.07,2006,2006-04-15,Spring,183.53
402421099112000,PHELPS,40.40549166666666,-99.18921666666668,2216.62,2006,2006-04-15,Spring,59.78
402435099262900,PHELPS,40.40768055555555,-99.44083333333332,2405.19,2006,2006-04-15,Spring,211.18
402513099164801,PHELPS,40.42006111111111,-99.27985277777778,2278.97,2006,2006-04-15,Spring,77.08
402524099201601,PHELPS,40.42334431,-99.33815365,2312.07,2006,2006-05-01,Spring,117.42
402532099235801,PHELPS,40.42582814,-99.40068743,2321.09,2006,2006-04-10,Spring,120.0
402609099350800,PHELPS,40.43199166666666,-99.58200277777776,2443.0,2006,2006-04-15,Spring,177.38
402630099305500,PHELPS,40.44133611111111,-99.51204166666666,2426.38,2006,2006-04-15,Spring,180.05
402716099212401,PHELPS,40.4529071,-99.3592878,2307.74,2006,2006-04-10,Spring,74.18
402756099320601,PHELPS,40.46654722222223,-99.53547222222224,2446.36,2006,2006-04-15,Spring,167.87
402802099285801,PHELPS,40.46775,-99.48183333,2376.84,2006,2006-05-01,Spring,106.9
402813099382100,PHELPS,40.46941944444445,-99.63914166666667,2473.68,2006,2006-04-15,Spring,160.27
402821099282901,PHELPS,40.47215973,-99.47068872,2363.91,2006,2006-04-15,Spring,97.56
402843099192001,PHELPS,40.47788889,-99.31941672,2311.88,2006,2006-04-15,Spring,44.27
402851099130101,PHELPS,40.4809986,-99.2168379,2244.15,2006,2006-04-15,Spring,33.64
402853099104601,PHELPS,40.4815796,-99.179559,2221.31,2006,2006-04-15,Spring,20.55
402853099152001,PHELPS,40.4816481,-99.2557469,2251.06,2006,2006-04-15,Spring,30.65
402905099115301,PHELPS,40.4848551,-99.1983097,2241.11,2006,2006-04-15,Spring,35.91
402906099342201,PHELPS,40.485083333333336,-99.57288888888888,2458.82,2006,2006-04-15,Spring,152.46
402924099235501,PHELPS,40.4901949,-99.398706,2336.37,2006,2006-04-15,Spring,59.22
402945099151900,PHELPS,40.49312395,-99.25285328,2243.78,2006,2006-04-15,Spring,25.0
402952099161701,PHELPS,40.49624602,-99.2746825,2255.28,2006,2006-04-10,Spring,24.68
403014099213701,PHELPS,40.50113773,-99.35723759,2325.73,2006,2006-04-15,Spring,39.42
403037099313401,PHELPS,40.5104684,-99.5262137,2408.97,2006,2006-04-15,Spring,81.0
403123099261501,PHELPS,40.52446389,-99.436875,2361.96,2006,2006-05-01,Spring,46.56
403124099152601,PHELPS,40.52215595,-99.25856338,2258.2,2006,2006-04-15,Spring,49.16
403125099295701,PHELPS,40.5247252,-99.4992246,2402.13,2006,2006-04-12,Spring,71.06
403132099381001,PHELPS,40.52556319,-99.63650076,2517.21,2006,2006-04-15,Spring,155.33
403137099330201,PHELPS,40.5263766547222,-99.5496279,2405.25,2006,2006-04-12,Spring,61.37
403138099190801,PHELPS,40.5255972,-99.3224515,2277.27,2006,2006-04-10,Spring,26.45
403138099235801,PHELPS,40.5255500233333,-99.399115,2328.14,2006,2006-04-10,Spring,32.0
403163099379201,PHELPS,40.52718414,-99.63201494,2519.15,2006,2006-04-15,Spring,157.61
403210099194201,PHELPS,40.53813889,-99.32944444,2277.13,2006,2006-05-02,Spring,30.99
403217099235801,PHELPS,40.53806574,-99.39982287,2321.45,2006,2006-05-01,Spring,26.41
403217099312001,PHELPS,40.5392815,-99.5207383,2451.89,2006,2006-04-12,Spring,107.27
403224099261801,PHELPS,40.54167314,-99.43849253,2347.7,2006,2006-04-12,Spring,22.78
403230099195901,PHELPS,40.54167314,-99.3339024,2269.36,2006,2006-04-10,Spring,11.56
403309099250701,PHELPS,40.5543784,-99.4199673,2322.67,2006,2006-04-12,Spring,15.62
403309099270601,PHELPS,40.55026689,-99.45178833,2342.87,2006,2006-04-12,Spring,20.26
403309099281401,PHELPS,40.5521635,-99.4737128,2354.64,2006,2006-04-12,Spring,18.38
403322099201601,PHELPS,40.5547811,-99.3416484,2267.67,2006,2006-04-10,Spring,10.91
403322099210701,PHELPS,40.55622914,-99.3528114,2284.27,2006,2006-04-10,Spring,25.23
403322099254101,PHELPS,40.5542755,-99.4303042,2335.12,2006,2006-04-15,Spring,18.86
403322099264901,PHELPS,40.5543545569444,-99.4489925,2342.74,2006,2006-04-15,Spring,17.88
403322099272302,PHELPS,40.5545803,-99.4609332,2349.56,2006,2006-04-15,Spring,22.91
403322099304801,PHELPS,40.5542755075,-99.5122815,2411.43,2006,2006-04-12,Spring,62.54
403322099371801,PHELPS,40.5557047,-99.6247601,2465.78,2006,2006-04-12,Spring,79.0
403328099181202,PHELPS,40.5577906,-99.3033482,2272.01,2006,2006-04-15,Spring,34.68
403335099150901,PHELPS,40.55977478,-99.25286046,2241.29,2006,2006-04-10,Spring,34.5
403336099225701,PHELPS,40.55616214,-99.37615377,2296.91,2006,2006-04-15,Spring,24.2
403431099362101,PHELPS,40.5754557,-99.6058865,2477.16,2006,2006-04-15,Spring,86.78
403433099250001,PHELPS,40.576331,-99.4179046,2315.55,2006,2006-04-15,Spring,21.18
403453099141801,PHELPS,40.58307501,-99.2365144,2255.34,2006,2006-04-10,Spring,56.43
403453099190801,PHELPS,40.5807096794444,-99.3229107,2282.14,2006,2006-04-10,Spring,44.25
403454099304801,PHELPS,40.57931189,-99.51412709,2390.5,2006,2006-04-12,Spring,39.61
403506099350101,PHELPS,40.5833317,-99.5866221,2484.33,2006,2006-04-12,Spring,100.45
403507099234101,PHELPS,40.5836771413889,-99.3985091,2295.65,2006,2006-04-10,Spring,17.26
403507099254101,PHELPS,40.58520714,-99.42844836,2318.5,2006,2006-04-12,Spring,27.0
403520099201601,PHELPS,40.5886101475,-99.3416473,2265.95,2006,2006-04-10,Spring,20.52
403540099260001,PHELPS,40.5946306,-99.4353739,2323.77,2006,2006-04-15,Spring,27.92
403625099315401,PHELPS,40.60535831,-99.53303177,2384.53,2006,2006-04-12,Spring,37.18
403625099361001,PHELPS,40.60535831,-99.60306609,2454.12,2006,2006-04-12,Spring,87.2
403638099154301,PHELPS,40.60901195,-99.26298962,2222.0,2006,2006-04-10,Spring,19.95
403644099350001,PHELPS,40.61418514,-99.57972132,2418.26,2006,2006-04-15,Spring,69.15
403646099293301,PHELPS,40.6127772,-99.4935704,2354.25,2006,2006-04-15,Spring,18.0
403651099281401,PHELPS,40.613021,-99.4747929,2345.39,2006,2006-04-15,Spring,43.0
403730099373501,PHELPS,40.6268217,-99.6246292,2471.08,2006,2006-04-12,Spring,91.34
403739099281601,PHELPS,40.627653,-99.4742905,2324.54,2006,2006-04-15,Spring,24.86
403822099324501,PHELPS,40.6415361,-99.5482644,2377.53,2006,2006-04-12,Spring,40.97
403915099190801,PHELPS,40.6573434,-99.3214291,2234.03,2006,2006-04-10,Spring,11.0
403922099223301,PHELPS,40.65834351,-99.38037703,2253.27,2006,2006-05-01,Spring,8.84
403928099333601,PHELPS,40.6571948,-99.5612991,2355.41,2006,2006-04-15,Spring,40.18
403928099371801,PHELPS,40.655954,-99.6202609,2432.98,2006,2006-04-12,Spring,84.27
403941099331901,PHELPS,40.66044972,-99.55637462,2347.21,2006,2006-04-15,Spring,6.82
403941099342701,PHELPS,40.6636923,-99.5766538,2326.71,2006,2006-04-12,Spring,9.43
403954099255801,PHELPS,40.667854,-99.4364595,2268.93,2006,2006-04-15,Spring,2.55
404007099294001,PHELPS,40.6709022,-99.4936146,2290.54,2006,2006-04-12,Spring,8.85
404007099351901,PHELPS,40.6709256,-99.5865622,2322.26,2006,2006-04-12,Spring,9.41
404016099370201,PHELPS,40.6711189,-99.61760995,2335.44,2006,2006-05-01,Spring,5.89
404020099355301,PHELPS,40.6710839,-99.5961084,2326.91,2006,2006-04-12,Spring,6.48
08N 20W 06 AAA,PHELPS,40.68138,-99.62646,2336.24,2006,2006-04-15,Spring,3.76
402107099262000,PHELPS,40.35080555555556,-99.43768055555556,2363.91,2007,2007-04-15,Spring,201.98
402110099140001,PHELPS,40.351999,-99.2329232,2283.76,2007,2007-04-09,Spring,171.12
402115099213100,PHELPS,40.35468888888889,-99.35943333333331,2345.58,2007,2007-04-15,Spring,206.1
402124099201601,PHELPS,40.3563466,-99.3403749,2318.47,2007,2007-04-09,Spring,184.39
402159099301600,PHELPS,40.3649,-99.50220555555556,2377.49,2007,2007-04-15,Spring,183.76
402200099160700,PHELPS,40.3669,-99.267175,2280.22,2007,2007-04-15,Spring,150.72
402233099341700,PHELPS,40.376269444444446,-99.57279166666666,2335.32,2007,2007-04-15,Spring,112.48
402320099231001,PHELPS,40.38914722222222,-99.38615277777778,2384.17,2007,2007-04-15,Spring,218.19
402326099185300,PHELPS,40.390366666666665,-99.31649722222222,2306.56,2007,2007-04-15,Spring,149.65
402340099353701,PHELPS,40.39445302,-99.59399869,2264.29,2007,2007-05-08,Spring,24.41
402342099143300,PHELPS,40.39436388888889,-99.24273333333332,2261.52,2007,2007-04-15,Spring,114.54
402404099383400,PHELPS,40.40166972222222,-99.64190722222224,2363.94,2007,2007-04-18,Spring,90.31
402406099311800,PHELPS,40.40154444444444,-99.52104166666666,2406.07,2007,2007-04-15,Spring,182.78
402421099112000,PHELPS,40.40549166666666,-99.18921666666668,2216.62,2007,2007-04-15,Spring,59.94
402435099262900,PHELPS,40.40768055555555,-99.44083333333332,2405.19,2007,2007-04-15,Spring,210.69
402513099164801,PHELPS,40.42006111111111,-99.27985277777778,2278.97,2007,2007-04-15,Spring,77.39
402524099201601,PHELPS,40.42334431,-99.33815365,2312.07,2007,2007-05-09,Spring,117.57
402532099235801,PHELPS,40.42582814,-99.40068743,2321.09,2007,2007-04-10,Spring,119.41
402609099350800,PHELPS,40.43199166666666,-99.58200277777776,2443.0,2007,2007-04-15,Spring,176.54
402630099305500,PHELPS,40.44133611111111,-99.51204166666666,2426.38,2007,2007-04-15,Spring,179.48
402716099212401,PHELPS,40.4529071,-99.3592878,2307.74,2007,2007-04-10,Spring,74.0
402756099320601,PHELPS,40.46654722222223,-99.53547222222224,2446.36,2007,2007-04-15,Spring,167.25
402813099382100,PHELPS,40.46941944444445,-99.63914166666667,2473.68,2007,2007-04-15,Spring,157.51
402821099282901,PHELPS,40.47215973,-99.47068872,2363.91,2007,2007-04-15,Spring,100.93
402843099192001,PHELPS,40.47788889,-99.31941672,2311.88,2007,2007-04-15,Spring,44.51
402851099130101,PHELPS,40.4809986,-99.2168379,2244.15,2007,2007-04-15,Spring,34.39
402853099104601,PHELPS,40.4815796,-99.179559,2221.31,2007,2007-04-15,Spring,21.54
402853099152001,PHELPS,40.4816481,-99.2557469,2251.06,2007,2007-04-15,Spring,30.66
402905099115301,PHELPS,40.4848551,-99.1983097,2241.11,2007,2007-04-15,Spring,36.8
402906099342201,PHELPS,40.485083333333336,-99.57288888888888,2458.82,2007,2007-04-15,Spring,151.96
402924099235501,PHELPS,40.4901949,-99.398706,2336.37,2007,2007-04-15,Spring,59.81
402945099151900,PHELPS,40.49312395,-99.25285328,2243.78,2007,2007-04-15,Spring,24.33
402952099161701,PHELPS,40.49624602,-99.2746825,2255.28,2007,2007-04-15,Spring,25.0
403014099213701,PHELPS,40.50113773,-99.35723759,2325.73,2007,2007-04-15,Spring,40.38
403037099313401,PHELPS,40.5104684,-99.5262137,2408.97,2007,2007-04-10,Spring,80.27
403117099261901,PHELPS,40.52128889,-99.43849541,2375.59,2007,2007-04-15,Spring,46.81
403123099261501,PHELPS,40.52446389,-99.436875,2361.96,2007,2007-05-08,Spring,44.67
403124099152601,PHELPS,40.52215595,-99.25856338,2258.2,2007,2007-04-15,Spring,48.78
403125099295701,PHELPS,40.5247252,-99.4992246,2402.13,2007,2007-04-10,Spring,70.05
403132099381001,PHELPS,40.52556319,-99.63650076,2517.21,2007,2007-05-09,Spring,155.0
403137099330201,PHELPS,40.5263766547222,-99.5496279,2405.25,2007,2007-04-15,Spring,58.58
403138099190801,PHELPS,40.5255972,-99.3224515,2277.27,2007,2007-04-10,Spring,24.31
403138099235801,PHELPS,40.5255500233333,-99.399115,2328.14,2007,2007-04-15,Spring,32.0
403163099379201,PHELPS,40.52718414,-99.63201494,2519.15,2007,2007-04-15,Spring,158.21
403217099235801,PHELPS,40.53806574,-99.39982287,2321.45,2007,2007-05-08,Spring,24.36
403217099312001,PHELPS,40.5392815,-99.5207383,2451.89,2007,2007-04-15,Spring,106.52
403224099261801,PHELPS,40.54167314,-99.43849253,2347.7,2007,2007-04-15,Spring,22.2
403230099195901,PHELPS,40.54167314,-99.3339024,2269.36,2007,2007-04-15,Spring,10.87
403309099250701,PHELPS,40.5543784,-99.4199673,2322.67,2007,2007-04-15,Spring,14.52
403309099270601,PHELPS,40.55026689,-99.45178833,2342.87,2007,2007-04-15,Spring,17.48
403309099281401,PHELPS,40.5521635,-99.4737128,2354.64,2007,2007-04-15,Spring,18.03
403322099210701,PHELPS,40.55622914,-99.3528114,2284.27,2007,2007-04-15,Spring,24.0
403322099254101,PHELPS,40.5542755,-99.4303042,2335.12,2007,2007-04-15,Spring,20.21
403322099264901,PHELPS,40.5543545569444,-99.4489925,2342.74,2007,2007-04-15,Spring,18.16
403322099272302,PHELPS,40.5545803,-99.4609332,2349.56,2007,2007-04-15,Spring,20.41
403322099304801,PHELPS,40.5542755075,-99.5122815,2411.43,2007,2007-04-15,Spring,62.22
403322099371801,PHELPS,40.5557047,-99.6247601,2465.78,2007,2007-04-11,Spring,78.82
403328099181202,PHELPS,40.5577906,-99.3033482,2272.01,2007,2007-04-15,Spring,32.95
403335099150901,PHELPS,40.55977478,-99.25286046,2241.29,2007,2007-04-10,Spring,33.52
403336099225701,PHELPS,40.55616214,-99.37615377,2296.91,2007,2007-04-15,Spring,29.15
403431099362101,PHELPS,40.5754557,-99.6058865,2477.16,2007,2007-04-11,Spring,87.75
403433099250001,PHELPS,40.576331,-99.4179046,2315.55,2007,2007-04-15,Spring,19.18
403453099141801,PHELPS,40.58307501,-99.2365144,2255.34,2007,2007-04-15,Spring,57.0
403453099190801,PHELPS,40.5807096794444,-99.3229107,2282.14,2007,2007-04-15,Spring,44.43
403454099304801,PHELPS,40.57931189,-99.51412709,2390.5,2007,2007-04-15,Spring,38.78
403506099350101,PHELPS,40.5833317,-99.5866221,2484.33,2007,2007-04-11,Spring,99.69
403507099234101,PHELPS,40.5836771413889,-99.3985091,2295.65,2007,2007-04-15,Spring,15.88
403507099254101,PHELPS,40.58520714,-99.42844836,2318.5,2007,2007-04-10,Spring,24.91
403520099201601,PHELPS,40.5886101475,-99.3416473,2265.95,2007,2007-04-15,Spring,20.0
403540099260001,PHELPS,40.5946306,-99.4353739,2323.77,2007,2007-04-10,Spring,26.0
403625099315401,PHELPS,40.60535831,-99.53303177,2384.53,2007,2007-04-11,Spring,36.19
403625099361001,PHELPS,40.60535831,-99.60306609,2454.12,2007,2007-04-10,Spring,87.55
403638099154301,PHELPS,40.60901195,-99.26298962,2222.0,2007,2007-04-10,Spring,19.34
403644099350001,PHELPS,40.61418514,-99.57972132,2418.26,2007,2007-04-11,Spring,69.0
403645099242701,PHELPS,40.61264497222222,-99.40752011111113,2297.96,2007,2007-04-15,Spring,22.53
403646099293301,PHELPS,40.6127772,-99.4935704,2354.25,2007,2007-04-15,Spring,17.14
403651099281401,PHELPS,40.613021,-99.4747929,2345.39,2007,2007-04-15,Spring,43.37
403710099104601,PHELPS,40.6195145,-99.17947241666668,2193.97,2007,2007-04-15,Spring,16.86
403730099373501,PHELPS,40.6268217,-99.6246292,2471.08,2007,2007-04-15,Spring,91.63
403738099181101,PHELPS,40.62740444444445,-99.30320513888888,2241.2,2007,2007-04-15,Spring,19.21
403739099281601,PHELPS,40.627653,-99.4742905,2324.54,2007,2007-04-15,Spring,23.25
403739099293601,PHELPS,40.62758555555556,-99.49344,2356.31,2007,2007-04-20,Spring,32.99
403822099324501,PHELPS,40.6415361,-99.5482644,2377.53,2007,2007-04-15,Spring,40.25
403831099173501,PHELPS,40.642178,-99.29327591666666,2229.47,2007,2007-04-15,Spring,11.89
403832099293501,PHELPS,40.64230694444444,-99.49321833333332,2322.16,2007,2007-04-20,Spring,22.2
403915099190801,PHELPS,40.6573434,-99.3214291,2234.03,2007,2007-04-10,Spring,9.11
403922099223301,PHELPS,40.65834351,-99.38037703,2253.27,2007,2007-05-09,Spring,4.18
403927099293501,PHELPS,40.65755805555556,-99.49321666666668,2297.65,2007,2007-04-20,Spring,8.19
403928099333601,PHELPS,40.6571948,-99.5612991,2355.41,2007,2007-04-10,Spring,38.82
403928099371801,PHELPS,40.655954,-99.6202609,2432.98,2007,2007-04-15,Spring,84.0
403941099331901,PHELPS,40.66044972,-99.55637462,2347.21,2007,2007-04-15,Spring,5.45
403941099342701,PHELPS,40.6636923,-99.5766538,2326.71,2007,2007-04-15,Spring,9.0
403946099383201,PHELPS,40.66301611111111,-99.64228555555556,2446.94,2007,2007-04-20,Spring,95.34
403949099293501,PHELPS,40.66383277777778,-99.49320805555556,2291.23,2007,2007-04-20,Spring,4.22
403954099255801,PHELPS,40.667854,-99.4364595,2268.93,2007,2007-04-15,Spring,2.35
404006099282401,PHELPS,40.66854833333333,-99.4734825,2280.04,2007,2007-04-20,Spring,1.23
404007099294001,PHELPS,40.6709022,-99.4936146,2290.54,2007,2007-04-15,Spring,8.42
404007099351901,PHELPS,40.6709256,-99.5865622,2322.26,2007,2007-04-15,Spring,8.61
404016099370201,PHELPS,40.6711189,-99.61760995,2335.44,2007,2007-05-09,Spring,6.01
404020099355301,PHELPS,40.6710839,-99.5961084,2326.91,2007,2007-04-15,Spring,6.0
404033099373001,PHELPS,40.67593911111111,-99.62515633333332,2339.74,2007,2007-04-15,Spring,8.9
404040099383501,PHELPS,40.67796833333333,-99.64313333333334,2346.64,2007,2007-04-20,Spring,10.79
404059099383501,PHELPS,40.68328583333333,-99.64316027777778,2343.11,2007,2007-04-20,Spring,14.85
404102099373001,PHELPS,40.68405933333333,-99.62523716666666,2334.85,2007,2007-04-15,Spring,9.85
08N 20W 06 AAA,PHELPS,40.68138,-99.62646,2336.24,2007,2007-04-15,Spring,2.94
402107099262000,PHELPS,40.35080555555556,-99.43768055555556,2363.91,2008,2008-04-15,Spring,201.48
402110099140001,PHELPS,40.351999,-99.2329232,2283.76,2008,2008-04-15,Spring,170.18
402115099213100,PHELPS,40.35468888888889,-99.35943333333331,2345.58,2008,2008-04-17,Spring,205.83
402124099201601,PHELPS,40.3563466,-99.3403749,2318.47,2008,2008-04-15,Spring,184.44
402159099301600,PHELPS,40.3649,-99.50220555555556,2377.49,2008,2008-04-15,Spring,182.89
402200099160700,PHELPS,40.3669,-99.267175,2280.22,2008,2008-04-17,Spring,150.01
402233099341700,PHELPS,40.376269444444446,-99.57279166666666,2335.32,2008,2008-04-15,Spring,112.29
402320099231001,PHELPS,40.38914722222222,-99.38615277777778,2384.17,2008,2008-04-17,Spring,217.33
402326099185300,PHELPS,40.390366666666665,-99.31649722222222,2306.56,2008,2008-04-17,Spring,148.92
402340099353701,PHELPS,40.39445302,-99.59399869,2264.29,2008,2008-04-30,Spring,24.96
402342099143300,PHELPS,40.39436388888889,-99.24273333333332,2261.52,2008,2008-04-09,Spring,113.77
402404099383400,PHELPS,40.40166972222222,-99.64190722222224,2363.94,2008,2008-04-15,Spring,88.91
402406099311800,PHELPS,40.40154444444444,-99.52104166666666,2406.07,2008,2008-04-15,Spring,182.43
402421099112000,PHELPS,40.40549166666666,-99.18921666666668,2216.62,2008,2008-04-09,Spring,58.14
402423099152001,PHELPS,40.40643361111111,-99.2555336111111,2261.86,2008,2008-04-15,Spring,89.61
402435099262900,PHELPS,40.40768055555555,-99.44083333333332,2405.19,2008,2008-04-15,Spring,209.66
402458099344401,PHELPS,40.41608027777777,-99.57890388888887,2426.49,2008,2008-04-15,Spring,172.36
402513099164801,PHELPS,40.42006111111111,-99.27985277777778,2278.97,2008,2008-04-09,Spring,74.24
402524099201601,PHELPS,40.42334431,-99.33815365,2312.07,2008,2008-04-29,Spring,115.17
402532099235801,PHELPS,40.42582814,-99.40068743,2321.09,2008,2008-04-15,Spring,118.78
402532099222601,PHELPS,40.42564361111111,-99.37401277777776,2312.94,2008,2008-04-15,Spring,98.05
402609099350800,PHELPS,40.43199166666666,-99.58200277777776,2443.0,2008,2008-04-15,Spring,175.45
402630099305500,PHELPS,40.44133611111111,-99.51204166666666,2426.38,2008,2008-04-15,Spring,178.18
402649099350601,PHELPS,40.44692,-99.58488888888888,2428.0,2008,2008-04-15,Spring,148.47
402716099212401,PHELPS,40.4529071,-99.3592878,2307.74,2008,2008-04-08,Spring,71.85
402756099320601,PHELPS,40.46654722222223,-99.53547222222224,2446.36,2008,2008-04-15,Spring,166.45
402813099382100,PHELPS,40.46941944444445,-99.63914166666667,2473.68,2008,2008-04-15,Spring,157.31
402821099282901,PHELPS,40.47215973,-99.47068872,2363.91,2008,2008-04-15,Spring,95.0
402843099192001,PHELPS,40.47788889,-99.31941672,2311.88,2008,2008-04-15,Spring,44.58
402851099130101,PHELPS,40.4809986,-99.2168379,2244.15,2008,2008-04-15,Spring,32.43
402853099104601,PHELPS,40.4815796,-99.179559,2221.31,2008,2008-04-15,Spring,20.0
402853099152001,PHELPS,40.4816481,-99.2557469,2251.06,2008,2008-04-15,Spring,28.76
402853099135101,PHELPS,40.48150472222223,-99.23095833333332,2247.07,2008,2008-04-15,Spring,28.81
402905099115301,PHELPS,40.4848551,-99.1983097,2241.11,2008,2008-04-15,Spring,34.86
402906099342201,PHELPS,40.485083333333336,-99.57288888888888,2458.82,2008,2008-04-15,Spring,150.52
402924099235501,PHELPS,40.4901949,-99.398706,2336.37,2008,2008-04-15,Spring,56.48
402854099213801,PHELPS,40.48158305555556,-99.36045888888889,2315.4,2008,2008-04-15,Spring,54.05
402945099151900,PHELPS,40.49312395,-99.25285328,2243.78,2008,2008-04-15,Spring,23.0
402952099161701,PHELPS,40.49624602,-99.2746825,2255.28,2008,2008-04-15,Spring,22.12
403014099213701,PHELPS,40.50113773,-99.35723759,2325.73,2008,2008-04-15,Spring,39.81
403037099313401,PHELPS,40.5104684,-99.5262137,2408.97,2008,2008-04-09,Spring,78.52
403117099261901,PHELPS,40.52128889,-99.43849541,2375.59,2008,2008-04-15,Spring,45.3
403123099261501,PHELPS,40.52446389,-99.436875,2361.96,2008,2008-04-30,Spring,44.0
403124099152601,PHELPS,40.52215595,-99.25856338,2258.2,2008,2008-04-15,Spring,46.42
403125099295701,PHELPS,40.5247252,-99.4992246,2402.13,2008,2008-04-09,Spring,67.05
403132099381001,PHELPS,40.52556319,-99.63650076,2517.21,2008,2008-04-30,Spring,153.43
403137099330201,PHELPS,40.5263766547222,-99.5496279,2405.25,2008,2008-04-15,Spring,58.22
403138099190801,PHELPS,40.5255972,-99.3224515,2277.27,2008,2008-04-08,Spring,23.06
403138099235801,PHELPS,40.5255500233333,-99.399115,2328.14,2008,2008-04-15,Spring,29.0
403104099130201,PHELPS,40.5179145,-99.2173248,2242.62,2008,2008-04-15,Spring,29.32
403163099379201,PHELPS,40.52718414,-99.63201494,2519.15,2008,2008-04-15,Spring,156.56
403217099235801,PHELPS,40.53806574,-99.39982287,2321.45,2008,2008-04-30,Spring,24.19
403217099312001,PHELPS,40.5392815,-99.5207383,2451.89,2008,2008-04-15,Spring,105.0
403224099261801,PHELPS,40.54167314,-99.43849253,2347.7,2008,2008-04-15,Spring,22.56
403230099195901,PHELPS,40.54167314,-99.3339024,2269.36,2008,2008-04-15,Spring,11.51
403309099250701,PHELPS,40.5543784,-99.4199673,2322.67,2008,2008-04-15,Spring,13.66
403309099270601,PHELPS,40.55026689,-99.45178833,2342.87,2008,2008-04-15,Spring,18.1
403309099281401,PHELPS,40.5521635,-99.4737128,2354.64,2008,2008-04-15,Spring,18.0
403322099201601,PHELPS,40.5547811,-99.3416484,2267.67,2008,2008-04-15,Spring,8.76
403322099210701,PHELPS,40.55622914,-99.3528114,2284.27,2008,2008-04-15,Spring,21.53
403322099254101,PHELPS,40.5542755,-99.4303042,2335.12,2008,2008-04-15,Spring,19.62
403322099264901,PHELPS,40.5543545569444,-99.4489925,2342.74,2008,2008-04-15,Spring,17.12
403322099272302,PHELPS,40.5545803,-99.4609332,2349.56,2008,2008-04-15,Spring,20.46
403322099304801,PHELPS,40.5542755075,-99.5122815,2411.43,2008,2008-04-15,Spring,60.66
403322099371801,PHELPS,40.5557047,-99.6247601,2465.78,2008,2008-04-09,Spring,77.72
403328099181202,PHELPS,40.5577906,-99.3033482,2272.01,2008,2008-04-15,Spring,30.28
403335099150901,PHELPS,40.55977478,-99.25286046,2241.29,2008,2008-04-08,Spring,31.62
403336099225701,PHELPS,40.55616214,-99.37615377,2296.91,2008,2008-04-15,Spring,20.78
403431099362101,PHELPS,40.5754557,-99.6058865,2477.16,2008,2008-04-09,Spring,87.63
403433099250001,PHELPS,40.576331,-99.4179046,2315.55,2008,2008-04-15,Spring,18.6
403453099141801,PHELPS,40.58307501,-99.2365144,2255.34,2008,2008-04-15,Spring,53.03
403453099190801,PHELPS,40.5807096794444,-99.3229107,2282.14,2008,2008-04-15,Spring,40.88
403454099304801,PHELPS,40.57931189,-99.51412709,2390.5,2008,2008-04-15,Spring,37.72
403506099350101,PHELPS,40.5833317,-99.5866221,2484.33,2008,2008-04-09,Spring,99.85
403507099234101,PHELPS,40.5836771413889,-99.3985091,2295.65,2008,2008-04-15,Spring,14.72
403507099254101,PHELPS,40.58520714,-99.42844836,2318.5,2008,2008-04-08,Spring,24.32
403520099201601,PHELPS,40.5886101475,-99.3416473,2265.95,2008,2008-04-15,Spring,17.5
403540099260001,PHELPS,40.5946306,-99.4353739,2323.77,2008,2008-04-08,Spring,24.85
403625099315401,PHELPS,40.60535831,-99.53303177,2384.53,2008,2008-04-09,Spring,35.61
403625099361001,PHELPS,40.60535831,-99.60306609,2454.12,2008,2008-04-09,Spring,86.56
403638099154301,PHELPS,40.60901195,-99.26298962,2222.0,2008,2008-04-08,Spring,16.0
403644099350001,PHELPS,40.61418514,-99.57972132,2418.26,2008,2008-04-09,Spring,68.75
403645099242701,PHELPS,40.61264497222222,-99.40752011111113,2297.96,2008,2008-04-04,Spring,19.94
403646099293301,PHELPS,40.6127772,-99.4935704,2354.25,2008,2008-04-15,Spring,19.07
403651099281401,PHELPS,40.613021,-99.4747929,2345.39,2008,2008-04-15,Spring,41.18
403710099104601,PHELPS,40.6195145,-99.17947241666668,2193.97,2008,2008-04-04,Spring,13.78
403730099373501,PHELPS,40.6268217,-99.6246292,2471.08,2008,2008-04-15,Spring,91.7
403738099181101,PHELPS,40.62740444444445,-99.30320513888888,2241.2,2008,2008-04-04,Spring,16.51
403739099281601,PHELPS,40.627653,-99.4742905,2324.54,2008,2008-04-15,Spring,22.87
403739099293601,PHELPS,40.62758555555556,-99.49344,2356.31,2008,2008-04-01,Spring,31.7
403822099324501,PHELPS,40.6415361,-99.5482644,2377.53,2008,2008-04-15,Spring,41.48
403831099173501,PHELPS,40.642178,-99.29327591666666,2229.47,2008,2008-04-04,Spring,10.9
403832099293501,PHELPS,40.64230694444444,-99.49321833333332,2322.16,2008,2008-04-01,Spring,21.08
403915099190801,PHELPS,40.6573434,-99.3214291,2234.03,2008,2008-04-08,Spring,9.36
403922099223301,PHELPS,40.65834351,-99.38037703,2253.27,2008,2008-04-30,Spring,6.77
403927099293501,PHELPS,40.65755805555556,-99.49321666666668,2297.65,2008,2008-04-01,Spring,8.09
403928099333601,PHELPS,40.6571948,-99.5612991,2355.41,2008,2008-04-08,Spring,38.76
403928099371801,PHELPS,40.655954,-99.6202609,2432.98,2008,2008-04-15,Spring,84.24
403941099331901,PHELPS,40.66044972,-99.55637462,2347.21,2008,2008-04-15,Spring,5.61
403941099342701,PHELPS,40.6636923,-99.5766538,2326.71,2008,2008-04-15,Spring,8.83
403946099383201,PHELPS,40.66301611111111,-99.64228555555556,2446.94,2008,2008-04-01,Spring,95.4
403949099293501,PHELPS,40.66383277777778,-99.49320805555556,2291.23,2008,2008-04-01,Spring,4.51
403954099255801,PHELPS,40.667854,-99.4364595,2268.93,2008,2008-04-15,Spring,4.42
403903099214301,PHELPS,40.650864722222224,-99.3618686111111,2248.47,2008,2008-04-15,Spring,7.4
404006099282401,PHELPS,40.66854833333333,-99.4734825,2280.04,2008,2008-04-01,Spring,2.54
404007099294001,PHELPS,40.6709022,-99.4936146,2290.54,2008,2008-04-15,Spring,9.61
404007099351901,PHELPS,40.6709256,-99.5865622,2322.26,2008,2008-04-15,Spring,9.78
404016099370201,PHELPS,40.6711189,-99.61760995,2335.44,2008,2008-04-30,Spring,5.83
404020099355301,PHELPS,40.6710839,-99.5961084,2326.91,2008,2008-04-15,Spring,6.52
404033099373001,PHELPS,40.67593911111111,-99.62515633333332,2339.74,2008,2008-04-04,Spring,9.75
404040099383501,PHELPS,40.67796833333333,-99.64313333333334,2346.64,2008,2008-04-01,Spring,11.48
403959099282801,PHELPS,40.66638638888889,-99.47439194444443,2282.17,2008,2008-04-15,Spring,3.25
404059099383501,PHELPS,40.68328583333333,-99.64316027777778,2343.11,2008,2008-04-01,Spring,12.85
404102099373001,PHELPS,40.68405933333333,-99.62523716666666,2334.85,2008,2008-04-04,Spring,10.0
402813099382100,PHELPS,40.46941944444445,-99.63914166666667,2473.68,2008,2008-11-05,Fall,159.97
402756099320601,PHELPS,40.46654722222223,-99.53547222222224,2446.36,2008,2008-10-10,Fall,168.93
402609099350800,PHELPS,40.43199166666666,-99.58200277777776,2443.0,2008,2008-10-10,Fall,177.48
402404099383400,PHELPS,40.40166972222222,-99.64190722222224,2363.94,2008,2008-10-31,Fall,89.92
402233099341700,PHELPS,40.376269444444446,-99.57279166666666,2335.32,2008,2008-10-10,Fall,112.88
402406099311800,PHELPS,40.40154444444444,-99.52104166666666,2406.07,2008,2008-10-10,Fall,183.9
402107099262000,PHELPS,40.35080555555556,-99.43768055555556,2363.91,2008,2008-10-10,Fall,202.87
402513099164801,PHELPS,40.42006111111111,-99.27985277777778,2278.97,2008,2008-10-09,Fall,78.49
402342099143300,PHELPS,40.39436388888889,-99.24273333333332,2261.52,2008,2008-10-09,Fall,114.51
402906099342201,PHELPS,40.485083333333336,-99.57288888888888,2458.82,2008,2008-10-10,Fall,153.25
404006099282401,PHELPS,40.66854833333333,-99.4734825,2280.04,2008,2008-11-03,Fall,1.24
403927099293501,PHELPS,40.65755805555556,-99.49321666666668,2297.65,2008,2008-11-03,Fall,7.71
403949099293501,PHELPS,40.66383277777778,-99.49320805555556,2291.23,2008,2008-11-03,Fall,4.0
403832099293501,PHELPS,40.64230694444444,-99.49321833333332,2322.16,2008,2008-11-03,Fall,20.57
403739099293601,PHELPS,40.62758555555556,-99.49344,2356.31,2008,2008-11-03,Fall,29.31
404059099383501,PHELPS,40.68328583333333,-99.64316027777778,2343.11,2008,2008-11-03,Fall,14.5
404040099383501,PHELPS,40.67796833333333,-99.64313333333334,2346.64,2008,2008-11-03,Fall,10.56
403946099383201,PHELPS,40.66301611111111,-99.64228555555556,2446.94,2008,2008-11-03,Fall,94.98
402630099305500,PHELPS,40.44133611111111,-99.51204166666666,2426.38,2008,2008-10-10,Fall,181.23
404033099373001,PHELPS,40.67593911111111,-99.62515633333332,2339.74,2008,2008-11-03,Fall,9.12
404102099373001,PHELPS,40.68405933333333,-99.62523716666666,2334.85,2008,2008-11-03,Fall,10.02
403738099181101,PHELPS,40.62740444444445,-99.30320513888888,2241.2,2008,2008-10-09,Fall,16.27
403831099173501,PHELPS,40.642178,-99.29327591666666,2229.47,2008,2008-10-09,Fall,9.62
403645099242701,PHELPS,40.61264497222222,-99.40752011111113,2297.96,2008,2008-10-09,Fall,20.08
403710099104601,PHELPS,40.6195145,-99.17947241666668,2193.97,2008,2008-10-31,Fall,12.45
402435099262900,PHELPS,40.40768055555555,-99.44083333333332,2405.19,2008,2008-10-31,Fall,212.34
402423099152001,PHELPS,40.40643361111111,-99.2555336111111,2261.86,2008,2008-10-09,Fall,90.17
402532099222601,PHELPS,40.42564361111111,-99.37401277777776,2312.94,2008,2008-10-10,Fall,99.93
402649099350601,PHELPS,40.44692,-99.58488888888888,2428.0,2008,2008-10-10,Fall,150.62
402854099213801,PHELPS,40.48158305555556,-99.36045888888889,2315.4,2008,2008-10-09,Fall,57.69
402853099135101,PHELPS,40.48150472222223,-99.23095833333332,2247.07,2008,2008-10-09,Fall,28.09
402159099301600,PHELPS,40.3649,-99.50220555555556,2377.49,2008,2008-10-10,Fall,185.33
403903099214301,PHELPS,40.650864722222224,-99.3618686111111,2248.47,2008,2008-10-09,Fall,6.72
403959099282801,PHELPS,40.66638638888889,-99.47439194444443,2282.17,2008,2008-10-09,Fall,4.15
402458099344401,PHELPS,40.41608027777777,-99.57890388888887,2426.49,2008,2008-10-10,Fall,172.8
402320099231001,PHELPS,40.38914722222222,-99.38615277777778,2384.17,2008,2008-10-10,Fall,222.03
402326099185300,PHELPS,40.390366666666665,-99.31649722222222,2306.56,2008,2008-10-09,Fall,151.59
402115099213100,PHELPS,40.35468888888889,-99.35943333333331,2345.58,2008,2008-10-09,Fall,207.4
402421099112000,PHELPS,40.40549166666666,-99.18921666666668,2216.62,2008,2008-10-09,Fall,57.85
402200099160700,PHELPS,40.3669,-99.267175,2280.22,2008,2008-10-09,Fall,164.57
403123099261501,PHELPS,40.52446389,-99.436875,2361.96,2008,2008-10-14,Fall,41.5
08N 20W 06 AAA,PHELPS,40.68138,-99.62646,2336.24,2008,2008-11-05,Fall,3.2
404102099373002,PHELPS,40.68405933333333,-99.62523716666666,2334.85,2008,2008-11-03,Fall,7.98
403738099181102,PHELPS,40.62740444444445,-99.30320513888888,2241.2,2008,2008-10-09,Fall,16.2
403831099173502,PHELPS,40.642178,-99.29327591666666,2229.47,2008,2008-10-09,Fall,11.22
403645099242702,PHELPS,40.61264497222222,-99.40752011111113,2297.96,2008,2008-10-09,Fall,20.73
403710099104602,PHELPS,40.6195145,-99.17947241666668,2193.97,2008,2008-10-31,Fall,12.92
402532099222602,PHELPS,40.42564361111111,-99.37401277777776,2312.94,2008,2008-10-10,Fall,105.43
402649099350602,PHELPS,40.44692,-99.58488888888888,2428.0,2008,2008-10-10,Fall,151.74
402854099213802,PHELPS,40.48158305555556,-99.36045888888889,2315.4,2008,2008-10-09,Fall,57.97
402853099135102,PHELPS,40.48150472222223,-99.23095833333332,2247.07,2008,2008-10-09,Fall,27.38
403903099214302,PHELPS,40.650864722222224,-99.3618686111111,2248.47,2008,2008-10-09,Fall,6.91
403959099282802,PHELPS,40.66638638888889,-99.47439194444443,2282.17,2008,2008-10-09,Fall,4.11
402458099344402,PHELPS,40.41608027777777,-99.57890388888887,2426.49,2008,2008-10-10,Fall,172.89
402334099293301,PHELPS,40.392735555555554,-99.49248916666669,2343.83,2008,2008-10-10,Fall,139.58
402334099293302,PHELPS,40.392735555555554,-99.49248916666669,2343.83,2008,2008-10-10,Fall,141.12
403408099130501,PHELPS,40.56878722222223,-99.21816944444444,2216.56,2008,2008-10-09,Fall,14.48
403408099130502,PHELPS,40.56878722222223,-99.21816944444444,2216.56,2008,2008-10-09,Fall,14.77
403350099282701,PHELPS,40.56375277777777,-99.47419805555556,2351.95,2008,2008-10-09,Fall,15.36
403350099282702,PHELPS,40.56375277777777,-99.47419805555556,2351.95,2008,2008-10-09,Fall,15.62
403315099351501,PHELPS,40.554270555555554,-99.58744083333332,2447.59,2008,2008-10-10,Fall,69.0
403315099351502,PHELPS,40.554270555555554,-99.58744083333332,2447.59,2008,2008-10-10,Fall,71.85
402636099271801,PHELPS,40.44343083333333,-99.45505,2362.54,2008,2008-10-10,Fall,137.44
402636099271802,PHELPS,40.44343083333333,-99.45505,2362.54,2008,2008-10-10,Fall,136.42
402513099164801,PHELPS,40.42006111111111,-99.27985277777778,2278.97,2009,2009-04-24,Spring,73.49
402421099112000,PHELPS,40.40549166666666,-99.18921666666668,2216.62,2009,2009-04-24,Spring,56.97
402342099143300,PHELPS,40.39436388888889,-99.24273333333332,2261.52,2009,2009-04-24,Spring,110.52
402423099152001,PHELPS,40.40643361111111,-99.2555336111111,2261.86,2009,2009-04-24,Spring,90.36
402200099160700,PHELPS,40.3669,-99.267175,2280.22,2009,2009-04-24,Spring,149.6
402532099222602,PHELPS,40.42564361111111,-99.37401277777776,2312.94,2009,2009-04-24,Spring,104.26
402532099222601,PHELPS,40.42564361111111,-99.37401277777776,2312.94,2009,2009-04-24,Spring,99.29
402320099231001,PHELPS,40.38914722222222,-99.38615277777778,2384.17,2009,2009-04-24,Spring,222.66
402326099185300,PHELPS,40.390366666666665,-99.31649722222222,2306.56,2009,2009-04-24,Spring,151.0
402115099213100,PHELPS,40.35468888888889,-99.35943333333331,2345.58,2009,2009-04-24,Spring,205.92
402435099262900,PHELPS,40.40768055555555,-99.44083333333332,2405.19,2009,2009-04-23,Spring,209.59
402406099311800,PHELPS,40.40154444444444,-99.52104166666666,2406.07,2009,2009-04-23,Spring,182.98
402334099293301,PHELPS,40.392735555555554,-99.49248916666669,2343.83,2009,2009-04-22,Spring,138.38
402334099293302,PHELPS,40.392735555555554,-99.49248916666669,2343.83,2009,2009-04-22,Spring,138.65
402159099301600,PHELPS,40.3649,-99.50220555555556,2377.49,2009,2009-04-23,Spring,183.76
402107099262000,PHELPS,40.35080555555556,-99.43768055555556,2363.91,2009,2009-04-23,Spring,201.67
402609099350800,PHELPS,40.43199166666666,-99.58200277777776,2443.0,2009,2009-04-23,Spring,175.8
402458099344401,PHELPS,40.41608027777777,-99.57890388888887,2426.49,2009,2009-04-22,Spring,174.61
402458099344402,PHELPS,40.41608027777777,-99.57890388888887,2426.49,2009,2009-04-22,Spring,174.51
402404099383400,PHELPS,40.40166972222222,-99.64190722222224,2363.94,2009,2009-04-23,Spring,89.54
402233099341700,PHELPS,40.376269444444446,-99.57279166666666,2335.32,2009,2009-04-23,Spring,113.0
402853099135101,PHELPS,40.48150472222223,-99.23095833333332,2247.07,2009,2009-04-24,Spring,29.89
402853099135102,PHELPS,40.48150472222223,-99.23095833333332,2247.07,2009,2009-04-24,Spring,29.06
402854099213801,PHELPS,40.48158305555556,-99.36045888888889,2315.4,2009,2009-04-24,Spring,56.06
402854099213802,PHELPS,40.48158305555556,-99.36045888888889,2315.4,2009,2009-04-24,Spring,56.12
402630099305500,PHELPS,40.44133611111111,-99.51204166666666,2426.38,2009,2009-04-23,Spring,178.29
402636099271802,PHELPS,40.44343083333333,-99.45505,2362.54,2009,2009-04-27,Spring,137.58
402636099271801,PHELPS,40.44343083333333,-99.45505,2362.54,2009,2009-04-27,Spring,138.89
402906099342201,PHELPS,40.485083333333336,-99.57288888888888,2458.82,2009,2009-04-23,Spring,150.58
402813099382100,PHELPS,40.46941944444445,-99.63914166666667,2473.68,2009,2009-04-23,Spring,156.59
402756099320601,PHELPS,40.46654722222223,-99.53547222222224,2446.36,2009,2009-04-23,Spring,167.0
402649099350602,PHELPS,40.44692,-99.58488888888888,2428.0,2009,2009-04-23,Spring,151.43
402649099350601,PHELPS,40.44692,-99.58488888888888,2428.0,2009,2009-04-23,Spring,150.4
403408099130502,PHELPS,40.56878722222223,-99.21816944444444,2216.56,2009,2009-04-24,Spring,17.61
403408099130501,PHELPS,40.56878722222223,-99.21816944444444,2216.56,2009,2009-04-24,Spring,17.36
403645099242701,PHELPS,40.61264497222222,-99.40752011111113,2297.96,2009,2009-04-24,Spring,19.92
403645099242702,PHELPS,40.61264497222222,-99.40752011111113,2297.96,2009,2009-04-24,Spring,20.45
403350099282702,PHELPS,40.56375277777777,-99.47419805555556,2351.95,2009,2009-04-24,Spring,17.24
403350099282701,PHELPS,40.56375277777777,-99.47419805555556,2351.95,2009,2009-04-24,Spring,17.09
403315099351502,PHELPS,40.554270555555554,-99.58744083333332,2447.59,2009,2009-04-24,Spring,74.24
403315099351501,PHELPS,40.554270555555554,-99.58744083333332,2447.59,2009,2009-04-24,Spring,71.27
403831099173501,PHELPS,40.642178,-99.29327591666666,2229.47,2009,2009-04-24,Spring,11.94
403738099181102,PHELPS,40.62740444444445,-99.30320513888888,2241.2,2009,2009-04-24,Spring,17.76
403738099181101,PHELPS,40.62740444444445,-99.30320513888888,2241.2,2009,2009-04-24,Spring,17.85
403831099173502,PHELPS,40.642178,-99.29327591666666,2229.47,2009,2009-04-24,Spring,12.33
403710099104602,PHELPS,40.6195145,-99.17947241666668,2193.97,2009,2009-04-24,Spring,15.04
403710099104601,PHELPS,40.6195145,-99.17947241666668,2193.97,2009,2009-04-24,Spring,14.65
403903099214301,PHELPS,40.650864722222224,-99.3618686111111,2248.47,2009,2009-04-24,Spring,8.77
403903099214302,PHELPS,40.650864722222224,-99.3618686111111,2248.47,2009,2009-04-24,Spring,8.58
404006099282401,PHELPS,40.66854833333333,-99.4734825,2280.04,2009,2009-04-24,Spring,4.93
403959099282801,PHELPS,40.66638638888889,-99.47439194444443,2282.17,2009,2009-04-24,Spring,6.05
403927099293501,PHELPS,40.65755805555556,-99.49321666666668,2297.65,2009,2009-04-24,Spring,10.68
403949099293501,PHELPS,40.66383277777778,-99.49320805555556,2291.23,2009,2009-04-24,Spring,7.53
403959099282802,PHELPS,40.66638638888889,-99.47439194444443,2282.17,2009,2009-04-24,Spring,5.99
403832099293501,PHELPS,40.64230694444444,-99.49321833333332,2322.16,2009,2009-04-24,Spring,23.06
403739099293601,PHELPS,40.62758555555556,-99.49344,2356.31,2009,2009-04-24,Spring,34.61
404040099383501,PHELPS,40.67796833333333,-99.64313333333334,2346.64,2009,2009-04-22,Spring,13.9
404059099383501,PHELPS,40.68328583333333,-99.64316027777778,2343.11,2009,2009-04-22,Spring,16.97
404033099373001,PHELPS,40.67593911111111,-99.62515633333332,2339.74,2009,2009-04-22,Spring,11.22
404102099373002,PHELPS,40.68405933333333,-99.62523716666666,2334.85,2009,2009-04-22,Spring,9.6
404102099373001,PHELPS,40.68405933333333,-99.62523716666666,2334.85,2009,2009-04-22,Spring,11.07
403946099383201,PHELPS,40.66301611111111,-99.64228555555556,2446.94,2009,2009-04-22,Spring,98.31
402110099140001,PHELPS,40.351999,-99.2329232,2283.76,2009,2009-04-14,Spring,169.21
402532099235801,PHELPS,40.42582814,-99.40068743,2321.09,2009,2009-04-15,Spring,117.81
402124099201601,PHELPS,40.3563466,-99.3403749,2318.47,2009,2009-04-14,Spring,183.68
403104099130201,PHELPS,40.5179145,-99.2173248,2242.62,2009,2009-04-15,Spring,27.78
403124099152601,PHELPS,40.52215595,-99.25856338,2258.2,2009,2009-04-15,Spring,45.23
402952099161701,PHELPS,40.49624602,-99.2746825,2255.28,2009,2009-04-15,Spring,20.93
403037099135301,PHELPS,40.5105526386111,-99.2316379,2239.33,2009,2009-04-15,Spring,20.0
403037099111401,PHELPS,40.5103457694444,-99.1873426,2237.5,2009,2009-04-15,Spring,28.47
402952099114401,PHELPS,40.4961238363889,-99.1985012,2246.17,2009,2009-04-15,Spring,36.35
402905099115301,PHELPS,40.4848551,-99.1983097,2241.11,2009,2009-04-15,Spring,33.24
402853099104601,PHELPS,40.4815796,-99.179559,2221.31,2009,2009-04-15,Spring,18.9
402945099151900,PHELPS,40.49312395,-99.25285328,2243.78,2009,2009-04-15,Spring,21.66
402853099152001,PHELPS,40.4816481,-99.2557469,2251.06,2009,2009-04-15,Spring,27.52
402851099130101,PHELPS,40.4809986,-99.2168379,2244.15,2009,2009-04-15,Spring,30.91
403014099213701,PHELPS,40.50113773,-99.35723759,2325.73,2009,2009-04-15,Spring,41.0
402924099235501,PHELPS,40.4901949,-99.398706,2336.37,2009,2009-04-15,Spring,56.15
402716099212401,PHELPS,40.4529071,-99.3592878,2307.74,2009,2009-04-15,Spring,71.65
403123099261501,PHELPS,40.52446389,-99.436875,2361.96,2009,2009-04-16,Spring,44.35
403125099295701,PHELPS,40.5247252,-99.4992246,2402.13,2009,2009-04-16,Spring,66.0
403037099313401,PHELPS,40.5104684,-99.5262137,2408.97,2009,2009-04-16,Spring,77.46
402821099282901,PHELPS,40.47215973,-99.47068872,2363.91,2009,2009-04-16,Spring,93.84
403638099154301,PHELPS,40.60901195,-99.26298962,2222.0,2009,2009-04-15,Spring,13.8
403453099141801,PHELPS,40.58307501,-99.2365144,2255.34,2009,2009-04-15,Spring,51.82
403328099181202,PHELPS,40.5577906,-99.3033482,2272.01,2009,2009-04-15,Spring,28.95
403335099150901,PHELPS,40.55977478,-99.25286046,2241.29,2009,2009-04-15,Spring,30.5
403348099114401,PHELPS,40.5613598133333,-99.1983188,2236.17,2009,2009-04-15,Spring,38.98
403507099234101,PHELPS,40.5836771413889,-99.3985091,2295.65,2009,2009-04-15,Spring,13.42
403520099201601,PHELPS,40.5886101475,-99.3416473,2265.95,2009,2009-04-15,Spring,16.06
403453099190801,PHELPS,40.5807096794444,-99.3229107,2282.14,2009,2009-04-15,Spring,39.41
403322099210701,PHELPS,40.55622914,-99.3528114,2284.27,2009,2009-04-15,Spring,20.81
403322099201601,PHELPS,40.5547811,-99.3416484,2267.67,2009,2009-04-15,Spring,7.23
403230099195901,PHELPS,40.54167314,-99.3339024,2269.36,2009,2009-04-15,Spring,10.06
403138099235801,PHELPS,40.5255500233333,-99.399115,2328.14,2009,2009-04-15,Spring,29.53
403138099190801,PHELPS,40.5255972,-99.3224515,2277.27,2009,2009-04-15,Spring,21.45
403540099260001,PHELPS,40.5946306,-99.4353739,2323.77,2009,2009-04-16,Spring,23.71
403507099254101,PHELPS,40.58520714,-99.42844836,2318.5,2009,2009-04-16,Spring,23.0
403433099250001,PHELPS,40.576331,-99.4179046,2315.55,2009,2009-04-16,Spring,17.32
403454099304801,PHELPS,40.57931189,-99.51412709,2390.5,2009,2009-04-16,Spring,37.25
403322099304801,PHELPS,40.5542755075,-99.5122815,2411.43,2009,2009-04-16,Spring,60.0
403322099272302,PHELPS,40.5545803,-99.4609332,2349.56,2009,2009-04-16,Spring,19.25
403322099264901,PHELPS,40.5543545569444,-99.4489925,2342.74,2009,2009-04-16,Spring,16.22
403322099254101,PHELPS,40.5542755,-99.4303042,2335.12,2009,2009-04-16,Spring,18.5
403309099250701,PHELPS,40.5543784,-99.4199673,2322.67,2009,2009-04-16,Spring,12.69
403309099270601,PHELPS,40.55026689,-99.45178833,2342.87,2009,2009-04-16,Spring,16.82
403224099261801,PHELPS,40.54167314,-99.43849253,2347.7,2009,2009-04-16,Spring,21.17
403309099281401,PHELPS,40.5521635,-99.4737128,2354.64,2009,2009-04-16,Spring,17.46
403217099312001,PHELPS,40.5392815,-99.5207383,2451.89,2009,2009-04-16,Spring,104.24
403625099315401,PHELPS,40.60535831,-99.53303177,2384.53,2009,2009-04-16,Spring,35.21
403625099361001,PHELPS,40.60535831,-99.60306609,2454.12,2009,2009-04-16,Spring,86.78
403431099362101,PHELPS,40.5754557,-99.6058865,2477.16,2009,2009-04-16,Spring,89.0
403322099371801,PHELPS,40.5557047,-99.6247601,2465.78,2009,2009-04-16,Spring,77.48
403163099379201,PHELPS,40.52718414,-99.63201494,2519.15,2009,2009-04-16,Spring,156.32
403137099330201,PHELPS,40.5263766547222,-99.5496279,2405.25,2009,2009-04-16,Spring,57.67
403915099190801,PHELPS,40.6573434,-99.3214291,2234.03,2009,2009-04-15,Spring,8.32
403954099255801,PHELPS,40.667854,-99.4364595,2268.93,2009,2009-04-16,Spring,2.32
404007099294001,PHELPS,40.6709022,-99.4936146,2290.54,2009,2009-04-16,Spring,9.53
403902099313701,PHELPS,40.6483999,-99.5291531,2345.9,2009,2009-04-16,Spring,33.85
403739099281601,PHELPS,40.627653,-99.4742905,2324.54,2009,2009-04-16,Spring,21.57
403646099293301,PHELPS,40.6127772,-99.4935704,2354.25,2009,2009-04-16,Spring,17.68
403651099281401,PHELPS,40.613021,-99.4747929,2345.39,2009,2009-04-16,Spring,40.48
404020099355301,PHELPS,40.6710839,-99.5961084,2326.91,2009,2009-04-16,Spring,6.66
403928099333601,PHELPS,40.6571948,-99.5612991,2355.41,2009,2009-04-16,Spring,38.7
403941099331901,PHELPS,40.66044972,-99.55637462,2347.21,2009,2009-04-16,Spring,5.67
403941099342701,PHELPS,40.6636923,-99.5766538,2326.71,2009,2009-04-16,Spring,9.52
404007099351901,PHELPS,40.6709256,-99.5865622,2322.26,2009,2009-04-16,Spring,9.75
403928099371801,PHELPS,40.655954,-99.6202609,2432.98,2009,2009-04-16,Spring,84.12
403822099324501,PHELPS,40.6415361,-99.5482644,2377.53,2009,2009-04-16,Spring,41.4
403730099373501,PHELPS,40.6268217,-99.6246292,2471.08,2009,2009-04-16,Spring,92.0
403644099350001,PHELPS,40.61418514,-99.57972132,2418.26,2009,2009-04-16,Spring,69.0
403922099223301,PHELPS,40.65834351,-99.38037703,2253.27,2009,2009-04-21,Spring,6.93
404016099370201,PHELPS,40.6711189,-99.61760995,2335.44,2009,2009-04-21,Spring,5.92
402524099201601,PHELPS,40.42334431,-99.33815365,2312.07,2009,2009-05-06,Spring,114.53
403123099261501,PHELPS,40.52446389,-99.436875,2361.96,2009,2009-04-21,,43.21
403123099261501,PHELPS,40.52446389,-99.436875,2361.96,2009,2009-04-16,Spring,41.75
403132099381001,PHELPS,40.52556319,-99.63650076,2517.21,2009,2009-04-21,Spring,153.56
403217099235801,PHELPS,40.53806574,-99.39982287,2321.45,2009,2009-04-21,Spring,23.88
403014099213701,PHELPS,40.50113773,-99.35723759,2325.73,2003,2003-04-10,,30.8
403014099213701,PHELPS,40.50113773,-99.35723759,2325.73,2006,2006-10-17,,29.26
403014099213701,PHELPS,40.50113773,-99.35723759,2325.73,2007,2007-04-10,,37.43
403014099213701,PHELPS,40.50113773,-99.35723759,2325.73,2007,2007-10-10,,29.42
403014099213701,PHELPS,40.50113773,-99.35723759,2325.73,2008,2008-04-08,,36.86
403037099111401,PHELPS,40.5103457694444,-99.1873426,2237.5,2006,2006-10-16,,33.09
403037099111401,PHELPS,40.5103457694444,-99.1873426,2237.5,2007,2007-04-09,,32.24
403037099111401,PHELPS,40.5103457694444,-99.1873426,2237.5,2007,2007-10-09,,30.16
403037099111401,PHELPS,40.5103457694444,-99.1873426,2237.5,2008,2008-04-07,,30.17
403037099135301,PHELPS,40.5105526386111,-99.2316379,2239.33,2006,2006-10-16,,21.36
403037099135301,PHELPS,40.5105526386111,-99.2316379,2239.33,2007,2007-04-09,,20.2
403037099135301,PHELPS,40.5105526386111,-99.2316379,2239.33,2007,2007-10-09,,17.28
403037099135301,PHELPS,40.5105526386111,-99.2316379,2239.33,2008,2008-04-07,,18.3
403037099313401,PHELPS,40.5104684,-99.5262137,2408.97,2003,2003-04-11,,73.71
403037099313401,PHELPS,40.5104684,-99.5262137,2408.97,2006,2006-10-17,,82.22
403037099313401,PHELPS,40.5104684,-99.5262137,2408.97,2007,2007-10-10,,80.45
402107099262000,PHELPS,40.35080555555556,-99.43768055555556,2363.91,2000,2000-04-13,,201.54
402107099262000,PHELPS,40.35080555555556,-99.43768055555556,2363.91,2000,2000-10-19,,203.23
402107099262000,PHELPS,40.35080555555556,-99.43768055555556,2363.91,2001,2001-05-07,,201.98
402107099262000,PHELPS,40.35080555555556,-99.43768055555556,2363.91,2001,2001-10-23,,202.07
402107099262000,PHELPS,40.35080555555556,-99.43768055555556,2363.91,2002,2002-04-15,,200.75
402107099262000,PHELPS,40.35080555555556,-99.43768055555556,2363.91,2003,2003-04-22,,202.29
402107099262000,PHELPS,40.35080555555556,-99.43768055555556,2363.91,2003,2003-10-20,,204.79
402107099262000,PHELPS,40.35080555555556,-99.43768055555556,2363.91,2004,2004-04-07,,202.57
402107099262000,PHELPS,40.35080555555556,-99.43768055555556,2363.91,2005,2005-04-25,,203.14
402107099262000,PHELPS,40.35080555555556,-99.43768055555556,2363.91,2006,2006-04-21,,203.23
402107099262000,PHELPS,40.35080555555556,-99.43768055555556,2363.91,2006,2006-10-20,,203.66
402107099262000,PHELPS,40.35080555555556,-99.43768055555556,2363.91,2007,2007-04-19,,202.38
402107099262000,PHELPS,40.35080555555556,-99.43768055555556,2363.91,2007,2007-10-11,,203.48
402110099140001,PHELPS,40.351999,-99.2329232,2283.76,2006,2006-10-16,,171.17
402110099140001,PHELPS,40.351999,-99.2329232,2283.76,2007,2007-10-09,,171.24
402110099140001,PHELPS,40.351999,-99.2329232,2283.76,2008,2008-04-07,,170.1
402115099213100,PHELPS,40.35468888888889,-99.35943333333331,2345.58,2000,2000-04-04,,206.6
402115099213100,PHELPS,40.35468888888889,-99.35943333333331,2345.58,2000,2000-10-19,,207.9
402115099213100,PHELPS,40.35468888888889,-99.35943333333331,2345.58,2001,2001-04-17,,206.28
402115099213100,PHELPS,40.35468888888889,-99.35943333333331,2345.58,2001,2001-10-23,,206.05
402115099213100,PHELPS,40.35468888888889,-99.35943333333331,2345.58,2002,2002-04-15,,205.14
402115099213100,PHELPS,40.35468888888889,-99.35943333333331,2345.58,2003,2003-04-21,,206.66
402115099213100,PHELPS,40.35468888888889,-99.35943333333331,2345.58,2003,2003-10-20,,208.54
402115099213100,PHELPS,40.35468888888889,-99.35943333333331,2345.58,2004,2004-04-07,,209.86
402115099213100,PHELPS,40.35468888888889,-99.35943333333331,2345.58,2005,2005-04-25,,207.9
402115099213100,PHELPS,40.35468888888889,-99.35943333333331,2345.58,2006,2006-04-21,,207.52
402115099213100,PHELPS,40.35468888888889,-99.35943333333331,2345.58,2006,2006-10-20,,210.13
402115099213100,PHELPS,40.35468888888889,-99.35943333333331,2345.58,2007,2007-04-19,,206.6
402115099213100,PHELPS,40.35468888888889,-99.35943333333331,2345.58,2007,2007-10-11,,207.52
402124099201601,PHELPS,40.3563466,-99.3403749,2318.47,2006,2006-10-16,,185.49
402124099201601,PHELPS,40.3563466,-99.3403749,2318.47,2007,2007-10-09,,187.14
402124099201601,PHELPS,40.3563466,-99.3403749,2318.47,2008,2008-04-07,,184.4
402159099301600,PHELPS,40.3649,-99.50220555555556,2377.49,2000,2000-04-13,,183.02
402159099301600,PHELPS,40.3649,-99.50220555555556,2377.49,2000,2000-10-19,,184.83
402159099301600,PHELPS,40.3649,-99.50220555555556,2377.49,2001,2001-05-07,,183.23
402159099301600,PHELPS,40.3649,-99.50220555555556,2377.49,2001,2001-10-24,,183.39
402159099301600,PHELPS,40.3649,-99.50220555555556,2377.49,2002,2002-04-15,,182.21
402159099301600,PHELPS,40.3649,-99.50220555555556,2377.49,2003,2003-04-22,,183.59
402159099301600,PHELPS,40.3649,-99.50220555555556,2377.49,2003,2003-10-20,,185.05
402159099301600,PHELPS,40.3649,-99.50220555555556,2377.49,2004,2004-04-07,,183.85
402159099301600,PHELPS,40.3649,-99.50220555555556,2377.49,2005,2005-04-25,,184.03
402159099301600,PHELPS,40.3649,-99.50220555555556,2377.49,2006,2006-04-21,,183.98
402159099301600,PHELPS,40.3649,-99.50220555555556,2377.49,2006,2006-10-20,,185.12
402159099301600,PHELPS,40.3649,-99.50220555555556,2377.49,2007,2007-04-16,,184.36
402159099301600,PHELPS,40.3649,-99.50220555555556,2377.49,2007,2007-10-11,,186.18
402159099301600,PHELPS,40.3649,-99.50220555555556,2377.49,2008,2008-04-15,,182.99
402159099301600,PHELPS,40.3649,-99.50220555555556,2377.49,2008,2008-10-10,,185.43
402200099160700,PHELPS,40.3669,-99.267175,2280.22,2000,2000-04-04,,147.0
402200099160700,PHELPS,40.3669,-99.267175,2280.22,2000,2000-10-20,,148.44
402200099160700,PHELPS,40.3669,-99.267175,2280.22,2001,2001-04-17,,147.22
402200099160700,PHELPS,40.3669,-99.267175,2280.22,2001,2001-10-23,,147.4
402200099160700,PHELPS,40.3669,-99.267175,2280.22,2002,2002-04-16,,146.77
402200099160700,PHELPS,40.3669,-99.267175,2280.22,2003,2003-04-21,,148.24
402200099160700,PHELPS,40.3669,-99.267175,2280.22,2003,2003-10-20,,149.66
402200099160700,PHELPS,40.3669,-99.267175,2280.22,2004,2004-04-09,,149.11
402200099160700,PHELPS,40.3669,-99.267175,2280.22,2005,2005-04-25,,149.86
402200099160700,PHELPS,40.3669,-99.267175,2280.22,2006,2006-04-21,,150.4
402200099160700,PHELPS,40.3669,-99.267175,2280.22,2006,2006-10-20,,151.19
402200099160700,PHELPS,40.3669,-99.267175,2280.22,2007,2007-04-19,,150.82
402200099160700,PHELPS,40.3669,-99.267175,2280.22,2007,2007-10-12,,150.32
402233099341700,PHELPS,40.376269444444446,-99.57279166666666,2335.32,2000,2000-04-13,,113.33
402233099341700,PHELPS,40.376269444444446,-99.57279166666666,2335.32,2000,2000-10-19,,115.67
402233099341700,PHELPS,40.376269444444446,-99.57279166666666,2335.32,2001,2001-05-07,,112.84
402233099341700,PHELPS,40.376269444444446,-99.57279166666666,2335.32,2001,2001-10-24,,113.38
402233099341700,PHELPS,40.376269444444446,-99.57279166666666,2335.32,2002,2002-04-15,,112.52
402233099341700,PHELPS,40.376269444444446,-99.57279166666666,2335.32,2003,2003-04-22,,112.98
402233099341700,PHELPS,40.376269444444446,-99.57279166666666,2335.32,2003,2003-10-22,,114.26
402233099341700,PHELPS,40.376269444444446,-99.57279166666666,2335.32,2004,2004-04-07,,113.38
402233099341700,PHELPS,40.376269444444446,-99.57279166666666,2335.32,2005,2005-04-25,,114.25
402233099341700,PHELPS,40.376269444444446,-99.57279166666666,2335.32,2006,2006-04-21,,113.56
402233099341700,PHELPS,40.376269444444446,-99.57279166666666,2335.32,2006,2006-10-20,,113.89
402233099341700,PHELPS,40.376269444444446,-99.57279166666666,2335.32,2007,2007-04-16,,113.18
402233099341700,PHELPS,40.376269444444446,-99.57279166666666,2335.32,2007,2007-10-11,,113.19
402320099231001,PHELPS,40.38914722222222,-99.38615277777778,2384.17,2000,2000-04-04,,217.05
402320099231001,PHELPS,40.38914722222222,-99.38615277777778,2384.17,2000,2000-10-19,,219.14
402320099231001,PHELPS,40.38914722222222,-99.38615277777778,2384.17,2001,2001-04-17,,217.36
402320099231001,PHELPS,40.38914722222222,-99.38615277777778,2384.17,2001,2001-10-23,,218.46
402320099231001,PHELPS,40.38914722222222,-99.38615277777778,2384.17,2002,2002-04-15,,216.47
402320099231001,PHELPS,40.38914722222222,-99.38615277777778,2384.17,2003,2003-04-22,,217.86
402320099231001,PHELPS,40.38914722222222,-99.38615277777778,2384.17,2003,2003-10-20,,220.37
402320099231001,PHELPS,40.38914722222222,-99.38615277777778,2384.17,2004,2004-04-07,,218.61
402320099231001,PHELPS,40.38914722222222,-99.38615277777778,2384.17,2005,2005-04-25,,218.82
402320099231001,PHELPS,40.38914722222222,-99.38615277777778,2384.17,2006,2006-04-21,,219.56
402320099231001,PHELPS,40.38914722222222,-99.38615277777778,2384.17,2006,2006-10-20,,223.29
402320099231001,PHELPS,40.38914722222222,-99.38615277777778,2384.17,2007,2007-04-19,,218.29
402320099231001,PHELPS,40.38914722222222,-99.38615277777778,2384.17,2007,2007-10-11,,219.26
402326099185300,PHELPS,40.390366666666665,-99.31649722222222,2306.56,2000,2000-04-04,,148.02
402326099185300,PHELPS,40.390366666666665,-99.31649722222222,2306.56,2000,2000-10-20,,150.0
402326099185300,PHELPS,40.390366666666665,-99.31649722222222,2306.56,2001,2001-04-17,,147.09
402326099185300,PHELPS,40.390366666666665,-99.31649722222222,2306.56,2001,2001-10-23,,148.06
402326099185300,PHELPS,40.390366666666665,-99.31649722222222,2306.56,2002,2002-04-16,,146.52
402326099185300,PHELPS,40.390366666666665,-99.31649722222222,2306.56,2003,2003-04-21,,148.5
402326099185300,PHELPS,40.390366666666665,-99.31649722222222,2306.56,2003,2003-10-20,,150.35
402326099185300,PHELPS,40.390366666666665,-99.31649722222222,2306.56,2004,2004-04-07,,149.16
402326099185300,PHELPS,40.390366666666665,-99.31649722222222,2306.56,2005,2005-04-25,,151.16
402326099185300,PHELPS,40.390366666666665,-99.31649722222222,2306.56,2006,2006-04-21,,150.97
402326099185300,PHELPS,40.390366666666665,-99.31649722222222,2306.56,2006,2006-10-20,,152.03
402326099185300,PHELPS,40.390366666666665,-99.31649722222222,2306.56,2007,2007-04-19,,150.95
402326099185300,PHELPS,40.390366666666665,-99.31649722222222,2306.56,2007,2007-10-12,,151.61
402342099143300,PHELPS,40.39436388888889,-99.24273333333332,2261.52,2000,2000-04-04,,109.56
402342099143300,PHELPS,40.39436388888889,-99.24273333333332,2261.52,2000,2000-10-20,,111.76
402342099143300,PHELPS,40.39436388888889,-99.24273333333332,2261.52,2001,2001-04-17,,109.66
402342099143300,PHELPS,40.39436388888889,-99.24273333333332,2261.52,2001,2001-10-23,,110.89
402342099143300,PHELPS,40.39436388888889,-99.24273333333332,2261.52,2002,2002-04-16,,109.37
402342099143300,PHELPS,40.39436388888889,-99.24273333333332,2261.52,2003,2003-04-21,,111.62
402342099143300,PHELPS,40.39436388888889,-99.24273333333332,2261.52,2003,2003-10-20,,113.99
402342099143300,PHELPS,40.39436388888889,-99.24273333333332,2261.52,2004,2004-04-09,,112.94
402342099143300,PHELPS,40.39436388888889,-99.24273333333332,2261.52,2005,2005-04-25,,114.22
402342099143300,PHELPS,40.39436388888889,-99.24273333333332,2261.52,2006,2006-04-21,,114.88
402342099143300,PHELPS,40.39436388888889,-99.24273333333332,2261.52,2006,2006-10-20,,115.99
402342099143300,PHELPS,40.39436388888889,-99.24273333333332,2261.52,2007,2007-04-19,,115.04
402342099143300,PHELPS,40.39436388888889,-99.24273333333332,2261.52,2007,2007-10-12,,115.36
402404099383400,PHELPS,40.40166972222222,-99.64190722222224,2363.94,2007,2007-10-11,,91.11
402406099311800,PHELPS,40.40154444444444,-99.52104166666666,2406.07,2000,2000-04-13,,183.3
402406099311800,PHELPS,40.40154444444444,-99.52104166666666,2406.07,2000,2000-10-19,,185.07
402406099311800,PHELPS,40.40154444444444,-99.52104166666666,2406.07,2001,2001-05-07,,182.98
402406099311800,PHELPS,40.40154444444444,-99.52104166666666,2406.07,2001,2001-10-24,,183.83
402406099311800,PHELPS,40.40154444444444,-99.52104166666666,2406.07,2002,2002-04-15,,181.75
402406099311800,PHELPS,40.40154444444444,-99.52104166666666,2406.07,2003,2003-04-22,,183.33
402406099311800,PHELPS,40.40154444444444,-99.52104166666666,2406.07,2003,2003-10-20,,185.52
402406099311800,PHELPS,40.40154444444444,-99.52104166666666,2406.07,2004,2004-04-07,,183.74
402406099311800,PHELPS,40.40154444444444,-99.52104166666666,2406.07,2005,2005-04-25,,184.49
402406099311800,PHELPS,40.40154444444444,-99.52104166666666,2406.07,2006,2006-04-21,,184.33
402406099311800,PHELPS,40.40154444444444,-99.52104166666666,2406.07,2006,2006-10-20,,184.91
402406099311800,PHELPS,40.40154444444444,-99.52104166666666,2406.07,2007,2007-04-19,,183.58
402406099311800,PHELPS,40.40154444444444,-99.52104166666666,2406.07,2007,2007-10-11,,184.5
402406099311800,PHELPS,40.40154444444444,-99.52104166666666,2406.07,2008,2008-04-15,,182.53
402421099112000,PHELPS,40.40549166666666,-99.18921666666668,2216.62,2000,2000-04-04,,50.1
402421099112000,PHELPS,40.40549166666666,-99.18921666666668,2216.62,2000,2000-10-20,,53.99
402421099112000,PHELPS,40.40549166666666,-99.18921666666668,2216.62,2001,2001-04-17,,51.56
402421099112000,PHELPS,40.40549166666666,-99.18921666666668,2216.62,2001,2001-10-23,,54.35
402421099112000,PHELPS,40.40549166666666,-99.18921666666668,2216.62,2002,2002-04-16,,52.28
402421099112000,PHELPS,40.40549166666666,-99.18921666666668,2216.62,2003,2003-04-21,,55.55
402421099112000,PHELPS,40.40549166666666,-99.18921666666668,2216.62,2003,2003-10-20,,60.17
402421099112000,PHELPS,40.40549166666666,-99.18921666666668,2216.62,2004,2004-04-09,,57.85
402421099112000,PHELPS,40.40549166666666,-99.18921666666668,2216.62,2005,2005-04-25,,59.06
402421099112000,PHELPS,40.40549166666666,-99.18921666666668,2216.62,2006,2006-04-21,,59.88
402421099112000,PHELPS,40.40549166666666,-99.18921666666668,2216.62,2006,2006-10-20,,61.82
402421099112000,PHELPS,40.40549166666666,-99.18921666666668,2216.62,2007,2007-04-19,,60.04
402421099112000,PHELPS,40.40549166666666,-99.18921666666668,2216.62,2007,2007-10-12,,60.49
402421099112000,PHELPS,40.40549166666666,-99.18921666666668,2216.62,2008,2008-10-09,,57.89
402435099262900,PHELPS,40.40768055555555,-99.44083333333332,2405.19,2000,2000-04-13,,208.56
402435099262900,PHELPS,40.40768055555555,-99.44083333333332,2405.19,2000,2000-10-19,,211.94
402435099262900,PHELPS,40.40768055555555,-99.44083333333332,2405.19,2001,2001-05-07,,209.27
402435099262900,PHELPS,40.40768055555555,-99.44083333333332,2405.19,2001,2001-10-23,,211.14
402435099262900,PHELPS,40.40768055555555,-99.44083333333332,2405.19,2002,2002-04-15,,208.49
402435099262900,PHELPS,40.40768055555555,-99.44083333333332,2405.19,2003,2003-04-22,,209.76
402435099262900,PHELPS,40.40768055555555,-99.44083333333332,2405.19,2003,2003-10-20,,212.75
402435099262900,PHELPS,40.40768055555555,-99.44083333333332,2405.19,2004,2004-04-07,,210.49
402435099262900,PHELPS,40.40768055555555,-99.44083333333332,2405.19,2005,2005-04-25,,212.61
402435099262900,PHELPS,40.40768055555555,-99.44083333333332,2405.19,2006,2006-04-21,,211.28
402435099262900,PHELPS,40.40768055555555,-99.44083333333332,2405.19,2006,2006-10-20,,212.47
402435099262900,PHELPS,40.40768055555555,-99.44083333333332,2405.19,2007,2007-04-19,,210.79
402435099262900,PHELPS,40.40768055555555,-99.44083333333332,2405.19,2007,2007-10-11,,212.0
402513099164801,PHELPS,40.42006111111111,-99.27985277777778,2278.97,2000,2000-04-04,,66.17
402513099164801,PHELPS,40.42006111111111,-99.27985277777778,2278.97,2000,2000-10-20,,72.26
402513099164801,PHELPS,40.42006111111111,-99.27985277777778,2278.97,2001,2001-04-17,,68.1
402513099164801,PHELPS,40.42006111111111,-99.27985277777778,2278.97,2001,2001-10-23,,70.99
402513099164801,PHELPS,40.42006111111111,-99.27985277777778,2278.97,2002,2002-04-16,,68.08
402513099164801,PHELPS,40.42006111111111,-99.27985277777778,2278.97,2003,2003-04-21,,72.26
402513099164801,PHELPS,40.42006111111111,-99.27985277777778,2278.97,2003,2003-10-20,,79.57
402513099164801,PHELPS,40.42006111111111,-99.27985277777778,2278.97,2004,2004-04-09,,74.07
402513099164801,PHELPS,40.42006111111111,-99.27985277777778,2278.97,2005,2005-04-19,,75.85
402513099164801,PHELPS,40.42006111111111,-99.27985277777778,2278.97,2006,2006-04-21,,77.18
402513099164801,PHELPS,40.42006111111111,-99.27985277777778,2278.97,2006,2006-10-20,,80.43
402513099164801,PHELPS,40.42006111111111,-99.27985277777778,2278.97,2007,2007-04-19,,77.49
402513099164801,PHELPS,40.42006111111111,-99.27985277777778,2278.97,2007,2007-10-12,,77.85
402532099235801,PHELPS,40.42582814,-99.40068743,2321.09,2006,2006-10-17,,121.35
402532099235801,PHELPS,40.42582814,-99.40068743,2321.09,2007,2007-10-10,,120.1
402532099235801,PHELPS,40.42582814,-99.40068743,2321.09,2008,2008-04-08,,118.7
402609099350800,PHELPS,40.43199166666666,-99.58200277777776,2443.0,2000,2000-04-13,,176.19
402609099350800,PHELPS,40.43199166666666,-99.58200277777776,2443.0,2000,2000-10-19,,179.39
402609099350800,PHELPS,40.43199166666666,-99.58200277777776,2443.0,2001,2001-05-07,,176.42
402609099350800,PHELPS,40.43199166666666,-99.58200277777776,2443.0,2001,2001-10-24,,177.69
402609099350800,PHELPS,40.43199166666666,-99.58200277777776,2443.0,2002,2002-04-15,,174.92
402609099350800,PHELPS,40.43199166666666,-99.58200277777776,2443.0,2003,2003-04-22,,176.55
402609099350800,PHELPS,40.43199166666666,-99.58200277777776,2443.0,2003,2003-10-22,,179.37
402609099350800,PHELPS,40.43199166666666,-99.58200277777776,2443.0,2004,2004-04-07,,176.91
402609099350800,PHELPS,40.43199166666666,-99.58200277777776,2443.0,2005,2005-04-25,,177.35
402609099350800,PHELPS,40.43199166666666,-99.58200277777776,2443.0,2006,2006-04-21,,177.68
402609099350800,PHELPS,40.43199166666666,-99.58200277777776,2443.0,2006,2006-10-20,,178.7
402609099350800,PHELPS,40.43199166666666,-99.58200277777776,2443.0,2007,2007-04-19,,176.84
402609099350800,PHELPS,40.43199166666666,-99.58200277777776,2443.0,2007,2007-10-11,,177.73
402630099305500,PHELPS,40.44133611111111,-99.51204166666666,2426.38,2000,2000-04-13,,176.24
402630099305500,PHELPS,40.44133611111111,-99.51204166666666,2426.38,2000,2000-10-19,,181.49
402630099305500,PHELPS,40.44133611111111,-99.51204166666666,2426.38,2001,2001-05-07,,177.28
402630099305500,PHELPS,40.44133611111111,-99.51204166666666,2426.38,2001,2001-10-24,,180.05
402630099305500,PHELPS,40.44133611111111,-99.51204166666666,2426.38,2002,2002-04-15,,175.87
402630099305500,PHELPS,40.44133611111111,-99.51204166666666,2426.38,2003,2003-04-22,,177.97
402630099305500,PHELPS,40.44133611111111,-99.51204166666666,2426.38,2003,2003-10-20,,182.14
402630099305500,PHELPS,40.44133611111111,-99.51204166666666,2426.38,2004,2004-04-07,,178.67
402630099305500,PHELPS,40.44133611111111,-99.51204166666666,2426.38,2005,2005-04-25,,183.34
402630099305500,PHELPS,40.44133611111111,-99.51204166666666,2426.38,2006,2006-04-21,,180.15
402630099305500,PHELPS,40.44133611111111,-99.51204166666666,2426.38,2006,2006-10-20,,181.82
402630099305500,PHELPS,40.44133611111111,-99.51204166666666,2426.38,2007,2007-04-19,,179.58
402630099305500,PHELPS,40.44133611111111,-99.51204166666666,2426.38,2007,2007-10-11,,181.36
402716099212401,PHELPS,40.4529071,-99.3592878,2307.74,2006,2006-10-17,,77.0
402716099212401,PHELPS,40.4529071,-99.3592878,2307.74,2007,2007-10-10,,70.68
402756099320601,PHELPS,40.46654722222223,-99.53547222222224,2446.36,2000,2000-04-13,,163.59
402756099320601,PHELPS,40.46654722222223,-99.53547222222224,2446.36,2000,2000-10-19,,169.13
402756099320601,PHELPS,40.46654722222223,-99.53547222222224,2446.36,2001,2001-05-07,,163.99
402756099320601,PHELPS,40.46654722222223,-99.53547222222224,2446.36,2001,2001-10-24,,166.03
402756099320601,PHELPS,40.46654722222223,-99.53547222222224,2446.36,2002,2002-04-15,,162.48
402756099320601,PHELPS,40.46654722222223,-99.53547222222224,2446.36,2003,2003-04-22,,165.15
402756099320601,PHELPS,40.46654722222223,-99.53547222222224,2446.36,2003,2003-10-22,,169.67
402756099320601,PHELPS,40.46654722222223,-99.53547222222224,2446.36,2004,2004-04-07,,166.08
402756099320601,PHELPS,40.46654722222223,-99.53547222222224,2446.36,2005,2005-04-25,,167.32
402756099320601,PHELPS,40.46654722222223,-99.53547222222224,2446.36,2006,2006-04-21,,168.47
402756099320601,PHELPS,40.46654722222223,-99.53547222222224,2446.36,2006,2006-10-20,,170.11
402756099320601,PHELPS,40.46654722222223,-99.53547222222224,2446.36,2007,2007-04-19,,167.85
402756099320601,PHELPS,40.46654722222223,-99.53547222222224,2446.36,2007,2007-10-11,,169.27
402813099382100,PHELPS,40.46941944444445,-99.63914166666667,2473.68,2000,2000-04-13,,157.6
402813099382100,PHELPS,40.46941944444445,-99.63914166666667,2473.68,2000,2000-10-18,,163.17
402813099382100,PHELPS,40.46941944444445,-99.63914166666667,2473.68,2001,2001-05-07,,157.61
402813099382100,PHELPS,40.46941944444445,-99.63914166666667,2473.68,2001,2001-10-24,,159.15
402813099382100,PHELPS,40.46941944444445,-99.63914166666667,2473.68,2002,2002-04-15,,155.99
402813099382100,PHELPS,40.46941944444445,-99.63914166666667,2473.68,2003,2003-04-22,,157.84
402813099382100,PHELPS,40.46941944444445,-99.63914166666667,2473.68,2003,2003-10-22,,162.36
402813099382100,PHELPS,40.46941944444445,-99.63914166666667,2473.68,2004,2004-04-07,,158.19
402813099382100,PHELPS,40.46941944444445,-99.63914166666667,2473.68,2005,2005-04-25,,159.04
402813099382100,PHELPS,40.46941944444445,-99.63914166666667,2473.68,2006,2006-04-20,,160.87
402813099382100,PHELPS,40.46941944444445,-99.63914166666667,2473.68,2006,2006-10-20,,161.08
402813099382100,PHELPS,40.46941944444445,-99.63914166666667,2473.68,2007,2007-04-18,,158.11
402813099382100,PHELPS,40.46941944444445,-99.63914166666667,2473.68,2007,2007-10-11,,159.61
402843099192001,PHELPS,40.47788889,-99.31941672,2311.88,2003,2003-04-10,,41.32
402843099192001,PHELPS,40.47788889,-99.31941672,2311.88,2006,2006-10-17,,38.19
402843099192001,PHELPS,40.47788889,-99.31941672,2311.88,2007,2007-04-10,,41.7
402843099192001,PHELPS,40.47788889,-99.31941672,2311.88,2007,2007-10-10,,11.3
402843099192001,PHELPS,40.47788889,-99.31941672,2311.88,2008,2008-04-08,,11.77
402853099104601,PHELPS,40.4815796,-99.179559,2221.31,2003,2003-04-09,,13.01
402853099104601,PHELPS,40.4815796,-99.179559,2221.31,2006,2006-10-16,,18.85
402853099104601,PHELPS,40.4815796,-99.179559,2221.31,2007,2007-04-09,,18.39
402853099104601,PHELPS,40.4815796,-99.179559,2221.31,2007,2007-10-09,,17.1
402853099104601,PHELPS,40.4815796,-99.179559,2221.31,2008,2008-04-07,,16.85
402853099152001,PHELPS,40.4816481,-99.2557469,2251.06,2003,2003-04-09,,21.77
402853099152001,PHELPS,40.4816481,-99.2557469,2251.06,2006,2006-10-16,,28.04
402853099152001,PHELPS,40.4816481,-99.2557469,2251.06,2007,2007-04-09,,27.13
402853099152001,PHELPS,40.4816481,-99.2557469,2251.06,2007,2007-10-09,,24.55
402853099152001,PHELPS,40.4816481,-99.2557469,2251.06,2008,2008-04-07,,25.23
402905099115301,PHELPS,40.4848551,-99.1983097,2241.11,2003,2003-04-09,,27.94
402905099115301,PHELPS,40.4848551,-99.1983097,2241.11,2006,2006-10-16,,33.49
402905099115301,PHELPS,40.4848551,-99.1983097,2241.11,2007,2007-04-09,,33.48
402905099115301,PHELPS,40.4848551,-99.1983097,2241.11,2007,2007-10-09,,31.45
402905099115301,PHELPS,40.4848551,-99.1983097,2241.11,2008,2008-04-07,,31.54
402906099342201,PHELPS,40.485083333333336,-99.57288888888888,2458.82,2000,2000-04-13,,148.24
402906099342201,PHELPS,40.485083333333336,-99.57288888888888,2458.82,2000,2000-10-19,,152.14
402906099342201,PHELPS,40.485083333333336,-99.57288888888888,2458.82,2001,2001-05-07,,149.17
402906099342201,PHELPS,40.485083333333336,-99.57288888888888,2458.82,2001,2001-10-24,,150.41
402906099342201,PHELPS,40.485083333333336,-99.57288888888888,2458.82,2002,2002-04-15,,148.76
402906099342201,PHELPS,40.485083333333336,-99.57288888888888,2458.82,2003,2003-04-22,,150.0
402906099342201,PHELPS,40.485083333333336,-99.57288888888888,2458.82,2003,2003-10-22,,154.11
402906099342201,PHELPS,40.485083333333336,-99.57288888888888,2458.82,2004,2004-04-07,,150.75
402906099342201,PHELPS,40.485083333333336,-99.57288888888888,2458.82,2005,2005-04-25,,151.25
402906099342201,PHELPS,40.485083333333336,-99.57288888888888,2458.82,2006,2006-04-20,,152.56
402906099342201,PHELPS,40.485083333333336,-99.57288888888888,2458.82,2006,2006-10-20,,154.32
402906099342201,PHELPS,40.485083333333336,-99.57288888888888,2458.82,2007,2007-04-19,,152.06
402906099342201,PHELPS,40.485083333333336,-99.57288888888888,2458.82,2007,2007-10-11,,153.18
402924099235501,PHELPS,40.4901949,-99.398706,2336.37,2003,2003-04-10,,52.35
402924099235501,PHELPS,40.4901949,-99.398706,2336.37,2006,2006-10-17,,56.0
402924099235501,PHELPS,40.4901949,-99.398706,2336.37,2007,2007-04-10,,56.81
402924099235501,PHELPS,40.4901949,-99.398706,2336.37,2007,2007-10-10,,52.62
402924099235501,PHELPS,40.4901949,-99.398706,2336.37,2008,2008-04-08,,53.48
402952099114401,PHELPS,40.4961238363889,-99.1985012,2246.17,2006,2006-10-16,,38.02
402952099114401,PHELPS,40.4961238363889,-99.1985012,2246.17,2007,2007-04-09,,37.73
402952099114401,PHELPS,40.4961238363889,-99.1985012,2246.17,2007,2007-10-09,,35.57
402952099114401,PHELPS,40.4961238363889,-99.1985012,2246.17,2008,2008-04-07,,35.57
402952099161701,PHELPS,40.49624602,-99.2746825,2255.28,2003,2003-04-09,,16.14
402952099161701,PHELPS,40.49624602,-99.2746825,2255.28,2004,2004-04-07,,18.51
402952099161701,PHELPS,40.49624602,-99.2746825,2255.28,2005,2005-04-12,,19.46
402952099161701,PHELPS,40.49624602,-99.2746825,2255.28,2006,2006-10-16,,22.48
402952099161701,PHELPS,40.49624602,-99.2746825,2255.28,2007,2007-04-09,,22.44
402952099161701,PHELPS,40.49624602,-99.2746825,2255.28,2007,2007-10-09,,18.83
402952099161701,PHELPS,40.49624602,-99.2746825,2255.28,2008,2008-04-07,,19.56
403104099130201,PHELPS,40.5179145,-99.2173248,2242.62,2003,2003-04-10,,24.59
403104099130201,PHELPS,40.5179145,-99.2173248,2242.62,2005,2005-04-13,,30.0
403104099130201,PHELPS,40.5179145,-99.2173248,2242.62,2006,2006-10-17,,30.47
403104099130201,PHELPS,40.5179145,-99.2173248,2242.62,2007,2007-04-10,,29.64
403104099130201,PHELPS,40.5179145,-99.2173248,2242.62,2007,2007-10-10,,25.92
403104099130201,PHELPS,40.5179145,-99.2173248,2242.62,2008,2008-04-08,,26.69
403123099261501,PHELPS,40.52446389,-99.436875,2361.96,2000,2000-04-12,,36.04
403123099261501,PHELPS,40.52446389,-99.436875,2361.96,2001,2001-05-08,,36.38
403123099261501,PHELPS,40.52446389,-99.436875,2361.96,2003,2003-04-11,,39.8
403123099261501,PHELPS,40.52446389,-99.436875,2361.96,2004,2004-04-29,,43.13
403123099261501,PHELPS,40.52446389,-99.436875,2361.96,2005,2005-04-13,,42.4
403123099261501,PHELPS,40.52446389,-99.436875,2361.96,2006,2006-04-12,,47.72
403123099261501,PHELPS,40.52446389,-99.436875,2361.96,2006,2006-10-17,,43.04
403123099261501,PHELPS,40.52446389,-99.436875,2361.96,2007,2007-04-10,,44.21
403123099261501,PHELPS,40.52446389,-99.436875,2361.96,2007,2007-10-10,,40.92
403123099261501,PHELPS,40.52446389,-99.436875,2361.96,2008,2008-04-09,,42.7
403125099295701,PHELPS,40.5247252,-99.4992246,2402.13,2006,2006-10-17,,72.76
403125099295701,PHELPS,40.5247252,-99.4992246,2402.13,2007,2007-10-10,,69.41
403132099381001,PHELPS,40.52556319,-99.63650076,2517.21,2003,2003-04-24,,152.9
403132099381001,PHELPS,40.52556319,-99.63650076,2517.21,2004,2004-11-01,,157.03
403132099381001,PHELPS,40.52556319,-99.63650076,2517.21,2006,2006-05-10,,159.52
403132099381001,PHELPS,40.52556319,-99.63650076,2517.21,2006,2006-11-01,,157.24
403132099381001,PHELPS,40.52556319,-99.63650076,2517.21,2007,2007-06-01,,154.75
403132099381001,PHELPS,40.52556319,-99.63650076,2517.21,2007,2007-07-02,,162.53
403132099381001,PHELPS,40.52556319,-99.63650076,2517.21,2007,2007-08-01,,161.24
403132099381001,PHELPS,40.52556319,-99.63650076,2517.21,2007,2007-09-04,,158.59
403132099381001,PHELPS,40.52556319,-99.63650076,2517.21,2007,2007-10-01,,156.96
403132099381001,PHELPS,40.52556319,-99.63650076,2517.21,2007,2007-11-01,,156.09
403137099330201,PHELPS,40.5263766547222,-99.5496279,2405.25,2003,2003-04-11,,53.12
403137099330201,PHELPS,40.5263766547222,-99.5496279,2405.25,2004,2004-04-12,,55.06
403137099330201,PHELPS,40.5263766547222,-99.5496279,2405.25,2005,2005-04-13,,56.23
403137099330201,PHELPS,40.5263766547222,-99.5496279,2405.25,2006,2006-10-17,,59.29
403137099330201,PHELPS,40.5263766547222,-99.5496279,2405.25,2007,2007-04-10,,55.74
403137099330201,PHELPS,40.5263766547222,-99.5496279,2405.25,2007,2007-10-10,,57.1
403137099330201,PHELPS,40.5263766547222,-99.5496279,2405.25,2008,2008-04-09,,55.38
403138099190801,PHELPS,40.5255972,-99.3224515,2277.27,2006,2006-10-17,,25.82
403138099190801,PHELPS,40.5255972,-99.3224515,2277.27,2007,2007-10-10,,22.42
403138099235801,PHELPS,40.5255500233333,-99.399115,2328.14,2001,2001-05-07,,20.37
403138099235801,PHELPS,40.5255500233333,-99.399115,2328.14,2003,2003-04-10,,22.21
403138099235801,PHELPS,40.5255500233333,-99.399115,2328.14,2004,2004-04-08,,24.0
403138099235801,PHELPS,40.5255500233333,-99.399115,2328.14,2005,2005-04-13,,25.06
403138099235801,PHELPS,40.5255500233333,-99.399115,2328.14,2006,2006-10-17,,34.37
403138099235801,PHELPS,40.5255500233333,-99.399115,2328.14,2007,2007-04-10,,29.05
403138099235801,PHELPS,40.5255500233333,-99.399115,2328.14,2007,2007-10-10,,29.05
403138099235801,PHELPS,40.5255500233333,-99.399115,2328.14,2008,2008-04-08,,26.05
403217099312001,PHELPS,40.5392815,-99.5207383,2451.89,2003,2003-04-11,,97.9
403217099312001,PHELPS,40.5392815,-99.5207383,2451.89,2004,2004-04-12,,100.81
403217099312001,PHELPS,40.5392815,-99.5207383,2451.89,2005,2005-04-13,,101.02
403217099312001,PHELPS,40.5392815,-99.5207383,2451.89,2006,2006-10-17,,102.88
403217099312001,PHELPS,40.5392815,-99.5207383,2451.89,2007,2007-04-10,,102.72
403217099312001,PHELPS,40.5392815,-99.5207383,2451.89,2007,2007-10-10,,101.82
403217099312001,PHELPS,40.5392815,-99.5207383,2451.89,2008,2008-04-09,,101.2
403224099261801,PHELPS,40.54167314,-99.43849253,2347.7,2003,2003-04-11,,19.14
403224099261801,PHELPS,40.54167314,-99.43849253,2347.7,2004,2004-04-12,,20.07
403224099261801,PHELPS,40.54167314,-99.43849253,2347.7,2005,2005-04-13,,18.14
403224099261801,PHELPS,40.54167314,-99.43849253,2347.7,2006,2006-10-17,,19.98
403224099261801,PHELPS,40.54167314,-99.43849253,2347.7,2007,2007-04-10,,20.52
403224099261801,PHELPS,40.54167314,-99.43849253,2347.7,2007,2007-10-10,,19.25
403224099261801,PHELPS,40.54167314,-99.43849253,2347.7,2008,2008-04-09,,20.88
403230099195901,PHELPS,40.54167314,-99.3339024,2269.36,2003,2003-04-10,,6.94
403230099195901,PHELPS,40.54167314,-99.3339024,2269.36,2004,2004-04-08,,8.36
403230099195901,PHELPS,40.54167314,-99.3339024,2269.36,2005,2005-04-13,,8.95
403230099195901,PHELPS,40.54167314,-99.3339024,2269.36,2006,2006-10-17,,6.62
403230099195901,PHELPS,40.54167314,-99.3339024,2269.36,2007,2007-04-10,,6.34
403230099195901,PHELPS,40.54167314,-99.3339024,2269.36,2007,2007-10-10,,6.49
403230099195901,PHELPS,40.54167314,-99.3339024,2269.36,2008,2008-04-08,,6.98
403309099250701,PHELPS,40.5543784,-99.4199673,2322.67,2003,2003-04-10,,9.69
403309099250701,PHELPS,40.5543784,-99.4199673,2322.67,2004,2004-04-12,,10.47
403309099250701,PHELPS,40.5543784,-99.4199673,2322.67,2005,2005-04-13,,9.34
403309099250701,PHELPS,40.5543784,-99.4199673,2322.67,2006,2006-10-17,,12.29
403309099250701,PHELPS,40.5543784,-99.4199673,2322.67,2007,2007-04-10,,11.78
403309099250701,PHELPS,40.5543784,-99.4199673,2322.67,2007,2007-10-10,,10.16
403309099250701,PHELPS,40.5543784,-99.4199673,2322.67,2008,2008-04-08,,10.92
403309099270601,PHELPS,40.55026689,-99.45178833,2342.87,2003,2003-04-10,,14.86
403309099270601,PHELPS,40.55026689,-99.45178833,2342.87,2004,2004-04-12,,16.45
403309099270601,PHELPS,40.55026689,-99.45178833,2342.87,2005,2005-04-13,,14.97
403309099270601,PHELPS,40.55026689,-99.45178833,2342.87,2006,2006-10-17,,14.67
403309099270601,PHELPS,40.55026689,-99.45178833,2342.87,2007,2007-04-10,,15.12
403309099270601,PHELPS,40.55026689,-99.45178833,2342.87,2007,2007-10-10,,13.95
403309099270601,PHELPS,40.55026689,-99.45178833,2342.87,2008,2008-04-08,,15.74
403309099281401,PHELPS,40.5521635,-99.4737128,2354.64,2003,2003-04-11,,15.84
403309099281401,PHELPS,40.5521635,-99.4737128,2354.64,2004,2004-04-12,,15.5
403309099281401,PHELPS,40.5521635,-99.4737128,2354.64,2005,2005-04-13,,15.27
403309099281401,PHELPS,40.5521635,-99.4737128,2354.64,2006,2006-10-17,,15.03
403309099281401,PHELPS,40.5521635,-99.4737128,2354.64,2007,2007-04-10,,14.81
403309099281401,PHELPS,40.5521635,-99.4737128,2354.64,2007,2007-10-10,,14.59
403309099281401,PHELPS,40.5521635,-99.4737128,2354.64,2008,2008-04-09,,14.78
403322099201601,PHELPS,40.5547811,-99.3416484,2267.67,2003,2003-04-10,,7.57
403322099201601,PHELPS,40.5547811,-99.3416484,2267.67,2004,2004-04-08,,9.89
403322099201601,PHELPS,40.5547811,-99.3416484,2267.67,2005,2005-04-13,,8.55
403322099201601,PHELPS,40.5547811,-99.3416484,2267.67,2007,2007-10-10,,4.96
403322099201601,PHELPS,40.5547811,-99.3416484,2267.67,2008,2008-04-08,,7.04
403322099210701,PHELPS,40.55622914,-99.3528114,2284.27,2003,2003-04-10,,20.27
403322099210701,PHELPS,40.55622914,-99.3528114,2284.27,2004,2004-04-08,,22.38
403322099210701,PHELPS,40.55622914,-99.3528114,2284.27,2005,2005-04-13,,22.0
403322099210701,PHELPS,40.55622914,-99.3528114,2284.27,2006,2006-10-17,,24.55
403322099210701,PHELPS,40.55622914,-99.3528114,2284.27,2007,2007-04-10,,23.0
403322099210701,PHELPS,40.55622914,-99.3528114,2284.27,2007,2007-10-10,,20.39
403322099210701,PHELPS,40.55622914,-99.3528114,2284.27,2008,2008-04-08,,20.53
403322099254101,PHELPS,40.5542755,-99.4303042,2335.12,2004,2004-04-12,,16.85
403322099264901,PHELPS,40.5543545569444,-99.4489925,2342.74,2004,2004-04-12,,12.32
403322099272302,PHELPS,40.5545803,-99.4609332,2349.56,2005,2005-04-13,,16.15
403322099304801,PHELPS,40.5542755075,-99.5122815,2411.43,2003,2003-04-11,,54.79
403322099304801,PHELPS,40.5542755075,-99.5122815,2411.43,2004,2004-04-12,,57.05
403322099304801,PHELPS,40.5542755075,-99.5122815,2411.43,2005,2005-04-13,,57.64
403322099304801,PHELPS,40.5542755075,-99.5122815,2411.43,2006,2006-10-17,,60.39
403322099304801,PHELPS,40.5542755075,-99.5122815,2411.43,2007,2007-04-10,,59.51
403322099304801,PHELPS,40.5542755075,-99.5122815,2411.43,2007,2007-10-10,,59.09
403322099304801,PHELPS,40.5542755075,-99.5122815,2411.43,2008,2008-04-09,,57.95
403322099371801,PHELPS,40.5557047,-99.6247601,2465.78,2006,2006-10-18,,79.22
403322099371801,PHELPS,40.5557047,-99.6247601,2465.78,2007,2007-10-11,,76.0
403335099150901,PHELPS,40.55977478,-99.25286046,2241.29,2006,2006-10-17,,35.39
403335099150901,PHELPS,40.55977478,-99.25286046,2241.29,2007,2007-10-10,,30.86
403348099114401,PHELPS,40.5613598133333,-99.1983188,2236.17,2000,2000-05-01,,32.17
403348099114401,PHELPS,40.5613598133333,-99.1983188,2236.17,2007,2007-04-09,,40.86
403348099114401,PHELPS,40.5613598133333,-99.1983188,2236.17,2007,2007-10-09,,39.73
403348099114401,PHELPS,40.5613598133333,-99.1983188,2236.17,2008,2008-04-07,,38.12
403431099362101,PHELPS,40.5754557,-99.6058865,2477.16,2003,2003-04-11,,77.63
403431099362101,PHELPS,40.5754557,-99.6058865,2477.16,2006,2006-10-18,,88.8
403431099362101,PHELPS,40.5754557,-99.6058865,2477.16,2007,2007-10-11,,87.65
403453099141801,PHELPS,40.58307501,-99.2365144,2255.34,2003,2003-04-10,,60.16
403453099141801,PHELPS,40.58307501,-99.2365144,2255.34,2004,2004-04-08,,51.79
403453099141801,PHELPS,40.58307501,-99.2365144,2255.34,2005,2005-04-13,,53.52
403453099141801,PHELPS,40.58307501,-99.2365144,2255.34,2006,2006-10-17,,54.92
403453099141801,PHELPS,40.58307501,-99.2365144,2255.34,2007,2007-04-10,,54.92
403453099141801,PHELPS,40.58307501,-99.2365144,2255.34,2007,2007-10-10,,53.23
403453099141801,PHELPS,40.58307501,-99.2365144,2255.34,2008,2008-04-08,,50.95
403453099190801,PHELPS,40.5807096794444,-99.3229107,2282.14,2003,2003-04-10,,37.39
403453099190801,PHELPS,40.5807096794444,-99.3229107,2282.14,2004,2004-04-08,,40.15
403453099190801,PHELPS,40.5807096794444,-99.3229107,2282.14,2005,2005-04-13,,41.64
403453099190801,PHELPS,40.5807096794444,-99.3229107,2282.14,2006,2006-10-17,,44.38
403453099190801,PHELPS,40.5807096794444,-99.3229107,2282.14,2007,2007-04-10,,41.9
403453099190801,PHELPS,40.5807096794444,-99.3229107,2282.14,2007,2007-10-10,,40.87
403453099190801,PHELPS,40.5807096794444,-99.3229107,2282.14,2008,2008-04-08,,38.35
403454099304801,PHELPS,40.57931189,-99.51412709,2390.5,2003,2003-04-11,,32.31
403454099304801,PHELPS,40.57931189,-99.51412709,2390.5,2004,2004-04-12,,34.41
403454099304801,PHELPS,40.57931189,-99.51412709,2390.5,2005,2005-04-14,,35.89
403454099304801,PHELPS,40.57931189,-99.51412709,2390.5,2006,2006-10-18,,37.57
403454099304801,PHELPS,40.57931189,-99.51412709,2390.5,2007,2007-04-11,,35.84
403454099304801,PHELPS,40.57931189,-99.51412709,2390.5,2007,2007-10-11,,35.06
403454099304801,PHELPS,40.57931189,-99.51412709,2390.5,2008,2008-04-09,,34.78
403506099350101,PHELPS,40.5833317,-99.5866221,2484.33,2006,2006-10-18,,102.25
403506099350101,PHELPS,40.5833317,-99.5866221,2484.33,2007,2007-10-11,,99.68
403507099234101,PHELPS,40.5836771413889,-99.3985091,2295.65,2003,2003-04-10,,12.08
403507099234101,PHELPS,40.5836771413889,-99.3985091,2295.65,2004,2004-04-08,,13.62
403507099234101,PHELPS,40.5836771413889,-99.3985091,2295.65,2005,2005-04-13,,13.26
403507099234101,PHELPS,40.5836771413889,-99.3985091,2295.65,2006,2006-10-17,,14.76
403507099234101,PHELPS,40.5836771413889,-99.3985091,2295.65,2007,2007-04-10,,13.61
403507099234101,PHELPS,40.5836771413889,-99.3985091,2295.65,2007,2007-10-10,,12.7
403507099234101,PHELPS,40.5836771413889,-99.3985091,2295.65,2008,2008-04-08,,12.45
403507099254101,PHELPS,40.58520714,-99.42844836,2318.5,2006,2006-10-17,,25.69
403507099254101,PHELPS,40.58520714,-99.42844836,2318.5,2007,2007-10-10,,23.43
403520099201601,PHELPS,40.5886101475,-99.3416473,2265.95,2003,2003-04-10,,13.4
403520099201601,PHELPS,40.5886101475,-99.3416473,2265.95,2004,2004-04-08,,15.78
403520099201601,PHELPS,40.5886101475,-99.3416473,2265.95,2005,2005-04-13,,16.81
403520099201601,PHELPS,40.5886101475,-99.3416473,2265.95,2006,2006-10-17,,19.23
403520099201601,PHELPS,40.5886101475,-99.3416473,2265.95,2007,2007-04-10,,17.47
403520099201601,PHELPS,40.5886101475,-99.3416473,2265.95,2007,2007-10-10,,17.34
403520099201601,PHELPS,40.5886101475,-99.3416473,2265.95,2008,2008-04-08,,14.97
403540099260001,PHELPS,40.5946306,-99.4353739,2323.77,2006,2006-10-17,,26.9
403540099260001,PHELPS,40.5946306,-99.4353739,2323.77,2007,2007-10-10,,24.82
403625099315401,PHELPS,40.60535831,-99.53303177,2384.53,2006,2006-10-18,,38.02
403625099315401,PHELPS,40.60535831,-99.53303177,2384.53,2007,2007-10-11,,35.7
403625099361001,PHELPS,40.60535831,-99.60306609,2454.12,2006,2006-10-17,,89.57
403625099361001,PHELPS,40.60535831,-99.60306609,2454.12,2007,2007-10-10,,88.14
403638099154301,PHELPS,40.60901195,-99.26298962,2222.0,2006,2006-10-17,,21.0
403638099154301,PHELPS,40.60901195,-99.26298962,2222.0,2007,2007-10-10,,16.73
403644099350001,PHELPS,40.61418514,-99.57972132,2418.26,2003,2003-04-11,,63.78
403644099350001,PHELPS,40.61418514,-99.57972132,2418.26,2006,2006-10-18,,71.0
403644099350001,PHELPS,40.61418514,-99.57972132,2418.26,2007,2007-10-11,,69.92
403645099242701,PHELPS,40.61264497222222,-99.40752011111113,2297.96,2005,2005-07-21,,27.3
403645099242702,PHELPS,40.61264497222222,-99.40752011111113,2297.96,2005,2005-07-21,,30.54
403645099242702,PHELPS,40.61264497222222,-99.40752011111113,2297.96,2008,2008-04-04,,20.6
403646099293301,PHELPS,40.6127772,-99.4935704,2354.25,2003,2003-04-10,,17.89
403646099293301,PHELPS,40.6127772,-99.4935704,2354.25,2004,2004-04-12,,19.13
403646099293301,PHELPS,40.6127772,-99.4935704,2354.25,2005,2005-04-13,,18.65
403646099293301,PHELPS,40.6127772,-99.4935704,2354.25,2006,2006-10-17,,17.28
403646099293301,PHELPS,40.6127772,-99.4935704,2354.25,2007,2007-04-10,,17.54
403646099293301,PHELPS,40.6127772,-99.4935704,2354.25,2007,2007-10-10,,17.18
403646099293301,PHELPS,40.6127772,-99.4935704,2354.25,2008,2008-04-08,,19.47
403651099281401,PHELPS,40.613021,-99.4747929,2345.39,2003,2003-04-10,,39.4
403651099281401,PHELPS,40.613021,-99.4747929,2345.39,2005,2005-04-13,,40.9
403651099281401,PHELPS,40.613021,-99.4747929,2345.39,2006,2006-10-17,,43.93
403651099281401,PHELPS,40.613021,-99.4747929,2345.39,2007,2007-04-10,,40.8
403651099281401,PHELPS,40.613021,-99.4747929,2345.39,2007,2007-10-10,,41.11
403651099281401,PHELPS,40.613021,-99.4747929,2345.39,2008,2008-04-08,,38.61
403710099104601,PHELPS,40.6195145,-99.17947241666668,2193.97,2005,2005-06-06,,18.14
403710099104602,PHELPS,40.6195145,-99.17947241666668,2193.97,2005,2005-06-06,,17.98
403710099104602,PHELPS,40.6195145,-99.17947241666668,2193.97,2008,2008-04-04,,14.15
403730099373501,PHELPS,40.6268217,-99.6246292,2471.08,2003,2003-04-11,,84.85
403730099373501,PHELPS,40.6268217,-99.6246292,2471.08,2004,2004-04-12,,86.83
403730099373501,PHELPS,40.6268217,-99.6246292,2471.08,2005,2005-04-13,,87.44
403730099373501,PHELPS,40.6268217,-99.6246292,2471.08,2006,2006-10-17,,90.65
403730099373501,PHELPS,40.6268217,-99.6246292,2471.08,2007,2007-04-10,,89.46
403730099373501,PHELPS,40.6268217,-99.6246292,2471.08,2007,2007-10-10,,89.65
403730099373501,PHELPS,40.6268217,-99.6246292,2471.08,2008,2008-04-09,,89.53
403738099181101,PHELPS,40.62740444444445,-99.30320513888888,2241.2,2005,2005-06-06,,20.6
403738099181102,PHELPS,40.62740444444445,-99.30320513888888,2241.2,2005,2005-06-06,,20.5
403738099181102,PHELPS,40.62740444444445,-99.30320513888888,2241.2,2008,2008-04-04,,16.46
403739099293601,PHELPS,40.62758555555556,-99.49344,2356.31,2007,2007-10-09,,27.37
403822099324501,PHELPS,40.6415361,-99.5482644,2377.53,2003,2003-04-10,,35.88
403822099324501,PHELPS,40.6415361,-99.5482644,2377.53,2004,2004-04-12,,36.58
403822099324501,PHELPS,40.6415361,-99.5482644,2377.53,2005,2005-04-13,,38.09
403822099324501,PHELPS,40.6415361,-99.5482644,2377.53,2006,2006-10-17,,39.05
403822099324501,PHELPS,40.6415361,-99.5482644,2377.53,2007,2007-04-10,,37.38
403822099324501,PHELPS,40.6415361,-99.5482644,2377.53,2007,2007-10-10,,37.63
403822099324501,PHELPS,40.6415361,-99.5482644,2377.53,2008,2008-04-08,,38.61
403831099173501,PHELPS,40.642178,-99.29327591666666,2229.47,2005,2005-06-06,,13.59
403831099173502,PHELPS,40.642178,-99.29327591666666,2229.47,2005,2005-06-06,,13.92
403831099173502,PHELPS,40.642178,-99.29327591666666,2229.47,2008,2008-04-04,,11.25
403832099293501,PHELPS,40.64230694444444,-99.49321833333332,2322.16,2007,2007-10-09,,21.04
403902099313701,PHELPS,40.6483999,-99.5291531,2345.9,2006,2006-10-17,,35.62
403902099313701,PHELPS,40.6483999,-99.5291531,2345.9,2007,2007-04-10,,34.88
403902099313701,PHELPS,40.6483999,-99.5291531,2345.9,2007,2007-10-10,,33.42
403902099313701,PHELPS,40.6483999,-99.5291531,2345.9,2008,2008-04-08,,34.19
403915099190801,PHELPS,40.6573434,-99.3214291,2234.03,2003,2003-04-10,,9.12
403915099190801,PHELPS,40.6573434,-99.3214291,2234.03,2006,2006-10-17,,10.78
403915099190801,PHELPS,40.6573434,-99.3214291,2234.03,2007,2007-10-10,,9.5
403927099293501,PHELPS,40.65755805555556,-99.49321666666668,2297.65,2007,2007-10-09,,8.67
403928099333601,PHELPS,40.6571948,-99.5612991,2355.41,2006,2006-04-12,,39.0
403928099333601,PHELPS,40.6571948,-99.5612991,2355.41,2006,2006-10-17,,39.71
403928099333601,PHELPS,40.6571948,-99.5612991,2355.41,2007,2007-10-10,,38.0
403928099371801,PHELPS,40.655954,-99.6202609,2432.98,2003,2003-04-10,,80.55
403928099371801,PHELPS,40.655954,-99.6202609,2432.98,2004,2004-04-12,,81.97
403928099371801,PHELPS,40.655954,-99.6202609,2432.98,2005,2005-04-13,,82.24
403928099371801,PHELPS,40.655954,-99.6202609,2432.98,2006,2006-10-17,,83.33
403928099371801,PHELPS,40.655954,-99.6202609,2432.98,2007,2007-04-10,,82.33
403928099371801,PHELPS,40.655954,-99.6202609,2432.98,2007,2007-10-10,,82.65
403928099371801,PHELPS,40.655954,-99.6202609,2432.98,2008,2008-04-08,,82.57
403941099331901,PHELPS,40.66044972,-99.55637462,2347.21,2003,2003-04-10,,3.41
403941099331901,PHELPS,40.66044972,-99.55637462,2347.21,2004,2004-04-12,,4.4
403941099331901,PHELPS,40.66044972,-99.55637462,2347.21,2005,2005-04-13,,3.35
403941099331901,PHELPS,40.66044972,-99.55637462,2347.21,2006,2006-04-12,,5.62
403941099331901,PHELPS,40.66044972,-99.55637462,2347.21,2006,2006-10-17,,4.32
403941099331901,PHELPS,40.66044972,-99.55637462,2347.21,2007,2007-04-10,,3.44
403941099331901,PHELPS,40.66044972,-99.55637462,2347.21,2007,2007-10-10,,3.61
403941099331901,PHELPS,40.66044972,-99.55637462,2347.21,2008,2008-04-08,,3.6
403941099342701,PHELPS,40.6636923,-99.5766538,2326.71,2003,2003-04-10,,6.24
403941099342701,PHELPS,40.6636923,-99.5766538,2326.71,2004,2004-04-12,,7.34
403941099342701,PHELPS,40.6636923,-99.5766538,2326.71,2005,2005-04-13,,6.93
403941099342701,PHELPS,40.6636923,-99.5766538,2326.71,2006,2006-10-17,,8.29
403941099342701,PHELPS,40.6636923,-99.5766538,2326.71,2007,2007-04-10,,6.48
403941099342701,PHELPS,40.6636923,-99.5766538,2326.71,2007,2007-10-10,,6.21
403941099342701,PHELPS,40.6636923,-99.5766538,2326.71,2008,2008-04-08,,6.31
403946099383201,PHELPS,40.66301611111111,-99.64228555555556,2446.94,2007,2007-10-09,,95.15
403949099293501,PHELPS,40.66383277777778,-99.49320805555556,2291.23,2007,2007-10-09,,4.96
404006099282401,PHELPS,40.66854833333333,-99.4734825,2280.04,2007,2007-10-09,,3.19
404007099294001,PHELPS,40.6709022,-99.4936146,2290.54,2003,2003-04-10,,5.99
404007099294001,PHELPS,40.6709022,-99.4936146,2290.54,2004,2004-04-12,,6.63
404007099294001,PHELPS,40.6709022,-99.4936146,2290.54,2005,2005-04-13,,5.9
404007099294001,PHELPS,40.6709022,-99.4936146,2290.54,2006,2006-10-17,,7.85
404007099294001,PHELPS,40.6709022,-99.4936146,2290.54,2007,2007-04-10,,6.0
404007099294001,PHELPS,40.6709022,-99.4936146,2290.54,2007,2007-10-10,,8.19
404007099294001,PHELPS,40.6709022,-99.4936146,2290.54,2008,2008-04-08,,7.19
404007099351901,PHELPS,40.6709256,-99.5865622,2322.26,2003,2003-04-10,,6.07
404007099351901,PHELPS,40.6709256,-99.5865622,2322.26,2004,2004-04-12,,7.93
404007099351901,PHELPS,40.6709256,-99.5865622,2322.26,2005,2005-04-13,,7.31
404007099351901,PHELPS,40.6709256,-99.5865622,2322.26,2006,2006-10-17,,7.91
404007099351901,PHELPS,40.6709256,-99.5865622,2322.26,2007,2007-04-10,,5.9
404007099351901,PHELPS,40.6709256,-99.5865622,2322.26,2007,2007-10-10,,7.2
404007099351901,PHELPS,40.6709256,-99.5865622,2322.26,2008,2008-04-08,,7.07
404020099355301,PHELPS,40.6710839,-99.5961084,2326.91,2003,2003-04-10,,4.11
404020099355301,PHELPS,40.6710839,-99.5961084,2326.91,2004,2004-04-12,,5.58
404020099355301,PHELPS,40.6710839,-99.5961084,2326.91,2005,2005-04-13,,4.74
404020099355301,PHELPS,40.6710839,-99.5961084,2326.91,2006,2006-10-17,,5.63
404020099355301,PHELPS,40.6710839,-99.5961084,2326.91,2007,2007-04-10,,4.52
404020099355301,PHELPS,40.6710839,-99.5961084,2326.91,2007,2007-10-10,,5.22
404020099355301,PHELPS,40.6710839,-99.5961084,2326.91,2008,2008-04-08,,5.04
404033099373001,PHELPS,40.67593911111111,-99.62515633333332,2339.74,2005,2005-07-21,,17.74
404040099383501,PHELPS,40.67796833333333,-99.64313333333334,2346.64,2007,2007-10-09,,10.97
404059099383501,PHELPS,40.68328583333333,-99.64316027777778,2343.11,2007,2007-10-09,,14.93
404102099373001,PHELPS,40.68405933333333,-99.62523716666666,2334.85,2005,2005-07-21,,11.76
404102099373002,PHELPS,40.68405933333333,-99.62523716666666,2334.85,2005,2005-07-21,,20.49
404102099373002,PHELPS,40.68405933333333,-99.62523716666666,2334.85,2008,2008-04-04,,8.31
402513099164801,PHELPS,40.42006111111111,-99.27985277777778,2278.97,2011,2011-04-18,Spring,71.47
402421099112000,PHELPS,40.40549166666666,-99.18921666666668,2216.62,2011,2011-04-18,Spring,53.37
402342099143300,PHELPS,40.39436388888889,-99.24273333333332,2261.52,2011,2011-04-18,Spring,110.23
402423099152001,PHELPS,40.40643361111111,-99.2555336111111,2261.86,2011,2011-04-18,Spring,85.6
402200099160700,PHELPS,40.3669,-99.267175,2280.22,2011,2011-04-18,Spring,148.88
402532099222601,PHELPS,40.42564361111111,-99.37401277777776,2312.94,2011,2011-04-18,Spring,93.77
402532099222602,PHELPS,40.42564361111111,-99.37401277777776,2312.94,2011,2011-04-18,Spring,98.83
402320099231001,PHELPS,40.38914722222222,-99.38615277777778,2384.17,2011,2011-04-18,Spring,216.31
402326099185300,PHELPS,40.390366666666665,-99.31649722222222,2306.56,2011,2011-04-18,Spring,147.76
402115099213100,PHELPS,40.35468888888889,-99.35943333333331,2345.58,2011,2011-04-18,Spring,204.54
402435099262900,PHELPS,40.40768055555555,-99.44083333333332,2405.19,2011,2011-04-21,Spring,208.12
402406099311800,PHELPS,40.40154444444444,-99.52104166666666,2406.07,2011,2011-04-21,Spring,181.13
402334099293301,PHELPS,40.392735555555554,-99.49248916666669,2343.83,2011,2011-04-18,Spring,137.0
402334099293302,PHELPS,40.392735555555554,-99.49248916666669,2343.83,2011,2011-04-18,Spring,137.19
402159099301600,PHELPS,40.3649,-99.50220555555556,2377.49,2011,2011-04-21,Spring,179.26
402107099262000,PHELPS,40.35080555555556,-99.43768055555556,2363.91,2011,2011-04-21,Spring,200.34
402609099350800,PHELPS,40.43199166666666,-99.58200277777776,2443.0,2011,2011-04-21,Spring,174.7
402756099270601,PHELPS,40.46631944,-99.4548306,2351.9,2000,2000-04-25,,83.78
402835099281401,PHELPS,40.47235556,-99.4740667,2369.23,2000,2000-04-25,,90.1
402835099281401,PHELPS,40.47235556,-99.4740667,2369.23,2005,2005-04-13,,96.0
402919099104601,PHELPS,40.4886216022222,-99.1795852,2229.35,2006,2006-10-16,,26.59
402919099104601,PHELPS,40.4886216022222,-99.1795852,2229.35,2007,2007-04-09,,26.17
403322099254102,PHELPS,40.554275,-99.4303056,2335.12,2000,2000-04-25,,15.17
403322099254102,PHELPS,40.554275,-99.4303056,2335.12,2005,2005-04-13,,12.72
403322099254102,PHELPS,40.554275,-99.4303056,2335.12,2006,2006-04-12,,18.86
403322099264902,PHELPS,40.55435556,-99.4489917,2343.0,2000,2000-04-25,,13.41
403322099264902,PHELPS,40.55435556,-99.4489917,2343.0,2005,2005-04-13,,13.78
403322099264902,PHELPS,40.55435556,-99.4489917,2343.0,2006,2006-04-12,,17.88
403453099322801,PHELPS,40.58267778,-99.5435778,2442.77,2000,2000-04-28,,70.36
403453099322801,PHELPS,40.58267778,-99.5435778,2442.77,2001,2001-05-08,,71.0
403518099235901,PHELPS,40.58844167,-99.3996972,2299.02,2002,2002-08-27,,18.1
403540099260002,PHELPS,40.5944542,-99.4337128,2322.58,2006,2006-04-12,,27.92
403954099335301,PHELPS,40.6640455,-99.5668126,2327.34,2000,2000-04-25,Spring,11.75
403954099335301,PHELPS,40.6640455,-99.5668126,2327.34,2001,2001-05-07,Spring,10.86
404007099250701,PHELPS,40.67069444,-99.4177056,2261.69,2000,2000-04-25,,5.83
404007099250701,PHELPS,40.67069444,-99.4177056,2261.69,2001,2001-05-07,,5.38
404007099252401,PHELPS,40.6706222,-99.4270139,2267.06,2000,2000-04-25,,6.0
404007099252401,PHELPS,40.6706222,-99.4270139,2267.06,2001,2001-05-07,,6.11
404007099252401,PHELPS,40.6706222,-99.4270139,2267.06,2008,2008-04-08,,1.54
402458099344401,PHELPS,40.41608027777777,-99.57890388888887,2426.49,2011,2011-04-18,Spring,170.63
402458099344402,PHELPS,40.41608027777777,-99.57890388888887,2426.49,2011,2011-04-18,Spring,170.7
402404099383400,PHELPS,40.40166972222222,-99.64190722222224,2363.94,2011,2011-04-21,Spring,86.94
402233099341700,PHELPS,40.376269444444446,-99.57279166666666,2335.32,2011,2011-04-21,Spring,111.49
402110099140001,PHELPS,40.351999,-99.2329232,2283.76,2011,2011-04-18,Spring,167.67
402532099235801,PHELPS,40.42582814,-99.40068743,2321.09,2011,2011-04-19,Spring,114.09
402124099201601,PHELPS,40.3563466,-99.3403749,2318.47,2011,2011-04-18,Spring,181.84
403104099130201,PHELPS,40.5179145,-99.2173248,2242.62,2011,2011-04-19,Spring,25.39
403124099152601,PHELPS,40.52215595,-99.25856338,2258.2,2011,2011-04-19,Spring,42.52
402952099161701,PHELPS,40.49624602,-99.2746825,2255.28,2011,2011-04-18,Spring,18.32
403037099135301,PHELPS,40.5105526386111,-99.2316379,2239.33,2011,2011-04-18,Spring,17.29
403037099111401,PHELPS,40.5103457694444,-99.1873426,2237.5,2011,2011-04-18,Spring,28.58
402952099114401,PHELPS,40.4961238363889,-99.1985012,2246.17,2011,2011-04-18,Spring,34.2
402905099115301,PHELPS,40.4848551,-99.1983097,2241.11,2011,2011-04-18,Spring,30.15
402919099104601,PHELPS,40.4886216022222,-99.1795852,2229.35,2011,2011-04-18,Spring,22.12
402853099104601,PHELPS,40.4815796,-99.179559,2221.31,2011,2011-04-18,Spring,15.16
402945099151900,PHELPS,40.49312395,-99.25285328,2243.78,2011,2011-04-18,Spring,17.25
402853099152001,PHELPS,40.4816481,-99.2557469,2251.06,2011,2011-04-18,Spring,23.82
402851099130101,PHELPS,40.4809986,-99.2168379,2244.15,2011,2011-04-18,Spring,27.81
403014099213701,PHELPS,40.50113773,-99.35723759,2325.73,2011,2011-04-19,Spring,33.76
402924099235501,PHELPS,40.4901949,-99.398706,2336.37,2011,2011-04-19,Spring,50.42
402716099212401,PHELPS,40.4529071,-99.3592878,2307.74,2011,2011-04-19,Spring,68.05
403123099261501,PHELPS,40.52446389,-99.436875,2361.96,2011,2011-04-20,Spring,39.89
403125099295701,PHELPS,40.5247252,-99.4992246,2402.13,2011,2011-04-20,Spring,63.35
403037099313401,PHELPS,40.5104684,-99.5262137,2408.97,2011,2011-04-20,Spring,75.09
402821099282901,PHELPS,40.47215973,-99.47068872,2363.91,2011,2011-04-20,Spring,91.88
403638099154301,PHELPS,40.60901195,-99.26298962,2222.0,2011,2011-04-19,Spring,13.43
403453099141801,PHELPS,40.58307501,-99.2365144,2255.34,2011,2011-04-19,Spring,48.19
403328099181202,PHELPS,40.5577906,-99.3033482,2272.01,2011,2011-04-19,Spring,28.44
403335099150901,PHELPS,40.55977478,-99.25286046,2241.29,2011,2011-04-19,Spring,29.44
403348099114401,PHELPS,40.5613598133333,-99.1983188,2236.17,2011,2011-04-18,Spring,35.23
403507099234101,PHELPS,40.5836771413889,-99.3985091,2295.65,2011,2011-04-19,Spring,9.34
403520099201601,PHELPS,40.5886101475,-99.3416473,2265.95,2011,2011-04-19,Spring,11.45
403453099190801,PHELPS,40.5807096794444,-99.3229107,2282.14,2011,2011-04-19,Spring,34.8
403322099210701,PHELPS,40.55622914,-99.3528114,2284.27,2011,2011-04-19,Spring,19.14
403322099201601,PHELPS,40.5547811,-99.3416484,2267.67,2011,2011-04-19,Spring,5.74
403138099235801,PHELPS,40.5255500233333,-99.399115,2328.14,2011,2011-04-19,Spring,23.25
403138099190801,PHELPS,40.5255972,-99.3224515,2277.27,2011,2011-04-19,Spring,22.59
403540099260001,PHELPS,40.5946306,-99.4353739,2323.77,2011,2011-04-20,Spring,22.03
403507099254101,PHELPS,40.58520714,-99.42844836,2318.5,2011,2011-04-20,Spring,21.3
403433099250001,PHELPS,40.576331,-99.4179046,2315.55,2011,2011-04-20,Spring,15.72
403454099304801,PHELPS,40.57931189,-99.51412709,2390.5,2011,2011-04-20,Spring,32.44
403322099304801,PHELPS,40.5542755075,-99.5122815,2411.43,2011,2011-04-20,Spring,54.37
403322099272302,PHELPS,40.5545803,-99.4609332,2349.56,2011,2011-04-20,Spring,14.67
403322099264901,PHELPS,40.5543545569444,-99.4489925,2342.74,2011,2011-04-20,Spring,12.25
403322099254101,PHELPS,40.5542755,-99.4303042,2335.12,2011,2011-04-20,Spring,15.02
403309099250701,PHELPS,40.5543784,-99.4199673,2322.67,2011,2011-04-20,Spring,9.27
403224099261801,PHELPS,40.54167314,-99.43849253,2347.7,2011,2011-04-20,Spring,19.3
403309099281401,PHELPS,40.5521635,-99.4737128,2354.64,2011,2011-04-20,Spring,13.52
403217099312001,PHELPS,40.5392815,-99.5207383,2451.89,2011,2011-04-20,Spring,96.9
403625099315401,PHELPS,40.60535831,-99.53303177,2384.53,2011,2011-04-20,Spring,32.11
403625099361001,PHELPS,40.60535831,-99.60306609,2454.12,2011,2011-04-20,Spring,85.32
403558099371801,PHELPS,40.5994522,-99.622055,2483.53,2011,2011-04-20,Spring,70.66
403431099362101,PHELPS,40.5754557,-99.6058865,2477.16,2011,2011-04-20,Spring,87.1
403322099371801,PHELPS,40.5557047,-99.6247601,2465.78,2011,2011-04-20,Spring,75.65
403137099330201,PHELPS,40.5263766547222,-99.5496279,2405.25,2011,2011-04-20,Spring,52.92
403915099190801,PHELPS,40.6573434,-99.3214291,2234.03,2011,2011-04-19,Spring,8.07
403954099255801,PHELPS,40.667854,-99.4364595,2268.93,2011,2011-04-20,Spring,1.05
404007099294001,PHELPS,40.6709022,-99.4936146,2290.54,2011,2011-04-20,Spring,6.05
403902099313701,PHELPS,40.6483999,-99.5291531,2345.9,2011,2011-04-20,Spring,32.73
403739099281601,PHELPS,40.627653,-99.4742905,2324.54,2011,2011-04-20,Spring,19.42
403646099293301,PHELPS,40.6127772,-99.4935704,2354.25,2011,2011-04-20,Spring,17.59
403651099281401,PHELPS,40.613021,-99.4747929,2345.39,2011,2011-04-20,Spring,34.86
404020099355301,PHELPS,40.6710839,-99.5961084,2326.91,2011,2011-04-20,Spring,3.84
403928099333601,PHELPS,40.6571948,-99.5612991,2355.41,2011,2011-04-20,Spring,37.53
403941099331901,PHELPS,40.66044972,-99.55637462,2347.21,2011,2011-04-20,Spring,2.75
403941099342701,PHELPS,40.6636923,-99.5766538,2326.71,2011,2011-04-20,Spring,5.48
404007099351901,PHELPS,40.6709256,-99.5865622,2322.26,2011,2011-04-20,Spring,5.71
403928099371801,PHELPS,40.655954,-99.6202609,2432.98,2011,2011-04-20,Spring,81.33
403822099324501,PHELPS,40.6415361,-99.5482644,2377.53,2011,2011-04-20,Spring,37.2
403730099373501,PHELPS,40.6268217,-99.6246292,2471.08,2011,2011-04-20,Spring,88.03
402853099135101,PHELPS,40.48150472222223,-99.23095833333332,2247.07,2011,2011-04-28,Spring,27.26
402853099135102,PHELPS,40.48150472222223,-99.23095833333332,2247.07,2011,2011-04-28,Spring,27.32
402854099213801,PHELPS,40.48158305555556,-99.36045888888889,2315.4,2011,2011-04-28,Spring,50.4
402854099213802,PHELPS,40.48158305555556,-99.36045888888889,2315.4,2011,2011-04-28,Spring,50.55
402630099305500,PHELPS,40.44133611111111,-99.51204166666666,2426.38,2011,2011-04-21,Spring,176.35
402636099271801,PHELPS,40.44343083333333,-99.45505,2362.54,2011,2011-04-28,Spring,133.33
402636099271802,PHELPS,40.44343083333333,-99.45505,2362.54,2011,2011-04-28,Spring,132.21
402906099342201,PHELPS,40.485083333333336,-99.57288888888888,2458.82,2011,2011-04-21,Spring,149.48
402813099382100,PHELPS,40.46941944444445,-99.63914166666667,2473.68,2011,2011-04-21,Spring,154.83
402756099320601,PHELPS,40.46654722222223,-99.53547222222224,2446.36,2011,2011-04-21,Spring,165.04
402649099350601,PHELPS,40.44692,-99.58488888888888,2428.0,2011,2011-04-27,Spring,147.23
402649099350602,PHELPS,40.44692,-99.58488888888888,2428.0,2011,2011-04-27,Spring,148.11
403408099130501,PHELPS,40.56878722222223,-99.21816944444444,2216.56,2011,2011-04-28,Spring,12.27
403408099130502,PHELPS,40.56878722222223,-99.21816944444444,2216.56,2011,2011-04-28,Spring,12.11
403645099242701,PHELPS,40.61264497222222,-99.40752011111113,2297.96,2011,2011-04-28,Spring,16.42
403645099242702,PHELPS,40.61264497222222,-99.40752011111113,2297.96,2011,2011-04-28,Spring,17.16
403350099282701,PHELPS,40.56375277777777,-99.47419805555556,2351.95,2011,2011-04-28,Spring,12.22
403350099282702,PHELPS,40.56375277777777,-99.47419805555556,2351.95,2011,2011-04-28,Spring,12.48
403315099351501,PHELPS,40.554270555555554,-99.58744083333332,2447.59,2011,2011-04-27,Spring,67.99
403315099351502,PHELPS,40.554270555555554,-99.58744083333332,2447.59,2011,2011-04-27,Spring,69.99
403738099181101,PHELPS,40.62740444444445,-99.30320513888888,2241.2,2011,2011-04-28,Spring,14.52
403738099181102,PHELPS,40.62740444444445,-99.30320513888888,2241.2,2011,2011-04-28,Spring,14.44
403831099173501,PHELPS,40.642178,-99.29327591666666,2229.47,2011,2011-04-28,Spring,9.58
403831099173502,PHELPS,40.642178,-99.29327591666666,2229.47,2011,2011-04-28,Spring,9.92
403710099104601,PHELPS,40.6195145,-99.17947241666668,2193.97,2011,2011-04-28,Spring,13.68
403710099104602,PHELPS,40.6195145,-99.17947241666668,2193.97,2011,2011-04-28,Spring,13.92
403903099214301,PHELPS,40.650864722222224,-99.3618686111111,2248.47,2011,2011-04-28,Spring,6.29
403903099214302,PHELPS,40.650864722222224,-99.3618686111111,2248.47,2011,2011-04-28,Spring,6.37
404006099282401,PHELPS,40.66854833333333,-99.4734825,2280.04,2011,2011-04-21,Spring,1.94
403927099293501,PHELPS,40.65755805555556,-99.49321666666668,2297.65,2011,2011-04-21,Spring,7.37
403949099293501,PHELPS,40.66383277777778,-99.49320805555556,2291.23,2011,2011-04-21,Spring,3.97
403959099282801,PHELPS,40.66638638888889,-99.47439194444443,2282.17,2011,2011-04-21,Spring,2.85
403959099282802,PHELPS,40.66638638888889,-99.47439194444443,2282.17,2011,2011-04-21,Spring,2.95
403832099293501,PHELPS,40.64230694444444,-99.49321833333332,2322.16,2011,2011-04-21,Spring,19.44
403739099293601,PHELPS,40.62758555555556,-99.49344,2356.31,2011,2011-04-21,Spring,30.63
404033099373001,PHELPS,40.67593911111111,-99.62515633333332,2339.74,2011,2011-04-21,Spring,8.25
404040099383501,PHELPS,40.67796833333333,-99.64313333333334,2346.64,2011,2011-04-21,Spring,10.21
404059099383501,PHELPS,40.68328583333333,-99.64316027777778,2343.11,2011,2011-04-21,Spring,12.44
404102099373001,PHELPS,40.68405933333333,-99.62523716666666,2334.85,2011,2011-04-21,Spring,8.07
404102099373002,PHELPS,40.68405933333333,-99.62523716666666,2334.85,2011,2011-04-21,Spring,6.49
403946099383201,PHELPS,40.66301611111111,-99.64228555555556,2446.94,2011,2011-04-21,Spring,93.79
402334099293302,PHELPS,40.392735555555554,-99.49248916666669,2343.83,2008,2008-05-27,Spring,138.78
402334099293302,PHELPS,40.392735555555554,-99.49248916666669,2343.83,2010,2010-10-07,Fall,139.03
402334099293301,PHELPS,40.392735555555554,-99.49248916666669,2343.83,2008,2008-05-27,Spring,138.98
402334099293301,PHELPS,40.392735555555554,-99.49248916666669,2343.83,2010,2010-10-07,Fall,138.76
08N 20W 06 AAA,PHELPS,40.68138,-99.62646,2336.24,2011,2011-05-02,Spring,3.44
402340099353701,PHELPS,40.39445302,-99.59399869,2264.29,2011,2011-05-09,Spring,24.62
402524099201601,PHELPS,40.42334431,-99.33815365,2312.07,2011,2011-05-09,Spring,112.01
403123099261501,PHELPS,40.52446389,-99.436875,2361.96,2011,2011-05-09,,42.04
403132099381001,PHELPS,40.52556319,-99.63650076,2517.21,2011,2011-05-09,Spring,150.99
403217099235801,PHELPS,40.53806574,-99.39982287,2321.45,2011,2011-05-09,Spring,22.35
403922099223301,PHELPS,40.65834351,-99.38037703,2253.27,2011,2011-05-09,Spring,7.2
404016099370201,PHELPS,40.6711189,-99.61760995,2335.44,2011,2011-05-09,Spring,4.89
402513099164801,PHELPS,40.42006111111111,-99.27985277777778,2278.97,2011,2011-10-31,Fall,73.62
402421099112000,PHELPS,40.40549166666666,-99.18921666666668,2216.62,2011,2011-11-07,Fall,55.09
402342099143300,PHELPS,40.39436388888889,-99.24273333333332,2261.52,2011,2011-10-31,Fall,110.42
402423099152001,PHELPS,40.40643361111111,-99.2555336111111,2261.86,2011,2011-10-26,Fall,86.38
402200099160700,PHELPS,40.3669,-99.267175,2280.22,2011,2011-10-31,Fall,147.98
402532099222601,PHELPS,40.42564361111111,-99.37401277777776,2312.94,2011,2011-10-26,Fall,94.93
402532099222602,PHELPS,40.42564361111111,-99.37401277777776,2312.94,2011,2011-10-26,Fall,100.05
402320099231001,PHELPS,40.38914722222222,-99.38615277777778,2384.17,2011,2011-10-31,Fall,216.92
402326099185300,PHELPS,40.390366666666665,-99.31649722222222,2306.56,2011,2011-10-31,Fall,147.78
402115099213100,PHELPS,40.35468888888889,-99.35943333333331,2345.58,2011,2011-10-31,Fall,204.68
402435099262900,PHELPS,40.40768055555555,-99.44083333333332,2405.19,2011,2011-11-04,Fall,208.21
402406099311800,PHELPS,40.40154444444444,-99.52104166666666,2406.07,2011,2011-11-04,Fall,181.81
402334099293301,PHELPS,40.392735555555554,-99.49248916666669,2343.83,2011,2011-10-26,Fall,137.69
402334099293302,PHELPS,40.392735555555554,-99.49248916666669,2343.83,2011,2011-10-26,Fall,137.79
402159099301600,PHELPS,40.3649,-99.50220555555556,2377.49,2011,2011-11-04,Fall,182.85
402107099262000,PHELPS,40.35080555555556,-99.43768055555556,2363.91,2011,2011-11-04,Fall,200.95
402609099350800,PHELPS,40.43199166666666,-99.58200277777776,2443.0,2011,2011-11-04,Fall,175.32
402458099344401,PHELPS,40.41608027777777,-99.57890388888887,2426.49,2011,2011-10-26,Fall,171.36
402458099344402,PHELPS,40.41608027777777,-99.57890388888887,2426.49,2011,2011-10-26,Fall,171.44
402404099383400,PHELPS,40.40166972222222,-99.64190722222224,2363.94,2011,2011-11-04,Fall,87.66
402233099341700,PHELPS,40.376269444444446,-99.57279166666666,2335.32,2011,2011-11-04,Fall,111.65
402853099135101,PHELPS,40.48150472222223,-99.23095833333332,2247.07,2011,2011-10-25,Fall,25.94
402853099135102,PHELPS,40.48150472222223,-99.23095833333332,2247.07,2011,2011-10-25,Fall,24.9
402854099213801,PHELPS,40.48158305555556,-99.36045888888889,2315.4,2011,2011-10-26,Fall,50.68
402854099213802,PHELPS,40.48158305555556,-99.36045888888889,2315.4,2011,2011-10-26,Fall,50.77
402630099305500,PHELPS,40.44133611111111,-99.51204166666666,2426.38,2011,2011-11-04,Fall,177.46
402636099271801,PHELPS,40.44343083333333,-99.45505,2362.54,2011,2011-10-26,Fall,134.39
402636099271802,PHELPS,40.44343083333333,-99.45505,2362.54,2011,2011-10-26,Fall,133.18
402906099342201,PHELPS,40.485083333333336,-99.57288888888888,2458.82,2011,2011-11-04,Fall,149.86
402813099382100,PHELPS,40.46941944444445,-99.63914166666667,2473.68,2011,2011-11-04,Fall,156.34
402756099320601,PHELPS,40.46654722222223,-99.53547222222224,2446.36,2011,2011-11-04,Fall,165.12
402649099350601,PHELPS,40.44692,-99.58488888888888,2428.0,2011,2011-10-26,Fall,148.63
402649099350602,PHELPS,40.44692,-99.58488888888888,2428.0,2011,2011-10-26,Fall,149.44
403408099130501,PHELPS,40.56878722222223,-99.21816944444444,2216.56,2011,2011-10-25,Fall,12.41
403408099130502,PHELPS,40.56878722222223,-99.21816944444444,2216.56,2011,2011-10-25,Fall,12.09
403645099242701,PHELPS,40.61264497222222,-99.40752011111113,2297.96,2011,2011-10-25,Fall,16.66
403645099242702,PHELPS,40.61264497222222,-99.40752011111113,2297.96,2011,2011-10-25,Fall,17.17
403350099282701,PHELPS,40.56375277777777,-99.47419805555556,2351.95,2011,2011-10-25,Fall,8.95
403350099282702,PHELPS,40.56375277777777,-99.47419805555556,2351.95,2011,2011-10-25,Fall,9.16
403315099351501,PHELPS,40.554270555555554,-99.58744083333332,2447.59,2011,2011-10-25,Fall,67.14
403315099351502,PHELPS,40.554270555555554,-99.58744083333332,2447.59,2011,2011-10-25,Fall,68.89
403738099181101,PHELPS,40.62740444444445,-99.30320513888888,2241.2,2011,2011-10-24,Fall,12.7
403738099181102,PHELPS,40.62740444444445,-99.30320513888888,2241.2,2011,2011-10-24,Fall,12.61
403831099173501,PHELPS,40.642178,-99.29327591666666,2229.47,2011,2011-10-24,Fall,8.3
403831099173502,PHELPS,40.642178,-99.29327591666666,2229.47,2011,2011-10-24,Fall,8.71
403710099104601,PHELPS,40.6195145,-99.17947241666668,2193.97,2011,2011-10-24,Fall,13.1
403710099104602,PHELPS,40.6195145,-99.17947241666668,2193.97,2011,2011-10-24,Fall,13.45
403903099214301,PHELPS,40.650864722222224,-99.3618686111111,2248.47,2011,2011-10-24,Fall,5.83
403903099214302,PHELPS,40.650864722222224,-99.3618686111111,2248.47,2011,2011-10-24,Fall,5.93
404006099282401,PHELPS,40.66854833333333,-99.4734825,2280.04,2011,2011-10-24,Fall,1.92
403927099293501,PHELPS,40.65755805555556,-99.49321666666668,2297.65,2011,2011-10-24,Fall,7.79
403949099293501,PHELPS,40.66383277777778,-99.49320805555556,2291.23,2011,2011-10-24,Fall,4.13
403959099282801,PHELPS,40.66638638888889,-99.47439194444443,2282.17,2011,2011-10-24,Fall,3.2
403959099282802,PHELPS,40.66638638888889,-99.47439194444443,2282.17,2011,2011-10-24,Fall,3.2
403832099293501,PHELPS,40.64230694444444,-99.49321833333332,2322.16,2011,2011-10-24,Fall,19.11
403739099293601,PHELPS,40.62758555555556,-99.49344,2356.31,2011,2011-10-24,Fall,28.06
404033099373001,PHELPS,40.67593911111111,-99.62515633333332,2339.74,2011,2011-10-25,Fall,6.32
404040099383501,PHELPS,40.67796833333333,-99.64313333333334,2346.64,2011,2011-10-25,Fall,7.61
404059099383501,PHELPS,40.68328583333333,-99.64316027777778,2343.11,2011,2011-10-25,Fall,11.84
404102099373001,PHELPS,40.68405933333333,-99.62523716666666,2334.85,2011,2011-10-25,Fall,7.78
404102099373002,PHELPS,40.68405933333333,-99.62523716666666,2334.85,2011,2011-10-25,Fall,6.02
403946099383201,PHELPS,40.66301611111111,-99.64228555555556,2446.94,2011,2011-10-25,Fall,91.95
402107099262000,PHELPS,40.35080555555556,-99.43768055555556,2363.91,2010,2010-04-19,Spring,201.56
402107099262000,PHELPS,40.35080555555556,-99.43768055555556,2363.91,2009,2009-10-27,Fall,202.43
402110099140001,PHELPS,40.351999,-99.2329232,2283.76,2009,2009-10-14,Fall,169.88
402110099140001,PHELPS,40.351999,-99.2329232,2283.76,2010,2010-04-22,Spring,168.73
402115099213100,PHELPS,40.35468888888889,-99.35943333333331,2345.58,2010,2010-04-19,Spring,205.57
402115099213100,PHELPS,40.35468888888889,-99.35943333333331,2345.58,2009,2009-10-26,Fall,208.09
402124099201601,PHELPS,40.3563466,-99.3403749,2318.47,2009,2009-10-14,Fall,184.09
402124099201601,PHELPS,40.3563466,-99.3403749,2318.47,2010,2010-04-22,Spring,182.8
402159099301600,PHELPS,40.3649,-99.50220555555556,2377.49,2010,2010-04-19,Spring,182.93
402159099301600,PHELPS,40.3649,-99.50220555555556,2377.49,2009,2009-10-27,Fall,183.63
402200099160700,PHELPS,40.3669,-99.267175,2280.22,2010,2010-04-19,Spring,149.03
402200099160700,PHELPS,40.3669,-99.267175,2280.22,2009,2009-10-26,Fall,160.7
402233099341700,PHELPS,40.376269444444446,-99.57279166666666,2335.32,2010,2010-04-19,Spring,112.12
402233099341700,PHELPS,40.376269444444446,-99.57279166666666,2335.32,2009,2009-10-27,Fall,112.82
402320099231001,PHELPS,40.38914722222222,-99.38615277777778,2384.17,2010,2010-04-19,Spring,221.11
402320099231001,PHELPS,40.38914722222222,-99.38615277777778,2384.17,2009,2009-10-26,Fall,220.98
402326099185300,PHELPS,40.390366666666665,-99.31649722222222,2306.56,2010,2010-04-19,Spring,149.28
402326099185300,PHELPS,40.390366666666665,-99.31649722222222,2306.56,2009,2009-10-26,Fall,150.59
402334099293301,PHELPS,40.392735555555554,-99.49248916666669,2343.83,2010,2010-04-21,Spring,138.06
402334099293301,PHELPS,40.392735555555554,-99.49248916666669,2343.83,2009,2009-10-27,Fall,139.2
402334099293302,PHELPS,40.392735555555554,-99.49248916666669,2343.83,2010,2010-04-21,Spring,138.37
402334099293302,PHELPS,40.392735555555554,-99.49248916666669,2343.83,2009,2009-10-27,Fall,139.07
402342099143300,PHELPS,40.39436388888889,-99.24273333333332,2261.52,2010,2010-04-19,Spring,109.65
402342099143300,PHELPS,40.39436388888889,-99.24273333333332,2261.52,2009,2009-10-26,Fall,111.16
402404099383400,PHELPS,40.40166972222222,-99.64190722222224,2363.94,2010,2010-04-19,Spring,87.86
402404099383400,PHELPS,40.40166972222222,-99.64190722222224,2363.94,2009,2009-10-27,Fall,89.39
402406099311800,PHELPS,40.40154444444444,-99.52104166666666,2406.07,2010,2010-04-19,Spring,182.24
402406099311800,PHELPS,40.40154444444444,-99.52104166666666,2406.07,2009,2009-10-27,Fall,183.29
402421099112000,PHELPS,40.40549166666666,-99.18921666666668,2216.62,2010,2010-04-19,Spring,56.39
402421099112000,PHELPS,40.40549166666666,-99.18921666666668,2216.62,2009,2009-10-26,Fall,57.92
402423099152001,PHELPS,40.40643361111111,-99.2555336111111,2261.86,2010,2010-04-21,Spring,87.51
402423099152001,PHELPS,40.40643361111111,-99.2555336111111,2261.86,2009,2009-10-26,Fall,89.58
402435099262900,PHELPS,40.40768055555555,-99.44083333333332,2405.19,2010,2010-04-19,Spring,209.63
402435099262900,PHELPS,40.40768055555555,-99.44083333333332,2405.19,2009,2009-10-27,Fall,210.99
402458099344401,PHELPS,40.41608027777777,-99.57890388888887,2426.49,2010,2010-04-21,Spring,171.13
402458099344401,PHELPS,40.41608027777777,-99.57890388888887,2426.49,2009,2009-10-27,Fall,172.39
402458099344402,PHELPS,40.41608027777777,-99.57890388888887,2426.49,2010,2010-04-21,Spring,171.25
402513099164801,PHELPS,40.42006111111111,-99.27985277777778,2278.97,2010,2010-04-19,Spring,73.92
402513099164801,PHELPS,40.42006111111111,-99.27985277777778,2278.97,2009,2009-10-26,Fall,77.57
402532099222601,PHELPS,40.42564361111111,-99.37401277777776,2312.94,2010,2010-04-21,Spring,96.28
402532099222601,PHELPS,40.42564361111111,-99.37401277777776,2312.94,2009,2009-10-26,Fall,98.71
402532099222602,PHELPS,40.42564361111111,-99.37401277777776,2312.94,2010,2010-04-21,Spring,101.76
402532099222602,PHELPS,40.42564361111111,-99.37401277777776,2312.94,2009,2009-10-26,Fall,103.86
402532099235801,PHELPS,40.42582814,-99.40068743,2321.09,2009,2009-10-15,Fall,118.93
402532099235801,PHELPS,40.42582814,-99.40068743,2321.09,2010,2010-04-23,Spring,117.19
402609099350800,PHELPS,40.43199166666666,-99.58200277777776,2443.0,2010,2010-04-19,Spring,175.56
402609099350800,PHELPS,40.43199166666666,-99.58200277777776,2443.0,2009,2009-10-27,Fall,177.13
402630099305500,PHELPS,40.44133611111111,-99.51204166666666,2426.38,2010,2010-04-19,Spring,180.23
402630099305500,PHELPS,40.44133611111111,-99.51204166666666,2426.38,2009,2009-10-27,Fall,179.97
402636099271801,PHELPS,40.44343083333333,-99.45505,2362.54,2010,2010-04-22,Spring,135.06
402636099271801,PHELPS,40.44343083333333,-99.45505,2362.54,2009,2009-10-27,Fall,137.09
402636099271802,PHELPS,40.44343083333333,-99.45505,2362.54,2010,2010-04-22,Spring,133.94
402636099271802,PHELPS,40.44343083333333,-99.45505,2362.54,2009,2009-10-27,Fall,136.01
402649099350601,PHELPS,40.44692,-99.58488888888888,2428.0,2010,2010-04-21,Spring,147.99
402649099350601,PHELPS,40.44692,-99.58488888888888,2428.0,2009,2009-10-27,Fall,151.29
402649099350602,PHELPS,40.44692,-99.58488888888888,2428.0,2010,2010-04-21,Spring,149.13
402649099350602,PHELPS,40.44692,-99.58488888888888,2428.0,2009,2009-10-27,Fall,151.49
402716099212401,PHELPS,40.4529071,-99.3592878,2307.74,2009,2009-10-15,Fall,74.07
402716099212401,PHELPS,40.4529071,-99.3592878,2307.74,2010,2010-04-23,Spring,69.98
402756099320601,PHELPS,40.46654722222223,-99.53547222222224,2446.36,2010,2010-04-19,Spring,166.73
402756099320601,PHELPS,40.46654722222223,-99.53547222222224,2446.36,2009,2009-10-27,Fall,168.87
402813099382100,PHELPS,40.46941944444445,-99.63914166666667,2473.68,2010,2010-04-19,Spring,156.01
402813099382100,PHELPS,40.46941944444445,-99.63914166666667,2473.68,2009,2009-10-28,Fall,158.35
402853099104601,PHELPS,40.4815796,-99.179559,2221.31,2010,2010-04-22,Spring,16.04
402853099135101,PHELPS,40.48150472222223,-99.23095833333332,2247.07,2010,2010-04-21,Spring,28.57
402853099135101,PHELPS,40.48150472222223,-99.23095833333332,2247.07,2009,2009-10-16,Fall,28.83
402853099135102,PHELPS,40.48150472222223,-99.23095833333332,2247.07,2010,2010-04-21,Spring,27.78
402853099135102,PHELPS,40.48150472222223,-99.23095833333332,2247.07,2009,2009-10-16,Fall,28.72
402853099152001,PHELPS,40.4816481,-99.2557469,2251.06,2009,2009-10-14,Fall,25.38
402853099152001,PHELPS,40.4816481,-99.2557469,2251.06,2010,2010-04-22,Spring,24.05
402854099213801,PHELPS,40.48158305555556,-99.36045888888889,2315.4,2010,2010-04-21,Spring,53.05
402854099213801,PHELPS,40.48158305555556,-99.36045888888889,2315.4,2009,2009-10-16,Fall,56.49
402854099213802,PHELPS,40.48158305555556,-99.36045888888889,2315.4,2010,2010-04-21,Spring,53.24
402854099213802,PHELPS,40.48158305555556,-99.36045888888889,2315.4,2009,2009-10-16,Fall,56.59
402905099115301,PHELPS,40.4848551,-99.1983097,2241.11,2010,2010-04-22,Spring,30.68
402906099342201,PHELPS,40.485083333333336,-99.57288888888888,2458.82,2010,2010-04-19,Spring,151.09
402906099342201,PHELPS,40.485083333333336,-99.57288888888888,2458.82,2009,2009-10-27,Fall,153.1
402919099104601,PHELPS,40.4886216022222,-99.1795852,2229.35,2009,2009-10-14,Fall,24.56
402919099104601,PHELPS,40.4886216022222,-99.1795852,2229.35,2010,2010-04-22,Spring,23.7
402924099235501,PHELPS,40.4901949,-99.398706,2336.37,2009,2009-10-15,Fall,52.47
402924099235501,PHELPS,40.4901949,-99.398706,2336.37,2010,2010-04-23,Spring,52.53
402952099114401,PHELPS,40.4961238363889,-99.1985012,2246.17,2010,2010-04-22,Spring,34.77
402952099161701,PHELPS,40.49624602,-99.2746825,2255.28,2009,2009-10-14,Fall,19.29
402952099161701,PHELPS,40.49624602,-99.2746825,2255.28,2010,2010-04-22,Spring,19.15
403014099213701,PHELPS,40.50113773,-99.35723759,2325.73,2009,2009-10-15,Fall,26.05
403014099213701,PHELPS,40.50113773,-99.35723759,2325.73,2010,2010-04-23,Spring,34.73
403037099135301,PHELPS,40.5105526386111,-99.2316379,2239.33,2009,2009-10-14,Fall,18.72
403037099135301,PHELPS,40.5105526386111,-99.2316379,2239.33,2010,2010-04-22,Spring,17.0
403037099313401,PHELPS,40.5104684,-99.5262137,2408.97,2009,2009-10-16,Fall,79.85
403037099313401,PHELPS,40.5104684,-99.5262137,2408.97,2010,2010-04-26,Spring,77.64
403104099130201,PHELPS,40.5179145,-99.2173248,2242.62,2009,2009-10-15,Fall,27.13
403104099130201,PHELPS,40.5179145,-99.2173248,2242.62,2010,2010-04-22,Spring,25.86
403123099261501,PHELPS,40.52446389,-99.436875,2361.96,2009,2009-10-16,Fall,40.48
403123099261501,PHELPS,40.52446389,-99.436875,2361.96,2010,2010-04-26,Spring,41.17
403125099295701,PHELPS,40.5247252,-99.4992246,2402.13,2009,2009-10-16,Fall,69.0
403125099295701,PHELPS,40.5247252,-99.4992246,2402.13,2010,2010-04-26,Spring,66.36
403137099330201,PHELPS,40.5263766547222,-99.5496279,2405.25,2009,2009-10-16,Fall,59.56
403137099330201,PHELPS,40.5263766547222,-99.5496279,2405.25,2010,2010-04-26,Spring,55.72
403138099190801,PHELPS,40.5255972,-99.3224515,2277.27,2009,2009-10-15,Fall,24.0
403138099190801,PHELPS,40.5255972,-99.3224515,2277.27,2010,2010-04-23,Spring,21.53
403138099235801,PHELPS,40.5255500233333,-99.399115,2328.14,2009,2009-10-15,Fall,30.11
403138099235801,PHELPS,40.5255500233333,-99.399115,2328.14,2010,2010-04-23,Spring,25.88
403217099312001,PHELPS,40.5392815,-99.5207383,2451.89,2009,2009-10-16,Fall,100.51
403217099312001,PHELPS,40.5392815,-99.5207383,2451.89,2010,2010-04-26,Spring,99.99
403224099261801,PHELPS,40.54167314,-99.43849253,2347.7,2009,2009-10-16,Fall,19.32
403309099250701,PHELPS,40.5543784,-99.4199673,2322.67,2009,2009-10-15,Fall,10.73
403309099250701,PHELPS,40.5543784,-99.4199673,2322.67,2010,2010-04-23,Spring,8.58
403309099270601,PHELPS,40.55026689,-99.45178833,2342.87,2009,2009-10-15,Fall,14.35
403309099270601,PHELPS,40.55026689,-99.45178833,2342.87,2010,2010-04-23,Spring,12.27
403309099281401,PHELPS,40.5521635,-99.4737128,2354.64,2009,2009-10-16,Fall,14.14
403309099281401,PHELPS,40.5521635,-99.4737128,2354.64,2010,2010-04-26,Spring,13.85
403315099351501,PHELPS,40.554270555555554,-99.58744083333332,2447.59,2010,2010-04-16,Spring,70.39
403315099351501,PHELPS,40.554270555555554,-99.58744083333332,2447.59,2009,2009-10-28,Fall,71.12
403315099351502,PHELPS,40.554270555555554,-99.58744083333332,2447.59,2010,2010-04-16,Spring,72.34
403315099351502,PHELPS,40.554270555555554,-99.58744083333332,2447.59,2009,2009-10-28,Fall,73.19
403322099201601,PHELPS,40.5547811,-99.3416484,2267.67,2009,2009-10-15,Fall,5.49
403322099210701,PHELPS,40.55622914,-99.3528114,2284.27,2009,2009-10-15,Fall,22.78
403322099210701,PHELPS,40.55622914,-99.3528114,2284.27,2010,2010-04-23,Spring,18.88
403322099304801,PHELPS,40.5542755075,-99.5122815,2411.43,2009,2009-10-16,Fall,58.26
403322099304801,PHELPS,40.5542755075,-99.5122815,2411.43,2010,2010-04-26,Spring,56.82
403322099371801,PHELPS,40.5557047,-99.6247601,2465.78,2009,2009-10-16,Fall,78.0
403322099371801,PHELPS,40.5557047,-99.6247601,2465.78,2010,2010-04-26,Spring,77.56
403335099150901,PHELPS,40.55977478,-99.25286046,2241.29,2009,2009-10-15,Fall,31.12
403335099150901,PHELPS,40.55977478,-99.25286046,2241.29,2010,2010-04-23,Spring,29.8
403348099114401,PHELPS,40.5613598133333,-99.1983188,2236.17,2010,2010-04-22,Spring,36.63
403350099282701,PHELPS,40.56375277777777,-99.47419805555556,2351.95,2010,2010-04-16,Spring,12.57
403350099282701,PHELPS,40.56375277777777,-99.47419805555556,2351.95,2009,2009-10-16,Fall,14.41
403350099282702,PHELPS,40.56375277777777,-99.47419805555556,2351.95,2010,2010-04-16,Spring,12.79
403350099282702,PHELPS,40.56375277777777,-99.47419805555556,2351.95,2009,2009-10-16,Fall,14.68
403408099130501,PHELPS,40.56878722222223,-99.21816944444444,2216.56,2010,2010-04-21,Spring,12.49
403408099130501,PHELPS,40.56878722222223,-99.21816944444444,2216.56,2009,2009-10-16,Fall,13.71
403408099130502,PHELPS,40.56878722222223,-99.21816944444444,2216.56,2010,2010-04-21,Spring,12.35
403408099130502,PHELPS,40.56878722222223,-99.21816944444444,2216.56,2009,2009-10-16,Fall,13.55
403431099362101,PHELPS,40.5754557,-99.6058865,2477.16,2009,2009-10-16,Fall,88.27
403431099362101,PHELPS,40.5754557,-99.6058865,2477.16,2010,2010-04-26,Spring,88.03
403453099141801,PHELPS,40.58307501,-99.2365144,2255.34,2009,2009-10-15,Fall,49.3
403453099141801,PHELPS,40.58307501,-99.2365144,2255.34,2010,2010-04-23,Spring,48.85
403453099190801,PHELPS,40.5807096794444,-99.3229107,2282.14,2009,2009-10-15,Fall,39.47
403453099190801,PHELPS,40.5807096794444,-99.3229107,2282.14,2010,2010-04-23,Spring,36.65
403454099304801,PHELPS,40.57931189,-99.51412709,2390.5,2009,2009-10-16,Fall,36.27
403454099304801,PHELPS,40.57931189,-99.51412709,2390.5,2010,2010-04-26,Spring,33.88
403507099234101,PHELPS,40.5836771413889,-99.3985091,2295.65,2009,2009-10-15,Fall,11.77
403507099234101,PHELPS,40.5836771413889,-99.3985091,2295.65,2010,2010-04-23,Spring,9.54
403507099254101,PHELPS,40.58520714,-99.42844836,2318.5,2009,2009-10-15,Fall,23.56
403507099254101,PHELPS,40.58520714,-99.42844836,2318.5,2010,2010-04-23,Spring,20.95
403520099201601,PHELPS,40.5886101475,-99.3416473,2265.95,2009,2009-10-15,Fall,15.85
403520099201601,PHELPS,40.5886101475,-99.3416473,2265.95,2010,2010-04-23,Spring,12.7
403540099260001,PHELPS,40.5946306,-99.4353739,2323.77,2009,2009-10-15,Fall,24.2
403540099260001,PHELPS,40.5946306,-99.4353739,2323.77,2010,2010-04-23,Spring,22.11
403625099315401,PHELPS,40.60535831,-99.53303177,2384.53,2009,2009-10-16,Fall,35.73
403625099315401,PHELPS,40.60535831,-99.53303177,2384.53,2010,2010-04-26,Spring,33.87
403625099361001,PHELPS,40.60535831,-99.60306609,2454.12,2009,2009-10-16,Fall,89.55
403625099361001,PHELPS,40.60535831,-99.60306609,2454.12,2010,2010-04-26,Spring,87.03
403638099154301,PHELPS,40.60901195,-99.26298962,2222.0,2009,2009-10-15,Fall,13.87
403638099154301,PHELPS,40.60901195,-99.26298962,2222.0,2010,2010-04-23,Spring,12.24
403644099350001,PHELPS,40.61418514,-99.57972132,2418.26,2009,2009-10-16,Fall,71.0
403645099242701,PHELPS,40.61264497222222,-99.40752011111113,2297.96,2010,2010-04-14,Spring,17.99
403645099242701,PHELPS,40.61264497222222,-99.40752011111113,2297.96,2009,2009-10-16,Fall,19.92
403645099242702,PHELPS,40.61264497222222,-99.40752011111113,2297.96,2010,2010-04-14,Spring,18.57
403645099242702,PHELPS,40.61264497222222,-99.40752011111113,2297.96,2009,2009-10-16,Fall,20.64
403646099293301,PHELPS,40.6127772,-99.4935704,2354.25,2009,2009-10-15,Fall,18.24
403646099293301,PHELPS,40.6127772,-99.4935704,2354.25,2010,2010-04-23,Spring,15.9
403651099281401,PHELPS,40.613021,-99.4747929,2345.39,2009,2009-10-15,Fall,40.3
403651099281401,PHELPS,40.613021,-99.4747929,2345.39,2010,2010-04-23,Spring,37.32
403710099104601,PHELPS,40.6195145,-99.17947241666668,2193.97,2010,2010-04-14,Spring,12.52
403710099104601,PHELPS,40.6195145,-99.17947241666668,2193.97,2009,2009-10-16,Fall,14.12
403710099104602,PHELPS,40.6195145,-99.17947241666668,2193.97,2010,2010-04-14,Spring,12.82
403710099104602,PHELPS,40.6195145,-99.17947241666668,2193.97,2009,2009-10-16,Fall,14.49
403730099373501,PHELPS,40.6268217,-99.6246292,2471.08,2009,2009-10-16,Fall,90.58
403730099373501,PHELPS,40.6268217,-99.6246292,2471.08,2010,2010-04-26,Spring,89.89
403738099181101,PHELPS,40.62740444444445,-99.30320513888888,2241.2,2010,2010-04-14,Spring,14.25
403738099181101,PHELPS,40.62740444444445,-99.30320513888888,2241.2,2009,2009-10-16,Fall,15.35
403738099181102,PHELPS,40.62740444444445,-99.30320513888888,2241.2,2010,2010-04-14,Spring,14.18
403738099181102,PHELPS,40.62740444444445,-99.30320513888888,2241.2,2009,2009-10-16,Fall,15.33
403739099293601,PHELPS,40.62758555555556,-99.49344,2356.31,2010,2010-04-16,Spring,31.79
403739099293601,PHELPS,40.62758555555556,-99.49344,2356.31,2009,2009-11-03,Fall,29.21
403822099324501,PHELPS,40.6415361,-99.5482644,2377.53,2009,2009-10-15,Fall,39.17
403822099324501,PHELPS,40.6415361,-99.5482644,2377.53,2010,2010-04-23,Spring,37.84
403831099173501,PHELPS,40.642178,-99.29327591666666,2229.47,2010,2010-04-14,Spring,8.8
403831099173501,PHELPS,40.642178,-99.29327591666666,2229.47,2009,2009-10-16,Fall,9.65
403831099173502,PHELPS,40.642178,-99.29327591666666,2229.47,2010,2010-04-14,Spring,9.21
403831099173502,PHELPS,40.642178,-99.29327591666666,2229.47,2009,2009-10-16,Fall,10.06
403832099293501,PHELPS,40.64230694444444,-99.49321833333332,2322.16,2010,2010-04-16,Spring,20.07
403832099293501,PHELPS,40.64230694444444,-99.49321833333332,2322.16,2009,2009-11-03,Fall,20.68
403902099313701,PHELPS,40.6483999,-99.5291531,2345.9,2009,2009-10-15,Fall,33.75
403902099313701,PHELPS,40.6483999,-99.5291531,2345.9,2010,2010-04-23,Spring,33.5
403903099214301,PHELPS,40.650864722222224,-99.3618686111111,2248.47,2010,2010-04-14,Spring,6.39
403903099214301,PHELPS,40.650864722222224,-99.3618686111111,2248.47,2009,2009-10-16,Fall,7.84
403903099214302,PHELPS,40.650864722222224,-99.3618686111111,2248.47,2010,2010-04-14,Spring,6.45
403903099214302,PHELPS,40.650864722222224,-99.3618686111111,2248.47,2009,2009-10-16,Fall,7.88
403915099190801,PHELPS,40.6573434,-99.3214291,2234.03,2009,2009-10-15,Fall,9.0
403915099190801,PHELPS,40.6573434,-99.3214291,2234.03,2010,2010-04-23,Spring,7.71
403927099293501,PHELPS,40.65755805555556,-99.49321666666668,2297.65,2010,2010-04-16,Spring,7.62
403927099293501,PHELPS,40.65755805555556,-99.49321666666668,2297.65,2009,2009-11-03,Fall,7.87
403928099333601,PHELPS,40.6571948,-99.5612991,2355.41,2009,2009-10-15,Fall,38.0
403928099333601,PHELPS,40.6571948,-99.5612991,2355.41,2010,2010-04-23,Spring,37.59
403928099371801,PHELPS,40.655954,-99.6202609,2432.98,2009,2009-10-15,Fall,82.97
403928099371801,PHELPS,40.655954,-99.6202609,2432.98,2010,2010-04-23,Spring,81.55
403941099331901,PHELPS,40.66044972,-99.55637462,2347.21,2009,2009-10-15,Fall,3.71
403941099331901,PHELPS,40.66044972,-99.55637462,2347.21,2010,2010-04-23,Spring,2.92
403941099342701,PHELPS,40.6636923,-99.5766538,2326.71,2009,2009-10-15,Fall,6.73
403941099342701,PHELPS,40.6636923,-99.5766538,2326.71,2010,2010-04-23,Spring,5.51
403946099383201,PHELPS,40.66301611111111,-99.64228555555556,2446.94,2010,2010-04-16,Spring,94.84
403946099383201,PHELPS,40.66301611111111,-99.64228555555556,2446.94,2009,2009-11-03,Fall,95.06
403949099293501,PHELPS,40.66383277777778,-99.49320805555556,2291.23,2010,2010-04-16,Spring,4.14
403949099293501,PHELPS,40.66383277777778,-99.49320805555556,2291.23,2009,2009-11-03,Fall,3.68
403959099282801,PHELPS,40.66638638888889,-99.47439194444443,2282.17,2010,2010-04-16,Spring,3.02
403959099282801,PHELPS,40.66638638888889,-99.47439194444443,2282.17,2009,2009-10-16,Fall,3.91
403959099282802,PHELPS,40.66638638888889,-99.47439194444443,2282.17,2010,2010-04-16,Spring,3.06
403959099282802,PHELPS,40.66638638888889,-99.47439194444443,2282.17,2009,2009-10-16,Fall,3.89
404006099282401,PHELPS,40.66854833333333,-99.4734825,2280.04,2010,2010-04-16,Spring,1.82
404006099282401,PHELPS,40.66854833333333,-99.4734825,2280.04,2009,2009-11-03,Fall,1.64
404007099294001,PHELPS,40.6709022,-99.4936146,2290.54,2009,2009-10-15,Fall,7.33
404007099294001,PHELPS,40.6709022,-99.4936146,2290.54,2010,2010-04-23,Spring,6.15
404007099351901,PHELPS,40.6709256,-99.5865622,2322.26,2009,2009-10-15,Fall,7.1
404007099351901,PHELPS,40.6709256,-99.5865622,2322.26,2010,2010-04-23,Spring,5.98
404020099355301,PHELPS,40.6710839,-99.5961084,2326.91,2009,2009-10-15,Fall,4.84
404020099355301,PHELPS,40.6710839,-99.5961084,2326.91,2010,2010-04-23,Spring,4.0
404033099373001,PHELPS,40.67593911111111,-99.62515633333332,2339.74,2010,2010-04-16,Spring,8.29
404033099373001,PHELPS,40.67593911111111,-99.62515633333332,2339.74,2009,2009-11-03,Fall,8.19
404040099383501,PHELPS,40.67796833333333,-99.64313333333334,2346.64,2010,2010-04-16,Spring,10.16
404040099383501,PHELPS,40.67796833333333,-99.64313333333334,2346.64,2009,2009-11-03,Fall,9.68
404059099383501,PHELPS,40.68328583333333,-99.64316027777778,2343.11,2010,2010-04-16,Spring,12.72
404059099383501,PHELPS,40.68328583333333,-99.64316027777778,2343.11,2009,2009-11-03,Fall,11.32
404102099373001,PHELPS,40.68405933333333,-99.62523716666666,2334.85,2010,2010-04-16,Spring,8.85
404102099373001,PHELPS,40.68405933333333,-99.62523716666666,2334.85,2009,2009-11-03,Fall,7.63
404102099373002,PHELPS,40.68405933333333,-99.62523716666666,2334.85,2010,2010-04-16,Spring,7.27
404102099373002,PHELPS,40.68405933333333,-99.62523716666666,2334.85,2009,2009-11-03,Fall,6.64
08N 20W 06 AAA,PHELPS,40.68138,-99.62646,2336.24,2010,2010-05-05,Spring,3.28
403124099152601,PHELPS,40.52215595,-99.25856338,2258.2,2009,2009-10-15,Fall,42.87
402945099151900,PHELPS,40.49312395,-99.25285328,2243.78,2009,2009-10-14,Fall,20.28
402821099282901,PHELPS,40.47215973,-99.47068872,2363.91,2009,2009-10-16,Fall,97.79
403328099181202,PHELPS,40.5577906,-99.3033482,2272.01,2009,2009-10-15,Fall,31.15
403433099250001,PHELPS,40.576331,-99.4179046,2315.55,2009,2009-10-15,Fall,17.53
403322099272302,PHELPS,40.5545803,-99.4609332,2349.56,2009,2009-10-16,Fall,16.21
403322099264901,PHELPS,40.5543545569444,-99.4489925,2342.74,2009,2009-10-15,Fall,13.2
403322099254101,PHELPS,40.5542755,-99.4303042,2335.12,2009,2009-10-15,Fall,15.54
403163099379201,PHELPS,40.52718414,-99.63201494,2519.15,2009,2009-10-16,Fall,153.93
403954099255801,PHELPS,40.667854,-99.4364595,2268.93,2009,2009-10-15,Fall,1.19
403739099281601,PHELPS,40.627653,-99.4742905,2324.54,2009,2009-10-15,Fall,22.63
403124099152601,PHELPS,40.52215595,-99.25856338,2258.2,2010,2010-04-22,Spring,42.74
402945099151900,PHELPS,40.49312395,-99.25285328,2243.78,2010,2010-04-22,Spring,19.05
402851099130101,PHELPS,40.4809986,-99.2168379,2244.15,2010,2010-04-22,Spring,28.21
402821099282901,PHELPS,40.47215973,-99.47068872,2363.91,2010,2010-04-26,Spring,94.24
403328099181202,PHELPS,40.5577906,-99.3033482,2272.01,2010,2010-04-23,Spring,28.67
403433099250001,PHELPS,40.576331,-99.4179046,2315.55,2010,2010-04-23,Spring,13.8
403322099272302,PHELPS,40.5545803,-99.4609332,2349.56,2010,2010-04-26,Spring,13.78
403322099264901,PHELPS,40.5543545569444,-99.4489925,2342.74,2010,2010-04-23,Spring,12.78
403322099254101,PHELPS,40.5542755,-99.4303042,2335.12,2010,2010-04-23,Spring,14.18
403558099371801,PHELPS,40.5994522,-99.622055,2483.53,2010,2010-04-26,Spring,70.77
403954099255801,PHELPS,40.667854,-99.4364595,2268.93,2010,2010-04-23,Spring,1.05
403739099281601,PHELPS,40.627653,-99.4742905,2324.54,2010,2010-04-23,Spring,19.7
402340099353701,PHELPS,40.39445302,-99.59399869,2264.29,2010,2010-05-03,Spring,24.61
402524099201601,PHELPS,40.42334431,-99.33815365,2312.07,2010,2010-05-03,Spring,114.02
403132099381001,PHELPS,40.52556319,-99.63650076,2517.21,2009,2009-07-01,,158.73
403132099381001,PHELPS,40.52556319,-99.63650076,2517.21,2009,2009-08-05,,163.75
403132099381001,PHELPS,40.52556319,-99.63650076,2517.21,2009,2009-09-01,,163.62
403132099381001,PHELPS,40.52556319,-99.63650076,2517.21,2009,2009-11-03,Fall,157.17
403132099381001,PHELPS,40.52556319,-99.63650076,2517.21,2010,2010-04-09,Spring,155.4
403132099381001,PHELPS,40.52556319,-99.63650076,2517.21,2010,2010-05-03,,155.51
403132099381001,PHELPS,40.52556319,-99.63650076,2517.21,2010,2010-06-01,,154.92
403954099255801,PHELPS,40.667854,-99.4364595,2268.93,2012,2012-04-18,Spring,1.12
403941099331901,PHELPS,40.66044972,-99.55637462,2347.21,2012,2012-04-18,Spring,1.61
403322099201601,PHELPS,40.5547811,-99.3416484,2267.67,2012,2012-04-18,Spring,2.69
404020099355301,PHELPS,40.6710839,-99.5961084,2326.91,2012,2012-04-18,Spring,3.47
403941099342701,PHELPS,40.6636923,-99.5766538,2326.71,2012,2012-04-18,Spring,3.69
404007099351901,PHELPS,40.6709256,-99.5865622,2322.26,2012,2012-04-18,Spring,5.82
404007099294001,PHELPS,40.6709022,-99.4936146,2290.54,2012,2012-04-18,Spring,6.3
404006099282401,PHELPS,40.66854833333333,-99.4734825,2280.04,2012,2012-05-14,Spring,2.41
403959099282802,PHELPS,40.66638638888889,-99.47439194444443,2282.17,2012,2012-05-14,Spring,3.65
403959099282801,PHELPS,40.66638638888889,-99.47439194444443,2282.17,2012,2012-05-14,Spring,3.7
403949099293501,PHELPS,40.66383277777778,-99.49320805555556,2291.23,2012,2012-05-14,Spring,4.41
403903099214301,PHELPS,40.650864722222224,-99.3618686111111,2248.47,2012,2012-05-14,Spring,5.46
403903099214302,PHELPS,40.650864722222224,-99.3618686111111,2248.47,2012,2012-05-14,Spring,5.88
404033099373001,PHELPS,40.67593911111111,-99.62515633333332,2339.74,2012,2012-05-14,Spring,7.2
404102099373002,PHELPS,40.68405933333333,-99.62523716666666,2334.85,2012,2012-05-14,Spring,7.56
403927099293501,PHELPS,40.65755805555556,-99.49321666666668,2297.65,2012,2012-05-14,Spring,7.7
403831099173501,PHELPS,40.642178,-99.29327591666666,2229.47,2012,2012-05-14,Spring,8.36
403831099173502,PHELPS,40.642178,-99.29327591666666,2229.47,2012,2012-05-14,Spring,8.46
404040099383501,PHELPS,40.67796833333333,-99.64313333333334,2346.64,2012,2012-05-14,Spring,9.06
404102099373001,PHELPS,40.68405933333333,-99.62523716666666,2334.85,2012,2012-05-14,Spring,9.73
403350099282701,PHELPS,40.56375277777777,-99.47419805555556,2351.95,2012,2012-05-15,Spring,10.89
403350099282702,PHELPS,40.56375277777777,-99.47419805555556,2351.95,2012,2012-05-15,Spring,11.35
403408099130501,PHELPS,40.56878722222223,-99.21816944444444,2216.56,2012,2012-05-15,Spring,12.03
403408099130502,PHELPS,40.56878722222223,-99.21816944444444,2216.56,2012,2012-05-15,Spring,12.31
403738099181101,PHELPS,40.62740444444445,-99.30320513888888,2241.2,2012,2012-05-14,Spring,12.47
403738099181102,PHELPS,40.62740444444445,-99.30320513888888,2241.2,2012,2012-05-14,Spring,12.51
403710099104601,PHELPS,40.6195145,-99.17947241666668,2193.97,2012,2012-05-14,Spring,12.51
403710099104602,PHELPS,40.6195145,-99.17947241666668,2193.97,2012,2012-05-14,Spring,12.94
404059099383501,PHELPS,40.68328583333333,-99.64316027777778,2343.11,2012,2012-05-14,Spring,14.45
403645099242702,PHELPS,40.61264497222222,-99.40752011111113,2297.96,2012,2012-05-14,Spring,16.92
403645099242701,PHELPS,40.61264497222222,-99.40752011111113,2297.96,2012,2012-05-14,Spring,17.41
403832099293501,PHELPS,40.64230694444444,-99.49321833333332,2322.16,2012,2012-05-14,Spring,19.17
402853099135102,PHELPS,40.48150472222223,-99.23095833333332,2247.07,2012,2012-05-14,Spring,26.16
402853099135101,PHELPS,40.48150472222223,-99.23095833333332,2247.07,2012,2012-05-14,Spring,26.43
403739099293601,PHELPS,40.62758555555556,-99.49344,2356.31,2012,2012-05-14,Spring,31.66
402854099213801,PHELPS,40.48158305555556,-99.36045888888889,2315.4,2012,2012-05-14,Spring,50.31
402854099213802,PHELPS,40.48158305555556,-99.36045888888889,2315.4,2012,2012-05-14,Spring,50.61
402421099112000,PHELPS,40.40549166666666,-99.18921666666668,2216.62,2012,2012-04-23,Spring,53.4
403315099351501,PHELPS,40.554270555555554,-99.58744083333332,2447.59,2012,2012-05-15,Spring,66.68
403315099351502,PHELPS,40.554270555555554,-99.58744083333332,2447.59,2012,2012-05-15,Spring,69.02
402513099164801,PHELPS,40.42006111111111,-99.27985277777778,2278.97,2012,2012-04-23,Spring,70.93
402423099152001,PHELPS,40.40643361111111,-99.2555336111111,2261.86,2012,2012-05-14,Spring,84.22
402404099383400,PHELPS,40.40166972222222,-99.64190722222224,2363.94,2012,2012-04-24,Spring,85.56
403946099383201,PHELPS,40.66301611111111,-99.64228555555556,2446.94,2012,2012-05-14,Spring,92.27
402532099222601,PHELPS,40.42564361111111,-99.37401277777776,2312.94,2012,2012-05-14,Spring,93.08
403507099234101,PHELPS,40.5836771413889,-99.3985091,2295.65,2012,2012-04-18,Spring,7.05
403309099250701,PHELPS,40.5543784,-99.4199673,2322.67,2012,2012-04-18,Spring,7.26
403322099254101,PHELPS,40.5542755,-99.4303042,2335.12,2012,2012-04-18,Spring,8.46
403520099201601,PHELPS,40.5886101475,-99.3416473,2265.95,2012,2012-04-18,Spring,9.91
403322099272302,PHELPS,40.5545803,-99.4609332,2349.56,2012,2012-04-18,Spring,10.5
403322099264901,PHELPS,40.5543545569444,-99.4489925,2342.74,2012,2012-04-18,Spring,10.64
403638099154301,PHELPS,40.60901195,-99.26298962,2222.0,2012,2012-04-18,Spring,11.97
403433099250001,PHELPS,40.576331,-99.4179046,2315.55,2012,2012-04-18,Spring,12.5
403309099281401,PHELPS,40.5521635,-99.4737128,2354.64,2012,2012-04-18,Spring,13.24
402532099222602,PHELPS,40.42564361111111,-99.37401277777776,2312.94,2012,2012-05-14,Spring,98.5
402342099143300,PHELPS,40.39436388888889,-99.24273333333332,2261.52,2012,2012-04-23,Spring,108.12
402233099341700,PHELPS,40.376269444444446,-99.57279166666666,2335.32,2012,2012-04-24,Spring,110.39
402636099271802,PHELPS,40.44343083333333,-99.45505,2362.54,2012,2012-05-14,Spring,130.53
402636099271801,PHELPS,40.44343083333333,-99.45505,2362.54,2012,2012-05-14,Spring,131.49
402334099293301,PHELPS,40.392735555555554,-99.49248916666669,2343.83,2012,2012-05-14,Spring,135.86
402334099293302,PHELPS,40.392735555555554,-99.49248916666669,2343.83,2012,2012-05-14,Spring,136.42
402649099350601,PHELPS,40.44692,-99.58488888888888,2428.0,2012,2012-05-14,Spring,146.17
402326099185300,PHELPS,40.390366666666665,-99.31649722222222,2306.56,2012,2012-04-23,Spring,146.54
402200099160700,PHELPS,40.3669,-99.267175,2280.22,2012,2012-04-23,Spring,146.96
402649099350602,PHELPS,40.44692,-99.58488888888888,2428.0,2012,2012-05-14,Spring,147.26
402906099342201,PHELPS,40.485083333333336,-99.57288888888888,2458.82,2012,2012-04-24,Spring,147.63
402813099382100,PHELPS,40.46941944444445,-99.63914166666667,2473.68,2012,2012-04-24,Spring,153.75
402756099320601,PHELPS,40.46654722222223,-99.53547222222224,2446.36,2012,2012-04-24,Spring,162.73
402458099344401,PHELPS,40.41608027777777,-99.57890388888887,2426.49,2012,2012-05-14,Spring,169.67
402458099344402,PHELPS,40.41608027777777,-99.57890388888887,2426.49,2012,2012-05-14,Spring,169.8
402609099350800,PHELPS,40.43199166666666,-99.58200277777776,2443.0,2012,2012-04-24,Spring,173.36
402630099305500,PHELPS,40.44133611111111,-99.51204166666666,2426.38,2012,2012-04-24,Spring,174.62
402406099311800,PHELPS,40.40154444444444,-99.52104166666666,2406.07,2012,2012-04-24,Spring,180.26
402159099301600,PHELPS,40.3649,-99.50220555555556,2377.49,2012,2012-04-24,Spring,181.58
402107099262000,PHELPS,40.35080555555556,-99.43768055555556,2363.91,2012,2012-04-24,Spring,199.47
402115099213100,PHELPS,40.35468888888889,-99.35943333333331,2345.58,2012,2012-04-24,Spring,203.17
402435099262900,PHELPS,40.40768055555555,-99.44083333333332,2405.19,2012,2012-04-23,Spring,206.41
402320099231001,PHELPS,40.38914722222222,-99.38615277777778,2384.17,2012,2012-04-23,Spring,214.62
402340099353701,PHELPS,40.39445302,-99.59399869,2264.29,2012,2012-03-28,Spring,24.35
402524099201601,PHELPS,40.42334431,-99.33815365,2312.07,2012,2012-03-28,Spring,110.51
402802099285801,PHELPS,40.46775,-99.48183333,2376.84,2012,2012-03-28,Spring,99.3
403132099381001,PHELPS,40.52556319,-99.63650076,2517.21,2012,2012-03-28,Spring,150.55
403217099235801,PHELPS,40.53806574,-99.39982287,2321.45,2012,2012-03-28,Spring,19.18
403922099223301,PHELPS,40.65834351,-99.38037703,2253.27,2012,2012-03-28,Spring,6.9
404016099370201,PHELPS,40.6711189,-99.61760995,2335.44,2012,2012-03-28,Spring,5.02
402853099104601,PHELPS,40.4815796,-99.179559,2221.31,2012,2012-04-17,Spring,14.88
403037099135301,PHELPS,40.5105526386111,-99.2316379,2239.33,2012,2012-04-17,Spring,16.39
403322099210701,PHELPS,40.55622914,-99.3528114,2284.27,2012,2012-04-18,Spring,16.49
403224099261801,PHELPS,40.54167314,-99.43849253,2347.7,2012,2012-04-18,Spring,16.84
403646099293301,PHELPS,40.6127772,-99.4935704,2354.25,2012,2012-04-18,Spring,17.01
402952099161701,PHELPS,40.49624602,-99.2746825,2255.28,2012,2012-04-17,Spring,17.44
402945099151900,PHELPS,40.49312395,-99.25285328,2243.78,2012,2012-04-17,Spring,18.28
403507099254101,PHELPS,40.58520714,-99.42844836,2318.5,2012,2012-04-18,Spring,18.81
403739099281601,PHELPS,40.627653,-99.4742905,2324.54,2012,2012-04-18,Spring,19.18
403138099190801,PHELPS,40.5255972,-99.3224515,2277.27,2012,2012-04-18,Spring,19.49
403540099260001,PHELPS,40.5946306,-99.4353739,2323.77,2012,2012-04-18,Spring,20.76
403138099235801,PHELPS,40.5255500233333,-99.399115,2328.14,2012,2012-04-18,Spring,21.05
402919099104601,PHELPS,40.4886216022222,-99.1795852,2229.35,2012,2012-04-17,Spring,22.55
402853099152001,PHELPS,40.4816481,-99.2557469,2251.06,2012,2012-04-17,Spring,22.95
403104099130201,PHELPS,40.5179145,-99.2173248,2242.62,2012,2012-04-18,Spring,24.93
403328099181202,PHELPS,40.5577906,-99.3033482,2272.01,2012,2012-04-18,Spring,27.0
402851099130101,PHELPS,40.4809986,-99.2168379,2244.15,2012,2012-04-17,Spring,27.13
403037099111401,PHELPS,40.5103457694444,-99.1873426,2237.5,2012,2012-04-17,Spring,27.52
402905099115301,PHELPS,40.4848551,-99.1983097,2241.11,2012,2012-04-17,Spring,29.54
403454099304801,PHELPS,40.57931189,-99.51412709,2390.5,2012,2012-04-20,Spring,31.06
403902099313701,PHELPS,40.6483999,-99.5291531,2345.9,2012,2012-04-18,Spring,31.42
403014099213701,PHELPS,40.50113773,-99.35723759,2325.73,2012,2012-04-18,Spring,31.6
403625099315401,PHELPS,40.60535831,-99.53303177,2384.53,2012,2012-04-20,Spring,33.1
402952099114401,PHELPS,40.4961238363889,-99.1985012,2246.17,2012,2012-04-17,Spring,33.6
403453099190801,PHELPS,40.5807096794444,-99.3229107,2282.14,2012,2012-04-18,Spring,33.71
403123099261501,PHELPS,40.52446389,-99.436875,2361.96,2012,2012-04-18,Spring,34.96
403928099333601,PHELPS,40.6571948,-99.5612991,2355.41,2012,2012-04-18,Spring,35.42
403651099281401,PHELPS,40.613021,-99.4747929,2345.39,2012,2012-04-18,Spring,35.68
403348099114401,PHELPS,40.5613598133333,-99.1983188,2236.17,2012,2012-04-17,Spring,35.86
403822099324501,PHELPS,40.6415361,-99.5482644,2377.53,2012,2012-04-18,Spring,37.18
08N 20W 06 AAA,PHELPS,40.68138,-99.62646,2336.24,2012,2012-05-01,Spring,4.82
402110099140001,PHELPS,40.351999,-99.2329232,2283.76,2012,2012-10-15,Fall,169.44
402124099201601,PHELPS,40.3563466,-99.3403749,2318.47,2012,2012-10-15,Fall,184.59
403104099130201,PHELPS,40.5179145,-99.2173248,2242.62,2012,2012-10-16,Fall,31.63
402952099161701,PHELPS,40.49624602,-99.2746825,2255.28,2012,2012-10-15,Fall,22.53
403037099135301,PHELPS,40.5105526386111,-99.2316379,2239.33,2012,2012-10-15,Fall,24.0
403037099111401,PHELPS,40.5103457694444,-99.1873426,2237.5,2012,2012-10-15,Fall,32.0
402952099114401,PHELPS,40.4961238363889,-99.1985012,2246.17,2012,2012-10-15,Fall,39.62
402905099115301,PHELPS,40.4848551,-99.1983097,2241.11,2012,2012-10-15,Fall,36.0
402919099104601,PHELPS,40.4886216022222,-99.1795852,2229.35,2012,2012-10-15,Fall,29.0
402853099104601,PHELPS,40.4815796,-99.179559,2221.31,2012,2012-10-15,Fall,21.67
402945099151900,PHELPS,40.49312395,-99.25285328,2243.78,2012,2012-10-15,Fall,24.41
402853099152001,PHELPS,40.4816481,-99.2557469,2251.06,2012,2012-10-15,Fall,30.32
402851099130101,PHELPS,40.4809986,-99.2168379,2244.15,2012,2012-10-15,Fall,32.63
403014099213701,PHELPS,40.50113773,-99.35723759,2325.73,2012,2012-10-16,Fall,29.0
402924099235501,PHELPS,40.4901949,-99.398706,2336.37,2012,2012-10-16,Fall,55.52
402716099212401,PHELPS,40.4529071,-99.3592878,2307.74,2012,2012-10-16,Fall,73.69
403123099261501,PHELPS,40.52446389,-99.436875,2361.96,2012,2012-10-17,Fall,39.1
403125099295701,PHELPS,40.5247252,-99.4992246,2402.13,2012,2012-10-17,Fall,65.24
402821099282901,PHELPS,40.47215973,-99.47068872,2363.91,2012,2012-10-17,Fall,94.39
403638099154301,PHELPS,40.60901195,-99.26298962,2222.0,2012,2012-10-16,Fall,16.38
403453099141801,PHELPS,40.58307501,-99.2365144,2255.34,2012,2012-10-16,Fall,50.14
403328099181202,PHELPS,40.5577906,-99.3033482,2272.01,2012,2012-10-16,Fall,31.53
403348099114401,PHELPS,40.5613598133333,-99.1983188,2236.17,2012,2012-10-15,Fall,41.31
403507099234101,PHELPS,40.5836771413889,-99.3985091,2295.65,2012,2012-10-16,Fall,14.57
403520099201601,PHELPS,40.5886101475,-99.3416473,2265.95,2012,2012-10-16,Fall,17.8
403453099190801,PHELPS,40.5807096794444,-99.3229107,2282.14,2012,2012-10-16,Fall,41.21
403322099210701,PHELPS,40.55622914,-99.3528114,2284.27,2012,2012-10-16,Fall,23.78
403322099201601,PHELPS,40.5547811,-99.3416484,2267.67,2012,2012-10-16,Fall,7.05
403138099235801,PHELPS,40.5255500233333,-99.399115,2328.14,2012,2012-10-16,Fall,31.44
403138099190801,PHELPS,40.5255972,-99.3224515,2277.27,2012,2012-10-16,Fall,25.0
403540099260001,PHELPS,40.5946306,-99.4353739,2323.77,2012,2012-10-16,Fall,25.44
403507099254101,PHELPS,40.58520714,-99.42844836,2318.5,2012,2012-10-16,Fall,23.82
403433099250001,PHELPS,40.576331,-99.4179046,2315.55,2012,2012-10-16,Fall,18.52
403454099304801,PHELPS,40.57931189,-99.51412709,2390.5,2012,2012-10-17,Fall,37.41
403322099304801,PHELPS,40.5542755075,-99.5122815,2411.43,2012,2012-10-17,Fall,57.8
403322099272302,PHELPS,40.5545803,-99.4609332,2349.56,2012,2012-10-17,Fall,20.01
403322099264901,PHELPS,40.5543545569444,-99.4489925,2342.74,2012,2012-10-16,Fall,13.9
403309099250701,PHELPS,40.5543784,-99.4199673,2322.67,2012,2012-10-16,Fall,13.92
403224099261801,PHELPS,40.54167314,-99.43849253,2347.7,2012,2012-10-17,Fall,24.18
403309099281401,PHELPS,40.5521635,-99.4737128,2354.64,2012,2012-10-17,Fall,16.11
403217099312001,PHELPS,40.5392815,-99.5207383,2451.89,2012,2012-10-17,Fall,100.76
403625099315401,PHELPS,40.60535831,-99.53303177,2384.53,2012,2012-10-17,Fall,45.66
403625099361001,PHELPS,40.60535831,-99.60306609,2454.12,2012,2012-10-17,Fall,85.06
403558099371801,PHELPS,40.5994522,-99.622055,2483.53,2012,2012-10-17,Fall,72.6
403431099362101,PHELPS,40.5754557,-99.6058865,2477.16,2012,2012-10-17,Fall,86.58
403322099371801,PHELPS,40.5557047,-99.6247601,2465.78,2012,2012-10-17,Fall,75.26
403137099330201,PHELPS,40.5263766547222,-99.5496279,2405.25,2012,2012-10-17,Fall,59.26
403915099190801,PHELPS,40.6573434,-99.3214291,2234.03,2012,2012-10-16,Fall,10.5
404007099294001,PHELPS,40.6709022,-99.4936146,2290.54,2012,2012-10-16,Fall,10.61
403902099313701,PHELPS,40.6483999,-99.5291531,2345.9,2012,2012-10-16,Fall,34.77
403739099281601,PHELPS,40.627653,-99.4742905,2324.54,2012,2012-10-16,Fall,24.67
403646099293301,PHELPS,40.6127772,-99.4935704,2354.25,2012,2012-10-16,Fall,18.67
403651099281401,PHELPS,40.613021,-99.4747929,2345.39,2012,2012-10-16,Fall,43.65
404020099355301,PHELPS,40.6710839,-99.5961084,2326.91,2012,2012-10-16,Fall,9.83
403928099333601,PHELPS,40.6571948,-99.5612991,2355.41,2012,2012-10-16,Fall,38.83
403941099331901,PHELPS,40.66044972,-99.55637462,2347.21,2012,2012-10-16,Fall,9.1
403941099342701,PHELPS,40.6636923,-99.5766538,2326.71,2012,2012-10-16,Fall,12.53
404007099351901,PHELPS,40.6709256,-99.5865622,2322.26,2012,2012-10-16,Fall,10.78
403928099371801,PHELPS,40.655954,-99.6202609,2432.98,2012,2012-10-16,Fall,84.44
403822099324501,PHELPS,40.6415361,-99.5482644,2377.53,2012,2012-10-16,Fall,43.58
403730099373501,PHELPS,40.6268217,-99.6246292,2471.08,2012,2012-10-17,Fall,92.59
403453099141801,PHELPS,40.58307501,-99.2365144,2255.34,2012,2012-04-18,Spring,47.78
402924099235501,PHELPS,40.4901949,-99.398706,2336.37,2012,2012-04-18,Spring,48.31
403137099330201,PHELPS,40.5263766547222,-99.5496279,2405.25,2012,2012-04-18,Spring,50.9
403322099304801,PHELPS,40.5542755075,-99.5122815,2411.43,2012,2012-04-18,Spring,52.42
403125099295701,PHELPS,40.5247252,-99.4992246,2402.13,2012,2012-04-18,Spring,60.65
402716099212401,PHELPS,40.4529071,-99.3592878,2307.74,2012,2012-04-18,Spring,66.89
403558099371801,PHELPS,40.5994522,-99.622055,2483.53,2012,2012-04-18,Spring,71.13
403037099313401,PHELPS,40.5104684,-99.5262137,2408.97,2012,2012-04-18,Spring,72.55
403322099371801,PHELPS,40.5557047,-99.6247601,2465.78,2012,2012-04-20,Spring,74.44
403928099371801,PHELPS,40.655954,-99.6202609,2432.98,2012,2012-04-18,Spring,80.25
403431099362101,PHELPS,40.5754557,-99.6058865,2477.16,2012,2012-04-20,Spring,85.0
403730099373501,PHELPS,40.6268217,-99.6246292,2471.08,2012,2012-04-18,Spring,88.0
403625099361001,PHELPS,40.60535831,-99.60306609,2454.12,2012,2012-04-18,Spring,88.02
402821099282901,PHELPS,40.47215973,-99.47068872,2363.91,2012,2012-04-18,Spring,88.91
403217099312001,PHELPS,40.5392815,-99.5207383,2451.89,2012,2012-04-18,Spring,95.01
402110099140001,PHELPS,40.351999,-99.2329232,2283.76,2012,2012-04-17,Spring,166.78
402124099201601,PHELPS,40.3563466,-99.3403749,2318.47,2012,2012-04-17,Spring,181.49
402110099140001,PHELPS,40.351999,-99.2329232,2283.76,2013,2013-04-09,Spring,167.74
402124099201601,PHELPS,40.3563466,-99.3403749,2318.47,2013,2013-04-09,Spring,182.54
402716099212401,PHELPS,40.4529071,-99.3592878,2307.74,2013,2013-04-11,Spring,69.26
402853099104601,PHELPS,40.4815796,-99.179559,2221.31,2013,2013-04-10,Spring,19.02
402853099152001,PHELPS,40.4816481,-99.2557469,2251.06,2013,2013-04-11,Spring,28.37
402905099115301,PHELPS,40.4848551,-99.1983097,2241.11,2013,2013-04-10,Spring,33.67
402919099104601,PHELPS,40.4886216022222,-99.1795852,2229.35,2013,2013-04-10,Spring,26.7
402924099235501,PHELPS,40.4901949,-99.398706,2336.37,2013,2013-04-11,Spring,52.61
402952099114401,PHELPS,40.4961238363889,-99.1985012,2246.17,2013,2013-04-10,Spring,37.84
402952099161701,PHELPS,40.49624602,-99.2746825,2255.28,2013,2013-04-11,Spring,21.58
403014099213701,PHELPS,40.50113773,-99.35723759,2325.73,2013,2013-04-11,Spring,34.8
403037099111401,PHELPS,40.5103457694444,-99.1873426,2237.5,2013,2013-04-10,Spring,31.33
403037099135301,PHELPS,40.5105526386111,-99.2316379,2239.33,2013,2013-04-11,Spring,21.05
403037099313401,PHELPS,40.5104684,-99.5262137,2408.97,2013,2013-04-12,Spring,74.24
403104099130201,PHELPS,40.5179145,-99.2173248,2242.62,2013,2013-04-11,Spring,29.32
403123099261501,PHELPS,40.52446389,-99.436875,2361.96,2013,2013-04-12,,38.61
403125099295701,PHELPS,40.5247252,-99.4992246,2402.13,2013,2013-04-12,Spring,63.19
403137099330201,PHELPS,40.5263766547222,-99.5496279,2405.25,2013,2013-04-12,Spring,53.35
403138099190801,PHELPS,40.5255972,-99.3224515,2277.27,2013,2013-04-11,Spring,25.3
403138099235801,PHELPS,40.5255500233333,-99.399115,2328.14,2013,2013-04-11,Spring,25.23
403217099312001,PHELPS,40.5392815,-99.5207383,2451.89,2013,2013-04-12,Spring,96.78
403224099261801,PHELPS,40.54167314,-99.43849253,2347.7,2013,2013-04-12,Spring,22.84
403309099250701,PHELPS,40.5543784,-99.4199673,2322.67,2013,2013-04-12,Spring,11.67
403309099281401,PHELPS,40.5521635,-99.4737128,2354.64,2013,2013-04-12,Spring,12.91
403322099201601,PHELPS,40.5547811,-99.3416484,2267.67,2013,2013-04-11,Spring,7.62
403322099304801,PHELPS,40.5542755075,-99.5122815,2411.43,2013,2013-04-12,Spring,54.61
403322099371801,PHELPS,40.5557047,-99.6247601,2465.78,2013,2013-04-12,Spring,76.51
403348099114401,PHELPS,40.5613598133333,-99.1983188,2236.17,2013,2013-04-10,Spring,38.66
403431099362101,PHELPS,40.5754557,-99.6058865,2477.16,2013,2013-04-12,Spring,86.73
403453099141801,PHELPS,40.58307501,-99.2365144,2255.34,2013,2013-04-11,Spring,48.41
403453099190801,PHELPS,40.5807096794444,-99.3229107,2282.14,2013,2013-04-11,Spring,37.04
403454099304801,PHELPS,40.57931189,-99.51412709,2390.5,2013,2013-04-12,Spring,34.44
403507099234101,PHELPS,40.5836771413889,-99.3985091,2295.65,2013,2013-04-11,Spring,12.38
403507099254101,PHELPS,40.58520714,-99.42844836,2318.5,2013,2013-04-12,Spring,24.86
403520099201601,PHELPS,40.5886101475,-99.3416473,2265.95,2013,2013-04-11,Spring,13.76
403540099260001,PHELPS,40.5946306,-99.4353739,2323.77,2013,2013-04-12,Spring,23.09
403625099361001,PHELPS,40.60535831,-99.60306609,2454.12,2013,2013-04-12,Spring,85.9
403638099154301,PHELPS,40.60901195,-99.26298962,2222.0,2013,2013-04-11,Spring,16.27
403646099293301,PHELPS,40.6127772,-99.4935704,2354.25,2013,2013-04-11,Spring,21.02
403651099281401,PHELPS,40.613021,-99.4747929,2345.39,2013,2013-04-11,Spring,38.8
403730099373501,PHELPS,40.6268217,-99.6246292,2471.08,2013,2013-04-12,Spring,90.03
403822099324501,PHELPS,40.6415361,-99.5482644,2377.53,2013,2013-04-11,Spring,40.74
403902099313701,PHELPS,40.6483999,-99.5291531,2345.9,2013,2013-04-11,Spring,33.12
403915099190801,PHELPS,40.6573434,-99.3214291,2234.03,2013,2013-04-11,Spring,9.73
403928099333601,PHELPS,40.6571948,-99.5612991,2355.41,2013,2013-04-11,Spring,35.89
403928099371801,PHELPS,40.655954,-99.6202609,2432.98,2013,2013-04-11,Spring,80.95
403941099331901,PHELPS,40.66044972,-99.55637462,2347.21,2013,2013-04-11,Spring,4.92
403941099342701,PHELPS,40.6636923,-99.5766538,2326.71,2013,2013-04-11,Spring,7.38
404007099294001,PHELPS,40.6709022,-99.4936146,2290.54,2013,2013-04-11,Spring,6.32
404007099351901,PHELPS,40.6709256,-99.5865622,2322.26,2013,2013-04-11,Spring,5.96
404020099355301,PHELPS,40.6710839,-99.5961084,2326.91,2013,2013-04-11,Spring,6.55
402945099151900,PHELPS,40.49312395,-99.25285328,2243.78,2013,2013-04-11,Spring,22.75
402851099130101,PHELPS,40.4809986,-99.2168379,2244.15,2013,2013-04-10,Spring,31.1
403328099181202,PHELPS,40.5577906,-99.3033482,2272.01,2013,2013-04-11,Spring,31.06
403433099250001,PHELPS,40.576331,-99.4179046,2315.55,2013,2013-04-12,Spring,19.16
403322099272302,PHELPS,40.5545803,-99.4609332,2349.56,2013,2013-04-12,Spring,17.07
403322099264901,PHELPS,40.5543545569444,-99.4489925,2342.74,2013,2013-04-12,Spring,16.29
403739099281601,PHELPS,40.627653,-99.4742905,2324.54,2013,2013-04-11,Spring,23.65
404006099282401,PHELPS,40.66854833333333,-99.4734825,2280.04,2013,2013-04-30,Spring,1.98
403927099293501,PHELPS,40.65755805555556,-99.49321666666668,2297.65,2013,2013-04-30,Spring,9.0
403949099293501,PHELPS,40.66383277777778,-99.49320805555556,2291.23,2013,2013-04-30,Spring,4.42
403959099282801,PHELPS,40.66638638888889,-99.47439194444443,2282.17,2013,2013-04-30,Spring,3.35
403959099282802,PHELPS,40.66638638888889,-99.47439194444443,2282.17,2013,2013-04-30,Spring,3.35
403832099293501,PHELPS,40.64230694444444,-99.49321833333332,2322.16,2013,2013-04-30,Spring,20.83
403739099293601,PHELPS,40.62758555555556,-99.49344,2356.31,2013,2013-04-30,Spring,32.51
404033099373001,PHELPS,40.67593911111111,-99.62515633333332,2339.74,2013,2013-04-30,Spring,7.96
404040099383501,PHELPS,40.67796833333333,-99.64313333333334,2346.64,2013,2013-04-30,Spring,9.47
404059099383501,PHELPS,40.68328583333333,-99.64316027777778,2343.11,2013,2013-04-30,Spring,15.23
404102099373001,PHELPS,40.68405933333333,-99.62523716666666,2334.85,2013,2013-04-30,Spring,9.55
403946099383201,PHELPS,40.66301611111111,-99.64228555555556,2446.94,2013,2013-04-30,Spring,93.49
402853099135101,PHELPS,40.48150472222223,-99.23095833333332,2247.07,2013,2013-05-02,Spring,29.14
402853099135102,PHELPS,40.48150472222223,-99.23095833333332,2247.07,2013,2013-05-02,Spring,31.29
403408099130501,PHELPS,40.56878722222223,-99.21816944444444,2216.56,2013,2013-05-02,Spring,15.16
403408099130502,PHELPS,40.56878722222223,-99.21816944444444,2216.56,2013,2013-05-02,Spring,15.08
403710099104601,PHELPS,40.6195145,-99.17947241666668,2193.97,2013,2013-05-02,Spring,16.89
403710099104602,PHELPS,40.6195145,-99.17947241666668,2193.97,2013,2013-05-02,Spring,17.05
403645099242701,PHELPS,40.61264497222222,-99.40752011111113,2297.96,2013,2013-05-10,Spring,20.13
403645099242702,PHELPS,40.61264497222222,-99.40752011111113,2297.96,2013,2013-05-10,Spring,20.88
403350099282702,PHELPS,40.56375277777777,-99.47419805555556,2351.95,2013,2013-05-10,Spring,14.74
403315099351501,PHELPS,40.554270555555554,-99.58744083333332,2447.59,2013,2013-05-10,Spring,68.8
403738099181101,PHELPS,40.62740444444445,-99.30320513888888,2241.2,2013,2013-05-10,Spring,17.27
403738099181102,PHELPS,40.62740444444445,-99.30320513888888,2241.2,2013,2013-05-10,Spring,17.2
403831099173501,PHELPS,40.642178,-99.29327591666666,2229.47,2013,2013-05-10,Spring,12.08
403831099173502,PHELPS,40.642178,-99.29327591666666,2229.47,2013,2013-05-10,Spring,12.33
403903099214301,PHELPS,40.650864722222224,-99.3618686111111,2248.47,2013,2013-05-10,Spring,8.16
403903099214302,PHELPS,40.650864722222224,-99.3618686111111,2248.47,2013,2013-05-10,Spring,8.23
402513099164801,PHELPS,40.42006111111111,-99.27985277777778,2278.97,2013,2013-05-13,Spring,74.23
402421099112000,PHELPS,40.40549166666666,-99.18921666666668,2216.62,2013,2013-05-13,Spring,56.66
402342099143300,PHELPS,40.39436388888889,-99.24273333333332,2261.52,2013,2013-05-13,Spring,111.05
402423099152001,PHELPS,40.40643361111111,-99.2555336111111,2261.86,2013,2013-05-13,Spring,87.28
402200099160700,PHELPS,40.3669,-99.267175,2280.22,2013,2013-05-13,Spring,148.27
402532099222601,PHELPS,40.42564361111111,-99.37401277777776,2312.94,2013,2013-05-13,Spring,95.65
402532099222602,PHELPS,40.42564361111111,-99.37401277777776,2312.94,2013,2013-05-13,Spring,101.22
402326099185300,PHELPS,40.390366666666665,-99.31649722222222,2306.56,2013,2013-05-13,Spring,147.94
402115099213100,PHELPS,40.35468888888889,-99.35943333333331,2345.58,2013,2013-05-13,Spring,204.26
403350099282701,PHELPS,40.56375277777777,-99.47419805555556,2351.95,2013,2013-05-13,Spring,14.35
402435099262900,PHELPS,40.40768055555555,-99.44083333333332,2405.19,2013,2013-05-14,Spring,207.49
402406099311800,PHELPS,40.40154444444444,-99.52104166666666,2406.07,2013,2013-05-14,Spring,182.51
402159099301600,PHELPS,40.3649,-99.50220555555556,2377.49,2013,2013-05-14,Spring,182.17
402107099262000,PHELPS,40.35080555555556,-99.43768055555556,2363.91,2013,2013-05-14,Spring,200.09
402609099350800,PHELPS,40.43199166666666,-99.58200277777776,2443.0,2013,2013-05-14,Spring,174.62
08N 20W 06 AAA,PHELPS,40.68138,-99.62646,2336.24,2013,2013-05-09,Spring,6.58
402630099305500,PHELPS,40.44133611111111,-99.51204166666666,2426.38,2013,2013-05-14,Spring,176.04
402906099342201,PHELPS,40.485083333333336,-99.57288888888888,2458.82,2013,2013-05-14,Spring,149.36
402813099382100,PHELPS,40.46941944444445,-99.63914166666667,2473.68,2013,2013-05-14,Spring,155.58
402458099344401,PHELPS,40.41608027777777,-99.57890388888887,2426.49,2013,2013-05-20,Spring,170.93
402458099344402,PHELPS,40.41608027777777,-99.57890388888887,2426.49,2013,2013-05-20,Spring,171.13
402233099341700,PHELPS,40.376269444444446,-99.57279166666666,2335.32,2013,2013-05-20,Spring,112.66
402649099350601,PHELPS,40.44692,-99.58488888888888,2428.0,2013,2013-05-20,Spring,147.27
402649099350602,PHELPS,40.44692,-99.58488888888888,2428.0,2013,2013-05-20,Spring,148.36
402334099293301,PHELPS,40.392735555555554,-99.49248916666669,2343.83,2013,2013-05-23,Spring,137.47
402334099293302,PHELPS,40.392735555555554,-99.49248916666669,2343.83,2013,2013-05-23,Spring,137.47
402636099271801,PHELPS,40.44343083333333,-99.45505,2362.54,2013,2013-05-23,Spring,133.37
402636099271802,PHELPS,40.44343083333333,-99.45505,2362.54,2013,2013-05-23,Spring,133.23
402854099213801,PHELPS,40.48158305555556,-99.36045888888889,2315.4,2013,2013-05-24,Spring,57.21
402854099213802,PHELPS,40.48158305555556,-99.36045888888889,2315.4,2013,2013-05-24,Spring,57.27
404102099373002,PHELPS,40.68405933333333,-99.62523716666666,2334.85,2013,2013-04-30,Spring,7.45
404016099370201,PHELPS,40.6711189,-99.61760995,2335.44,2013,2013-04-16,Spring,4.93
403922099223301,PHELPS,40.65834351,-99.38037703,2253.27,2013,2013-04-16,Spring,8.72
403217099235801,PHELPS,40.53806574,-99.39982287,2321.45,2013,2013-04-16,Spring,24.36
402340099353701,PHELPS,40.39445302,-99.59399869,2264.29,2013,2013-04-16,Spring,24.7
403123099261501,PHELPS,40.52446389,-99.436875,2361.96,2013,2013-04-16,Spring,39.68
402802099285801,PHELPS,40.46775,-99.48183333,2376.84,2013,2013-04-16,Spring,101.29
402524099201601,PHELPS,40.42334431,-99.33815365,2312.07,2013,2013-04-16,Spring,113.48
403132099381001,PHELPS,40.52556319,-99.63650076,2517.21,2013,2013-04-16,Spring,152.66
08N 20W 06 AAA,PHELPS,40.68138,-99.62646,2336.24,2014,2014-05-06,Spring,7.0
08N 20W 06 AAA,PHELPS,40.68138,-99.62646,2336.24,2015,2015-05-05,Spring,5.68
402110099140001,PHELPS,40.351999,-99.2329232,2283.76,2015,2015-04-16,Spring,169.64
402124099201601,PHELPS,40.3563466,-99.3403749,2318.47,2015,2015-04-16,Spring,181.92
402716099212401,PHELPS,40.4529071,-99.3592878,2307.74,2015,2015-04-16,Spring,73.27
402853099104601,PHELPS,40.4815796,-99.179559,2221.31,2015,2015-04-16,Spring,22.5
402853099152001,PHELPS,40.4816481,-99.2557469,2251.06,2015,2015-04-16,Spring,30.89
402905099115301,PHELPS,40.4848551,-99.1983097,2241.11,2015,2015-04-16,Spring,36.8
402919099104601,PHELPS,40.4886216022222,-99.1795852,2229.35,2015,2015-04-16,Spring,29.88
402924099235501,PHELPS,40.4901949,-99.398706,2336.37,2015,2015-04-16,Spring,53.7
402952099114401,PHELPS,40.4961238363889,-99.1985012,2246.17,2015,2015-04-16,Spring,40.82
402952099161701,PHELPS,40.49624602,-99.2746825,2255.28,2015,2015-04-16,Spring,24.82
403014099213701,PHELPS,40.50113773,-99.35723759,2325.73,2015,2015-04-16,Spring,37.94
403037099111401,PHELPS,40.5103457694444,-99.1873426,2237.5,2015,2015-04-16,Spring,35.2
403037099135301,PHELPS,40.5105526386111,-99.2316379,2239.33,2015,2015-04-16,Spring,22.72
403037099313401,PHELPS,40.5104684,-99.5262137,2408.97,2015,2015-04-20,Spring,80.42
403104099130201,PHELPS,40.5179145,-99.2173248,2242.62,2015,2015-04-16,Spring,31.49
403123099261501,PHELPS,40.52446389,-99.436875,2361.96,2015,2015-04-20,Spring,44.21
403125099295701,PHELPS,40.5247252,-99.4992246,2402.13,2015,2015-04-20,Spring,70.0
403138099190801,PHELPS,40.5255972,-99.3224515,2277.27,2015,2015-04-16,Spring,28.47
403138099235801,PHELPS,40.5255500233333,-99.399115,2328.14,2015,2015-04-16,Spring,29.38
403217099312001,PHELPS,40.5392815,-99.5207383,2451.89,2015,2015-04-20,Spring,103.35
403309099250701,PHELPS,40.5543784,-99.4199673,2322.67,2015,2015-04-20,Spring,14.8
403309099270601,PHELPS,40.55026689,-99.45178833,2342.87,2015,2015-04-20,Spring,17.08
403309099281401,PHELPS,40.5521635,-99.4737128,2354.64,2015,2015-04-20,Spring,12.78
403322099201601,PHELPS,40.5547811,-99.3416484,2267.67,2015,2015-04-16,Spring,10.03
403322099304801,PHELPS,40.5542755075,-99.5122815,2411.43,2015,2015-04-20,Spring,60.63
403322099371801,PHELPS,40.5557047,-99.6247601,2465.78,2015,2015-04-21,Spring,81.0
403348099114401,PHELPS,40.5613598133333,-99.1983188,2236.17,2015,2015-04-16,Spring,41.35
403431099362101,PHELPS,40.5754557,-99.6058865,2477.16,2015,2015-04-21,Spring,90.65
403453099141801,PHELPS,40.58307501,-99.2365144,2255.34,2015,2015-04-16,Spring,50.8
403453099190801,PHELPS,40.5807096794444,-99.3229107,2282.14,2015,2015-04-16,Spring,40.7
403454099304801,PHELPS,40.57931189,-99.51412709,2390.5,2015,2015-04-21,Spring,40.12
403507099234101,PHELPS,40.5836771413889,-99.3985091,2295.65,2015,2015-04-16,Spring,16.07
403520099201601,PHELPS,40.5886101475,-99.3416473,2265.95,2015,2015-04-16,Spring,17.29
403540099260001,PHELPS,40.5946306,-99.4353739,2323.77,2015,2015-04-20,Spring,29.4
403646099293301,PHELPS,40.6127772,-99.4935704,2354.25,2015,2015-04-20,Spring,21.05
403651099281401,PHELPS,40.613021,-99.4747929,2345.39,2015,2015-04-20,Spring,42.85
403730099373501,PHELPS,40.6268217,-99.6246292,2471.08,2015,2015-04-20,Spring,92.58
403822099324501,PHELPS,40.6415361,-99.5482644,2377.53,2015,2015-04-20,Spring,43.44
403902099313701,PHELPS,40.6483999,-99.5291531,2345.9,2015,2015-04-20,Spring,34.0
403915099190801,PHELPS,40.6573434,-99.3214291,2234.03,2015,2015-04-16,Spring,10.36
403928099333601,PHELPS,40.6571948,-99.5612991,2355.41,2015,2015-04-20,Spring,37.15
403928099371801,PHELPS,40.655954,-99.6202609,2432.98,2015,2015-04-20,Spring,82.71
403941099331901,PHELPS,40.66044972,-99.55637462,2347.21,2015,2015-04-20,Spring,4.79
403941099342701,PHELPS,40.6636923,-99.5766538,2326.71,2015,2015-04-20,Spring,7.3
404007099294001,PHELPS,40.6709022,-99.4936146,2290.54,2015,2015-04-20,Spring,5.61
404007099351901,PHELPS,40.6709256,-99.5865622,2322.26,2015,2015-04-20,Spring,5.25
404020099355301,PHELPS,40.6710839,-99.5961084,2326.91,2015,2015-04-20,Spring,6.05
402110099140001,PHELPS,40.351999,-99.2329232,2283.76,2014,2014-04-07,Spring,165.78
402124099201601,PHELPS,40.3563466,-99.3403749,2318.47,2014,2014-04-07,Spring,183.88
402716099212401,PHELPS,40.4529071,-99.3592878,2307.74,2014,2014-04-08,Spring,74.35
402853099104601,PHELPS,40.4815796,-99.179559,2221.31,2014,2014-04-07,Spring,21.93
402853099152001,PHELPS,40.4816481,-99.2557469,2251.06,2014,2014-04-07,Spring,29.65
402905099115301,PHELPS,40.4848551,-99.1983097,2241.11,2014,2014-04-07,Spring,36.25
402919099104601,PHELPS,40.4886216022222,-99.1795852,2229.35,2014,2014-04-07,Spring,29.4
402924099235501,PHELPS,40.4901949,-99.398706,2336.37,2014,2014-04-08,Spring,53.47
402952099114401,PHELPS,40.4961238363889,-99.1985012,2246.17,2014,2014-04-07,Spring,40.18
402952099161701,PHELPS,40.49624602,-99.2746825,2255.28,2014,2014-04-07,Spring,23.86
403014099213701,PHELPS,40.50113773,-99.35723759,2325.73,2014,2014-04-08,Spring,36.52
403037099111401,PHELPS,40.5103457694444,-99.1873426,2237.5,2014,2014-04-07,Spring,34.54
403037099135301,PHELPS,40.5105526386111,-99.2316379,2239.33,2014,2014-04-07,Spring,22.2
403037099313401,PHELPS,40.5104684,-99.5262137,2408.97,2014,2014-04-08,Spring,79.0
403104099130201,PHELPS,40.5179145,-99.2173248,2242.62,2014,2014-04-08,Spring,30.94
403123099261501,PHELPS,40.52446389,-99.436875,2361.96,2014,2014-04-08,,42.31
403125099295701,PHELPS,40.5247252,-99.4992246,2402.13,2014,2014-04-08,Spring,68.0
403137099330201,PHELPS,40.5263766547222,-99.5496279,2405.25,2014,2014-04-08,Spring,57.56
403138099190801,PHELPS,40.5255972,-99.3224515,2277.27,2014,2014-04-08,Spring,26.69
403138099235801,PHELPS,40.5255500233333,-99.399115,2328.14,2014,2014-04-08,Spring,27.8
403217099312001,PHELPS,40.5392815,-99.5207383,2451.89,2014,2014-04-08,Spring,101.62
403309099250701,PHELPS,40.5543784,-99.4199673,2322.67,2014,2014-04-08,Spring,13.5
403309099281401,PHELPS,40.5521635,-99.4737128,2354.64,2014,2014-04-08,Spring,12.84
403322099201601,PHELPS,40.5547811,-99.3416484,2267.67,2014,2014-04-08,Spring,8.4
403322099304801,PHELPS,40.5542755075,-99.5122815,2411.43,2014,2014-04-08,Spring,58.73
403322099371801,PHELPS,40.5557047,-99.6247601,2465.78,2014,2014-04-09,Spring,79.25
403348099114401,PHELPS,40.5613598133333,-99.1983188,2236.17,2014,2014-04-07,Spring,41.09
403431099362101,PHELPS,40.5754557,-99.6058865,2477.16,2014,2014-04-09,Spring,89.28
403453099141801,PHELPS,40.58307501,-99.2365144,2255.34,2014,2014-04-08,Spring,49.61
403453099190801,PHELPS,40.5807096794444,-99.3229107,2282.14,2014,2014-04-08,Spring,39.59
403454099304801,PHELPS,40.57931189,-99.51412709,2390.5,2014,2014-04-09,Spring,37.68
403507099234101,PHELPS,40.5836771413889,-99.3985091,2295.65,2014,2014-04-08,Spring,14.73
403520099201601,PHELPS,40.5886101475,-99.3416473,2265.95,2014,2014-04-08,Spring,16.15
403540099260001,PHELPS,40.5946306,-99.4353739,2323.77,2014,2014-04-08,Spring,24.86
403625099361001,PHELPS,40.60535831,-99.60306609,2454.12,2014,2014-04-08,Spring,88.2
403638099154301,PHELPS,40.60901195,-99.26298962,2222.0,2014,2014-04-08,Spring,17.73
403646099293301,PHELPS,40.6127772,-99.4935704,2354.25,2014,2014-04-08,Spring,22.4
403651099281401,PHELPS,40.613021,-99.4747929,2345.39,2014,2014-04-08,Spring,42.28
403730099373501,PHELPS,40.6268217,-99.6246292,2471.08,2014,2014-04-08,Spring,91.83
403822099324501,PHELPS,40.6415361,-99.5482644,2377.53,2014,2014-04-08,Spring,42.75
403902099313701,PHELPS,40.6483999,-99.5291531,2345.9,2014,2014-04-08,Spring,35.53
403915099190801,PHELPS,40.6573434,-99.3214291,2234.03,2014,2014-04-08,Spring,10.0
403928099333601,PHELPS,40.6571948,-99.5612991,2355.41,2014,2014-04-08,Spring,39.0
403928099371801,PHELPS,40.655954,-99.6202609,2432.98,2014,2014-04-08,Spring,83.42
403941099331901,PHELPS,40.66044972,-99.55637462,2347.21,2014,2014-04-08,Spring,5.81
403941099342701,PHELPS,40.6636923,-99.5766538,2326.71,2014,2014-04-08,Spring,8.91
404007099294001,PHELPS,40.6709022,-99.4936146,2290.54,2014,2014-04-08,Spring,6.93
404007099351901,PHELPS,40.6709256,-99.5865622,2322.26,2014,2014-04-08,Spring,6.49
404020099355301,PHELPS,40.6710839,-99.5961084,2326.91,2014,2014-04-08,Spring,6.92
402945099151900,PHELPS,40.49312395,-99.25285328,2243.78,2014,2014-04-07,Spring,24.73
402851099130101,PHELPS,40.4809986,-99.2168379,2244.15,2014,2014-04-07,Spring,33.22
403328099181202,PHELPS,40.5577906,-99.3033482,2272.01,2014,2014-04-08,Spring,33.0
403433099250001,PHELPS,40.576331,-99.4179046,2315.55,2014,2014-04-08,Spring,21.42
403322099272302,PHELPS,40.5545803,-99.4609332,2349.56,2014,2014-04-08,Spring,19.87
403322099264901,PHELPS,40.5543545569444,-99.4489925,2342.74,2014,2014-04-08,Spring,17.99
403954099255801,PHELPS,40.667854,-99.4364595,2268.93,2014,2014-04-08,Spring,4.07
403739099281601,PHELPS,40.627653,-99.4742905,2324.54,2014,2014-04-08,Spring,26.06
404006099282401,PHELPS,40.66854833333333,-99.4734825,2280.04,2014,2014-05-01,Spring,1.8
403959099282801,PHELPS,40.66638638888889,-99.47439194444443,2282.17,2014,2014-05-01,Spring,2.93
403959099282802,PHELPS,40.66638638888889,-99.47439194444443,2282.17,2014,2014-05-01,Spring,2.93
403949099293501,PHELPS,40.66383277777778,-99.49320805555556,2291.23,2014,2014-05-01,Spring,4.26
404102099373002,PHELPS,40.68405933333333,-99.62523716666666,2334.85,2014,2014-05-01,Spring,7.69
402854099213801,PHELPS,40.48158305555556,-99.36045888888889,2315.4,2014,2014-05-02,Spring,55.94
402854099213802,PHELPS,40.48158305555556,-99.36045888888889,2315.4,2014,2014-05-02,Spring,56.17
402421099112000,PHELPS,40.40549166666666,-99.18921666666668,2216.62,2014,2014-04-25,Spring,59.66
403315099351501,PHELPS,40.554270555555554,-99.58744083333332,2447.59,2014,2014-04-24,Spring,71.32
403315099351502,PHELPS,40.554270555555554,-99.58744083333332,2447.59,2014,2014-04-24,Spring,73.39
402513099164801,PHELPS,40.42006111111111,-99.27985277777778,2278.97,2014,2014-05-01,Spring,78.97
402423099152001,PHELPS,40.40643361111111,-99.2555336111111,2261.86,2014,2014-04-24,Spring,90.23
402404099383400,PHELPS,40.40166972222222,-99.64190722222224,2363.94,2014,2014-04-17,Spring,90.55
403946099383201,PHELPS,40.66301611111111,-99.64228555555556,2446.94,2014,2014-05-01,Spring,95.53
402532099222601,PHELPS,40.42564361111111,-99.37401277777776,2312.94,2014,2014-05-02,Spring,98.07
402532099222602,PHELPS,40.42564361111111,-99.37401277777776,2312.94,2014,2014-05-02,Spring,102.78
402342099143300,PHELPS,40.39436388888889,-99.24273333333332,2261.52,2014,2014-05-01,Spring,113.25
402233099341700,PHELPS,40.376269444444446,-99.57279166666666,2335.32,2014,2014-05-01,Spring,115.14
402636099271802,PHELPS,40.44343083333333,-99.45505,2362.54,2014,2014-04-22,Spring,133.79
402636099271801,PHELPS,40.44343083333333,-99.45505,2362.54,2014,2014-04-22,Spring,134.69
402334099293301,PHELPS,40.392735555555554,-99.49248916666669,2343.83,2014,2014-04-22,Spring,138.05
402334099293302,PHELPS,40.392735555555554,-99.49248916666669,2343.83,2014,2014-04-22,Spring,138.49
402649099350601,PHELPS,40.44692,-99.58488888888888,2428.0,2014,2014-04-22,Spring,148.91
402326099185300,PHELPS,40.390366666666665,-99.31649722222222,2306.56,2014,2014-04-25,Spring,149.83
402649099350602,PHELPS,40.44692,-99.58488888888888,2428.0,2014,2014-04-22,Spring,150.0
402906099342201,PHELPS,40.485083333333336,-99.57288888888888,2458.82,2014,2014-05-02,Spring,150.75
402200099160700,PHELPS,40.3669,-99.267175,2280.22,2014,2014-05-01,Spring,150.89
402813099382100,PHELPS,40.46941944444445,-99.63914166666667,2473.68,2014,2014-05-02,Spring,157.66
402756099320601,PHELPS,40.46654722222223,-99.53547222222224,2446.36,2014,2014-05-02,Spring,166.49
402458099344401,PHELPS,40.41608027777777,-99.57890388888887,2426.49,2014,2014-04-22,Spring,171.77
402458099344402,PHELPS,40.41608027777777,-99.57890388888887,2426.49,2014,2014-04-22,Spring,171.92
402609099350800,PHELPS,40.43199166666666,-99.58200277777776,2443.0,2014,2014-05-02,Spring,176.19
402630099305500,PHELPS,40.44133611111111,-99.51204166666666,2426.38,2014,2014-05-02,Spring,177.92
402159099301600,PHELPS,40.3649,-99.50220555555556,2377.49,2014,2014-04-17,Spring,184.08
402406099311800,PHELPS,40.40154444444444,-99.52104166666666,2406.07,2014,2014-04-17,Spring,184.21
402107099262000,PHELPS,40.35080555555556,-99.43768055555556,2363.91,2014,2014-04-17,Spring,201.56
402115099213100,PHELPS,40.35468888888889,-99.35943333333331,2345.58,2014,2014-04-17,Spring,205.91
402435099262900,PHELPS,40.40768055555555,-99.44083333333332,2405.19,2014,2014-04-17,Spring,209.17
402802099285801,PHELPS,40.46775,-99.48183333,2376.84,2014,2014-04-16,Spring,104.05
403123099261501,PHELPS,40.52446389,-99.436875,2361.96,2014,2014-04-16,Spring,43.21
403132099381001,PHELPS,40.52556319,-99.63650076,2517.21,2014,2014-04-16,Spring,154.32
403217099235801,PHELPS,40.53806574,-99.39982287,2321.45,2014,2014-04-16,Spring,26.6
403927099293501,PHELPS,40.65755805555556,-99.49321666666668,2297.65,2014,2014-05-01,Spring,8.58
404033099373001,PHELPS,40.67593911111111,-99.62515633333332,2339.74,2014,2014-05-01,Spring,8.8
403903099214301,PHELPS,40.650864722222224,-99.3618686111111,2248.47,2014,2014-04-24,Spring,8.94
403903099214302,PHELPS,40.650864722222224,-99.3618686111111,2248.47,2014,2014-04-24,Spring,9.01
404102099373001,PHELPS,40.68405933333333,-99.62523716666666,2334.85,2014,2014-05-01,Spring,9.52
404040099383501,PHELPS,40.67796833333333,-99.64313333333334,2346.64,2014,2014-05-01,Spring,10.47
403831099173501,PHELPS,40.642178,-99.29327591666666,2229.47,2014,2014-04-24,Spring,12.76
403831099173502,PHELPS,40.642178,-99.29327591666666,2229.47,2014,2014-04-24,Spring,13.1
404059099383501,PHELPS,40.68328583333333,-99.64316027777778,2343.11,2014,2014-05-01,Spring,15.0
403408099130502,PHELPS,40.56878722222223,-99.21816944444444,2216.56,2014,2014-04-24,Spring,16.6
403408099130501,PHELPS,40.56878722222223,-99.21816944444444,2216.56,2014,2014-04-24,Spring,16.69
403710099104602,PHELPS,40.6195145,-99.17947241666668,2193.97,2014,2014-04-24,Spring,17.43
403350099282701,PHELPS,40.56375277777777,-99.47419805555556,2351.95,2014,2014-04-24,Spring,17.78
403350099282702,PHELPS,40.56375277777777,-99.47419805555556,2351.95,2014,2014-04-24,Spring,18.0
403738099181101,PHELPS,40.62740444444445,-99.30320513888888,2241.2,2014,2014-04-24,Spring,18.49
403738099181102,PHELPS,40.62740444444445,-99.30320513888888,2241.2,2014,2014-04-24,Spring,18.49
403645099242701,PHELPS,40.61264497222222,-99.40752011111113,2297.96,2014,2014-04-24,Spring,22.85
403832099293501,PHELPS,40.64230694444444,-99.49321833333332,2322.16,2014,2014-05-01,Spring,23.05
403645099242702,PHELPS,40.61264497222222,-99.40752011111113,2297.96,2014,2014-04-24,Spring,23.16
402853099135101,PHELPS,40.48150472222223,-99.23095833333332,2247.07,2014,2014-04-24,Spring,30.71
402853099135102,PHELPS,40.48150472222223,-99.23095833333332,2247.07,2014,2014-04-24,Spring,32.19
403739099293601,PHELPS,40.62758555555556,-99.49344,2356.31,2014,2014-05-01,Spring,33.74
403922099223301,PHELPS,40.65834351,-99.38037703,2253.27,2014,2014-04-16,Spring,8.92
404016099370201,PHELPS,40.6711189,-99.61760995,2335.44,2014,2014-04-16,Spring,5.49
402513099164801,PHELPS,40.42006111111111,-99.27985277777778,2278.97,2015,2015-04-06,Spring,79.39
402421099112000,PHELPS,40.40549166666666,-99.18921666666668,2216.62,2015,2015-04-06,Spring,59.27
402342099143300,PHELPS,40.39436388888889,-99.24273333333332,2261.52,2015,2015-04-06,Spring,113.06
402423099152001,PHELPS,40.40643361111111,-99.2555336111111,2261.86,2015,2015-04-27,Spring,90.7
402200099160700,PHELPS,40.3669,-99.267175,2280.22,2015,2015-04-06,Spring,148.42
402532099222601,PHELPS,40.42564361111111,-99.37401277777776,2312.94,2015,2015-04-27,Spring,98.54
402532099222602,PHELPS,40.42564361111111,-99.37401277777776,2312.94,2015,2015-04-27,Spring,102.89
402320099231001,PHELPS,40.38914722222222,-99.38615277777778,2384.17,2015,2015-04-06,Spring,211.08
402326099185300,PHELPS,40.390366666666665,-99.31649722222222,2306.56,2015,2015-04-06,Spring,148.36
402115099213100,PHELPS,40.35468888888889,-99.35943333333331,2345.58,2015,2015-04-06,Spring,203.82
402435099262900,PHELPS,40.40768055555555,-99.44083333333332,2405.19,2015,2015-04-08,Spring,209.6
402406099311800,PHELPS,40.40154444444444,-99.52104166666666,2406.07,2015,2015-04-06,Spring,182.51
402334099293301,PHELPS,40.392735555555554,-99.49248916666669,2343.83,2015,2015-04-13,Spring,137.17
402334099293302,PHELPS,40.392735555555554,-99.49248916666669,2343.83,2015,2015-04-13,Spring,137.21
402159099301600,PHELPS,40.3649,-99.50220555555556,2377.49,2015,2015-04-06,Spring,182.25
402107099262000,PHELPS,40.35080555555556,-99.43768055555556,2363.91,2015,2015-04-06,Spring,199.5
402609099350800,PHELPS,40.43199166666666,-99.58200277777776,2443.0,2015,2015-04-08,Spring,175.63
402458099344401,PHELPS,40.41608027777777,-99.57890388888887,2426.49,2015,2015-04-13,Spring,171.56
402458099344402,PHELPS,40.41608027777777,-99.57890388888887,2426.49,2015,2015-04-13,Spring,171.61
402404099383400,PHELPS,40.40166972222222,-99.64190722222224,2363.94,2015,2015-04-07,Spring,88.98
402233099341700,PHELPS,40.376269444444446,-99.57279166666666,2335.32,2015,2015-04-08,Spring,111.86
402853099135101,PHELPS,40.48150472222223,-99.23095833333332,2247.07,2015,2015-04-08,Spring,31.74
402853099135102,PHELPS,40.48150472222223,-99.23095833333332,2247.07,2015,2015-04-08,Spring,34.16
402854099213801,PHELPS,40.48158305555556,-99.36045888888889,2315.4,2015,2015-04-10,Spring,57.94
402854099213802,PHELPS,40.48158305555556,-99.36045888888889,2315.4,2015,2015-04-10,Spring,58.04
402630099305500,PHELPS,40.44133611111111,-99.51204166666666,2426.38,2015,2015-04-07,Spring,177.68
402636099271801,PHELPS,40.44343083333333,-99.45505,2362.54,2015,2015-04-27,Spring,135.34
402636099271802,PHELPS,40.44343083333333,-99.45505,2362.54,2015,2015-04-27,Spring,133.31
402906099342201,PHELPS,40.485083333333336,-99.57288888888888,2458.82,2015,2015-04-07,Spring,151.61
402813099382100,PHELPS,40.46941944444445,-99.63914166666667,2473.68,2015,2015-04-07,Spring,157.03
402756099320601,PHELPS,40.46654722222223,-99.53547222222224,2446.36,2015,2015-04-07,Spring,168.01
402649099350601,PHELPS,40.44692,-99.58488888888888,2428.0,2015,2015-04-13,Spring,149.34
402649099350602,PHELPS,40.44692,-99.58488888888888,2428.0,2015,2015-04-13,Spring,151.64
403408099130501,PHELPS,40.56878722222223,-99.21816944444444,2216.56,2015,2015-04-08,Spring,17.01
403408099130502,PHELPS,40.56878722222223,-99.21816944444444,2216.56,2015,2015-04-08,Spring,17.49
403645099242701,PHELPS,40.61264497222222,-99.40752011111113,2297.96,2015,2015-04-10,Spring,23.88
403645099242702,PHELPS,40.61264497222222,-99.40752011111113,2297.96,2015,2015-04-10,Spring,24.42
403350099282701,PHELPS,40.56375277777777,-99.47419805555556,2351.95,2015,2015-04-10,Spring,20.0
403350099282702,PHELPS,40.56375277777777,-99.47419805555556,2351.95,2015,2015-04-10,Spring,20.2
403315099351501,PHELPS,40.554270555555554,-99.58744083333332,2447.59,2015,2015-04-13,Spring,72.93
403315099351502,PHELPS,40.554270555555554,-99.58744083333332,2447.59,2015,2015-04-13,Spring,75.23
403738099181101,PHELPS,40.62740444444445,-99.30320513888888,2241.2,2015,2015-04-08,Spring,19.12
403738099181102,PHELPS,40.62740444444445,-99.30320513888888,2241.2,2015,2015-04-08,Spring,19.05
403831099173501,PHELPS,40.642178,-99.29327591666666,2229.47,2015,2015-04-08,Spring,13.16
403831099173502,PHELPS,40.642178,-99.29327591666666,2229.47,2015,2015-04-08,Spring,13.53
403710099104602,PHELPS,40.6195145,-99.17947241666668,2193.97,2015,2015-04-08,Spring,17.78
403903099214301,PHELPS,40.650864722222224,-99.3618686111111,2248.47,2015,2015-04-08,Spring,9.48
403903099214302,PHELPS,40.650864722222224,-99.3618686111111,2248.47,2015,2015-04-08,Spring,9.52
404006099282401,PHELPS,40.66854833333333,-99.4734825,2280.04,2015,2015-04-06,Spring,1.73
403927099293501,PHELPS,40.65755805555556,-99.49321666666668,2297.65,2015,2015-04-06,Spring,8.34
403949099293501,PHELPS,40.66383277777778,-99.49320805555556,2291.23,2015,2015-04-06,Spring,4.18
403959099282801,PHELPS,40.66638638888889,-99.47439194444443,2282.17,2015,2015-04-06,Spring,2.75
403959099282802,PHELPS,40.66638638888889,-99.47439194444443,2282.17,2015,2015-04-06,Spring,2.79
403832099293501,PHELPS,40.64230694444444,-99.49321833333332,2322.16,2015,2015-04-06,Spring,21.94
403739099293601,PHELPS,40.62758555555556,-99.49344,2356.31,2015,2015-04-06,Spring,34.48
404033099373001,PHELPS,40.67593911111111,-99.62515633333332,2339.74,2015,2015-04-06,Spring,8.06
404040099383501,PHELPS,40.67796833333333,-99.64313333333334,2346.64,2015,2015-04-06,Spring,9.64
404059099383501,PHELPS,40.68328583333333,-99.64316027777778,2343.11,2015,2015-04-06,Spring,13.2
404102099373001,PHELPS,40.68405933333333,-99.62523716666666,2334.85,2015,2015-04-06,Spring,8.87
404102099373002,PHELPS,40.68405933333333,-99.62523716666666,2334.85,2015,2015-04-06,Spring,7.12
403946099383201,PHELPS,40.66301611111111,-99.64228555555556,2446.94,2015,2015-04-06,Spring,94.93
402340099353701,PHELPS,40.39445302,-99.59399869,2264.29,2015,2015-04-07,Spring,24.81
402524099201601,PHELPS,40.42334431,-99.33815365,2312.07,2015,2015-04-07,Spring,121.51
402802099285801,PHELPS,40.46775,-99.48183333,2376.84,2015,2015-04-07,Spring,104.96
403123099261501,PHELPS,40.52446389,-99.436875,2361.96,2015,2015-04-07,Spring,45.21
403132099381001,PHELPS,40.52556319,-99.63650076,2517.21,2015,2015-04-07,Spring,155.03
403217099235801,PHELPS,40.53806574,-99.39982287,2321.45,2015,2015-04-07,Spring,27.88
403922099223301,PHELPS,40.65834351,-99.38037703,2253.27,2015,2015-04-07,Spring,9.18
404016099370201,PHELPS,40.6711189,-99.61760995,2335.44,2015,2015-04-09,Spring,5.19
403710099104602,PHELPS,40.6195145,-99.17947241666668,2193.97,2016,2016-05-09,Spring,19.14
403710099104601,PHELPS,40.6195145,-99.17947241666668,2193.97,2016,2016-05-09,Spring,19.38
403408099130501,PHELPS,40.56878722222223,-99.21816944444444,2216.56,2016,2016-05-09,Spring,19.59
403350099282701,PHELPS,40.56375277777777,-99.47419805555556,2351.95,2016,2016-05-09,Spring,19.61
403350099282702,PHELPS,40.56375277777777,-99.47419805555556,2351.95,2016,2016-05-09,Spring,19.71
403408099130502,PHELPS,40.56878722222223,-99.21816944444444,2216.56,2016,2016-05-09,Spring,20.05
403738099181102,PHELPS,40.62740444444445,-99.30320513888888,2241.2,2016,2016-05-09,Spring,21.97
403738099181101,PHELPS,40.62740444444445,-99.30320513888888,2241.2,2016,2016-05-09,Spring,22.08
403832099293501,PHELPS,40.64230694444444,-99.49321833333332,2322.16,2016,2016-05-10,Spring,23.03
403645099242701,PHELPS,40.61264497222222,-99.40752011111113,2297.96,2016,2016-05-09,Spring,25.53
403645099242702,PHELPS,40.61264497222222,-99.40752011111113,2297.96,2016,2016-05-09,Spring,25.93
403739099293601,PHELPS,40.62758555555556,-99.49344,2356.31,2016,2016-05-10,Spring,34.62
402853099135101,PHELPS,40.48150472222223,-99.23095833333332,2247.07,2016,2016-05-09,Spring,35.31
402853099135102,PHELPS,40.48150472222223,-99.23095833333332,2247.07,2016,2016-05-09,Spring,35.93
404020099355301,PHELPS,40.6710839,-99.5961084,2326.91,2016,2016-04-21,Spring,6.93
403941099342701,PHELPS,40.6636923,-99.5766538,2326.71,2016,2016-04-21,Spring,7.13
403915099190801,PHELPS,40.6573434,-99.3214291,2234.03,2016,2016-04-21,Spring,9.58
403322099201601,PHELPS,40.5547811,-99.3416484,2267.67,2016,2016-04-21,Spring,10.25
403309099281401,PHELPS,40.5521635,-99.4737128,2354.64,2016,2016-04-21,Spring,10.89
403309099250701,PHELPS,40.5543784,-99.4199673,2322.67,2016,2016-04-21,Spring,13.63
403507099234101,PHELPS,40.5836771413889,-99.3985091,2295.65,2016,2016-04-21,Spring,14.85
403520099201601,PHELPS,40.5886101475,-99.3416473,2265.95,2016,2016-04-21,Spring,17.96
403646099293301,PHELPS,40.6127772,-99.4935704,2354.25,2016,2016-04-21,Spring,20.07
402853099104601,PHELPS,40.4815796,-99.179559,2221.31,2016,2016-04-14,Spring,23.06
403037099135301,PHELPS,40.5105526386111,-99.2316379,2239.33,2016,2016-04-14,Spring,23.63
402952099161701,PHELPS,40.49624602,-99.2746825,2255.28,2016,2016-04-14,Spring,25.95
403540099260001,PHELPS,40.5946306,-99.4353739,2323.77,2016,2016-04-21,Spring,27.74
403138099190801,PHELPS,40.5255972,-99.3224515,2277.27,2016,2016-04-21,Spring,28.0
403138099235801,PHELPS,40.5255500233333,-99.399115,2328.14,2016,2016-04-21,Spring,28.82
402919099104601,PHELPS,40.4886216022222,-99.1795852,2229.35,2016,2016-04-14,Spring,30.64
402853099152001,PHELPS,40.4816481,-99.2557469,2251.06,2016,2016-04-14,Spring,31.38
403104099130201,PHELPS,40.5179145,-99.2173248,2242.62,2016,2016-04-21,Spring,32.63
403902099313701,PHELPS,40.6483999,-99.5291531,2345.9,2016,2016-04-21,Spring,32.73
403928099333601,PHELPS,40.6571948,-99.5612991,2355.41,2016,2016-04-21,Spring,34.54
403037099111401,PHELPS,40.5103457694444,-99.1873426,2237.5,2016,2016-04-14,Spring,35.97
402905099115301,PHELPS,40.4848551,-99.1983097,2241.11,2016,2016-04-14,Spring,37.68
403651099281401,PHELPS,40.613021,-99.4747929,2345.39,2016,2016-04-21,Spring,41.21
402952099114401,PHELPS,40.4961238363889,-99.1985012,2246.17,2016,2016-04-14,Spring,41.95
403453099190801,PHELPS,40.5807096794444,-99.3229107,2282.14,2016,2016-04-21,Spring,42.03
403348099114401,PHELPS,40.5613598133333,-99.1983188,2236.17,2016,2016-04-14,Spring,42.25
403822099324501,PHELPS,40.6415361,-99.5482644,2377.53,2016,2016-04-21,Spring,43.19
403123099261501,PHELPS,40.52446389,-99.436875,2361.96,2016,2016-04-21,Spring,44.21
403453099141801,PHELPS,40.58307501,-99.2365144,2255.34,2016,2016-04-21,Spring,52.2
402924099235501,PHELPS,40.4901949,-99.398706,2336.37,2016,2016-04-21,Spring,53.82
403137099330201,PHELPS,40.5263766547222,-99.5496279,2405.25,2016,2016-04-21,Spring,60.16
403322099304801,PHELPS,40.5542755075,-99.5122815,2411.43,2016,2016-04-21,Spring,61.41
403125099295701,PHELPS,40.5247252,-99.4992246,2402.13,2016,2016-04-21,Spring,70.67
402716099212401,PHELPS,40.4529071,-99.3592878,2307.74,2016,2016-04-21,Spring,74.14
403037099313401,PHELPS,40.5104684,-99.5262137,2408.97,2016,2016-04-21,Spring,81.5
403928099371801,PHELPS,40.655954,-99.6202609,2432.98,2016,2016-04-21,Spring,82.33
403322099371801,PHELPS,40.5557047,-99.6247601,2465.78,2016,2016-04-21,Spring,82.4
403431099362101,PHELPS,40.5754557,-99.6058865,2477.16,2016,2016-04-21,Spring,92.16
403730099373501,PHELPS,40.6268217,-99.6246292,2471.08,2016,2016-04-21,Spring,94.44
403959099282802,PHELPS,40.66638638888889,-99.47439194444443,2282.17,2015,2015-10-08,Fall,3.61
403959099282801,PHELPS,40.66638638888889,-99.47439194444443,2282.17,2015,2015-10-08,Fall,3.64
403949099293501,PHELPS,40.66383277777778,-99.49320805555556,2291.23,2015,2015-10-08,Fall,4.94
404102099373002,PHELPS,40.68405933333333,-99.62523716666666,2334.85,2015,2015-10-08,Fall,6.7
404102099373001,PHELPS,40.68405933333333,-99.62523716666666,2334.85,2015,2015-10-08,Fall,8.13
404033099373001,PHELPS,40.67593911111111,-99.62515633333332,2339.74,2015,2015-10-08,Fall,8.27
404040099383501,PHELPS,40.67796833333333,-99.64313333333334,2346.64,2015,2015-10-08,Fall,9.51
403927099293501,PHELPS,40.65755805555556,-99.49321666666668,2297.65,2015,2015-10-08,Fall,9.87
403903099214301,PHELPS,40.650864722222224,-99.3618686111111,2248.47,2015,2015-10-08,Fall,10.94
403903099214302,PHELPS,40.650864722222224,-99.3618686111111,2248.47,2015,2015-10-08,Fall,10.95
404059099383501,PHELPS,40.68328583333333,-99.64316027777778,2343.11,2015,2015-10-08,Fall,12.12
403831099173501,PHELPS,40.642178,-99.29327591666666,2229.47,2015,2015-10-13,Fall,15.14
402340099353701,PHELPS,40.39445302,-99.59399869,2264.29,2016,2016-04-11,Spring,24.7
402524099201601,PHELPS,40.42334431,-99.33815365,2312.07,2016,2016-04-11,Spring,117.9
402802099285801,PHELPS,40.46775,-99.48183333,2376.84,2016,2016-04-12,Spring,106.07
403132099381001,PHELPS,40.52556319,-99.63650076,2517.21,2016,2016-04-12,Spring,156.62
403217099235801,PHELPS,40.53806574,-99.39982287,2321.45,2016,2016-04-12,Spring,27.21
403922099223301,PHELPS,40.65834351,-99.38037703,2253.27,2016,2016-04-12,Spring,8.95
404016099370201,PHELPS,40.6711189,-99.61760995,2335.44,2016,2016-04-12,Spring,5.43
403217099312001,PHELPS,40.5392815,-99.5207383,2451.89,2016,2016-04-21,Spring,104.2
402110099140001,PHELPS,40.351999,-99.2329232,2283.76,2016,2016-04-14,Spring,169.68
402124099201601,PHELPS,40.3563466,-99.3403749,2318.47,2016,2016-04-14,Spring,182.28
404006099282401,PHELPS,40.66854833333333,-99.4734825,2280.04,2016,2016-05-10,Spring,3.28
403959099282801,PHELPS,40.66638638888889,-99.47439194444443,2282.17,2016,2016-05-10,Spring,4.68
403959099282802,PHELPS,40.66638638888889,-99.47439194444443,2282.17,2016,2016-05-10,Spring,4.71
403949099293501,PHELPS,40.66383277777778,-99.49320805555556,2291.23,2016,2016-05-10,Spring,6.68
404033099373001,PHELPS,40.67593911111111,-99.62515633333332,2339.74,2016,2016-05-10,Spring,7.04
404102099373002,PHELPS,40.68405933333333,-99.62523716666666,2334.85,2016,2016-05-10,Spring,7.81
403903099214302,PHELPS,40.650864722222224,-99.3618686111111,2248.47,2016,2016-05-09,Spring,9.29
403903099214301,PHELPS,40.650864722222224,-99.3618686111111,2248.47,2016,2016-05-09,Spring,9.39
404040099383501,PHELPS,40.67796833333333,-99.64313333333334,2346.64,2016,2016-05-10,Spring,10.02
404102099373001,PHELPS,40.68405933333333,-99.62523716666666,2334.85,2016,2016-05-10,Spring,10.17
403927099293501,PHELPS,40.65755805555556,-99.49321666666668,2297.65,2016,2016-05-10,Spring,10.31
403831099173501,PHELPS,40.642178,-99.29327591666666,2229.47,2016,2016-05-09,Spring,13.65
403831099173502,PHELPS,40.642178,-99.29327591666666,2229.47,2016,2016-05-09,Spring,14.26
404059099383501,PHELPS,40.68328583333333,-99.64316027777778,2343.11,2016,2016-05-10,Spring,14.88
402854099213801,PHELPS,40.48158305555556,-99.36045888888889,2315.4,2016,2016-05-10,Spring,59.7
402854099213802,PHELPS,40.48158305555556,-99.36045888888889,2315.4,2016,2016-05-10,Spring,59.71
403315099351501,PHELPS,40.554270555555554,-99.58744083333332,2447.59,2016,2016-05-09,Spring,76.55
403315099351502,PHELPS,40.554270555555554,-99.58744083333332,2447.59,2016,2016-05-09,Spring,78.42
402513099164801,PHELPS,40.42006111111111,-99.27985277777778,2278.97,2016,2016-05-19,Spring,81.02
402404099383400,PHELPS,40.40166972222222,-99.64190722222224,2363.94,2016,2016-05-19,Spring,89.29
402423099152001,PHELPS,40.40643361111111,-99.2555336111111,2261.86,2016,2016-05-11,Spring,94.42
403946099383201,PHELPS,40.66301611111111,-99.64228555555556,2446.94,2016,2016-05-10,Spring,97.18
402532099222601,PHELPS,40.42564361111111,-99.37401277777776,2312.94,2016,2016-05-10,Spring,101.45
402532099222602,PHELPS,40.42564361111111,-99.37401277777776,2312.94,2016,2016-05-10,Spring,105.42
402233099341700,PHELPS,40.376269444444446,-99.57279166666666,2335.32,2016,2016-05-19,Spring,112.26
402342099143300,PHELPS,40.39436388888889,-99.24273333333332,2261.52,2016,2016-05-17,Spring,114.81
402636099271802,PHELPS,40.44343083333333,-99.45505,2362.54,2016,2016-05-10,Spring,136.08
402636099271801,PHELPS,40.44343083333333,-99.45505,2362.54,2016,2016-05-10,Spring,137.28
402334099293302,PHELPS,40.392735555555554,-99.49248916666669,2343.83,2016,2016-05-10,Spring,139.3
402334099293301,PHELPS,40.392735555555554,-99.49248916666669,2343.83,2016,2016-05-10,Spring,139.35
403831099173502,PHELPS,40.642178,-99.29327591666666,2229.47,2015,2015-10-13,Fall,15.34
403710099104601,PHELPS,40.6195145,-99.17947241666668,2193.97,2015,2015-10-13,Fall,18.48
403710099104602,PHELPS,40.6195145,-99.17947241666668,2193.97,2015,2015-10-13,Fall,18.92
403408099130501,PHELPS,40.56878722222223,-99.21816944444444,2216.56,2015,2015-10-14,Fall,19.08
403408099130502,PHELPS,40.56878722222223,-99.21816944444444,2216.56,2015,2015-10-14,Fall,19.33
403350099282701,PHELPS,40.56375277777777,-99.47419805555556,2351.95,2015,2015-10-08,Fall,19.8
403350099282702,PHELPS,40.56375277777777,-99.47419805555556,2351.95,2015,2015-10-08,Fall,19.93
403738099181101,PHELPS,40.62740444444445,-99.30320513888888,2241.2,2015,2015-10-13,Fall,21.24
403738099181102,PHELPS,40.62740444444445,-99.30320513888888,2241.2,2015,2015-10-13,Fall,21.26
403832099293501,PHELPS,40.64230694444444,-99.49321833333332,2322.16,2015,2015-10-08,Fall,23.75
403645099242701,PHELPS,40.61264497222222,-99.40752011111113,2297.96,2015,2015-10-08,Fall,26.11
403645099242702,PHELPS,40.61264497222222,-99.40752011111113,2297.96,2015,2015-10-08,Fall,26.5
403739099293601,PHELPS,40.62758555555556,-99.49344,2356.31,2015,2015-10-08,Fall,29.82
402853099135101,PHELPS,40.48150472222223,-99.23095833333332,2247.07,2015,2015-10-14,Fall,32.38
402853099135102,PHELPS,40.48150472222223,-99.23095833333332,2247.07,2015,2015-10-14,Fall,35.2
402854099213801,PHELPS,40.48158305555556,-99.36045888888889,2315.4,2015,2015-11-20,Fall,58.03
402854099213802,PHELPS,40.48158305555556,-99.36045888888889,2315.4,2015,2015-11-20,Fall,58.2
402421099112000,PHELPS,40.40549166666666,-99.18921666666668,2216.62,2015,2015-10-05,Fall,63.68
403315099351501,PHELPS,40.554270555555554,-99.58744083333332,2447.59,2015,2015-10-08,Fall,75.04
403315099351502,PHELPS,40.554270555555554,-99.58744083333332,2447.59,2015,2015-10-08,Fall,76.02
402513099164801,PHELPS,40.42006111111111,-99.27985277777778,2278.97,2015,2015-10-05,Fall,84.52
402404099383400,PHELPS,40.40166972222222,-99.64190722222224,2363.94,2015,2015-10-06,Fall,91.2
402423099152001,PHELPS,40.40643361111111,-99.2555336111111,2261.86,2015,2015-10-14,Fall,92.83
403946099383201,PHELPS,40.66301611111111,-99.64228555555556,2446.94,2015,2015-10-08,Fall,95.76
402532099222601,PHELPS,40.42564361111111,-99.37401277777776,2312.94,2015,2015-10-20,Fall,100.06
402532099222602,PHELPS,40.42564361111111,-99.37401277777776,2312.94,2015,2015-10-20,Fall,104.64
402233099341700,PHELPS,40.376269444444446,-99.57279166666666,2335.32,2015,2015-10-06,Fall,112.74
402342099143300,PHELPS,40.39436388888889,-99.24273333333332,2261.52,2015,2015-10-05,Fall,115.27
402636099271802,PHELPS,40.44343083333333,-99.45505,2362.54,2015,2015-11-20,Fall,134.67
402636099271801,PHELPS,40.44343083333333,-99.45505,2362.54,2015,2015-11-20,Fall,135.71
402334099293301,PHELPS,40.392735555555554,-99.49248916666669,2343.83,2015,2015-10-16,Fall,138.4
402334099293302,PHELPS,40.392735555555554,-99.49248916666669,2343.83,2015,2015-10-16,Fall,138.63
402200099160700,PHELPS,40.3669,-99.267175,2280.22,2015,2015-10-05,Fall,149.8
402326099185300,PHELPS,40.390366666666665,-99.31649722222222,2306.56,2015,2015-10-05,Fall,150.41
402649099350601,PHELPS,40.44692,-99.58488888888888,2428.0,2015,2015-10-16,Fall,151.39
402649099350602,PHELPS,40.44692,-99.58488888888888,2428.0,2015,2015-10-16,Fall,152.26
402906099342201,PHELPS,40.485083333333336,-99.57288888888888,2458.82,2015,2015-10-06,Fall,154.79
402813099382100,PHELPS,40.46941944444445,-99.63914166666667,2473.68,2015,2015-10-06,Fall,160.94
402756099320601,PHELPS,40.46654722222223,-99.53547222222224,2446.36,2015,2015-10-05,Fall,169.97
402458099344401,PHELPS,40.41608027777777,-99.57890388888887,2426.49,2015,2015-10-16,Fall,172.89
402458099344402,PHELPS,40.41608027777777,-99.57890388888887,2426.49,2015,2015-10-16,Fall,173.03
402609099350800,PHELPS,40.43199166666666,-99.58200277777776,2443.0,2015,2015-10-06,Fall,177.68
402630099305500,PHELPS,40.44133611111111,-99.51204166666666,2426.38,2015,2015-10-05,Fall,180.42
402159099301600,PHELPS,40.3649,-99.50220555555556,2377.49,2015,2015-10-05,Fall,183.72
402406099311800,PHELPS,40.40154444444444,-99.52104166666666,2406.07,2015,2015-10-05,Fall,184.17
402107099262000,PHELPS,40.35080555555556,-99.43768055555556,2363.91,2015,2015-10-05,Fall,200.99
402115099213100,PHELPS,40.35468888888889,-99.35943333333331,2345.58,2015,2015-10-05,Fall,204.94
402435099262900,PHELPS,40.40768055555555,-99.44083333333332,2405.19,2015,2015-10-05,Fall,209.19
402320099231001,PHELPS,40.38914722222222,-99.38615277777778,2384.17,2015,2015-10-09,Fall,216.83
403954099255801,PHELPS,40.667854,-99.4364595,2268.93,2016,2016-04-21,Spring,4.0
403322099264901,PHELPS,40.5543545569444,-99.4489925,2342.74,2016,2016-04-21,Spring,18.32
403322099272302,PHELPS,40.5545803,-99.4609332,2349.56,2016,2016-04-21,Spring,19.56
403433099250001,PHELPS,40.576331,-99.4179046,2315.55,2016,2016-04-21,Spring,20.79
403739099281601,PHELPS,40.627653,-99.4742905,2324.54,2016,2016-04-21,Spring,24.09
402945099151900,PHELPS,40.49312395,-99.25285328,2243.78,2016,2016-04-14,Spring,26.28
403328099181202,PHELPS,40.5577906,-99.3033482,2272.01,2016,2016-04-21,Spring,34.19
402851099130101,PHELPS,40.4809986,-99.2168379,2244.15,2016,2016-04-14,Spring,35.03
403124099152601,PHELPS,40.52215595,-99.25856338,2258.2,2016,2016-04-21,Spring,47.89
404007099294001,PHELPS,40.6709022,-99.4936146,2290.54,2016,2016-04-21,Spring,3.19
403941099331901,PHELPS,40.66044972,-99.55637462,2347.21,2016,2016-04-21,Spring,4.14
402200099160700,PHELPS,40.3669,-99.267175,2280.22,2016,2016-05-17,Spring,149.21
402326099185300,PHELPS,40.390366666666665,-99.31649722222222,2306.56,2016,2016-05-19,Spring,150.54
402649099350601,PHELPS,40.44692,-99.58488888888888,2428.0,2016,2016-05-10,Spring,150.91
402649099350602,PHELPS,40.44692,-99.58488888888888,2428.0,2016,2016-05-10,Spring,151.75
402906099342201,PHELPS,40.485083333333336,-99.57288888888888,2458.82,2016,2016-05-19,Spring,152.3
402813099382100,PHELPS,40.46941944444445,-99.63914166666667,2473.68,2016,2016-05-19,Spring,157.09
402756099320601,PHELPS,40.46654722222223,-99.53547222222224,2446.36,2016,2016-05-17,Spring,167.78
402458099344401,PHELPS,40.41608027777777,-99.57890388888887,2426.49,2016,2016-05-10,Spring,174.29
402458099344402,PHELPS,40.41608027777777,-99.57890388888887,2426.49,2016,2016-05-10,Spring,174.29
402609099350800,PHELPS,40.43199166666666,-99.58200277777776,2443.0,2016,2016-05-19,Spring,175.5
402630099305500,PHELPS,40.44133611111111,-99.51204166666666,2426.38,2016,2016-05-17,Spring,177.79
402159099301600,PHELPS,40.3649,-99.50220555555556,2377.49,2016,2016-05-17,Spring,182.94
402406099311800,PHELPS,40.40154444444444,-99.52104166666666,2406.07,2016,2016-05-17,Spring,183.48
402107099262000,PHELPS,40.35080555555556,-99.43768055555556,2363.91,2016,2016-05-17,Spring,200.05
402115099213100,PHELPS,40.35468888888889,-99.35943333333331,2345.58,2016,2016-05-17,Spring,204.11
402421099112000,PHELPS,40.40549166666666,-99.18921666666668,2216.62,2016,2016-05-17,Spring,61.13
402756099320601,PHELPS,40.46654722222223,-99.53547222222224,2446.36,2017,2017-04-03,Spring,168.59
402406099311800,PHELPS,40.40154444444444,-99.52104166666666,2406.07,2017,2017-04-03,Spring,183.89
402630099305500,PHELPS,40.44133611111111,-99.51204166666666,2426.38,2017,2017-04-03,Spring,178.74
402435099262900,PHELPS,40.40768055555555,-99.44083333333332,2405.19,2017,2017-04-03,Spring,208.62
402159099301600,PHELPS,40.3649,-99.50220555555556,2377.49,2017,2017-04-03,Spring,183.46
402115099213100,PHELPS,40.35468888888889,-99.35943333333331,2345.58,2017,2017-04-03,Spring,204.72
404006099282401,PHELPS,40.66854833333333,-99.4734825,2280.04,2017,2017-04-04,Spring,3.8
403927099293501,PHELPS,40.65755805555556,-99.49321666666668,2297.65,2017,2017-04-04,Spring,10.47
403949099293501,PHELPS,40.66383277777778,-99.49320805555556,2291.23,2017,2017-04-04,Spring,6.61
403832099293501,PHELPS,40.64230694444444,-99.49321833333332,2322.16,2017,2017-04-04,Spring,23.02
403739099293601,PHELPS,40.62758555555556,-99.49344,2356.31,2017,2017-04-04,Spring,34.74
404059099383501,PHELPS,40.68328583333333,-99.64316027777778,2343.11,2017,2017-04-04,Spring,14.63
404040099383501,PHELPS,40.67796833333333,-99.64313333333334,2346.64,2017,2017-04-04,Spring,12.2
403946099383201,PHELPS,40.66301611111111,-99.64228555555556,2446.94,2017,2017-04-04,Spring,98.06
404033099373001,PHELPS,40.67593911111111,-99.62515633333332,2339.74,2017,2017-04-04,Spring,9.65
404102099373001,PHELPS,40.68405933333333,-99.62523716666666,2334.85,2017,2017-04-04,Spring,10.31
404102099373002,PHELPS,40.68405933333333,-99.62523716666666,2334.85,2017,2017-04-04,Spring,8.66
403959099282801,PHELPS,40.66638638888889,-99.47439194444443,2282.17,2017,2017-04-04,Spring,4.8
403959099282802,PHELPS,40.66638638888889,-99.47439194444443,2282.17,2017,2017-04-04,Spring,4.85
402423099152001,PHELPS,40.40643361111111,-99.2555336111111,2261.86,2017,2017-04-05,Spring,96.09
402107099262000,PHELPS,40.35080555555556,-99.43768055555556,2363.91,2017,2017-04-06,Spring,201.05
402513099164801,PHELPS,40.42006111111111,-99.27985277777778,2278.97,2017,2017-04-06,Spring,83.46
402342099143300,PHELPS,40.39436388888889,-99.24273333333332,2261.52,2017,2017-04-06,Spring,116.4
402853099135101,PHELPS,40.48150472222223,-99.23095833333332,2247.07,2017,2017-04-06,Spring,36.23
402853099135102,PHELPS,40.48150472222223,-99.23095833333332,2247.07,2017,2017-04-06,Spring,38.15
403408099130501,PHELPS,40.56878722222223,-99.21816944444444,2216.56,2017,2017-04-06,Spring,20.61
403408099130502,PHELPS,40.56878722222223,-99.21816944444444,2216.56,2017,2017-04-06,Spring,20.51
402320099231001,PHELPS,40.38914722222222,-99.38615277777778,2384.17,2017,2017-04-06,Spring,216.54
402326099185300,PHELPS,40.390366666666665,-99.31649722222222,2306.56,2017,2017-04-06,Spring,152.33
402421099112000,PHELPS,40.40549166666666,-99.18921666666668,2216.62,2017,2017-04-06,Spring,62.46
402200099160700,PHELPS,40.3669,-99.267175,2280.22,2017,2017-04-06,Spring,150.02
402813099382100,PHELPS,40.46941944444445,-99.63914166666667,2473.68,2017,2017-04-11,Spring,158.33
402609099350800,PHELPS,40.43199166666666,-99.58200277777776,2443.0,2017,2017-04-11,Spring,176.59
402404099383400,PHELPS,40.40166972222222,-99.64190722222224,2363.94,2017,2017-04-11,Spring,89.72
402233099341700,PHELPS,40.376269444444446,-99.57279166666666,2335.32,2017,2017-04-11,Spring,113.38
402906099342201,PHELPS,40.485083333333336,-99.57288888888888,2458.82,2017,2017-04-11,Spring,153.65
403738099181101,PHELPS,40.62740444444445,-99.30320513888888,2241.2,2017,2017-04-12,Spring,23.06
403738099181102,PHELPS,40.62740444444445,-99.30320513888888,2241.2,2017,2017-04-12,Spring,22.94
403831099173501,PHELPS,40.642178,-99.29327591666666,2229.47,2017,2017-04-12,Spring,16.13
403831099173502,PHELPS,40.642178,-99.29327591666666,2229.47,2017,2017-04-12,Spring,16.37
403645099242701,PHELPS,40.61264497222222,-99.40752011111113,2297.96,2017,2017-04-12,Spring,25.27
403645099242702,PHELPS,40.61264497222222,-99.40752011111113,2297.96,2017,2017-04-12,Spring,25.87
403710099104601,PHELPS,40.6195145,-99.17947241666668,2193.97,2017,2017-04-12,Spring,20.36
403710099104602,PHELPS,40.6195145,-99.17947241666668,2193.97,2017,2017-04-12,Spring,20.48
403903099214301,PHELPS,40.650864722222224,-99.3618686111111,2248.47,2017,2017-04-12,Spring,12.37
403903099214302,PHELPS,40.650864722222224,-99.3618686111111,2248.47,2017,2017-04-12,Spring,12.13
403350099282701,PHELPS,40.56375277777777,-99.47419805555556,2351.95,2017,2017-04-12,Spring,22.41
403350099282702,PHELPS,40.56375277777777,-99.47419805555556,2351.95,2017,2017-04-12,Spring,22.51
403315099351501,PHELPS,40.554270555555554,-99.58744083333332,2447.59,2017,2017-04-17,Spring,76.49
403315099351502,PHELPS,40.554270555555554,-99.58744083333332,2447.59,2017,2017-04-17,Spring,78.56
402636099271801,PHELPS,40.44343083333333,-99.45505,2362.54,2017,2017-04-17,Spring,137.2
402458099344401,PHELPS,40.41608027777777,-99.57890388888887,2426.49,2017,2017-04-18,Spring,174.87
402458099344402,PHELPS,40.41608027777777,-99.57890388888887,2426.49,2017,2017-04-18,Spring,174.75
402334099293301,PHELPS,40.392735555555554,-99.49248916666669,2343.83,2017,2017-04-18,Spring,140.3
402334099293302,PHELPS,40.392735555555554,-99.49248916666669,2343.83,2017,2017-04-18,Spring,140.3
402636099271802,PHELPS,40.44343083333333,-99.45505,2362.54,2017,2017-04-19,Spring,138.38
402532099222601,PHELPS,40.42564361111111,-99.37401277777776,2312.94,2017,2017-04-20,Spring,103.0
402532099222602,PHELPS,40.42564361111111,-99.37401277777776,2312.94,2017,2017-04-20,Spring,106.96
402854099213801,PHELPS,40.48158305555556,-99.36045888888889,2315.4,2017,2017-04-20,Spring,60.05
402854099213802,PHELPS,40.48158305555556,-99.36045888888889,2315.4,2017,2017-04-20,Spring,60.05
402649099350601,PHELPS,40.44692,-99.58488888888888,2428.0,2017,2017-05-02,Spring,151.71
402649099350602,PHELPS,40.44692,-99.58488888888888,2428.0,2017,2017-05-02,Spring,151.98
402110099140001,PHELPS,40.351999,-99.2329232,2283.76,2017,2017-04-06,Spring,170.39
402124099201601,PHELPS,40.3563466,-99.3403749,2318.47,2017,2017-04-06,Spring,182.79
402716099212401,PHELPS,40.4529071,-99.3592878,2307.74,2017,2017-04-11,Spring,75.29
402853099104601,PHELPS,40.4815796,-99.179559,2221.31,2017,2017-04-07,Spring,23.89
402853099152001,PHELPS,40.4816481,-99.2557469,2251.06,2017,2017-04-07,Spring,32.32
402905099115301,PHELPS,40.4848551,-99.1983097,2241.11,2017,2017-04-07,Spring,38.21
402919099104601,PHELPS,40.4886216022222,-99.1795852,2229.35,2017,2017-04-07,Spring,31.44
402924099235501,PHELPS,40.4901949,-99.398706,2336.37,2017,2017-04-11,Spring,55.56
402952099114401,PHELPS,40.4961238363889,-99.1985012,2246.17,2017,2017-04-07,Spring,42.12
402952099161701,PHELPS,40.49624602,-99.2746825,2255.28,2017,2017-04-07,Spring,25.68
403037099111401,PHELPS,40.5103457694444,-99.1873426,2237.5,2017,2017-04-07,Spring,36.11
403037099135301,PHELPS,40.5105526386111,-99.2316379,2239.33,2017,2017-04-07,Spring,23.14
403037099313401,PHELPS,40.5104684,-99.5262137,2408.97,2017,2017-04-12,Spring,81.52
403104099130201,PHELPS,40.5179145,-99.2173248,2242.62,2017,2017-04-11,Spring,32.29
403125099295701,PHELPS,40.5247252,-99.4992246,2402.13,2017,2017-04-12,Spring,70.33
403137099330201,PHELPS,40.5263766547222,-99.5496279,2405.25,2017,2017-04-12,Spring,59.44
403138099190801,PHELPS,40.5255972,-99.3224515,2277.27,2017,2017-04-11,Spring,28.32
403138099235801,PHELPS,40.5255500233333,-99.399115,2328.14,2017,2017-04-11,Spring,29.19
403217099312001,PHELPS,40.5392815,-99.5207383,2451.89,2017,2017-04-12,Spring,109.52
403309099250701,PHELPS,40.5543784,-99.4199673,2322.67,2017,2017-04-12,Spring,14.26
403309099281401,PHELPS,40.5521635,-99.4737128,2354.64,2017,2017-04-12,Spring,11.19
403322099201601,PHELPS,40.5547811,-99.3416484,2267.67,2017,2017-04-11,Spring,10.04
403322099304801,PHELPS,40.5542755075,-99.5122815,2411.43,2017,2017-04-12,Spring,61.29
403322099371801,PHELPS,40.5557047,-99.6247601,2465.78,2017,2017-04-12,Spring,80.62
403348099114401,PHELPS,40.5613598133333,-99.1983188,2236.17,2017,2017-04-07,Spring,42.11
403431099362101,PHELPS,40.5754557,-99.6058865,2477.16,2017,2017-04-12,Spring,91.0
403453099141801,PHELPS,40.58307501,-99.2365144,2255.34,2017,2017-04-11,Spring,52.92
403453099190801,PHELPS,40.5807096794444,-99.3229107,2282.14,2017,2017-04-11,Spring,41.97
403506099350101,PHELPS,40.5833317,-99.5866221,2484.33,2017,2017-04-12,Spring,104.86
403507099234101,PHELPS,40.5836771413889,-99.3985091,2295.65,2017,2017-04-11,Spring,15.76
403520099201601,PHELPS,40.5886101475,-99.3416473,2265.95,2017,2017-04-11,Spring,18.78
403540099260001,PHELPS,40.5946306,-99.4353739,2323.77,2017,2017-04-12,Spring,28.11
403646099293301,PHELPS,40.6127772,-99.4935704,2354.25,2017,2017-04-12,Spring,21.4
403651099281401,PHELPS,40.613021,-99.4747929,2345.39,2017,2017-04-12,Spring,40.6
403730099373501,PHELPS,40.6268217,-99.6246292,2471.08,2017,2017-04-12,Spring,94.15
403822099324501,PHELPS,40.6415361,-99.5482644,2377.53,2017,2017-04-12,Spring,42.6
403902099313701,PHELPS,40.6483999,-99.5291531,2345.9,2017,2017-04-12,Spring,32.74
403915099190801,PHELPS,40.6573434,-99.3214291,2234.03,2017,2017-04-11,Spring,11.38
403928099333601,PHELPS,40.6571948,-99.5612991,2355.41,2017,2017-04-12,Spring,36.36
403941099331901,PHELPS,40.66044972,-99.55637462,2347.21,2017,2017-04-12,Spring,4.38
403941099342701,PHELPS,40.6636923,-99.5766538,2326.71,2017,2017-04-12,Spring,7.31
404007099294001,PHELPS,40.6709022,-99.4936146,2290.54,2017,2017-04-12,Spring,5.84
404007099351901,PHELPS,40.6709256,-99.5865622,2322.26,2017,2017-04-12,Spring,6.42
404020099355301,PHELPS,40.6710839,-99.5961084,2326.91,2017,2017-04-12,Spring,6.52
402945099151900,PHELPS,40.49312395,-99.25285328,2243.78,2017,2017-04-07,Spring,26.89
402851099130101,PHELPS,40.4809986,-99.2168379,2244.15,2017,2017-04-07,Spring,35.44
403328099181202,PHELPS,40.5577906,-99.3033482,2272.01,2017,2017-04-11,Spring,34.59
403433099250001,PHELPS,40.576331,-99.4179046,2315.55,2017,2017-04-12,Spring,21.92
403322099272302,PHELPS,40.5545803,-99.4609332,2349.56,2017,2017-04-12,Spring,21.12
403322099264901,PHELPS,40.5543545569444,-99.4489925,2342.74,2017,2017-04-12,Spring,18.52
403322099254101,PHELPS,40.5542755,-99.4303042,2335.12,2017,2017-04-12,Spring,13.54
403954099255801,PHELPS,40.667854,-99.4364595,2268.93,2017,2017-04-12,Spring,4.0
403739099281601,PHELPS,40.627653,-99.4742905,2324.54,2017,2017-04-12,Spring,23.84
402340099353701,PHELPS,40.39445302,-99.59399869,2264.29,2017,2017-04-20,Spring,24.79
402524099201601,PHELPS,40.42334431,-99.33815365,2312.07,2017,2017-04-21,Spring,119.08
402802099285801,PHELPS,40.46775,-99.48183333,2376.84,2017,2017-04-20,Spring,107.08
403123099261501,PHELPS,40.52446389,-99.436875,2361.96,2017,2017-04-20,Spring,45.25
403132099381001,PHELPS,40.52556319,-99.63650076,2517.21,2017,2017-04-20,Spring,156.42
403217099235801,PHELPS,40.53806574,-99.39982287,2321.45,2017,2017-04-20,Spring,27.29
403922099223301,PHELPS,40.65834351,-99.38037703,2253.27,2017,2017-04-20,Spring,9.2
404016099370201,PHELPS,40.6711189,-99.61760995,2335.44,2017,2017-04-20,Spring,5.72
402110099140001,PHELPS,40.351999,-99.2329232,2283.76,2018,2018-04-23,Spring,168.91
402124099201601,PHELPS,40.3563466,-99.3403749,2318.47,2018,2018-04-23,Spring,182.13
403104099130201,PHELPS,40.5179145,-99.2173248,2242.62,2018,2018-04-24,Spring,32.0
402952099161701,PHELPS,40.49624602,-99.2746825,2255.28,2018,2018-04-23,Spring,25.21
403037099135301,PHELPS,40.5105526386111,-99.2316379,2239.33,2018,2018-04-23,Spring,23.72
403037099111401,PHELPS,40.5103457694444,-99.1873426,2237.5,2018,2018-04-23,Spring,35.91
402952099114401,PHELPS,40.4961238363889,-99.1985012,2246.17,2018,2018-04-23,Spring,41.67
402905099115301,PHELPS,40.4848551,-99.1983097,2241.11,2018,2018-04-23,Spring,37.58
402919099104601,PHELPS,40.4886216022222,-99.1795852,2229.35,2018,2018-04-23,Spring,30.88
402853099104601,PHELPS,40.4815796,-99.179559,2221.31,2018,2018-04-23,Spring,23.14
402853099152001,PHELPS,40.4816481,-99.2557469,2251.06,2018,2018-04-23,Spring,31.47
402851099130101,PHELPS,40.4809986,-99.2168379,2244.15,2018,2018-04-23,Spring,35.2
402924099235501,PHELPS,40.4901949,-99.398706,2336.37,2018,2018-04-24,Spring,56.18
402716099212401,PHELPS,40.4529071,-99.3592878,2307.74,2018,2018-04-24,Spring,74.7
403123099261501,PHELPS,40.52446389,-99.436875,2361.96,2018,2018-04-17,Spring,44.75
403125099295701,PHELPS,40.5247252,-99.4992246,2402.13,2018,2018-04-17,Spring,70.55
403037099313401,PHELPS,40.5104684,-99.5262137,2408.97,2018,2018-04-17,Spring,81.35
402821099282901,PHELPS,40.47215973,-99.47068872,2363.91,2018,2018-04-17,Spring,96.65
403638099154301,PHELPS,40.60901195,-99.26298962,2222.0,2018,2018-04-24,Spring,17.65
403453099141801,PHELPS,40.58307501,-99.2365144,2255.34,2018,2018-04-24,Spring,53.03
403328099181202,PHELPS,40.5577906,-99.3033482,2272.01,2018,2018-04-24,Spring,34.65
403348099114401,PHELPS,40.5613598133333,-99.1983188,2236.17,2018,2018-04-23,Spring,42.16
403507099234101,PHELPS,40.5836771413889,-99.3985091,2295.65,2018,2018-04-24,Spring,15.73
403520099201601,PHELPS,40.5886101475,-99.3416473,2265.95,2018,2018-04-24,Spring,18.87
403453099190801,PHELPS,40.5807096794444,-99.3229107,2282.14,2018,2018-04-24,Spring,42.56
403322099201601,PHELPS,40.5547811,-99.3416484,2267.67,2018,2018-04-24,Spring,12.2
403138099235801,PHELPS,40.5255500233333,-99.399115,2328.14,2018,2018-04-24,Spring,29.39
403138099190801,PHELPS,40.5255972,-99.3224515,2277.27,2018,2018-04-24,Spring,27.8
403540099260001,PHELPS,40.5946306,-99.4353739,2323.77,2018,2018-04-17,Spring,28.4
403433099250001,PHELPS,40.576331,-99.4179046,2315.55,2018,2018-04-17,Spring,22.11
403322099304801,PHELPS,40.5542755075,-99.5122815,2411.43,2018,2018-04-17,Spring,61.24
403322099272302,PHELPS,40.5545803,-99.4609332,2349.56,2018,2018-04-17,Spring,20.81
403322099264901,PHELPS,40.5543545569444,-99.4489925,2342.74,2018,2018-04-17,Spring,18.5
403322099254101,PHELPS,40.5542755,-99.4303042,2335.12,2018,2018-04-17,Spring,14.07
403309099250701,PHELPS,40.5543784,-99.4199673,2322.67,2018,2018-04-17,Spring,14.31
403309099270601,PHELPS,40.55026689,-99.45178833,2342.87,2018,2018-04-17,Spring,19.44
403309099281401,PHELPS,40.5521635,-99.4737128,2354.64,2018,2018-04-17,Spring,11.26
403217099312001,PHELPS,40.5392815,-99.5207383,2451.89,2018,2018-04-17,Spring,103.41
403625099361001,PHELPS,40.60535831,-99.60306609,2454.12,2018,2018-04-17,Spring,90.0
403558099371801,PHELPS,40.5994522,-99.622055,2483.53,2018,2018-04-17,Spring,70.63
403506099350101,PHELPS,40.5833317,-99.5866221,2484.33,2018,2018-04-17,Spring,104.35
403431099362101,PHELPS,40.5754557,-99.6058865,2477.16,2018,2018-04-17,Spring,91.8
403322099371801,PHELPS,40.5557047,-99.6247601,2465.78,2018,2018-04-17,Spring,80.42
403137099330201,PHELPS,40.5263766547222,-99.5496279,2405.25,2018,2018-04-17,Spring,59.56
403915099190801,PHELPS,40.6573434,-99.3214291,2234.03,2018,2018-04-24,Spring,10.4
403954099255801,PHELPS,40.667854,-99.4364595,2268.93,2018,2018-04-17,Spring,3.72
404007099294001,PHELPS,40.6709022,-99.4936146,2290.54,2018,2018-04-17,Spring,5.14
403902099313701,PHELPS,40.6483999,-99.5291531,2345.9,2018,2018-04-17,Spring,33.4
403739099281601,PHELPS,40.627653,-99.4742905,2324.54,2018,2018-04-17,Spring,24.45
403646099293301,PHELPS,40.6127772,-99.4935704,2354.25,2018,2018-04-17,Spring,21.73
403651099281401,PHELPS,40.613021,-99.4747929,2345.39,2018,2018-04-17,Spring,41.14
404020099355301,PHELPS,40.6710839,-99.5961084,2326.91,2018,2018-04-17,Spring,6.73
403954099335301,PHELPS,40.6640455,-99.5668126,2327.34,2018,2018-04-17,Spring,10.8
403928099333601,PHELPS,40.6571948,-99.5612991,2355.41,2018,2018-04-17,Spring,36.7
403941099331901,PHELPS,40.66044972,-99.55637462,2347.21,2018,2018-04-17,Spring,8.69
403941099342701,PHELPS,40.6636923,-99.5766538,2326.71,2018,2018-04-17,Spring,7.63
404007099351901,PHELPS,40.6709256,-99.5865622,2322.26,2018,2018-04-17,Spring,6.16
403928099371801,PHELPS,40.655954,-99.6202609,2432.98,2018,2018-04-17,Spring,82.58
403822099324501,PHELPS,40.6415361,-99.5482644,2377.53,2018,2018-04-17,Spring,43.65
403730099373501,PHELPS,40.6268217,-99.6246292,2471.08,2018,2018-04-17,Spring,93.21
402340099353701,PHELPS,40.39445302,-99.59399869,2264.29,2018,2018-04-24,Spring,24.75
402524099201601,PHELPS,40.42334431,-99.33815365,2312.07,2018,2018-04-24,Spring,118.11
403123099261501,PHELPS,40.52446389,-99.436875,2361.96,2018,2018-05-02,Spring,45.94
403132099381001,PHELPS,40.52556319,-99.63650076,2517.21,2018,2018-04-24,Spring,156.1
403217099235801,PHELPS,40.53806574,-99.39982287,2321.45,2018,2018-05-07,Spring,28.04
403922099223301,PHELPS,40.65834351,-99.38037703,2253.27,2018,2018-05-07,Spring,9.1
404016099370201,PHELPS,40.6711189,-99.61760995,2335.44,2018,2018-05-07,Spring,4.92
402513099164801,PHELPS,40.42006111111111,-99.27985277777778,2278.97,2018,2018-04-05,Spring,82.86
402421099112000,PHELPS,40.40549166666666,-99.18921666666668,2216.62,2018,2018-04-05,Spring,61.61
402423099152001,PHELPS,40.40643361111111,-99.2555336111111,2261.86,2018,2018-04-09,Spring,96.38
402342099143300,PHELPS,40.39436388888889,-99.24273333333332,2261.52,2018,2018-04-05,Spring,116.44
402200099160700,PHELPS,40.3669,-99.267175,2280.22,2018,2018-04-05,Spring,150.01
402532099222601,PHELPS,40.42564361111111,-99.37401277777776,2312.94,2018,2018-04-21,Spring,102.6
402532099222602,PHELPS,40.42564361111111,-99.37401277777776,2312.94,2018,2018-04-21,Spring,106.43
402320099231001,PHELPS,40.38914722222222,-99.38615277777778,2384.17,2018,2018-04-05,Spring,216.08
402326099185300,PHELPS,40.390366666666665,-99.31649722222222,2306.56,2018,2018-04-05,Spring,150.13
402115099213100,PHELPS,40.35468888888889,-99.35943333333331,2345.58,2018,2018-04-05,Spring,204.69
402435099262900,PHELPS,40.40768055555555,-99.44083333333332,2405.19,2018,2018-04-05,Spring,208.33
402406099311800,PHELPS,40.40154444444444,-99.52104166666666,2406.07,2018,2018-04-11,Spring,183.8
402334099293301,PHELPS,40.392735555555554,-99.49248916666669,2343.83,2018,2018-04-12,Spring,139.88
402334099293302,PHELPS,40.392735555555554,-99.49248916666669,2343.83,2018,2018-04-12,Spring,140.05
402159099301600,PHELPS,40.3649,-99.50220555555556,2377.49,2018,2018-04-11,Spring,183.2
402107099262000,PHELPS,40.35080555555556,-99.43768055555556,2363.91,2018,2018-04-05,Spring,200.48
402609099350800,PHELPS,40.43199166666666,-99.58200277777776,2443.0,2018,2018-04-11,Spring,176.05
402458099344401,PHELPS,40.41608027777777,-99.57890388888887,2426.49,2018,2018-04-12,Spring,174.75
402458099344402,PHELPS,40.41608027777777,-99.57890388888887,2426.49,2018,2018-04-12,Spring,174.66
402404099383400,PHELPS,40.40166972222222,-99.64190722222224,2363.94,2018,2018-04-11,Spring,89.24
402233099341700,PHELPS,40.376269444444446,-99.57279166666666,2335.32,2018,2018-04-11,Spring,113.17
402853099135101,PHELPS,40.48150472222223,-99.23095833333332,2247.07,2018,2018-04-19,Spring,37.9
402853099135102,PHELPS,40.48150472222223,-99.23095833333332,2247.07,2018,2018-04-19,Spring,37.65
402854099213801,PHELPS,40.48158305555556,-99.36045888888889,2315.4,2018,2018-04-21,Spring,59.76
402854099213802,PHELPS,40.48158305555556,-99.36045888888889,2315.4,2018,2018-04-21,Spring,59.86
402630099305500,PHELPS,40.44133611111111,-99.51204166666666,2426.38,2018,2018-04-11,Spring,178.68
402636099271801,PHELPS,40.44343083333333,-99.45505,2362.54,2018,2018-04-21,Spring,137.02
402636099271802,PHELPS,40.44343083333333,-99.45505,2362.54,2018,2018-04-21,Spring,138.21
402906099342201,PHELPS,40.485083333333336,-99.57288888888888,2458.82,2018,2018-04-11,Spring,152.69
402813099382100,PHELPS,40.46941944444445,-99.63914166666667,2473.68,2018,2018-04-11,Spring,157.56
402756099320601,PHELPS,40.46654722222223,-99.53547222222224,2446.36,2018,2018-04-11,Spring,168.32
402649099350601,PHELPS,40.44692,-99.58488888888888,2428.0,2018,2018-04-12,Spring,152.35
402649099350602,PHELPS,40.44692,-99.58488888888888,2428.0,2018,2018-04-12,Spring,152.35
403408099130501,PHELPS,40.56878722222223,-99.21816944444444,2216.56,2018,2018-04-11,Spring,20.26
403408099130502,PHELPS,40.56878722222223,-99.21816944444444,2216.56,2018,2018-04-11,Spring,20.09
403645099242701,PHELPS,40.61264497222222,-99.40752011111113,2297.96,2018,2018-04-12,Spring,25.91
403645099242702,PHELPS,40.61264497222222,-99.40752011111113,2297.96,2018,2018-04-12,Spring,26.44
403350099282701,PHELPS,40.56375277777777,-99.47419805555556,2351.95,2018,2018-04-12,Spring,22.87
403350099282702,PHELPS,40.56375277777777,-99.47419805555556,2351.95,2018,2018-04-12,Spring,22.94
403315099351501,PHELPS,40.554270555555554,-99.58744083333332,2447.59,2018,2018-04-12,Spring,76.7
403315099351502,PHELPS,40.554270555555554,-99.58744083333332,2447.59,2018,2018-04-12,Spring,78.34
403831099173501,PHELPS,40.642178,-99.29327591666666,2229.47,2018,2018-04-11,Spring,15.92
403831099173502,PHELPS,40.642178,-99.29327591666666,2229.47,2018,2018-04-11,Spring,16.1
403738099181101,PHELPS,40.62740444444445,-99.30320513888888,2241.2,2018,2018-04-11,Spring,23.3
403738099181102,PHELPS,40.62740444444445,-99.30320513888888,2241.2,2018,2018-04-11,Spring,23.19
403710099104601,PHELPS,40.6195145,-99.17947241666668,2193.97,2018,2018-04-11,Spring,20.11
403710099104602,PHELPS,40.6195145,-99.17947241666668,2193.97,2018,2018-04-11,Spring,20.09
403903099214301,PHELPS,40.650864722222224,-99.3618686111111,2248.47,2018,2018-04-11,Spring,12.45
403903099214302,PHELPS,40.650864722222224,-99.3618686111111,2248.47,2018,2018-04-11,Spring,12.2
404006099282401,PHELPS,40.66854833333333,-99.4734825,2280.04,2018,2018-04-16,Spring,3.82
403959099282801,PHELPS,40.66638638888889,-99.47439194444443,2282.17,2018,2018-04-16,Spring,4.99
403959099282802,PHELPS,40.66638638888889,-99.47439194444443,2282.17,2018,2018-04-16,Spring,5.02
403949099293501,PHELPS,40.66383277777778,-99.49320805555556,2291.23,2018,2018-04-16,Spring,6.52
403927099293501,PHELPS,40.65755805555556,-99.49321666666668,2297.65,2018,2018-04-16,Spring,10.45
403832099293501,PHELPS,40.64230694444444,-99.49321833333332,2322.16,2018,2018-04-16,Spring,23.82
403739099293601,PHELPS,40.62758555555556,-99.49344,2356.31,2018,2018-04-16,Spring,34.51
404059099383501,PHELPS,40.68328583333333,-99.64316027777778,2343.11,2018,2018-04-16,Spring,14.72
404040099383501,PHELPS,40.67796833333333,-99.64313333333334,2346.64,2018,2018-04-16,Spring,12.87
404033099373001,PHELPS,40.67593911111111,-99.62515633333332,2339.74,2018,2018-04-16,Spring,10.17
404102099373001,PHELPS,40.68405933333333,-99.62523716666666,2334.85,2018,2018-04-16,Spring,10.44
404102099373002,PHELPS,40.68405933333333,-99.62523716666666,2334.85,2018,2018-04-16,Spring,9.05
403946099383201,PHELPS,40.66301611111111,-99.64228555555556,2446.94,2018,2018-04-16,Spring,98.54
402340099353701,PHELPS,40.39445302,-99.59399869,2264.29,2019,2019-04-17,Spring,24.11
402524099201601,PHELPS,40.42334431,-99.33815365,2312.07,2019,2019-04-17,Spring,124.9
402802099285801,PHELPS,40.46775,-99.48183333,2376.84,2019,2019-04-17,Spring,105.02
403132099381001,PHELPS,40.52556319,-99.63650076,2517.21,2019,2019-04-17,Spring,154.78
403217099235801,PHELPS,40.53806574,-99.39982287,2321.45,2019,2019-04-18,Spring,23.39
403922099223301,PHELPS,40.65834351,-99.38037703,2253.27,2019,2019-04-18,Spring,6.92
404016099370201,PHELPS,40.6711189,-99.61760995,2335.44,2019,2019-04-18,Spring,5.28
402110099140001,PHELPS,40.351999,-99.2329232,2283.76,2019,2019-04-03,Spring,165.8
402124099201601,PHELPS,40.3563466,-99.3403749,2318.47,2019,2019-04-03,Spring,180.91
402716099212401,PHELPS,40.4529071,-99.3592878,2307.74,2019,2019-04-03,Spring,72.9
402851099130101,PHELPS,40.4809986,-99.2168379,2244.15,2019,2019-04-03,Spring,30.52
402853099104601,PHELPS,40.4815796,-99.179559,2221.31,2019,2019-04-03,Spring,20.85
402853099152001,PHELPS,40.4816481,-99.2557469,2251.06,2019,2019-04-03,Spring,27.67
402905099115301,PHELPS,40.4848551,-99.1983097,2241.11,2019,2019-04-03,Spring,35.14
402919099104601,PHELPS,40.4886216022222,-99.1795852,2229.35,2019,2019-04-03,Spring,29.44
402924099235501,PHELPS,40.4901949,-99.398706,2336.37,2019,2019-04-03,Spring,55.86
402952099114401,PHELPS,40.4961238363889,-99.1985012,2246.17,2019,2019-04-03,Spring,39.07
402952099161701,PHELPS,40.49624602,-99.2746825,2255.28,2019,2019-04-03,Spring,23.44
403037099111401,PHELPS,40.5103457694444,-99.1873426,2237.5,2019,2019-04-03,Spring,33.12
403037099135301,PHELPS,40.5105526386111,-99.2316379,2239.33,2019,2019-04-03,Spring,18.92
403037099313401,PHELPS,40.5104684,-99.5262137,2408.97,2019,2019-04-03,Spring,79.9
403104099130201,PHELPS,40.5179145,-99.2173248,2242.62,2019,2019-04-03,Spring,28.99
403123099261501,PHELPS,40.52446389,-99.436875,2361.96,2019,2019-04-03,Spring,42.04
403125099295701,PHELPS,40.5247252,-99.4992246,2402.13,2019,2019-04-03,Spring,69.6
403137099330201,PHELPS,40.5263766547222,-99.5496279,2405.25,2019,2019-04-03,Spring,57.37
403138099190801,PHELPS,40.5255972,-99.3224515,2277.27,2019,2019-04-03,Spring,24.6
403138099235801,PHELPS,40.5255500233333,-99.399115,2328.14,2019,2019-04-03,Spring,27.95
403217099312001,PHELPS,40.5392815,-99.5207383,2451.89,2019,2019-04-03,Spring,104.2
403309099250701,PHELPS,40.5543784,-99.4199673,2322.67,2019,2019-04-03,Spring,10.96
403309099281401,PHELPS,40.5521635,-99.4737128,2354.64,2019,2019-04-03,Spring,10.93
403322099201601,PHELPS,40.5547811,-99.3416484,2267.67,2019,2019-04-03,Spring,1.72
403322099254101,PHELPS,40.5542755,-99.4303042,2335.12,2019,2019-04-03,Spring,14.02
403322099264901,PHELPS,40.5543545569444,-99.4489925,2342.74,2019,2019-04-03,Spring,14.89
403322099272302,PHELPS,40.5545803,-99.4609332,2349.56,2019,2019-04-03,Spring,16.68
403322099304801,PHELPS,40.5542755075,-99.5122815,2411.43,2019,2019-04-03,Spring,60.29
403322099371801,PHELPS,40.5557047,-99.6247601,2465.78,2019,2019-04-03,Spring,79.7
403328099181202,PHELPS,40.5577906,-99.3033482,2272.01,2019,2019-04-03,Spring,34.5
403348099114401,PHELPS,40.5613598133333,-99.1983188,2236.17,2019,2019-04-03,Spring,41.19
403431099362101,PHELPS,40.5754557,-99.6058865,2477.16,2019,2019-04-03,Spring,91.4
403433099250001,PHELPS,40.576331,-99.4179046,2315.55,2019,2019-04-03,Spring,17.32
403453099141801,PHELPS,40.58307501,-99.2365144,2255.34,2019,2019-04-03,Spring,53.65
403453099190801,PHELPS,40.5807096794444,-99.3229107,2282.14,2019,2019-04-03,Spring,41.87
403506099350101,PHELPS,40.5833317,-99.5866221,2484.33,2019,2019-04-03,Spring,104.6
403507099234101,PHELPS,40.5836771413889,-99.3985091,2295.65,2019,2019-04-03,Spring,12.4
403520099201601,PHELPS,40.5886101475,-99.3416473,2265.95,2019,2019-04-03,Spring,17.37
403540099260001,PHELPS,40.5946306,-99.4353739,2323.77,2019,2019-04-03,Spring,24.7
403646099293301,PHELPS,40.6127772,-99.4935704,2354.25,2019,2019-04-03,Spring,16.4
403651099281401,PHELPS,40.613021,-99.4747929,2345.39,2019,2019-04-03,Spring,38.43
403730099373501,PHELPS,40.6268217,-99.6246292,2471.08,2019,2019-04-03,Spring,75.68
403739099281601,PHELPS,40.627653,-99.4742905,2324.54,2019,2019-04-03,Spring,20.73
403822099324501,PHELPS,40.6415361,-99.5482644,2377.53,2019,2019-04-03,Spring,41.98
403902099313701,PHELPS,40.6483999,-99.5291531,2345.9,2019,2019-04-03,Spring,32.3
403915099190801,PHELPS,40.6573434,-99.3214291,2234.03,2019,2019-04-03,Spring,8.1
403928099333601,PHELPS,40.6571948,-99.5612991,2355.41,2019,2019-04-03,Spring,36.0
403928099371801,PHELPS,40.655954,-99.6202609,2432.98,2019,2019-04-03,Spring,82.08
403941099342701,PHELPS,40.6636923,-99.5766538,2326.71,2019,2019-04-03,Spring,3.93
403954099255801,PHELPS,40.667854,-99.4364595,2268.93,2019,2019-04-03,Spring,3.29
403954099335301,PHELPS,40.6640455,-99.5668126,2327.34,2019,2019-04-03,Spring,10.5
404007099294001,PHELPS,40.6709022,-99.4936146,2290.54,2019,2019-04-03,Spring,4.7
404007099351901,PHELPS,40.6709256,-99.5865622,2322.26,2019,2019-04-03,Spring,6.39
404020099355301,PHELPS,40.6710839,-99.5961084,2326.91,2019,2019-04-03,Spring,6.52
402513099164801,PHELPS,40.42006111111111,-99.27985277777778,2278.97,2019,2019-04-02,Spring,81.26
402421099112000,PHELPS,40.40549166666666,-99.18921666666668,2216.62,2019,2019-04-02,Spring,61.24
402342099143300,PHELPS,40.39436388888889,-99.24273333333332,2261.52,2019,2019-04-02,Spring,115.97
402423099152001,PHELPS,40.40643361111111,-99.2555336111111,2261.86,2019,2019-04-04,Spring,96.61
402200099160700,PHELPS,40.3669,-99.267175,2280.22,2019,2019-04-02,Spring,149.67
402532099222601,PHELPS,40.42564361111111,-99.37401277777776,2312.94,2019,2019-04-14,Spring,98.65
402532099222602,PHELPS,40.42564361111111,-99.37401277777776,2312.94,2019,2019-04-14,Spring,104.29
402320099231001,PHELPS,40.38914722222222,-99.38615277777778,2384.17,2019,2019-04-05,Spring,214.56
402326099185300,PHELPS,40.390366666666665,-99.31649722222222,2306.56,2019,2019-04-02,Spring,151.11
402115099213100,PHELPS,40.35468888888889,-99.35943333333331,2345.58,2019,2019-04-01,Spring,203.54
402435099262900,PHELPS,40.40768055555555,-99.44083333333332,2405.19,2019,2019-04-01,Spring,206.92
402406099311800,PHELPS,40.40154444444444,-99.52104166666666,2406.07,2019,2019-04-01,Spring,182.86
402334099293301,PHELPS,40.392735555555554,-99.49248916666669,2343.83,2019,2019-04-24,Spring,138.98
402334099293302,PHELPS,40.392735555555554,-99.49248916666669,2343.83,2019,2019-04-24,Spring,139.06
402159099301600,PHELPS,40.3649,-99.50220555555556,2377.49,2019,2019-04-01,Spring,182.51
402107099262000,PHELPS,40.35080555555556,-99.43768055555556,2363.91,2019,2019-04-01,Spring,199.55
402609099350800,PHELPS,40.43199166666666,-99.58200277777776,2443.0,2019,2019-04-01,Spring,174.44
402458099344401,PHELPS,40.41608027777777,-99.57890388888887,2426.49,2019,2019-04-29,Spring,173.76
402458099344402,PHELPS,40.41608027777777,-99.57890388888887,2426.49,2019,2019-04-29,Spring,173.58
402404099383400,PHELPS,40.40166972222222,-99.64190722222224,2363.94,2019,2019-04-02,Spring,87.22
402233099341700,PHELPS,40.376269444444446,-99.57279166666666,2335.32,2019,2019-04-02,Spring,112.91
402853099135101,PHELPS,40.48150472222223,-99.23095833333332,2247.07,2019,2019-04-05,Spring,33.15
402853099135102,PHELPS,40.48150472222223,-99.23095833333332,2247.07,2019,2019-04-05,Spring,32.96
402854099213801,PHELPS,40.48158305555556,-99.36045888888889,2315.4,2019,2019-04-14,Spring,56.96
402854099213802,PHELPS,40.48158305555556,-99.36045888888889,2315.4,2019,2019-04-14,Spring,57.06
402636099271801,PHELPS,40.44343083333333,-99.45505,2362.54,2019,2019-04-25,Spring,135.08
402636099271802,PHELPS,40.44343083333333,-99.45505,2362.54,2019,2019-04-25,Spring,136.38
402906099342201,PHELPS,40.485083333333336,-99.57288888888888,2458.82,2019,2019-04-01,Spring,150.65
402813099382100,PHELPS,40.46941944444445,-99.63914166666667,2473.68,2019,2019-04-01,Spring,156.2
402756099320601,PHELPS,40.46654722222223,-99.53547222222224,2446.36,2019,2019-04-01,Spring,165.63
402649099350601,PHELPS,40.44692,-99.58488888888888,2428.0,2019,2019-04-25,Spring,149.82
402649099350602,PHELPS,40.44692,-99.58488888888888,2428.0,2019,2019-04-25,Spring,150.66
403408099130501,PHELPS,40.56878722222223,-99.21816944444444,2216.56,2019,2019-04-05,Spring,18.67
403408099130502,PHELPS,40.56878722222223,-99.21816944444444,2216.56,2019,2019-04-05,Spring,18.79
403645099242701,PHELPS,40.61264497222222,-99.40752011111113,2297.96,2019,2019-04-02,Spring,23.68
403645099242702,PHELPS,40.61264497222222,-99.40752011111113,2297.96,2019,2019-04-02,Spring,24.09
403350099282701,PHELPS,40.56375277777777,-99.47419805555556,2351.95,2019,2019-04-24,Spring,18.77
403350099282702,PHELPS,40.56375277777777,-99.47419805555556,2351.95,2019,2019-04-24,Spring,18.8
403315099351501,PHELPS,40.554270555555554,-99.58744083333332,2447.59,2019,2019-04-24,Spring,75.05
403315099351502,PHELPS,40.554270555555554,-99.58744083333332,2447.59,2019,2019-04-24,Spring,76.35
403738099181101,PHELPS,40.62740444444445,-99.30320513888888,2241.2,2019,2019-04-14,Spring,20.69
403738099181102,PHELPS,40.62740444444445,-99.30320513888888,2241.2,2019,2019-04-14,Spring,20.59
403831099173501,PHELPS,40.642178,-99.29327591666666,2229.47,2019,2019-04-14,Spring,12.81
403831099173502,PHELPS,40.642178,-99.29327591666666,2229.47,2019,2019-04-14,Spring,13.26
403710099104601,PHELPS,40.6195145,-99.17947241666668,2193.97,2019,2019-04-08,Spring,17.46
403710099104602,PHELPS,40.6195145,-99.17947241666668,2193.97,2019,2019-04-08,Spring,17.27
403903099214301,PHELPS,40.650864722222224,-99.3618686111111,2248.47,2019,2019-04-14,Spring,9.87
403903099214302,PHELPS,40.650864722222224,-99.3618686111111,2248.47,2019,2019-04-14,Spring,9.67
404006099282401,PHELPS,40.66854833333333,-99.4734825,2280.04,2019,2019-04-02,Spring,3.16
403927099293501,PHELPS,40.65755805555556,-99.49321666666668,2297.65,2019,2019-04-02,Spring,10.03
403949099293501,PHELPS,40.66383277777778,-99.49320805555556,2291.23,2019,2019-04-02,Spring,6.46
403959099282801,PHELPS,40.66638638888889,-99.47439194444443,2282.17,2019,2019-04-02,Spring,4.61
403959099282802,PHELPS,40.66638638888889,-99.47439194444443,2282.17,2019,2019-04-02,Spring,4.54
403832099293501,PHELPS,40.64230694444444,-99.49321833333332,2322.16,2019,2019-04-01,Spring,22.15
403739099293601,PHELPS,40.62758555555556,-99.49344,2356.31,2019,2019-04-02,Spring,32.6
404033099373001,PHELPS,40.67593911111111,-99.62515633333332,2339.74,2019,2019-04-02,Spring,9.2
404040099383501,PHELPS,40.67796833333333,-99.64313333333334,2346.64,2019,2019-04-02,Spring,11.92
404059099383501,PHELPS,40.68328583333333,-99.64316027777778,2343.11,2019,2019-04-02,Spring,15.3
404102099373001,PHELPS,40.68405933333333,-99.62523716666666,2334.85,2019,2019-04-02,Spring,10.67
404102099373002,PHELPS,40.68405933333333,-99.62523716666666,2334.85,2019,2019-04-02,Spring,8.64
403946099383201,PHELPS,40.66301611111111,-99.64228555555556,2446.94,2019,2019-04-02,Spring,97.82
402835099281401,PHELPS,40.47235556,-99.4740667,2369.23,2008,2008-04-09,,95.0
402835099281401,PHELPS,40.47235556,-99.4740667,2369.23,2008,2008-10-14,,98.11
402835099281401,PHELPS,40.47235556,-99.4740667,2369.23,2009,2009-04-16,,93.84
402835099281401,PHELPS,40.47235556,-99.4740667,2369.23,2009,2009-10-16,,97.79
402835099281401,PHELPS,40.47235556,-99.4740667,2369.23,2010,2010-04-26,,94.24
402835099281401,PHELPS,40.47235556,-99.4740667,2369.23,2010,2010-10-14,,95.08
402835099281401,PHELPS,40.47235556,-99.4740667,2369.23,2011,2011-04-20,,91.88
402835099281401,PHELPS,40.47235556,-99.4740667,2369.23,2011,2011-10-11,,92.26
402900099150901,PHELPS,40.48334518,-99.2528722,2243.11,2008,2008-04-07,,20.28
402900099150901,PHELPS,40.48334518,-99.2528722,2243.11,2008,2008-10-09,,18.95
402900099150901,PHELPS,40.48334518,-99.2528722,2243.11,2009,2009-04-15,,18.94
402900099150901,PHELPS,40.48334518,-99.2528722,2243.11,2009,2009-10-14,,20.28
402900099150901,PHELPS,40.48334518,-99.2528722,2243.11,2010,2010-04-22,,19.05
402900099150901,PHELPS,40.48334518,-99.2528722,2243.11,2010,2010-10-12,,17.45
402900099150901,PHELPS,40.48334518,-99.2528722,2243.11,2011,2011-04-18,,17.25
402900099150901,PHELPS,40.48334518,-99.2528722,2243.11,2011,2011-10-10,,16.42
403322099254102,PHELPS,40.554275,-99.4303056,2335.12,2008,2008-04-08,,16.84
403322099254102,PHELPS,40.554275,-99.4303056,2335.12,2008,2008-10-10,,16.08
403322099254102,PHELPS,40.554275,-99.4303056,2335.12,2009,2009-04-16,,15.72
403322099254102,PHELPS,40.554275,-99.4303056,2335.12,2009,2009-10-15,,15.54
403322099254102,PHELPS,40.554275,-99.4303056,2335.12,2010,2010-04-23,,14.18
403322099254102,PHELPS,40.554275,-99.4303056,2335.12,2010,2010-10-13,,13.07
403322099254102,PHELPS,40.554275,-99.4303056,2335.12,2011,2011-04-20,,15.02
403322099254102,PHELPS,40.554275,-99.4303056,2335.12,2011,2011-10-11,,10.15
403322099264902,PHELPS,40.55435556,-99.4489917,2343.0,2008,2008-04-08,,14.44
403322099264902,PHELPS,40.55435556,-99.4489917,2343.0,2008,2008-10-10,,13.86
403322099264902,PHELPS,40.55435556,-99.4489917,2343.0,2009,2009-04-16,,13.54
403322099264902,PHELPS,40.55435556,-99.4489917,2343.0,2009,2009-10-15,,13.2
403322099264902,PHELPS,40.55435556,-99.4489917,2343.0,2010,2010-04-23,,12.78
403322099264902,PHELPS,40.55435556,-99.4489917,2343.0,2010,2010-10-13,,11.22
403322099264902,PHELPS,40.55435556,-99.4489917,2343.0,2011,2011-04-20,,12.25
403322099264902,PHELPS,40.55435556,-99.4489917,2343.0,2011,2011-10-11,,10.98
403810099281401,PHELPS,40.62765278,-99.4742917,2324.54,2008,2008-04-08,,21.7
403810099281401,PHELPS,40.62765278,-99.4742917,2324.54,2008,2008-10-10,,22.3
403810099281401,PHELPS,40.62765278,-99.4742917,2324.54,2009,2009-04-16,,20.4
403810099281401,PHELPS,40.62765278,-99.4742917,2324.54,2009,2009-10-15,,22.6
403810099281401,PHELPS,40.62765278,-99.4742917,2324.54,2010,2010-04-23,,19.7
403810099281401,PHELPS,40.62765278,-99.4742917,2324.54,2010,2010-10-13,,19.2
403810099281401,PHELPS,40.62765278,-99.4742917,2324.54,2011,2011-04-20,,19.4
403810099281401,PHELPS,40.62765278,-99.4742917,2324.54,2011,2011-10-11,,19.28
402110099140001,PHELPS,40.351999,-99.2329232,2283.76,2020,2020-04-13,Spring,166.5
402124099201601,PHELPS,40.3563466,-99.3403749,2318.47,2020,2020-04-13,Spring,180.5
402716099212401,PHELPS,40.4529071,-99.3592878,2307.74,2020,2020-04-13,Spring,68.1
402952099114401,PHELPS,40.4961238363889,-99.1985012,2246.17,2020,2020-04-13,Spring,35.88
402952099161701,PHELPS,40.49624602,-99.2746825,2255.28,2020,2020-04-13,Spring,18.67
403138099190801,PHELPS,40.5255972,-99.3224515,2277.27,2020,2020-04-13,Spring,21.9
403138099235801,PHELPS,40.5255500233333,-99.399115,2328.14,2020,2020-04-13,Spring,23.8
403322099201601,PHELPS,40.5547811,-99.3416484,2267.67,2020,2020-04-13,Spring,2.85
403348099114401,PHELPS,40.5613598133333,-99.1983188,2236.17,2020,2020-04-13,Spring,37.01
403453099141801,PHELPS,40.58307501,-99.2365144,2255.34,2020,2020-04-13,Spring,47.97
403453099190801,PHELPS,40.5807096794444,-99.3229107,2282.14,2020,2020-04-13,Spring,36.26
403507099234101,PHELPS,40.5836771413889,-99.3985091,2295.65,2020,2020-04-13,Spring,9.91
403520099201601,PHELPS,40.5886101475,-99.3416473,2265.95,2020,2020-04-13,Spring,13.1
403915099190801,PHELPS,40.6573434,-99.3214291,2234.03,2020,2020-04-13,Spring,7.6
403123099261501,PHELPS,40.52446389,-99.436875,2361.96,2020,2020-04-14,Spring,37.85
403125099295701,PHELPS,40.5247252,-99.4992246,2402.13,2020,2020-04-14,Spring,61.9
403217099312001,PHELPS,40.5392815,-99.5207383,2451.89,2020,2020-04-14,Spring,98.2
403309099250701,PHELPS,40.5543784,-99.4199673,2322.67,2020,2020-04-14,Spring,9.38
403309099281401,PHELPS,40.5521635,-99.4737128,2354.64,2020,2020-04-14,Spring,10.23
403322099304801,PHELPS,40.5542755075,-99.5122815,2411.43,2020,2020-04-14,Spring,55.59
403322099371801,PHELPS,40.5557047,-99.6247601,2465.78,2020,2020-04-14,Spring,74.9
403506099350101,PHELPS,40.5833317,-99.5866221,2484.33,2020,2020-04-14,Spring,100.7
403646099293301,PHELPS,40.6127772,-99.4935704,2354.25,2020,2020-04-14,Spring,17.4
403730099373501,PHELPS,40.6268217,-99.6246292,2471.08,2020,2020-04-14,Spring,86.68
403822099324501,PHELPS,40.6415361,-99.5482644,2377.53,2020,2020-04-14,Spring,40.13
403902099313701,PHELPS,40.6483999,-99.5291531,2345.9,2020,2020-04-14,Spring,32.5
403928099333601,PHELPS,40.6571948,-99.5612991,2355.41,2020,2020-04-14,Spring,35.7
403928099371801,PHELPS,40.655954,-99.6202609,2432.98,2020,2020-04-14,Spring,81.18
403941099331901,PHELPS,40.66044972,-99.55637462,2347.21,2020,2020-04-14,Spring,4.7
403941099342701,PHELPS,40.6636923,-99.5766538,2326.71,2020,2020-04-14,Spring,8.09
403954099335301,PHELPS,40.6640455,-99.5668126,2327.34,2020,2020-04-14,Spring,11.3
404007099294001,PHELPS,40.6709022,-99.4936146,2290.54,2020,2020-04-14,Spring,5.9
404007099351901,PHELPS,40.6709256,-99.5865622,2322.26,2020,2020-04-14,Spring,6.39
404020099355301,PHELPS,40.6710839,-99.5961084,2326.91,2020,2020-04-14,Spring,6.67
402107099262000,PHELPS,40.35080555555556,-99.43768055555556,2363.91,2020,2020-04-15,Spring,196.3
402115099213100,PHELPS,40.35468888888889,-99.35943333333331,2345.58,2020,2020-04-15,Spring,202.4
402159099301600,PHELPS,40.3649,-99.50220555555556,2377.49,2020,2020-04-15,Spring,180.9
402200099160700,PHELPS,40.3669,-99.267175,2280.22,2020,2020-04-15,Spring,146.82
402233099341700,PHELPS,40.376269444444446,-99.57279166666666,2335.32,2020,2020-04-15,Spring,111.75
402320099231001,PHELPS,40.38914722222222,-99.38615277777778,2384.17,2020,2020-04-23,Spring,213.37
402326099185300,PHELPS,40.390366666666665,-99.31649722222222,2306.56,2020,2020-04-15,Spring,149.42
402334099293301,PHELPS,40.392735555555554,-99.49248916666669,2343.83,2020,2020-04-23,Spring,136.85
402334099293302,PHELPS,40.392735555555554,-99.49248916666669,2343.83,2020,2020-04-23,Spring,137.1
402342099143300,PHELPS,40.39436388888889,-99.24273333333332,2261.52,2020,2020-04-15,Spring,112.97
402404099383400,PHELPS,40.40166972222222,-99.64190722222224,2363.94,2020,2020-04-15,Spring,85.58
402406099311800,PHELPS,40.40154444444444,-99.52104166666666,2406.07,2020,2020-04-15,Spring,181.25
402421099112000,PHELPS,40.40549166666666,-99.18921666666668,2216.62,2020,2020-04-15,Spring,57.35
402423099152001,PHELPS,40.40643361111111,-99.2555336111111,2261.86,2020,2020-04-22,Spring,92.61
402435099262900,PHELPS,40.40768055555555,-99.44083333333332,2405.19,2020,2020-04-23,Spring,205.23
402458099344401,PHELPS,40.41608027777777,-99.57890388888887,2426.49,2020,2020-04-21,Spring,172.4
402458099344402,PHELPS,40.41608027777777,-99.57890388888887,2426.49,2020,2020-04-21,Spring,172.34
402513099164801,PHELPS,40.42006111111111,-99.27985277777778,2278.97,2020,2020-04-15,Spring,77.61
402532099222602,PHELPS,40.42564361111111,-99.37401277777776,2312.94,2020,2020-05-18,Spring,100.92
402609099350800,PHELPS,40.43199166666666,-99.58200277777776,2443.0,2020,2020-04-15,Spring,173.09
402630099305500,PHELPS,40.44133611111111,-99.51204166666666,2426.38,2020,2020-04-15,Spring,174.8
402636099271801,PHELPS,40.44343083333333,-99.45505,2362.54,2020,2020-04-23,Spring,134.2
402636099271802,PHELPS,40.44343083333333,-99.45505,2362.54,2020,2020-04-23,Spring,132.89
402649099350601,PHELPS,40.44692,-99.58488888888888,2428.0,2020,2020-04-21,Spring,148.0
402649099350602,PHELPS,40.44692,-99.58488888888888,2428.0,2020,2020-04-21,Spring,148.89
402756099320601,PHELPS,40.46654722222223,-99.53547222222224,2446.36,2020,2020-04-15,Spring,163.96
402813099382100,PHELPS,40.46941944444445,-99.63914166666667,2473.68,2020,2020-04-15,Spring,153.1
402853099135101,PHELPS,40.48150472222223,-99.23095833333332,2247.07,2020,2020-04-15,Spring,31.72
402853099135102,PHELPS,40.48150472222223,-99.23095833333332,2247.07,2020,2020-04-15,Spring,31.5
402854099213801,PHELPS,40.48158305555556,-99.36045888888889,2315.4,2020,2020-05-04,Spring,55.99
402854099213802,PHELPS,40.48158305555556,-99.36045888888889,2315.4,2020,2020-05-04,Spring,57.56
402906099342201,PHELPS,40.485083333333336,-99.57288888888888,2458.82,2020,2020-04-15,Spring,148.1
403315099351501,PHELPS,40.554270555555554,-99.58744083333332,2447.59,2020,2020-05-15,Spring,71.15
403315099351502,PHELPS,40.554270555555554,-99.58744083333332,2447.59,2020,2020-05-15,Spring,73.79
403350099282701,PHELPS,40.56375277777777,-99.47419805555556,2351.95,2020,2020-05-05,Spring,17.1
403350099282702,PHELPS,40.56375277777777,-99.47419805555556,2351.95,2020,2020-05-05,Spring,17.18
403408099130501,PHELPS,40.56878722222223,-99.21816944444444,2216.56,2020,2020-04-27,Spring,14.49
403408099130502,PHELPS,40.56878722222223,-99.21816944444444,2216.56,2020,2020-04-27,Spring,15.11
403645099242701,PHELPS,40.61264497222222,-99.40752011111113,2297.96,2020,2020-05-05,Spring,19.23
403645099242702,PHELPS,40.61264497222222,-99.40752011111113,2297.96,2020,2020-05-05,Spring,19.97
403710099104601,PHELPS,40.6195145,-99.17947241666668,2193.97,2020,2020-04-27,Spring,14.0
403710099104602,PHELPS,40.6195145,-99.17947241666668,2193.97,2020,2020-04-27,Spring,14.41
403738099181101,PHELPS,40.62740444444445,-99.30320513888888,2241.2,2020,2020-05-15,Spring,16.15
403738099181102,PHELPS,40.62740444444445,-99.30320513888888,2241.2,2020,2020-05-05,Spring,16.09
403739099293601,PHELPS,40.62758555555556,-99.49344,2356.31,2020,2020-04-30,Spring,32.65
403831099173501,PHELPS,40.642178,-99.29327591666666,2229.47,2020,2020-04-28,Spring,10.02
403831099173502,PHELPS,40.642178,-99.29327591666666,2229.47,2020,2020-04-28,Spring,10.5
403832099293501,PHELPS,40.64230694444444,-99.49321833333332,2322.16,2020,2020-05-01,Spring,22.15
403903099214301,PHELPS,40.650864722222224,-99.3618686111111,2248.47,2020,2020-04-28,Spring,7.96
403903099214302,PHELPS,40.650864722222224,-99.3618686111111,2248.47,2020,2020-04-28,Spring,7.79
403927099293501,PHELPS,40.65755805555556,-99.49321666666668,2297.65,2020,2020-05-05,Spring,10.62
403946099383201,PHELPS,40.66301611111111,-99.64228555555556,2446.94,2020,2020-05-01,Spring,96.57
403949099293501,PHELPS,40.66383277777778,-99.49320805555556,2291.23,2020,2020-05-01,Spring,7.21
403959099282801,PHELPS,40.66638638888889,-99.47439194444443,2282.17,2020,2020-05-05,Spring,5.28
403959099282802,PHELPS,40.66638638888889,-99.47439194444443,2282.17,2020,2020-05-05,Spring,5.12
404006099282401,PHELPS,40.66854833333333,-99.4734825,2280.04,2020,2020-05-05,Spring,4.0
404033099373001,PHELPS,40.67593911111111,-99.62515633333332,2339.74,2020,2020-05-01,Spring,9.38
404040099383501,PHELPS,40.67796833333333,-99.64313333333334,2346.64,2020,2020-05-01,Spring,11.98
404059099383501,PHELPS,40.68328583333333,-99.64316027777778,2343.11,2020,2020-05-01,Spring,15.55
404102099373001,PHELPS,40.68405933333333,-99.62523716666666,2334.85,2020,2020-05-01,Spring,10.55
404102099373002,PHELPS,40.68405933333333,-99.62523716666666,2334.85,2020,2020-05-01,Spring,8.8
403029099130401,PHELPS,40.508164,-99.217889,2229.8,2020,2020-04-15,Spring,16.1
403322099201601,PHELPS,40.5547811,-99.3416484,2267.67,2021,2021-04-22,Spring,4.18
404007099351901,PHELPS,40.6709256,-99.5865622,2322.26,2021,2021-04-22,Spring,6.44
403941099331901,PHELPS,40.66044972,-99.55637462,2347.21,2021,2021-04-22,Spring,7.1
403915099190801,PHELPS,40.6573434,-99.3214291,2234.03,2021,2021-04-22,Spring,8.2
404020099355301,PHELPS,40.6710839,-99.5961084,2326.91,2021,2021-04-22,Spring,8.32
403309099281401,PHELPS,40.5521635,-99.4737128,2354.64,2021,2021-04-22,Spring,9.88
403941099342701,PHELPS,40.6636923,-99.5766538,2326.71,2021,2021-04-22,Spring,11.0
403507099234101,PHELPS,40.5836771413889,-99.3985091,2295.65,2021,2021-04-22,Spring,11.4
403309099250701,PHELPS,40.5543784,-99.4199673,2322.67,2021,2021-04-22,Spring,11.63
403954099335301,PHELPS,40.6640455,-99.5668126,2327.34,2021,2021-04-22,Spring,12.5
403520099201601,PHELPS,40.5886101475,-99.3416473,2265.95,2021,2021-04-22,Spring,14.72
403646099293301,PHELPS,40.6127772,-99.4935704,2354.25,2021,2021-04-22,Spring,16.75
403037099135301,PHELPS,40.5105526386111,-99.2316379,2239.33,2021,2021-04-22,Spring,18.87
402853099104601,PHELPS,40.4815796,-99.179559,2221.31,2021,2021-04-22,Spring,20.33
402919099104601,PHELPS,40.4886216022222,-99.1795852,2229.35,2021,2021-04-22,Spring,21.86
402952099161701,PHELPS,40.49624602,-99.2746825,2255.28,2021,2021-04-22,Spring,22.07
403138099190801,PHELPS,40.5255972,-99.3224515,2277.27,2021,2021-04-22,Spring,23.2
403540099260001,PHELPS,40.5946306,-99.4353739,2323.77,2021,2021-04-22,Spring,23.2
403138099235801,PHELPS,40.5255500233333,-99.399115,2328.14,2021,2021-04-22,Spring,27.0
402853099152001,PHELPS,40.4816481,-99.2557469,2251.06,2021,2021-04-22,Spring,27.22
403104099130201,PHELPS,40.5179145,-99.2173248,2242.62,2021,2021-04-22,Spring,29.27
403037099111401,PHELPS,40.5103457694444,-99.1873426,2237.5,2021,2021-04-22,Spring,32.72
402905099115301,PHELPS,40.4848551,-99.1983097,2241.11,2021,2021-04-22,Spring,34.3
403928099333601,PHELPS,40.6571948,-99.5612991,2355.41,2021,2021-04-22,Spring,37.0
402952099114401,PHELPS,40.4961238363889,-99.1985012,2246.17,2021,2021-04-22,Spring,37.47
403651099281401,PHELPS,40.613021,-99.4747929,2345.39,2021,2021-04-22,Spring,38.0
403453099190801,PHELPS,40.5807096794444,-99.3229107,2282.14,2021,2021-04-22,Spring,38.12
403348099114401,PHELPS,40.5613598133333,-99.1983188,2236.17,2021,2021-04-22,Spring,38.66
403822099324501,PHELPS,40.6415361,-99.5482644,2377.53,2021,2021-04-22,Spring,42.03
403123099261501,PHELPS,40.52446389,-99.436875,2361.96,2021,2021-04-22,Spring,42.57
403453099141801,PHELPS,40.58307501,-99.2365144,2255.34,2021,2021-04-22,Spring,48.57
402924099235501,PHELPS,40.4901949,-99.398706,2336.37,2021,2021-04-22,Spring,51.85
403322099304801,PHELPS,40.5542755075,-99.5122815,2411.43,2021,2021-04-22,Spring,56.04
403125099295701,PHELPS,40.5247252,-99.4992246,2402.13,2021,2021-04-22,Spring,63.6
402716099212401,PHELPS,40.4529071,-99.3592878,2307.74,2021,2021-04-22,Spring,69.5
403037099313401,PHELPS,40.5104684,-99.5262137,2408.97,2021,2021-04-22,Spring,74.5
403322099371801,PHELPS,40.5557047,-99.6247601,2465.78,2021,2021-04-22,Spring,75.7
403928099371801,PHELPS,40.655954,-99.6202609,2432.98,2021,2021-04-22,Spring,83.21
403730099373501,PHELPS,40.6268217,-99.6246292,2471.08,2021,2021-04-22,Spring,86.68
403217099312001,PHELPS,40.5392815,-99.5207383,2451.89,2021,2021-04-22,Spring,97.4
403506099350101,PHELPS,40.5833317,-99.5866221,2484.33,2021,2021-04-22,Spring,100.9
402124099201601,PHELPS,40.3563466,-99.3403749,2318.47,2021,2021-04-22,Spring,179.6
404006099282401,PHELPS,40.66854833333333,-99.4734825,2280.04,2021,2021-04-01,Spring,-2.7
403927099293501,PHELPS,40.65755805555556,-99.49321666666668,2297.65,2021,2021-04-01,Spring,5.18
403949099293501,PHELPS,40.66383277777778,-99.49320805555556,2291.23,2021,2021-04-01,Spring,6.6
403832099293501,PHELPS,40.64230694444444,-99.49321833333332,2322.16,2021,2021-04-01,Spring,18.73
403739099293601,PHELPS,40.62758555555556,-99.49344,2356.31,2021,2021-04-01,Spring,31.14
404059099383501,PHELPS,40.68328583333333,-99.64316027777778,2343.11,2021,2021-04-01,Spring,10.3
404040099383501,PHELPS,40.67796833333333,-99.64313333333334,2346.64,2021,2021-04-01,Spring,7.86
403946099383201,PHELPS,40.66301611111111,-99.64228555555556,2446.94,2021,2021-04-01,Spring,90.75
404033099373001,PHELPS,40.67593911111111,-99.62515633333332,2339.74,2021,2021-04-01,Spring,6.73
404102099373001,PHELPS,40.68405933333333,-99.62523716666666,2334.85,2021,2021-04-01,Spring,7.01
404102099373002,PHELPS,40.68405933333333,-99.62523716666666,2334.85,2021,2021-04-01,Spring,5.35
403738099181101,PHELPS,40.62740444444445,-99.30320513888888,2241.2,2021,2021-04-06,Spring,12.61
403738099181102,PHELPS,40.62740444444445,-99.30320513888888,2241.2,2021,2021-04-06,Spring,12.55
403831099173501,PHELPS,40.642178,-99.29327591666666,2229.47,2021,2021-04-06,Spring,7.1
403831099173502,PHELPS,40.642178,-99.29327591666666,2229.47,2021,2021-04-06,Spring,7.57
403645099242701,PHELPS,40.61264497222222,-99.40752011111113,2297.96,2021,2021-04-15,Spring,17.96
403645099242702,PHELPS,40.61264497222222,-99.40752011111113,2297.96,2021,2021-04-15,Spring,18.71
403710099104601,PHELPS,40.6195145,-99.17947241666668,2193.97,2021,2021-04-06,Spring,11.63
403710099104602,PHELPS,40.6195145,-99.17947241666668,2193.97,2021,2021-04-06,Spring,11.63
402423099152001,PHELPS,40.40643361111111,-99.2555336111111,2261.86,2021,2021-04-06,Spring,87.85
402532099222602,PHELPS,40.42564361111111,-99.37401277777776,2312.94,2021,2021-04-15,Spring,96.95
402649099350601,PHELPS,40.44692,-99.58488888888888,2428.0,2021,2021-04-06,Spring,142.64
402649099350602,PHELPS,40.44692,-99.58488888888888,2428.0,2021,2021-04-06,Spring,143.94
402854099213801,PHELPS,40.48158305555556,-99.36045888888889,2315.4,2021,2021-04-05,Spring,49.63
402854099213802,PHELPS,40.48158305555556,-99.36045888888889,2315.4,2021,2021-04-05,Spring,49.94
402853099135101,PHELPS,40.48150472222223,-99.23095833333332,2247.07,2021,2021-04-06,Spring,28.72
402853099135102,PHELPS,40.48150472222223,-99.23095833333332,2247.07,2021,2021-04-06,Spring,28.84
403903099214301,PHELPS,40.650864722222224,-99.3618686111111,2248.47,2021,2021-04-05,Spring,3.74
403903099214302,PHELPS,40.650864722222224,-99.3618686111111,2248.47,2021,2021-04-05,Spring,4.14
403959099282801,PHELPS,40.66638638888889,-99.47439194444443,2282.17,2021,2021-04-01,Spring,-1.39
403959099282802,PHELPS,40.66638638888889,-99.47439194444443,2282.17,2021,2021-04-01,Spring,-1.22
402458099344401,PHELPS,40.41608027777777,-99.57890388888887,2426.49,2021,2021-04-06,Spring,165.43
402458099344402,PHELPS,40.41608027777777,-99.57890388888887,2426.49,2021,2021-04-06,Spring,165.76
402334099293301,PHELPS,40.392735555555554,-99.49248916666669,2343.83,2021,2021-04-06,Spring,131.36
402334099293302,PHELPS,40.392735555555554,-99.49248916666669,2343.83,2021,2021-04-06,Spring,132.21
403408099130501,PHELPS,40.56878722222223,-99.21816944444444,2216.56,2021,2021-04-06,Spring,11.22
403408099130502,PHELPS,40.56878722222223,-99.21816944444444,2216.56,2021,2021-04-06,Spring,11.3
403350099282701,PHELPS,40.56375277777777,-99.47419805555556,2351.95,2021,2021-04-05,Spring,10.72
403350099282702,PHELPS,40.56375277777777,-99.47419805555556,2351.95,2021,2021-04-05,Spring,11.07
403315099351501,PHELPS,40.554270555555554,-99.58744083333332,2447.59,2021,2021-04-05,Spring,66.33
403315099351502,PHELPS,40.554270555555554,-99.58744083333332,2447.59,2021,2021-04-05,Spring,68.26
402636099271801,PHELPS,40.44343083333333,-99.45505,2362.54,2021,2021-04-06,Spring,126.39
402636099271802,PHELPS,40.44343083333333,-99.45505,2362.54,2021,2021-04-06,Spring,126.3
402813099382100,PHELPS,40.46941944444445,-99.63914166666667,2473.68,2021,2021-04-09,Spring,151.87
402756099320601,PHELPS,40.46654722222223,-99.53547222222224,2446.36,2021,2021-04-08,Spring,161.98
402609099350800,PHELPS,40.43199166666666,-99.58200277777776,2443.0,2021,2021-04-08,Spring,172.51
402404099383400,PHELPS,40.40166972222222,-99.64190722222224,2363.94,2021,2021-04-09,Spring,84.97
402233099341700,PHELPS,40.376269444444446,-99.57279166666666,2335.32,2021,2021-04-08,Spring,110.56
402406099311800,PHELPS,40.40154444444444,-99.52104166666666,2406.07,2021,2021-04-08,Spring,179.39
402107099262000,PHELPS,40.35080555555556,-99.43768055555556,2363.91,2021,2021-04-08,Spring,196.97
402513099164801,PHELPS,40.42006111111111,-99.27985277777778,2278.97,2021,2021-04-08,Spring,77.72
402342099143300,PHELPS,40.39436388888889,-99.24273333333332,2261.52,2021,2021-04-08,Spring,112.02
402906099342201,PHELPS,40.485083333333336,-99.57288888888888,2458.82,2021,2021-04-08,Spring,146.18
402630099305500,PHELPS,40.44133611111111,-99.51204166666666,2426.38,2021,2021-04-08,Spring,174.26
402435099262900,PHELPS,40.40768055555555,-99.44083333333332,2405.19,2021,2021-04-08,Spring,206.76
402159099301600,PHELPS,40.3649,-99.50220555555556,2377.49,2021,2021-04-08,Spring,179.84
402320099231001,PHELPS,40.38914722222222,-99.38615277777778,2384.17,2021,2021-04-13,Spring,213.24
402326099185300,PHELPS,40.390366666666665,-99.31649722222222,2306.56,2021,2021-04-08,Spring,146.46
402115099213100,PHELPS,40.35468888888889,-99.35943333333331,2345.58,2021,2021-04-08,Spring,203.17
402421099112000,PHELPS,40.40549166666666,-99.18921666666668,2216.62,2021,2021-04-08,Spring,58.4
402200099160700,PHELPS,40.3669,-99.267175,2280.22,2021,2021-04-08,Spring,146.91
404016099370201,PHELPS,40.6711189,-99.61760995,2335.44,2021,2021-04-22,Spring,5.27
403922099223301,PHELPS,40.65834351,-99.38037703,2253.27,2021,2021-04-22,Spring,6.45
403217099235801,PHELPS,40.53806574,-99.39982287,2321.45,2021,2021-04-22,Spring,24.06
402802099285801,PHELPS,40.46775,-99.48183333,2376.84,2021,2021-04-22,Spring,100.81
403132099381001,PHELPS,40.52556319,-99.63650076,2517.21,2021,2021-04-22,Spring,151.69
402404099383400,PHELPS,40.40166972222222,-99.64190722222224,2363.94,2022,2022-04-13,Spring,84.48
403029099130401,PHELPS,40.508164,-99.217889,2229.8,2022,2022-04-05,Spring,12.27
402853099135101,PHELPS,40.48150472222223,-99.23095833333332,2247.07,2022,2022-04-05,Spring,31.02
402853099135102,PHELPS,40.48150472222223,-99.23095833333332,2247.07,2022,2022-04-05,Spring,31.01
403408099130501,PHELPS,40.56878722222223,-99.21816944444444,2216.56,2022,2022-04-05,Spring,10.82
403408099130502,PHELPS,40.56878722222223,-99.21816944444444,2216.56,2022,2022-04-05,Spring,10.98
403710099104601,PHELPS,40.6195145,-99.17947241666668,2193.97,2022,2022-04-05,Spring,12.59
403710099104602,PHELPS,40.6195145,-99.17947241666668,2193.97,2022,2022-04-05,Spring,12.32
402115099213100,PHELPS,40.35468888888889,-99.35943333333331,2345.58,2022,2022-04-06,Spring,199.9
402200099160700,PHELPS,40.3669,-99.267175,2280.22,2022,2022-04-06,Spring,146.45
402326099185300,PHELPS,40.390366666666665,-99.31649722222222,2306.56,2022,2022-04-06,Spring,145.05
402342099143300,PHELPS,40.39436388888889,-99.24273333333332,2261.52,2022,2022-04-06,Spring,111.77
402513099164801,PHELPS,40.42006111111111,-99.27985277777778,2278.97,2022,2022-04-06,Spring,73.3
402423099152001,PHELPS,40.40643361111111,-99.2555336111111,2261.86,2022,2022-04-11,Spring,89.09
402630099305500,PHELPS,40.44133611111111,-99.51204166666666,2426.38,2022,2022-04-11,Spring,170.73
402756099320601,PHELPS,40.46654722222223,-99.53547222222224,2446.36,2022,2022-04-11,Spring,161.34
402813099382100,PHELPS,40.46941944444445,-99.63914166666667,2473.68,2022,2022-04-11,Spring,149.7
402906099342201,PHELPS,40.485083333333336,-99.57288888888888,2458.82,2022,2022-04-11,Spring,143.44
402854099213801,PHELPS,40.48158305555556,-99.36045888888889,2315.4,2022,2022-04-12,Spring,51.07
402854099213802,PHELPS,40.48158305555556,-99.36045888888889,2315.4,2022,2022-04-12,Spring,49.88
403738099181101,PHELPS,40.62740444444445,-99.30320513888888,2241.2,2022,2022-04-12,Spring,13.22
403738099181102,PHELPS,40.62740444444445,-99.30320513888888,2241.2,2022,2022-04-12,Spring,12.98
403831099173501,PHELPS,40.642178,-99.29327591666666,2229.47,2022,2022-04-12,Spring,8.53
403831099173502,PHELPS,40.642178,-99.29327591666666,2229.47,2022,2022-04-12,Spring,8.95
403903099214301,PHELPS,40.650864722222224,-99.3618686111111,2248.47,2022,2022-04-12,Spring,4.6
403903099214302,PHELPS,40.650864722222224,-99.3618686111111,2248.47,2022,2022-04-12,Spring,7.37
402107099262000,PHELPS,40.35080555555556,-99.43768055555556,2363.91,2022,2022-04-13,Spring,196.87
402159099301600,PHELPS,40.3649,-99.50220555555556,2377.49,2022,2022-04-13,Spring,179.18
402233099341700,PHELPS,40.376269444444446,-99.57279166666666,2335.32,2022,2022-04-13,Spring,110.38
402334099293301,PHELPS,40.392735555555554,-99.49248916666669,2343.83,2022,2022-04-13,Spring,130.92
402334099293302,PHELPS,40.392735555555554,-99.49248916666669,2343.83,2022,2022-04-13,Spring,131.32
402406099311800,PHELPS,40.40154444444444,-99.52104166666666,2406.07,2022,2022-04-13,Spring,177.11
402435099262900,PHELPS,40.40768055555555,-99.44083333333332,2405.19,2022,2022-04-13,Spring,203.85
402458099344401,PHELPS,40.41608027777777,-99.57890388888887,2426.49,2022,2022-04-13,Spring,168.45
402458099344402,PHELPS,40.41608027777777,-99.57890388888887,2426.49,2022,2022-04-13,Spring,167.52
402609099350800,PHELPS,40.43199166666666,-99.58200277777776,2443.0,2022,2022-04-13,Spring,169.8
402636099271801,PHELPS,40.44343083333333,-99.45505,2362.54,2022,2022-04-13,Spring,127.79
402636099271802,PHELPS,40.44343083333333,-99.45505,2362.54,2022,2022-04-13,Spring,128.39
402649099350601,PHELPS,40.44692,-99.58488888888888,2428.0,2022,2022-04-13,Spring,144.65
402649099350602,PHELPS,40.44692,-99.58488888888888,2428.0,2022,2022-04-13,Spring,145.62
403315099351501,PHELPS,40.554270555555554,-99.58744083333332,2447.59,2022,2022-04-26,Spring,68.84
403315099351502,PHELPS,40.554270555555554,-99.58744083333332,2447.59,2022,2022-04-26,Spring,70.39
403350099282701,PHELPS,40.56375277777777,-99.47419805555556,2351.95,2022,2022-04-26,Spring,14.17
403350099282702,PHELPS,40.56375277777777,-99.47419805555556,2351.95,2022,2022-04-26,Spring,14.57
403645099242701,PHELPS,40.61264497222222,-99.40752011111113,2297.96,2022,2022-04-26,Spring,16.56
403645099242702,PHELPS,40.61264497222222,-99.40752011111113,2297.96,2022,2022-04-26,Spring,17.95
402320099231001,PHELPS,40.38914722222222,-99.38615277777778,2384.17,2022,2022-04-27,Spring,212.21
403946099383201,PHELPS,40.66301611111111,-99.64228555555556,2446.94,2022,2022-04-28,Spring,93.09
404033099373001,PHELPS,40.67593911111111,-99.62515633333332,2339.74,2022,2022-04-28,Spring,7.19
404040099383501,PHELPS,40.67796833333333,-99.64313333333334,2346.64,2022,2022-04-28,Spring,7.29
404059099383501,PHELPS,40.68328583333333,-99.64316027777778,2343.11,2022,2022-04-28,Spring,13.72
404102099373001,PHELPS,40.68405933333333,-99.62523716666666,2334.85,2022,2022-04-28,Spring,7.93
404102099373002,PHELPS,40.68405933333333,-99.62523716666666,2334.85,2022,2022-04-28,Spring,5.83
403739099293601,PHELPS,40.62758555555556,-99.49344,2356.31,2022,2022-04-29,Spring,31.06
403832099293501,PHELPS,40.64230694444444,-99.49321833333332,2322.16,2022,2022-04-29,Spring,21.2
403927099293501,PHELPS,40.65755805555556,-99.49321666666668,2297.65,2022,2022-04-29,Spring,6.27
403949099293501,PHELPS,40.66383277777778,-99.49320805555556,2291.23,2022,2022-04-29,Spring,3.99
403959099282801,PHELPS,40.66638638888889,-99.47439194444443,2282.17,2022,2022-04-29,Spring,-0.22
403959099282802,PHELPS,40.66638638888889,-99.47439194444443,2282.17,2022,2022-04-29,Spring,1.66
404006099282401,PHELPS,40.66854833333333,-99.4734825,2280.04,2022,2022-04-29,Spring,-0.99
402532099222601,PHELPS,40.42564361111111,-99.37401277777776,2312.94,2022,2022-05-19,Spring,90.8
402532099222602,PHELPS,40.42564361111111,-99.37401277777776,2312.94,2022,2022-05-19,Spring,96.86
403037099313401,PHELPS,40.5104684,-99.5262137,2408.97,2022,2022-05-13,Spring,76.51
403123099261501,PHELPS,40.52446389,-99.436875,2361.96,2022,2022-05-13,Spring,44.0
403125099295701,PHELPS,40.5247252,-99.4992246,2402.13,2022,2022-05-13,Spring,65.7
403137099330201,PHELPS,40.5263766547222,-99.5496279,2405.25,2022,2022-05-13,Spring,53.33
403217099312001,PHELPS,40.5392815,-99.5207383,2451.89,2022,2022-05-13,Spring,101.53
403309099250701,PHELPS,40.5543784,-99.4199673,2322.67,2022,2022-05-13,Spring,10.93
403322099304801,PHELPS,40.5542755075,-99.5122815,2411.43,2022,2022-05-13,Spring,56.74
403322099371801,PHELPS,40.5557047,-99.6247601,2465.78,2022,2022-05-13,Spring,74.91
403506099350101,PHELPS,40.5833317,-99.5866221,2484.33,2022,2022-05-13,Spring,101.0
403540099260001,PHELPS,40.5946306,-99.4353739,2323.77,2022,2022-05-13,Spring,24.06
403646099293301,PHELPS,40.6127772,-99.4935704,2354.25,2022,2022-05-13,Spring,19.08
403651099281401,PHELPS,40.613021,-99.4747929,2345.39,2022,2022-05-13,Spring,38.43
403730099373501,PHELPS,40.6268217,-99.6246292,2471.08,2022,2022-05-13,Spring,86.44
403822099324501,PHELPS,40.6415361,-99.5482644,2377.53,2022,2022-05-13,Spring,42.88
403928099371801,PHELPS,40.655954,-99.6202609,2432.98,2022,2022-05-13,Spring,87.42
404007099351901,PHELPS,40.6709256,-99.5865622,2322.26,2022,2022-05-13,Spring,7.74
404020099355301,PHELPS,40.6710839,-99.5961084,2326.91,2022,2022-05-13,Spring,9.16
404016099370201,PHELPS,40.6711189,-99.61760995,2335.44,2022,2022-04-12,Spring,6.13
403922099223301,PHELPS,40.65834351,-99.38037703,2253.27,2022,2022-04-12,Spring,7.08
403217099235801,PHELPS,40.53806574,-99.39982287,2321.45,2022,2022-04-12,Spring,23.05
402802099285801,PHELPS,40.46775,-99.48183333,2376.84,2022,2022-04-12,Spring,99.56
403132099381001,PHELPS,40.52556319,-99.63650076,2517.21,2022,2022-04-12,Spring,150.88
402107099262000,PHELPS,40.35080555555556,-99.43768055555556,2363.91,2023,2023-04-11,Spring,196.93
402115099213100,PHELPS,40.35468888888889,-99.35943333333331,2345.58,2023,2023-04-06,Spring,203.46
402159099301600,PHELPS,40.3649,-99.50220555555556,2377.49,2023,2023-04-06,Spring,180.73
402200099160700,PHELPS,40.3669,-99.267175,2280.22,2023,2023-04-06,Spring,149.38
402233099341700,PHELPS,40.376269444444446,-99.57279166666666,2335.32,2023,2023-04-06,Spring,111.43
402320099231001,PHELPS,40.38914722222222,-99.38615277777778,2384.17,2023,2023-04-11,Spring,211.4
402326099185300,PHELPS,40.390366666666665,-99.31649722222222,2306.56,2023,2023-04-06,Spring,148.71
402334099293301,PHELPS,40.392735555555554,-99.49248916666669,2343.83,2023,2023-04-13,Spring,134.13
402334099293302,PHELPS,40.392735555555554,-99.49248916666669,2343.83,2023,2023-04-13,Spring,134.65
402342099143300,PHELPS,40.39436388888889,-99.24273333333332,2261.52,2023,2023-04-06,Spring,114.23
402404099383400,PHELPS,40.40166972222222,-99.64190722222224,2363.94,2023,2023-04-06,Spring,87.03
402406099311800,PHELPS,40.40154444444444,-99.52104166666666,2406.07,2023,2023-04-06,Spring,180.5
402421099112000,PHELPS,40.40549166666666,-99.18921666666668,2216.62,2023,2023-04-06,Spring,60.46
402423099152001,PHELPS,40.40643361111111,-99.2555336111111,2261.86,2023,2023-04-10,Spring,91.8
402435099262900,PHELPS,40.40768055555555,-99.44083333333332,2405.19,2023,2023-04-06,Spring,209.72
402458099344401,PHELPS,40.41608027777777,-99.57890388888887,2426.49,2023,2023-04-13,Spring,169.01
402458099344402,PHELPS,40.41608027777777,-99.57890388888887,2426.49,2023,2023-04-13,Spring,169.11
402513099164801,PHELPS,40.42006111111111,-99.27985277777778,2278.97,2023,2023-04-06,Spring,80.44
402532099222601,PHELPS,40.42564361111111,-99.37401277777776,2312.94,2023,2023-04-17,Spring,95.2
402532099222602,PHELPS,40.42564361111111,-99.37401277777776,2312.94,2023,2023-04-17,Spring,100.39
402609099350800,PHELPS,40.43199166666666,-99.58200277777776,2443.0,2023,2023-04-06,Spring,173.53
402630099305500,PHELPS,40.44133611111111,-99.51204166666666,2426.38,2023,2023-04-06,Spring,174.71
402636099271801,PHELPS,40.44343083333333,-99.45505,2362.54,2023,2023-04-13,Spring,130.76
402636099271802,PHELPS,40.44343083333333,-99.45505,2362.54,2023,2023-04-13,Spring,129.6
402649099350601,PHELPS,40.44692,-99.58488888888888,2428.0,2023,2023-04-13,Spring,146.62
402649099350602,PHELPS,40.44692,-99.58488888888888,2428.0,2023,2023-04-13,Spring,145.59
402756099320601,PHELPS,40.46654722222223,-99.53547222222224,2446.36,2023,2023-04-06,Spring,163.15
402813099382100,PHELPS,40.46941944444445,-99.63914166666667,2473.68,2023,2023-04-06,Spring,154.25
402853099135101,PHELPS,40.48150472222223,-99.23095833333332,2247.07,2023,2023-04-11,Spring,34.4
402853099135102,PHELPS,40.48150472222223,-99.23095833333332,2247.07,2023,2023-04-11,Spring,34.43
402854099213801,PHELPS,40.48158305555556,-99.36045888888889,2315.4,2023,2023-04-17,Spring,54.02
402854099213802,PHELPS,40.48158305555556,-99.36045888888889,2315.4,2023,2023-04-17,Spring,54.21
402854099213803,PHELPS,40.48158055,-99.36045833,2315.0,2023,2023-04-17,Spring,52.78
402906099342201,PHELPS,40.485083333333336,-99.57288888888888,2458.82,2023,2023-04-06,Spring,147.99
403029099130401,PHELPS,40.508164,-99.217889,2229.8,2023,2023-04-10,Spring,18.98
403315099351501,PHELPS,40.554270555555554,-99.58744083333332,2447.59,2023,2023-04-12,Spring,71.02
403315099351502,PHELPS,40.554270555555554,-99.58744083333332,2447.59,2023,2023-04-12,Spring,72.85
403350099282701,PHELPS,40.56375277777777,-99.47419805555556,2351.95,2023,2023-04-12,Spring,16.95
403350099282702,PHELPS,40.56375277777777,-99.47419805555556,2351.95,2023,2023-04-12,Spring,17.29
403408099130501,PHELPS,40.56878722222223,-99.21816944444444,2216.56,2023,2023-04-11,Spring,15.9
403408099130502,PHELPS,40.56878722222223,-99.21816944444444,2216.56,2023,2023-04-11,Spring,16.1
403645099242701,PHELPS,40.61264497222222,-99.40752011111113,2297.96,2023,2023-04-12,Spring,21.65
403645099242702,PHELPS,40.61264497222222,-99.40752011111113,2297.96,2023,2023-04-12,Spring,22.27
403710099104601,PHELPS,40.6195145,-99.17947241666668,2193.97,2023,2023-04-12,Spring,17.0
403710099104602,PHELPS,40.6195145,-99.17947241666668,2193.97,2023,2023-04-12,Spring,17.05
403738099181101,PHELPS,40.62740444444445,-99.30320513888888,2241.2,2023,2023-04-12,Spring,18.21
403738099181102,PHELPS,40.62740444444445,-99.30320513888888,2241.2,2023,2023-04-12,Spring,18.34
403739099293601,PHELPS,40.62758555555556,-99.49344,2356.31,2023,2023-04-14,Spring,36.03
403831099173501,PHELPS,40.642178,-99.29327591666666,2229.47,2023,2023-04-12,Spring,12.55
403831099173502,PHELPS,40.642178,-99.29327591666666,2229.47,2023,2023-04-12,Spring,12.75
403832099293501,PHELPS,40.64230694444444,-99.49321833333332,2322.16,2023,2023-04-14,Spring,23.66
403903099214301,PHELPS,40.650864722222224,-99.3618686111111,2248.47,2023,2023-04-12,Spring,8.89
403903099214302,PHELPS,40.650864722222224,-99.3618686111111,2248.47,2023,2023-04-12,Spring,8.96
403927099293501,PHELPS,40.65755805555556,-99.49321666666668,2297.65,2023,2023-04-14,Spring,8.96
403946099383201,PHELPS,40.66301611111111,-99.64228555555556,2446.94,2023,2023-04-14,Spring,96.69
403949099293501,PHELPS,40.66383277777778,-99.49320805555556,2291.23,2023,2023-04-14,Spring,4.51
403959099282801,PHELPS,40.66638638888889,-99.47439194444443,2282.17,2023,2023-04-14,Spring,4.1
403959099282802,PHELPS,40.66638638888889,-99.47439194444443,2282.17,2023,2023-04-14,Spring,4.07
404006099282401,PHELPS,40.66854833333333,-99.4734825,2280.04,2023,2023-04-14,Spring,2.48
404033099373001,PHELPS,40.67593911111111,-99.62515633333332,2339.74,2023,2023-04-14,Spring,10.56
404040099383501,PHELPS,40.67796833333333,-99.64313333333334,2346.64,2023,2023-04-14,Spring,10.68
404059099383501,PHELPS,40.68328583333333,-99.64316027777778,2343.11,2023,2023-04-14,Spring,12.79
404102099373001,PHELPS,40.68405933333333,-99.62523716666666,2334.85,2023,2023-04-14,Spring,9.55
404102099373002,PHELPS,40.68405933333333,-99.62523716666666,2334.85,2023,2023-04-14,Spring,8.44
403316099192301,PHELPS,40.554508,-99.32334,2267.0,2023,2023-04-12,Spring,17.95
403226099345801,PHELPS,40.54044444,-99.58280556,2461.0,2023,2023-04-12,Spring,95.86
403327099192302,PHELPS,40.55758333,-99.32308333,2267.0,2023,2023-04-12,Spring,17.27
G-187841Deep,PHELPS,40.55758333,-99.32308333,2268.0,2023,2023-04-12,Spring,18.79
403316099202901,PHELPS,40.55436111,-99.34138889,2268.0,2023,2023-04-12,Spring,11.17
403248099315201,PHELPS,40.54658611,-99.53116944,2417.0,2023,2023-04-12,Spring,58.26
G-189411Deep,PHELPS,40.54658611,-99.53116944,2417.0,2023,2023-04-12,Spring,60.07
402513099164801,PHELPS,40.42006111111111,-99.27985277777778,2278.97,2022,2022-10-06,Fall,84.45
402421099112000,PHELPS,40.40549166666666,-99.18921666666668,2216.62,2022,2022-10-06,Fall,63.0
402423099152001,PHELPS,40.40643361111111,-99.2555336111111,2261.86,2022,2022-10-11,Fall,92.54
402342099143300,PHELPS,40.39436388888889,-99.24273333333332,2261.52,2022,2022-10-06,Fall,115.25
402200099160700,PHELPS,40.3669,-99.267175,2280.22,2022,2022-10-06,Fall,149.38
402532099222602,PHELPS,40.42564361111111,-99.37401277777776,2312.94,2022,2022-10-11,Fall,102.92
402532099222601,PHELPS,40.42564361111111,-99.37401277777776,2312.94,2022,2022-10-11,Fall,97.2
402320099231001,PHELPS,40.38914722222222,-99.38615277777778,2384.17,2022,2022-10-06,Fall,214.3
402326099185300,PHELPS,40.390366666666665,-99.31649722222222,2306.56,2022,2022-10-06,Fall,149.79
402115099213100,PHELPS,40.35468888888889,-99.35943333333331,2345.58,2022,2022-10-06,Fall,202.92
402435099262900,PHELPS,40.40768055555555,-99.44083333333332,2405.19,2022,2022-10-06,Fall,206.93
402406099311800,PHELPS,40.40154444444444,-99.52104166666666,2406.07,2022,2022-10-06,Fall,182.02
402334099293301,PHELPS,40.392735555555554,-99.49248916666669,2343.83,2022,2022-10-11,Fall,135.53
402334099293302,PHELPS,40.392735555555554,-99.49248916666669,2343.83,2022,2022-10-11,Fall,136.25
402159099301600,PHELPS,40.3649,-99.50220555555556,2377.49,2022,2022-10-06,Fall,181.83
402107099262000,PHELPS,40.35080555555556,-99.43768055555556,2363.91,2022,2022-10-06,Fall,198.73
402609099350800,PHELPS,40.43199166666666,-99.58200277777776,2443.0,2022,2022-10-06,Fall,175.59
402458099344401,PHELPS,40.41608027777777,-99.57890388888887,2426.49,2022,2022-10-11,Fall,170.73
402458099344402,PHELPS,40.41608027777777,-99.57890388888887,2426.49,2022,2022-10-11,Fall,170.84
402404099383400,PHELPS,40.40166972222222,-99.64190722222224,2363.94,2022,2022-10-05,Fall,89.57
402233099341700,PHELPS,40.376269444444446,-99.57279166666666,2335.32,2022,2022-10-06,Fall,112.31
402853099135101,PHELPS,40.48150472222223,-99.23095833333332,2247.07,2022,2022-10-11,Fall,34.21
402853099135102,PHELPS,40.48150472222223,-99.23095833333332,2247.07,2022,2022-10-11,Fall,34.26
402854099213802,PHELPS,40.48158305555556,-99.36045888888889,2315.4,2022,2022-10-11,Fall,56.71
402854099213801,PHELPS,40.48158305555556,-99.36045888888889,2315.4,2022,2022-10-11,Fall,56.49
402630099305500,PHELPS,40.44133611111111,-99.51204166666666,2426.38,2022,2022-10-06,Fall,177.92
402636099271801,PHELPS,40.44343083333333,-99.45505,2362.54,2022,2022-10-31,Fall,131.85
402636099271802,PHELPS,40.44343083333333,-99.45505,2362.54,2022,2022-10-31,Fall,131.7
402813099382100,PHELPS,40.46941944444445,-99.63914166666667,2473.68,2022,2022-10-05,Fall,159.06
402756099320601,PHELPS,40.46654722222223,-99.53547222222224,2446.36,2022,2022-10-16,Fall,165.73
402649099350601,PHELPS,40.44692,-99.58488888888888,2428.0,2022,2022-10-11,Fall,148.52
402649099350602,PHELPS,40.44692,-99.58488888888888,2428.0,2022,2022-10-11,Fall,149.72
403408099130502,PHELPS,40.56878722222223,-99.21816944444444,2216.56,2022,2022-10-11,Fall,17.13
403408099130501,PHELPS,40.56878722222223,-99.21816944444444,2216.56,2022,2022-10-11,Fall,16.95
403645099242701,PHELPS,40.61264497222222,-99.40752011111113,2297.96,2022,2022-10-11,Fall,22.65
403645099242702,PHELPS,40.61264497222222,-99.40752011111113,2297.96,2022,2022-10-11,Fall,23.15
403350099282702,PHELPS,40.56375277777777,-99.47419805555556,2351.95,2022,2022-10-11,Fall,18.05
403350099282701,PHELPS,40.56375277777777,-99.47419805555556,2351.95,2022,2022-10-11,Fall,17.85
403315099351502,PHELPS,40.554270555555554,-99.58744083333332,2447.59,2022,2022-10-11,Fall,72.81
403315099351501,PHELPS,40.554270555555554,-99.58744083333332,2447.59,2022,2022-10-11,Fall,70.85
403738099181101,PHELPS,40.62740444444445,-99.30320513888888,2241.2,2022,2022-10-11,Fall,19.44
403738099181102,PHELPS,40.62740444444445,-99.30320513888888,2241.2,2022,2022-10-11,Fall,19.34
403831099173502,PHELPS,40.642178,-99.29327591666666,2229.47,2022,2022-10-11,Fall,14.05
403831099173501,PHELPS,40.642178,-99.29327591666666,2229.47,2022,2022-10-11,Fall,13.85
403710099104601,PHELPS,40.6195145,-99.17947241666668,2193.97,2022,2022-10-21,Fall,17.35
403710099104602,PHELPS,40.6195145,-99.17947241666668,2193.97,2022,2022-10-21,Fall,17.94
403903099214302,PHELPS,40.650864722222224,-99.3618686111111,2248.47,2022,2022-10-11,Fall,10.09
403903099214301,PHELPS,40.650864722222224,-99.3618686111111,2248.47,2022,2022-10-11,Fall,10.09
404006099282401,PHELPS,40.66854833333333,-99.4734825,2280.04,2022,2022-10-20,Fall,3.78
403959099282802,PHELPS,40.66638638888889,-99.47439194444443,2282.17,2022,2022-10-20,Fall,4.61
403927099293501,PHELPS,40.65755805555556,-99.49321666666668,2297.65,2022,2022-10-20,Fall,10.29
403959099282801,PHELPS,40.66638638888889,-99.47439194444443,2282.17,2022,2022-10-20,Fall,4.66
403949099293501,PHELPS,40.66383277777778,-99.49320805555556,2291.23,2022,2022-10-20,Fall,5.33
403832099293501,PHELPS,40.64230694444444,-99.49321833333332,2322.16,2022,2022-10-20,Fall,24.74
403739099293601,PHELPS,40.62758555555556,-99.49344,2356.31,2022,2022-10-20,Fall,34.53
404059099383501,PHELPS,40.68328583333333,-99.64316027777778,2343.11,2022,2022-10-20,Fall,15.3
404033099373001,PHELPS,40.67593911111111,-99.62515633333332,2339.74,2022,2022-10-20,Fall,11.6
404102099373001,PHELPS,40.68405933333333,-99.62523716666666,2334.85,2022,2022-10-20,Fall,10.74
404102099373002,PHELPS,40.68405933333333,-99.62523716666666,2334.85,2022,2022-10-20,Fall,9.14
403946099383201,PHELPS,40.66301611111111,-99.64228555555556,2446.94,2022,2022-10-20,Fall,97.29
402107099262000,PHELPS,40.35080555555556,-99.43768055555556,2363.91,2021,2021-10-04,Fall,197.99
402115099213100,PHELPS,40.35468888888889,-99.35943333333331,2345.58,2021,2021-10-04,Fall,202.25
402159099301600,PHELPS,40.3649,-99.50220555555556,2377.49,2021,2021-10-04,Fall,180.73
402200099160700,PHELPS,40.3669,-99.267175,2280.22,2021,2021-10-04,Fall,147.62
402233099341700,PHELPS,40.376269444444446,-99.57279166666666,2335.32,2021,2021-10-04,Fall,111.7
402320099231001,PHELPS,40.38914722222222,-99.38615277777778,2384.17,2021,2021-10-04,Fall,213.59
402326099185300,PHELPS,40.390366666666665,-99.31649722222222,2306.56,2021,2021-10-04,Fall,148.48
402334099293301,PHELPS,40.392735555555554,-99.49248916666669,2343.83,2021,2021-10-06,Fall,135.13
402334099293302,PHELPS,40.392735555555554,-99.49248916666669,2343.83,2021,2021-10-06,Fall,135.49
402342099143300,PHELPS,40.39436388888889,-99.24273333333332,2261.52,2021,2021-10-04,Fall,113.84
402404099383400,PHELPS,40.40166972222222,-99.64190722222224,2363.94,2021,2021-10-04,Fall,86.91
402406099311800,PHELPS,40.40154444444444,-99.52104166666666,2406.07,2021,2021-10-04,Fall,181.02
402421099112000,PHELPS,40.40549166666666,-99.18921666666668,2216.62,2021,2021-10-04,Fall,60.13
402423099152001,PHELPS,40.40643361111111,-99.2555336111111,2261.86,2021,2021-10-07,Fall,91.4
402435099262900,PHELPS,40.40768055555555,-99.44083333333332,2405.19,2021,2021-10-04,Fall,205.78
402458099344401,PHELPS,40.41608027777777,-99.57890388888887,2426.49,2021,2021-10-06,Fall,169.94
402458099344402,PHELPS,40.41608027777777,-99.57890388888887,2426.49,2021,2021-10-06,Fall,170.04
402513099164801,PHELPS,40.42006111111111,-99.27985277777778,2278.97,2021,2021-10-04,Fall,80.95
402532099222601,PHELPS,40.42564361111111,-99.37401277777776,2312.94,2021,2021-10-22,Fall,95.42
402532099222602,PHELPS,40.42564361111111,-99.37401277777776,2312.94,2021,2021-10-22,Fall,100.44
402609099350800,PHELPS,40.43199166666666,-99.58200277777776,2443.0,2021,2021-10-04,Fall,173.95
402630099305500,PHELPS,40.44133611111111,-99.51204166666666,2426.38,2021,2021-10-04,Fall,175.62
402636099271801,PHELPS,40.44343083333333,-99.45505,2362.54,2021,2021-10-22,Fall,131.45
402636099271802,PHELPS,40.44343083333333,-99.45505,2362.54,2021,2021-10-22,Fall,130.32
402649099350601,PHELPS,40.44692,-99.58488888888888,2428.0,2021,2021-10-06,Fall,146.9
402649099350602,PHELPS,40.44692,-99.58488888888888,2428.0,2021,2021-10-06,Fall,147.93
402756099320601,PHELPS,40.46654722222223,-99.53547222222224,2446.36,2021,2021-10-04,Fall,163.85
402813099382100,PHELPS,40.46941944444445,-99.63914166666667,2473.68,2021,2021-10-04,Fall,154.73
402853099135101,PHELPS,40.48150472222223,-99.23095833333332,2247.07,2021,2021-10-04,Fall,29.93
402853099135102,PHELPS,40.48150472222223,-99.23095833333332,2247.07,2021,2021-10-04,Fall,29.81
402854099213801,PHELPS,40.48158305555556,-99.36045888888889,2315.4,2021,2021-10-04,Fall,52.91
402854099213802,PHELPS,40.48158305555556,-99.36045888888889,2315.4,2021,2021-10-04,Fall,53.07
403315099351501,PHELPS,40.554270555555554,-99.58744083333332,2447.59,2021,2021-10-06,Fall,69.87
403315099351502,PHELPS,40.554270555555554,-99.58744083333332,2447.59,2021,2021-10-06,Fall,71.45
403350099282701,PHELPS,40.56375277777777,-99.47419805555556,2351.95,2021,2021-10-05,Fall,14.72
403350099282702,PHELPS,40.56375277777777,-99.47419805555556,2351.95,2021,2021-10-05,Fall,14.89
403408099130501,PHELPS,40.56878722222223,-99.21816944444444,2216.56,2021,2021-10-04,Fall,27.05
403408099130502,PHELPS,40.56878722222223,-99.21816944444444,2216.56,2021,2021-10-04,Fall,21.82
403645099242701,PHELPS,40.61264497222222,-99.40752011111113,2297.96,2021,2021-10-04,Fall,20.06
403645099242702,PHELPS,40.61264497222222,-99.40752011111113,2297.96,2021,2021-10-04,Fall,20.54
403710099104601,PHELPS,40.6195145,-99.17947241666668,2193.97,2021,2021-10-04,Fall,15.12
403710099104602,PHELPS,40.6195145,-99.17947241666668,2193.97,2021,2021-10-04,Fall,15.12
403738099181101,PHELPS,40.62740444444445,-99.30320513888888,2241.2,2021,2021-10-04,Fall,16.81
403738099181102,PHELPS,40.62740444444445,-99.30320513888888,2241.2,2021,2021-10-04,Fall,16.69
403739099293601,PHELPS,40.62758555555556,-99.49344,2356.31,2021,2021-10-26,Fall,31.41
403831099173501,PHELPS,40.642178,-99.29327591666666,2229.47,2021,2021-10-04,Fall,11.27
403831099173502,PHELPS,40.642178,-99.29327591666666,2229.47,2021,2021-10-04,Fall,11.65
403832099293501,PHELPS,40.64230694444444,-99.49321833333332,2322.16,2021,2021-10-26,Fall,21.73
403903099214301,PHELPS,40.650864722222224,-99.3618686111111,2248.47,2021,2021-10-04,Fall,7.15
403903099214302,PHELPS,40.650864722222224,-99.3618686111111,2248.47,2021,2021-10-04,Fall,7.27
403927099293501,PHELPS,40.65755805555556,-99.49321666666668,2297.65,2021,2021-10-26,Fall,8.76
403946099383201,PHELPS,40.66301611111111,-99.64228555555556,2446.94,2021,2021-10-18,Fall,95.47
403949099293501,PHELPS,40.66383277777778,-99.49320805555556,2291.23,2021,2021-10-26,Fall,4.07
403959099282801,PHELPS,40.66638638888889,-99.47439194444443,2282.17,2021,2021-10-26,Fall,3.2
403959099282802,PHELPS,40.66638638888889,-99.47439194444443,2282.17,2021,2021-10-26,Fall,3.17
404006099282401,PHELPS,40.66854833333333,-99.4734825,2280.04,2021,2021-10-26,Fall,2.04
404033099373001,PHELPS,40.67593911111111,-99.62515633333332,2339.74,2021,2021-10-05,Fall,9.96
404040099383501,PHELPS,40.67796833333333,-99.64313333333334,2346.64,2021,2021-10-05,Fall,10.15
404059099383501,PHELPS,40.68328583333333,-99.64316027777778,2343.11,2021,2021-10-05,Fall,13.7
404102099373001,PHELPS,40.68405933333333,-99.62523716666666,2334.85,2021,2021-10-05,Fall,10.33
404102099373002,PHELPS,40.68405933333333,-99.62523716666666,2334.85,2021,2021-10-05,Fall,8.3
403123099261501,PHELPS,40.52446389,-99.436875,2361.96,2023,2023-05-09,Spring,45.2
402124099201601,PHELPS,40.3563466,-99.3403749,2318.47,2023,2023-05-02,Spring,179.2
402124099201601,PHELPS,40.3563466,-99.3403749,2318.47,2023,2023-05-04,Spring,179.2
402716099212401,PHELPS,40.4529071,-99.3592878,2307.74,2023,2023-05-08,Spring,71.1
402853099104601,PHELPS,40.4815796,-99.179559,2221.31,2023,2023-05-08,Spring,23.76
402853099152001,PHELPS,40.4816481,-99.2557469,2251.06,2023,2023-05-08,Spring,30.47
402905099115301,PHELPS,40.4848551,-99.1983097,2241.11,2023,2023-05-08,Spring,37.68
402924099235501,PHELPS,40.4901949,-99.398706,2336.37,2023,2023-05-08,Spring,53.31
402952099114401,PHELPS,40.4961238363889,-99.1985012,2246.17,2023,2023-05-08,Spring,41.67
402952099161701,PHELPS,40.49624602,-99.2746825,2255.28,2023,2023-05-08,Spring,24.35
403037099111401,PHELPS,40.5103457694444,-99.1873426,2237.5,2023,2023-05-08,Spring,35.96
403037099135301,PHELPS,40.5105526386111,-99.2316379,2239.33,2023,2023-05-08,Spring,21.85
403037099313401,PHELPS,40.5104684,-99.5262137,2408.97,2023,2023-05-09,Spring,76.9
403104099130201,PHELPS,40.5179145,-99.2173248,2242.62,2023,2023-05-08,Spring,32.18
403125099295701,PHELPS,40.5247252,-99.4992246,2402.13,2023,2023-05-09,Spring,66.1
403138099190801,PHELPS,40.5255972,-99.3224515,2277.27,2023,2023-05-08,Spring,26.1
403138099235801,PHELPS,40.5255500233333,-99.399115,2328.14,2023,2023-05-08,Spring,28.05
403217099312001,PHELPS,40.5392815,-99.5207383,2451.89,2023,2023-05-09,Spring,103.55
403309099250701,PHELPS,40.5543784,-99.4199673,2322.67,2023,2023-05-08,Spring,12.95
403309099281401,PHELPS,40.5521635,-99.4737128,2354.64,2023,2023-05-09,Spring,9.6
403322099201601,PHELPS,40.5547811,-99.3416484,2267.67,2023,2023-05-08,Spring,6.08
403322099304801,PHELPS,40.5542755075,-99.5122815,2411.43,2023,2023-05-09,Spring,58.1
403322099371801,PHELPS,40.5557047,-99.6247601,2465.78,2023,2023-05-09,Spring,79.5
403348099114401,PHELPS,40.5613598133333,-99.1983188,2236.17,2023,2023-05-08,Spring,40.73
403453099141801,PHELPS,40.58307501,-99.2365144,2255.34,2023,2023-05-08,Spring,49.99
403453099190801,PHELPS,40.5807096794444,-99.3229107,2282.14,2023,2023-05-08,Spring,39.85
403506099350101,PHELPS,40.5833317,-99.5866221,2484.33,2023,2023-05-09,Spring,104.3
403507099234101,PHELPS,40.5836771413889,-99.3985091,2295.65,2023,2023-05-08,Spring,14.48
403520099201601,PHELPS,40.5886101475,-99.3416473,2265.95,2023,2023-05-08,Spring,16.05
403646099293301,PHELPS,40.6127772,-99.4935704,2354.25,2023,2023-05-08,Spring,20.9
403651099281401,PHELPS,40.613021,-99.4747929,2345.39,2023,2023-05-08,Spring,40.58
403822099324501,PHELPS,40.6415361,-99.5482644,2377.53,2023,2023-05-08,Spring,43.31
403902099313701,PHELPS,40.6483999,-99.5291531,2345.9,2023,2023-05-08,Spring,36.8
403915099190801,PHELPS,40.6573434,-99.3214291,2234.03,2023,2023-05-08,Spring,10.0
403928099333601,PHELPS,40.6571948,-99.5612991,2355.41,2023,2023-05-08,Spring,41.4
403928099371801,PHELPS,40.655954,-99.6202609,2432.98,2023,2023-05-08,Spring,86.45
403941099331901,PHELPS,40.66044972,-99.55637462,2347.21,2023,2023-05-08,Spring,8.91
403941099342701,PHELPS,40.6636923,-99.5766538,2326.71,2023,2023-05-08,Spring,13.57
403954099335301,PHELPS,40.6640455,-99.5668126,2327.34,2023,2023-05-08,Spring,14.7
404007099294001,PHELPS,40.6709022,-99.4936146,2290.54,2023,2023-05-08,Spring,8.92
404007099351901,PHELPS,40.6709256,-99.5865622,2322.26,2023,2023-05-08,Spring,8.29
404020099355301,PHELPS,40.6710839,-99.5961084,2326.91,2023,2023-05-08,Spring,10.15
402513099164801,PHELPS,40.42006111111111,-99.27985277777778,2278.97,2024,2024-04-04,Spring,81.78
402421099112000,PHELPS,40.40549166666666,-99.18921666666668,2216.62,2024,2024-04-04,Spring,61.95
402342099143300,PHELPS,40.39436388888889,-99.24273333333332,2261.52,2024,2024-04-04,Spring,114.58
402423099152001,PHELPS,40.40643361111111,-99.2555336111111,2261.86,2024,2024-04-04,Spring,92.79
402200099160700,PHELPS,40.3669,-99.267175,2280.22,2024,2024-04-04,Spring,148.2
402532099222601,PHELPS,40.42564361111111,-99.37401277777776,2312.94,2024,2024-04-30,Spring,95.73
402532099222602,PHELPS,40.42564361111111,-99.37401277777776,2312.94,2024,2024-04-30,Spring,100.9
402320099231001,PHELPS,40.38914722222222,-99.38615277777778,2384.17,2024,2024-04-04,Spring,212.72
402326099185300,PHELPS,40.390366666666665,-99.31649722222222,2306.56,2024,2024-04-04,Spring,148.5
402115099213100,PHELPS,40.35468888888889,-99.35943333333331,2345.58,2024,2024-04-04,Spring,201.75
402435099262900,PHELPS,40.40768055555555,-99.44083333333332,2405.19,2024,2024-04-04,Spring,209.4
402406099311800,PHELPS,40.40154444444444,-99.52104166666666,2406.07,2024,2024-04-04,Spring,181.0
402334099293301,PHELPS,40.392735555555554,-99.49248916666669,2343.83,2024,2024-04-30,Spring,134.56
402334099293302,PHELPS,40.392735555555554,-99.49248916666669,2343.83,2024,2024-04-30,Spring,134.82
402159099301600,PHELPS,40.3649,-99.50220555555556,2377.49,2024,2024-04-04,Spring,180.6
402107099262000,PHELPS,40.35080555555556,-99.43768055555556,2363.91,2024,2024-04-04,Spring,198.62
402609099350800,PHELPS,40.43199166666666,-99.58200277777776,2443.0,2024,2024-04-04,Spring,173.4
402458099344401,PHELPS,40.41608027777777,-99.57890388888887,2426.49,2024,2024-04-23,Spring,169.32
402458099344402,PHELPS,40.41608027777777,-99.57890388888887,2426.49,2024,2024-04-23,Spring,169.35
402404099383400,PHELPS,40.40166972222222,-99.64190722222224,2363.94,2024,2024-04-04,Spring,87.1
402233099341700,PHELPS,40.376269444444446,-99.57279166666666,2335.32,2024,2024-04-04,Spring,111.55
403029099130401,PHELPS,40.508164,-99.217889,2229.8,2024,2024-04-04,Spring,20.6
402853099135101,PHELPS,40.48150472222223,-99.23095833333332,2247.07,2024,2024-04-04,Spring,35.67
402853099135102,PHELPS,40.48150472222223,-99.23095833333332,2247.07,2024,2024-04-04,Spring,35.58
402854099213801,PHELPS,40.48158305555556,-99.36045888888889,2315.4,2024,2024-04-04,Spring,55.38
402854099213802,PHELPS,40.48158305555556,-99.36045888888889,2315.4,2024,2024-04-04,Spring,55.53
402854099213803,PHELPS,40.48158055,-99.36045833,2315.0,2024,2024-04-04,Spring,54.65
402630099305500,PHELPS,40.44133611111111,-99.51204166666666,2426.38,2024,2024-04-04,Spring,174.98
402636099271801,PHELPS,40.44343083333333,-99.45505,2362.54,2024,2024-04-30,Spring,131.5
402636099271802,PHELPS,40.44343083333333,-99.45505,2362.54,2024,2024-04-30,Spring,130.44
402813099382100,PHELPS,40.46941944444445,-99.63914166666667,2473.68,2024,2024-04-04,Spring,154.15
402756099320601,PHELPS,40.46654722222223,-99.53547222222224,2446.36,2024,2024-04-04,Spring,163.21
402649099350601,PHELPS,40.44692,-99.58488888888888,2428.0,2024,2024-04-23,Spring,145.94
402649099350602,PHELPS,40.44692,-99.58488888888888,2428.0,2024,2024-04-23,Spring,146.94
403408099130501,PHELPS,40.56878722222223,-99.21816944444444,2216.56,2024,2024-04-04,Spring,17.53
403408099130502,PHELPS,40.56878722222223,-99.21816944444444,2216.56,2024,2024-04-04,Spring,17.52
403645099242701,PHELPS,40.61264497222222,-99.40752011111113,2297.96,2024,2024-04-01,Spring,22.63
403645099242701,PHELPS,40.61264497222222,-99.40752011111113,2297.96,2024,2024-04-17,Spring,23.15
G-187841Deep,PHELPS,40.55758333,-99.32308333,2268.0,2024,2024-04-04,Spring,19.39
403316099202901,PHELPS,40.55436111,-99.34138889,2268.0,2024,2024-04-04,Spring,19.75
403316099192301,PHELPS,40.554508,-99.32334,2267.0,2024,2024-04-04,Spring,19.66
403350099282701,PHELPS,40.56375277777777,-99.47419805555556,2351.95,2024,2024-04-17,Spring,17.87
403350099282702,PHELPS,40.56375277777777,-99.47419805555556,2351.95,2024,2024-04-17,Spring,18.08
403248099315201,PHELPS,40.54658611,-99.53116944,2417.0,2024,2024-04-17,Spring,59.28
403248099315201,PHELPS,40.54658611,-99.53116944,2417.0,2024,2024-04-17,Spring,61.0
403226099345801,PHELPS,40.54044444,-99.58280556,2461.0,2024,2024-04-17,Spring,94.89
403315099351501,PHELPS,40.554270555555554,-99.58744083333332,2447.59,2024,2024-04-17,Spring,68.78
403315099351502,PHELPS,40.554270555555554,-99.58744083333332,2447.59,2024,2024-04-17,Spring,72.46
403738099181101,PHELPS,40.62740444444445,-99.30320513888888,2241.2,2024,2024-04-12,Spring,18.77
403738099181102,PHELPS,40.62740444444445,-99.30320513888888,2241.2,2024,2024-04-12,Spring,18.72
403831099173501,PHELPS,40.642178,-99.29327591666666,2229.47,2024,2024-04-12,Spring,12.4
403831099173502,PHELPS,40.642178,-99.29327591666666,2229.47,2024,2024-04-12,Spring,12.72
403710099104601,PHELPS,40.6195145,-99.17947241666668,2193.97,2024,2024-04-12,Spring,17.49
403710099104602,PHELPS,40.6195145,-99.17947241666668,2193.97,2024,2024-04-12,Spring,17.58
403903099214301,PHELPS,40.650864722222224,-99.3618686111111,2248.47,2024,2024-04-17,Spring,8.89
403903099214302,PHELPS,40.650864722222224,-99.3618686111111,2248.47,2024,2024-04-17,Spring,8.99
404006099282401,PHELPS,40.66854833333333,-99.4734825,2280.04,2024,2024-05-01,Spring,2.29
403927099293501,PHELPS,40.65755805555556,-99.49321666666668,2297.65,2024,2024-05-01,Spring,8.23
403949099293501,PHELPS,40.66383277777778,-99.49320805555556,2291.23,2024,2024-05-01,Spring,3.35
403959099282801,PHELPS,40.66638638888889,-99.47439194444443,2282.17,2024,2024-05-01,Spring,2.69
403959099282802,PHELPS,40.66638638888889,-99.47439194444443,2282.17,2024,2024-05-01,Spring,2.73
403832099293501,PHELPS,40.64230694444444,-99.49321833333332,2322.16,2024,2024-05-01,Spring,23.12
403739099293601,PHELPS,40.62758555555556,-99.49344,2356.31,2024,2024-05-01,Spring,37.41
404059099383501,PHELPS,40.68328583333333,-99.64316027777778,2343.11,2024,2024-05-01,Spring,13.22
404040099383501,PHELPS,40.67796833333333,-99.64313333333334,2346.64,2024,2024-05-01,Spring,8.8
404033099373001,PHELPS,40.67593911111111,-99.62515633333332,2339.74,2024,2024-05-01,Spring,7.9
404102099373001,PHELPS,40.68405933333333,-99.62523716666666,2334.85,2024,2024-05-01,Spring,9.83
404102099373002,PHELPS,40.68405933333333,-99.62523716666666,2334.85,2024,2024-05-01,Spring,7.72
403946099383201,PHELPS,40.66301611111111,-99.64228555555556,2446.94,2024,2024-05-01,Spring,95.78
402802099285801,PHELPS,40.46775,-99.48183333,2376.84,2024,2024-04-17,Spring,103.08
403123099261501,PHELPS,40.52446389,-99.436875,2361.96,2024,2024-04-17,Spring,43.82
403132099381001,PHELPS,40.52556319,-99.63650076,2517.21,2024,2024-04-17,Spring,153.05
403217099235801,PHELPS,40.53806574,-99.39982287,2321.45,2024,2024-04-17,Spring,27.59
403922099223301,PHELPS,40.65834351,-99.38037703,2253.27,2024,2024-04-17,Spring,7.87
404016099370201,PHELPS,40.6711189,-99.61760995,2335.44,2024,2024-04-17,Spring,5.89
402513099164801,PHELPS,40.42006111111111,-99.27985277777778,2278.97,2025,2025-04-21,Spring,83.1
402421099112000,PHELPS,40.40549166666666,-99.18921666666668,2216.62,2025,2025-04-21,Spring,62.62
402423099152001,PHELPS,40.40643361111111,-99.2555336111111,2261.86,2025,2025-04-11,Spring,93.7
402342099143300,PHELPS,40.39436388888889,-99.24273333333332,2261.52,2025,2025-04-21,Spring,115.31
402200099160700,PHELPS,40.3669,-99.267175,2280.22,2025,2025-04-21,Spring,148.6
402320099231001,PHELPS,40.38914722222222,-99.38615277777778,2384.17,2025,2025-04-22,Spring,213.07
402326099185300,PHELPS,40.390366666666665,-99.31649722222222,2306.56,2025,2025-04-21,Spring,148.6
402115099213100,PHELPS,40.35468888888889,-99.35943333333331,2345.58,2025,2025-04-22,Spring,201.27
402435099262900,PHELPS,40.40768055555555,-99.44083333333332,2405.19,2025,2025-04-22,Spring,207.0
402406099311800,PHELPS,40.40154444444444,-99.52104166666666,2406.07,2025,2025-04-22,Spring,180.22
402334099293301,PHELPS,40.392735555555554,-99.49248916666669,2343.83,2025,2025-04-10,Spring,135.23
402334099293302,PHELPS,40.392735555555554,-99.49248916666669,2343.83,2025,2025-04-10,Spring,135.35
402159099301600,PHELPS,40.3649,-99.50220555555556,2377.49,2025,2025-04-28,Spring,180.35
402107099262000,PHELPS,40.35080555555556,-99.43768055555556,2363.91,2025,2025-04-22,Spring,197.2
402609099350800,PHELPS,40.43199166666666,-99.58200277777776,2443.0,2025,2025-04-22,Spring,173.13
402458099344402,PHELPS,40.41608027777777,-99.57890388888887,2426.49,2025,2025-04-15,Spring,169.44
402458099344401,PHELPS,40.41608027777777,-99.57890388888887,2426.49,2025,2025-04-15,Spring,169.28
402404099383400,PHELPS,40.40166972222222,-99.64190722222224,2363.94,2025,2025-04-22,Spring,86.77
402233099341700,PHELPS,40.376269444444446,-99.57279166666666,2335.32,2025,2025-04-22,Spring,111.54
403029099130401,PHELPS,40.508164,-99.217889,2229.8,2025,2025-04-11,Spring,21.75
402853099135102,PHELPS,40.48150472222223,-99.23095833333332,2247.07,2025,2025-04-11,Spring,37.03
402853099135101,PHELPS,40.48150472222223,-99.23095833333332,2247.07,2025,2025-04-11,Spring,36.88
402854099213801,PHELPS,40.48158305555556,-99.36045888888889,2315.4,2025,2025-04-10,Spring,57.19
402854099213802,PHELPS,40.48158305555556,-99.36045888888889,2315.4,2025,2025-04-10,Spring,57.22
402854099213803,PHELPS,40.48158055,-99.36045833,2315.0,2025,2025-04-10,Spring,56.23
402630099305500,PHELPS,40.44133611111111,-99.51204166666666,2426.38,2025,2025-04-22,Spring,174.76
402636099271801,PHELPS,40.44343083333333,-99.45505,2362.54,2025,2025-04-10,Spring,132.29
402636099271802,PHELPS,40.44343083333333,-99.45505,2362.54,2025,2025-04-10,Spring,131.42
402906099342201,PHELPS,40.485083333333336,-99.57288888888888,2458.82,2025,2025-04-22,Spring,148.59
402813099382100,PHELPS,40.46941944444445,-99.63914166666667,2473.68,2025,2025-04-22,Spring,153.77
402756099320601,PHELPS,40.46654722222223,-99.53547222222224,2446.36,2025,2025-05-02,Spring,163.45
402649099350601,PHELPS,40.44692,-99.58488888888888,2428.0,2025,2025-04-15,Spring,146.15
402649099350602,PHELPS,40.44692,-99.58488888888888,2428.0,2025,2025-04-15,Spring,147.02
403408099130501,PHELPS,40.56878722222223,-99.21816944444444,2216.56,2025,2025-04-11,Spring,16.8
403408099130502,PHELPS,40.56878722222223,-99.21816944444444,2216.56,2025,2025-04-11,Spring,16.9
403645099242702,PHELPS,40.61264497222222,-99.40752011111113,2297.96,2025,2025-04-21,Spring,21.89
403645099242701,PHELPS,40.61264497222222,-99.40752011111113,2297.96,2025,2025-04-21,Spring,21.23
403327099192302,PHELPS,40.55758333,-99.32308333,2267.0,2025,2025-04-11,Spring,20.04
403316099202901,PHELPS,40.55436111,-99.34138889,2268.0,2025,2025-04-11,Spring,12.92
403316099192301,PHELPS,40.554508,-99.32334,2267.0,2025,2025-04-11,Spring,19.85
403350099282701,PHELPS,40.56375277777777,-99.47419805555556,2351.95,2025,2025-04-11,Spring,18.94
403350099282702,PHELPS,40.56375277777777,-99.47419805555556,2351.95,2025,2025-04-11,Spring,19.12
403248099315201,PHELPS,40.54658611,-99.53116944,2417.0,2025,2025-04-11,Spring,59.97
403226099345801,PHELPS,40.54044444,-99.58280556,2461.0,2025,2025-04-11,Spring,95.78
403315099351502,PHELPS,40.554270555555554,-99.58744083333332,2447.59,2025,2025-04-11,Spring,73.47
403315099351501,PHELPS,40.554270555555554,-99.58744083333332,2447.59,2025,2025-04-11,Spring,69.75
403738099181101,PHELPS,40.62740444444445,-99.30320513888888,2241.2,2025,2025-04-21,Spring,17.77
403831099173502,PHELPS,40.642178,-99.29327591666666,2229.47,2025,2025-04-21,Spring,12.09
403738099181102,PHELPS,40.62740444444445,-99.30320513888888,2241.2,2025,2025-04-21,Spring,17.7
403831099173501,PHELPS,40.642178,-99.29327591666666,2229.47,2025,2025-04-21,Spring,11.72
403710099104601,PHELPS,40.6195145,-99.17947241666668,2193.97,2025,2025-04-21,Spring,16.2
403710099104602,PHELPS,40.6195145,-99.17947241666668,2193.97,2025,2025-04-21,Spring,16.45
403903099214301,PHELPS,40.650864722222224,-99.3618686111111,2248.47,2025,2025-04-21,Spring,8.55
403903099214302,PHELPS,40.650864722222224,-99.3618686111111,2248.47,2025,2025-04-21,Spring,8.65
404006099282401,PHELPS,40.66854833333333,-99.4734825,2280.04,2025,2025-05-01,Spring,4.24
403959099282801,PHELPS,40.66638638888889,-99.47439194444443,2282.17,2025,2025-05-01,Spring,4.35
403959099282802,PHELPS,40.66638638888889,-99.47439194444443,2282.17,2025,2025-05-01,Spring,4.36
403949099293501,PHELPS,40.66383277777778,-99.49320805555556,2291.23,2025,2025-05-01,Spring,4.64
403927099293501,PHELPS,40.65755805555556,-99.49321666666668,2297.65,2025,2025-05-01,Spring,8.53
403832099293501,PHELPS,40.64230694444444,-99.49321833333332,2322.16,2025,2025-05-01,Spring,22.01
403739099293601,PHELPS,40.62758555555556,-99.49344,2356.31,2025,2025-05-01,Spring,34.95
404040099383501,PHELPS,40.67796833333333,-99.64313333333334,2346.64,2025,2025-05-01,Spring,10.45
404033099373001,PHELPS,40.67593911111111,-99.62515633333332,2339.74,2025,2025-05-01,Spring,9.99
404059099383501,PHELPS,40.68328583333333,-99.64316027777778,2343.11,2025,2025-05-01,Spring,15.53
404102099373002,PHELPS,40.68405933333333,-99.62523716666666,2334.85,2025,2025-05-01,Spring,8.97
404102099373001,PHELPS,40.68405933333333,-99.62523716666666,2334.85,2025,2025-05-01,Spring,10.82
403946099383201,PHELPS,40.66301611111111,-99.64228555555556,2446.94,2025,2025-05-01,Spring,96.07
402124099201601,PHELPS,40.3563466,-99.3403749,2318.47,2025,2025-06-18,Spring,180.9
402716099212401,PHELPS,40.4529071,-99.3592878,2307.74,2025,2025-06-18,Spring,73.1
402853099104601,PHELPS,40.4815796,-99.179559,2221.31,2025,2025-06-18,Spring,24.45
402853099152001,PHELPS,40.4816481,-99.2557469,2251.06,2025,2025-06-18,Spring,30.63
402905099115301,PHELPS,40.4848551,-99.1983097,2241.11,2025,2025-06-18,Spring,38.06
402924099235501,PHELPS,40.4901949,-99.398706,2336.37,2025,2025-06-18,Spring,52.35
402952099114401,PHELPS,40.4961238363889,-99.1985012,2246.17,2025,2025-06-18,Spring,42.04
402952099161701,PHELPS,40.49624602,-99.2746825,2255.28,2025,2025-06-18,Spring,23.88
403037099135301,PHELPS,40.5105526386111,-99.2316379,2239.33,2025,2025-06-18,Spring,19.19
403037099313401,PHELPS,40.5104684,-99.5262137,2408.97,2025,2025-06-18,Spring,80.2
403104099130201,PHELPS,40.5179145,-99.2173248,2242.62,2025,2025-06-18,Spring,31.09
403125099295701,PHELPS,40.5247252,-99.4992246,2402.13,2025,2025-06-18,Spring,70.1
403138099190801,PHELPS,40.5255972,-99.3224515,2277.27,2025,2025-06-18,Spring,32.5
403138099235801,PHELPS,40.5255500233333,-99.399115,2328.14,2025,2025-06-18,Spring,27.4
403309099250701,PHELPS,40.5543784,-99.4199673,2322.67,2025,2025-06-18,Spring,11.87
403309099281401,PHELPS,40.5521635,-99.4737128,2354.64,2025,2025-06-18,Spring,5.21
403322099304801,PHELPS,40.5542755075,-99.5122815,2411.43,2025,2025-06-18,Spring,59.18
403322099371801,PHELPS,40.5557047,-99.6247601,2465.78,2025,2025-06-18,Spring,80.2
403348099114401,PHELPS,40.5613598133333,-99.1983188,2236.17,2025,2025-06-18,Spring,41.22
403453099141801,PHELPS,40.58307501,-99.2365144,2255.34,2025,2025-06-18,Spring,50.24
403506099350101,PHELPS,40.5833317,-99.5866221,2484.33,2025,2025-06-18,Spring,104.9
403507099234101,PHELPS,40.5836771413889,-99.3985091,2295.65,2025,2025-06-18,Spring,21.96
403520099201601,PHELPS,40.5886101475,-99.3416473,2265.95,2025,2025-06-18,Spring,15.19
403646099293301,PHELPS,40.6127772,-99.4935704,2354.25,2025,2025-06-18,Spring,19.4
403822099324501,PHELPS,40.6415361,-99.5482644,2377.53,2025,2025-06-18,Spring,40.26
403928099333601,PHELPS,40.6571948,-99.5612991,2355.41,2025,2025-06-18,Spring,41.3
403941099331901,PHELPS,40.66044972,-99.55637462,2347.21,2025,2025-06-18,Spring,7.65
403941099342701,PHELPS,40.6636923,-99.5766538,2326.71,2025,2025-06-18,Spring,11.85
403954099335301,PHELPS,40.6640455,-99.5668126,2327.34,2025,2025-06-18,Spring,13.1
404007099294001,PHELPS,40.6709022,-99.4936146,2290.54,2025,2025-06-18,Spring,8.8
404007099351901,PHELPS,40.6709256,-99.5865622,2322.26,2025,2025-06-18,Spring,5.33
404020099355301,PHELPS,40.6710839,-99.5961084,2326.91,2025,2025-06-18,Spring,9.8
